kind,variant_id,question,case_id,case_hash,case_seed,source_count,accepted,verifier_all_ok,cleared_count,sources_total,t_per_source_s,T_total_virtual,T_move,T_measure,T_switch,T_clear,n_measures,n_switches,n_clear_attempts,parameter_sha256,parameters_json,metrics_path
ablation,q3_full,q3,paper_q3_n10_s950000,7a6593237b58b86cee5e80b0c287c99eb5b7499d3b9928bccbd24346edd6983e,950000,10,True,True,10,10,245.53070384379188,2455.307038437919,1705.3070384379184,580.0,114.0,56.0,116,114,12,4729540c1c31a4320ee95e5aab56cd5e3b982a41422bc81fe25c88ff0ce01d88,"{""advance"": 0.25, ""arc_scan"": 0, ""commit"": false, ""estimate"": ""circle"", ""exact_positive"": false, ""info_points"": false, ""offset"": 0.1, ""planning_radius"": 1500, ""probe"": 250, ""probe_count"": 1, ""rotation"": 0.0, ""route_mode"": ""joint"", ""share_at_search"": true, ""share_during"": false, ""share_ratio"": 0.7, ""site_bonus"": 0.0, ""site_passes"": 1, ""sweep_advance"": 0.0, ""trial_limit"": 12, ""trial_radius"": 40, ""unknown_scan"": false}",ablation/q3_full/q3/paper_q3_n10_s950000/metrics.json
ablation,q3_full,q3,paper_q3_n10_s950001,6e9578549d4b363915ee9bb8dd6425650dfc6221a92773b543f006d262365298,950001,10,True,True,10,10,271.3632563068608,2713.6325630686083,1941.6325630686079,600.0,116.0,56.0,120,116,12,4729540c1c31a4320ee95e5aab56cd5e3b982a41422bc81fe25c88ff0ce01d88,"{""advance"": 0.25, ""arc_scan"": 0, ""commit"": false, ""estimate"": ""circle"", ""exact_positive"": false, ""info_points"": false, ""offset"": 0.1, ""planning_radius"": 1500, ""probe"": 250, ""probe_count"": 1, ""rotation"": 0.0, ""route_mode"": ""joint"", ""share_at_search"": true, ""share_during"": false, ""share_ratio"": 0.7, ""site_bonus"": 0.0, ""site_passes"": 1, ""sweep_advance"": 0.0, ""trial_limit"": 12, ""trial_radius"": 40, ""unknown_scan"": false}",ablation/q3_full/q3/paper_q3_n10_s950001/metrics.json
ablation,q3_full,q3,paper_q3_n10_s950002,356d73bee4329b5e0251a177ef17d08322738d1e81e22652d55eaec8779b034d,950002,10,True,True,10,10,264.77018532634486,2647.701853263449,1934.701853263449,555.0,108.0,50.0,111,108,10,4729540c1c31a4320ee95e5aab56cd5e3b982a41422bc81fe25c88ff0ce01d88,"{""advance"": 0.25, ""arc_scan"": 0, ""commit"": false, ""estimate"": ""circle"", ""exact_positive"": false, ""info_points"": false, ""offset"": 0.1, ""planning_radius"": 1500, ""probe"": 250, ""probe_count"": 1, ""rotation"": 0.0, ""route_mode"": ""joint"", ""share_at_search"": true, ""share_during"": false, ""share_ratio"": 0.7, ""site_bonus"": 0.0, ""site_passes"": 1, ""sweep_advance"": 0.0, ""trial_limit"": 12, ""trial_radius"": 40, ""unknown_scan"": false}",ablation/q3_full/q3/paper_q3_n10_s950002/metrics.json
ablation,q3_full,q3,paper_q3_n10_s950003,229d17a7d1155ef74d5350cca718704f1e82937d3892f4d4fa08afc23210214e,950003,10,True,True,10,10,288.5263586754616,2885.263586754616,2159.2635867546173,570.0,106.0,50.0,114,106,10,4729540c1c31a4320ee95e5aab56cd5e3b982a41422bc81fe25c88ff0ce01d88,"{""advance"": 0.25, ""arc_scan"": 0, ""commit"": false, ""estimate"": ""circle"", ""exact_positive"": false, ""info_points"": false, ""offset"": 0.1, ""planning_radius"": 1500, ""probe"": 250, ""probe_count"": 1, ""rotation"": 0.0, ""route_mode"": ""joint"", ""share_at_search"": true, ""share_during"": false, ""share_ratio"": 0.7, ""site_bonus"": 0.0, ""site_passes"": 1, ""sweep_advance"": 0.0, ""trial_limit"": 12, ""trial_radius"": 40, ""unknown_scan"": false}",ablation/q3_full/q3/paper_q3_n10_s950003/metrics.json
ablation,q3_full,q3,paper_q3_n10_s950004,326bcd24e7f64c7809ccd9d768ebbeb9702a2d46f3e10b6c910be5b0d8f31100,950004,10,True,True,10,10,250.6061665305036,2506.061665305036,1749.061665305036,590.0,114.0,53.0,118,114,11,4729540c1c31a4320ee95e5aab56cd5e3b982a41422bc81fe25c88ff0ce01d88,"{""advance"": 0.25, ""arc_scan"": 0, ""commit"": false, ""estimate"": ""circle"", ""exact_positive"": false, ""info_points"": false, ""offset"": 0.1, ""planning_radius"": 1500, ""probe"": 250, ""probe_count"": 1, ""rotation"": 0.0, ""route_mode"": ""joint"", ""share_at_search"": true, ""share_during"": false, ""share_ratio"": 0.7, ""site_bonus"": 0.0, ""site_passes"": 1, ""sweep_advance"": 0.0, ""trial_limit"": 12, ""trial_radius"": 40, ""unknown_scan"": false}",ablation/q3_full/q3/paper_q3_n10_s950004/metrics.json
ablation,q3_full,q3,paper_q3_n10_s950005,eae2437cb774d21be431a70fed8ad9d1c4b05daebb9dd84cdf650b32ac6ef41e,950005,10,True,True,10,10,298.0696348600823,2980.696348600823,2183.696348600823,625.0,119.0,53.0,125,119,11,4729540c1c31a4320ee95e5aab56cd5e3b982a41422bc81fe25c88ff0ce01d88,"{""advance"": 0.25, ""arc_scan"": 0, ""commit"": false, ""estimate"": ""circle"", ""exact_positive"": false, ""info_points"": false, ""offset"": 0.1, ""planning_radius"": 1500, ""probe"": 250, ""probe_count"": 1, ""rotation"": 0.0, ""route_mode"": ""joint"", ""share_at_search"": true, ""share_during"": false, ""share_ratio"": 0.7, ""site_bonus"": 0.0, ""site_passes"": 1, ""sweep_advance"": 0.0, ""trial_limit"": 12, ""trial_radius"": 40, ""unknown_scan"": false}",ablation/q3_full/q3/paper_q3_n10_s950005/metrics.json
ablation,q3_full,q3,paper_q3_n10_s950006,ee598aa4e45f83eb49bbd22e99e53f7bdca975ce996fcfebeb487715a1c740f6,950006,10,True,True,10,10,283.507235112423,2835.0723511242304,2053.072351124231,615.0,114.0,53.0,123,114,11,4729540c1c31a4320ee95e5aab56cd5e3b982a41422bc81fe25c88ff0ce01d88,"{""advance"": 0.25, ""arc_scan"": 0, ""commit"": false, ""estimate"": ""circle"", ""exact_positive"": false, ""info_points"": false, ""offset"": 0.1, ""planning_radius"": 1500, ""probe"": 250, ""probe_count"": 1, ""rotation"": 0.0, ""route_mode"": ""joint"", ""share_at_search"": true, ""share_during"": false, ""share_ratio"": 0.7, ""site_bonus"": 0.0, ""site_passes"": 1, ""sweep_advance"": 0.0, ""trial_limit"": 12, ""trial_radius"": 40, ""unknown_scan"": false}",ablation/q3_full/q3/paper_q3_n10_s950006/metrics.json
ablation,q3_full,q3,paper_q3_n10_s950007,06845e5f5cdd3dc83914ce6eab8170da7bc7fba4883082077a2224930e16c02c,950007,10,True,True,10,10,296.3700422076025,2963.7004220760255,2189.7004220760255,610.0,114.0,50.0,122,114,10,4729540c1c31a4320ee95e5aab56cd5e3b982a41422bc81fe25c88ff0ce01d88,"{""advance"": 0.25, ""arc_scan"": 0, ""commit"": false, ""estimate"": ""circle"", ""exact_positive"": false, ""info_points"": false, ""offset"": 0.1, ""planning_radius"": 1500, ""probe"": 250, ""probe_count"": 1, ""rotation"": 0.0, ""route_mode"": ""joint"", ""share_at_search"": true, ""share_during"": false, ""share_ratio"": 0.7, ""site_bonus"": 0.0, ""site_passes"": 1, ""sweep_advance"": 0.0, ""trial_limit"": 12, ""trial_radius"": 40, ""unknown_scan"": false}",ablation/q3_full/q3/paper_q3_n10_s950007/metrics.json
ablation,q3_full,q3,paper_q3_n10_s950008,ce87a58f99931fc3e322fa2a4c739a578b017b9e8110c4a08da99aa85a45564f,950008,10,True,True,10,10,292.99473435259904,2929.94734352599,2136.9473435259906,620.0,120.0,53.0,124,120,11,4729540c1c31a4320ee95e5aab56cd5e3b982a41422bc81fe25c88ff0ce01d88,"{""advance"": 0.25, ""arc_scan"": 0, ""commit"": false, ""estimate"": ""circle"", ""exact_positive"": false, ""info_points"": false, ""offset"": 0.1, ""planning_radius"": 1500, ""probe"": 250, ""probe_count"": 1, ""rotation"": 0.0, ""route_mode"": ""joint"", ""share_at_search"": true, ""share_during"": false, ""share_ratio"": 0.7, ""site_bonus"": 0.0, ""site_passes"": 1, ""sweep_advance"": 0.0, ""trial_limit"": 12, ""trial_radius"": 40, ""unknown_scan"": false}",ablation/q3_full/q3/paper_q3_n10_s950008/metrics.json
ablation,q3_full,q3,paper_q3_n10_s950009,62b906d64de55e8992ae3428e6fae4826c5952809819c29180cd8018bb388392,950009,10,True,True,10,10,280.99623417792805,2809.9623417792805,2062.9623417792805,585.0,112.0,50.0,117,112,10,4729540c1c31a4320ee95e5aab56cd5e3b982a41422bc81fe25c88ff0ce01d88,"{""advance"": 0.25, ""arc_scan"": 0, ""commit"": false, ""estimate"": ""circle"", ""exact_positive"": false, ""info_points"": false, ""offset"": 0.1, ""planning_radius"": 1500, ""probe"": 250, ""probe_count"": 1, ""rotation"": 0.0, ""route_mode"": ""joint"", ""share_at_search"": true, ""share_during"": false, ""share_ratio"": 0.7, ""site_bonus"": 0.0, ""site_passes"": 1, ""sweep_advance"": 0.0, ""trial_limit"": 12, ""trial_radius"": 40, ""unknown_scan"": false}",ablation/q3_full/q3/paper_q3_n10_s950009/metrics.json
ablation,q3_full,q3,paper_q3_n10_s950010,3c36f46d77a6680c9f78d237e8037a2ae89c1b7712f3520176c96586843e2d45,950010,10,True,True,10,10,251.72826169958185,2517.2826169958184,1735.2826169958184,610.0,119.0,53.0,122,119,11,4729540c1c31a4320ee95e5aab56cd5e3b982a41422bc81fe25c88ff0ce01d88,"{""advance"": 0.25, ""arc_scan"": 0, ""commit"": false, ""estimate"": ""circle"", ""exact_positive"": false, ""info_points"": false, ""offset"": 0.1, ""planning_radius"": 1500, ""probe"": 250, ""probe_count"": 1, ""rotation"": 0.0, ""route_mode"": ""joint"", ""share_at_search"": true, ""share_during"": false, ""share_ratio"": 0.7, ""site_bonus"": 0.0, ""site_passes"": 1, ""sweep_advance"": 0.0, ""trial_limit"": 12, ""trial_radius"": 40, ""unknown_scan"": false}",ablation/q3_full/q3/paper_q3_n10_s950010/metrics.json
ablation,q3_full,q3,paper_q3_n10_s950011,b7d0f3b060ddbdb759d30e35915b640ad99008690ae5c12fe0083610e7c22776,950011,10,True,True,10,10,259.79801528521455,2597.9801528521452,1871.9801528521452,565.0,111.0,50.0,113,111,10,4729540c1c31a4320ee95e5aab56cd5e3b982a41422bc81fe25c88ff0ce01d88,"{""advance"": 0.25, ""arc_scan"": 0, ""commit"": false, ""estimate"": ""circle"", ""exact_positive"": false, ""info_points"": false, ""offset"": 0.1, ""planning_radius"": 1500, ""probe"": 250, ""probe_count"": 1, ""rotation"": 0.0, ""route_mode"": ""joint"", ""share_at_search"": true, ""share_during"": false, ""share_ratio"": 0.7, ""site_bonus"": 0.0, ""site_passes"": 1, ""sweep_advance"": 0.0, ""trial_limit"": 12, ""trial_radius"": 40, ""unknown_scan"": false}",ablation/q3_full/q3/paper_q3_n10_s950011/metrics.json
ablation,q3_full,q3,paper_q3_n10_s950012,36405c985c8480d32eec098b89339bef8a994e555e103f27fa9cd9d296ca76dc,950012,10,True,True,10,10,255.82185641233986,2558.2185641233987,1828.2185641233987,570.0,110.0,50.0,114,110,10,4729540c1c31a4320ee95e5aab56cd5e3b982a41422bc81fe25c88ff0ce01d88,"{""advance"": 0.25, ""arc_scan"": 0, ""commit"": false, ""estimate"": ""circle"", ""exact_positive"": false, ""info_points"": false, ""offset"": 0.1, ""planning_radius"": 1500, ""probe"": 250, ""probe_count"": 1, ""rotation"": 0.0, ""route_mode"": ""joint"", ""share_at_search"": true, ""share_during"": false, ""share_ratio"": 0.7, ""site_bonus"": 0.0, ""site_passes"": 1, ""sweep_advance"": 0.0, ""trial_limit"": 12, ""trial_radius"": 40, ""unknown_scan"": false}",ablation/q3_full/q3/paper_q3_n10_s950012/metrics.json
ablation,q3_full,q3,paper_q3_n10_s950013,c1ae6592a36d6aa84d44cae5db3d8bb24e8527207f0b97cbbbd85f58fb82ec26,950013,10,True,True,10,10,290.95033648863875,2909.5033648863878,2137.5033648863887,605.0,114.0,53.0,121,114,11,4729540c1c31a4320ee95e5aab56cd5e3b982a41422bc81fe25c88ff0ce01d88,"{""advance"": 0.25, ""arc_scan"": 0, ""commit"": false, ""estimate"": ""circle"", ""exact_positive"": false, ""info_points"": false, ""offset"": 0.1, ""planning_radius"": 1500, ""probe"": 250, ""probe_count"": 1, ""rotation"": 0.0, ""route_mode"": ""joint"", ""share_at_search"": true, ""share_during"": false, ""share_ratio"": 0.7, ""site_bonus"": 0.0, ""site_passes"": 1, ""sweep_advance"": 0.0, ""trial_limit"": 12, ""trial_radius"": 40, ""unknown_scan"": false}",ablation/q3_full/q3/paper_q3_n10_s950013/metrics.json
ablation,q3_full,q3,paper_q3_n10_s950014,48e901e389067fd08eb9fa0d1b024a26a9dce6fcb76c63363681bd31df605234,950014,10,True,True,10,10,277.1551883156076,2771.5518831560757,2020.5518831560753,585.0,113.0,53.0,117,113,11,4729540c1c31a4320ee95e5aab56cd5e3b982a41422bc81fe25c88ff0ce01d88,"{""advance"": 0.25, ""arc_scan"": 0, ""commit"": false, ""estimate"": ""circle"", ""exact_positive"": false, ""info_points"": false, ""offset"": 0.1, ""planning_radius"": 1500, ""probe"": 250, ""probe_count"": 1, ""rotation"": 0.0, ""route_mode"": ""joint"", ""share_at_search"": true, ""share_during"": false, ""share_ratio"": 0.7, ""site_bonus"": 0.0, ""site_passes"": 1, ""sweep_advance"": 0.0, ""trial_limit"": 12, ""trial_radius"": 40, ""unknown_scan"": false}",ablation/q3_full/q3/paper_q3_n10_s950014/metrics.json
ablation,q3_full,q3,paper_q3_n10_s950015,2b34643cecf2fe4d0f21f58d5889e7ab7338441d455ef1cbbf7ed76a3ccf8736,950015,10,True,True,10,10,299.1324615647329,2991.324615647329,2195.3246156473283,620.0,117.0,59.0,124,117,13,4729540c1c31a4320ee95e5aab56cd5e3b982a41422bc81fe25c88ff0ce01d88,"{""advance"": 0.25, ""arc_scan"": 0, ""commit"": false, ""estimate"": ""circle"", ""exact_positive"": false, ""info_points"": false, ""offset"": 0.1, ""planning_radius"": 1500, ""probe"": 250, ""probe_count"": 1, ""rotation"": 0.0, ""route_mode"": ""joint"", ""share_at_search"": true, ""share_during"": false, ""share_ratio"": 0.7, ""site_bonus"": 0.0, ""site_passes"": 1, ""sweep_advance"": 0.0, ""trial_limit"": 12, ""trial_radius"": 40, ""unknown_scan"": false}",ablation/q3_full/q3/paper_q3_n10_s950015/metrics.json
ablation,q3_full,q3,paper_q3_n10_s950016,0045370052796c531d12bdba2228a6b391e11dd5d29c8e9251fec833e6f0bd4a,950016,10,True,True,10,10,246.9986328745835,2469.986328745835,1744.986328745835,565.0,110.0,50.0,113,110,10,4729540c1c31a4320ee95e5aab56cd5e3b982a41422bc81fe25c88ff0ce01d88,"{""advance"": 0.25, ""arc_scan"": 0, ""commit"": false, ""estimate"": ""circle"", ""exact_positive"": false, ""info_points"": false, ""offset"": 0.1, ""planning_radius"": 1500, ""probe"": 250, ""probe_count"": 1, ""rotation"": 0.0, ""route_mode"": ""joint"", ""share_at_search"": true, ""share_during"": false, ""share_ratio"": 0.7, ""site_bonus"": 0.0, ""site_passes"": 1, ""sweep_advance"": 0.0, ""trial_limit"": 12, ""trial_radius"": 40, ""unknown_scan"": false}",ablation/q3_full/q3/paper_q3_n10_s950016/metrics.json
ablation,q3_full,q3,paper_q3_n10_s950017,90d473c78c19a990cce139ccc6d64dfd4353f4ff8cbfd1d2601d11267eba13f8,950017,10,True,True,10,10,280.9920186492794,2809.9201864927936,2027.9201864927936,615.0,117.0,50.0,123,117,10,4729540c1c31a4320ee95e5aab56cd5e3b982a41422bc81fe25c88ff0ce01d88,"{""advance"": 0.25, ""arc_scan"": 0, ""commit"": false, ""estimate"": ""circle"", ""exact_positive"": false, ""info_points"": false, ""offset"": 0.1, ""planning_radius"": 1500, ""probe"": 250, ""probe_count"": 1, ""rotation"": 0.0, ""route_mode"": ""joint"", ""share_at_search"": true, ""share_during"": false, ""share_ratio"": 0.7, ""site_bonus"": 0.0, ""site_passes"": 1, ""sweep_advance"": 0.0, ""trial_limit"": 12, ""trial_radius"": 40, ""unknown_scan"": false}",ablation/q3_full/q3/paper_q3_n10_s950017/metrics.json
ablation,q3_full,q3,paper_q3_n10_s950018,61194423301a411192a9e86f0ab54f0e46672312f0104504e3625b189cc65754,950018,10,True,True,10,10,275.33390580004306,2753.3390580004307,1984.3390580004307,600.0,113.0,56.0,120,113,12,4729540c1c31a4320ee95e5aab56cd5e3b982a41422bc81fe25c88ff0ce01d88,"{""advance"": 0.25, ""arc_scan"": 0, ""commit"": false, ""estimate"": ""circle"", ""exact_positive"": false, ""info_points"": false, ""offset"": 0.1, ""planning_radius"": 1500, ""probe"": 250, ""probe_count"": 1, ""rotation"": 0.0, ""route_mode"": ""joint"", ""share_at_search"": true, ""share_during"": false, ""share_ratio"": 0.7, ""site_bonus"": 0.0, ""site_passes"": 1, ""sweep_advance"": 0.0, ""trial_limit"": 12, ""trial_radius"": 40, ""unknown_scan"": false}",ablation/q3_full/q3/paper_q3_n10_s950018/metrics.json
ablation,q3_full,q3,paper_q3_n10_s950019,84c676869373222ccda06ef4beb1b1c011ec4f7f5c62e7e851501b8989a812fc,950019,10,True,True,10,10,283.9148993684295,2839.1489936842945,2045.1489936842943,625.0,119.0,50.0,125,119,10,4729540c1c31a4320ee95e5aab56cd5e3b982a41422bc81fe25c88ff0ce01d88,"{""advance"": 0.25, ""arc_scan"": 0, ""commit"": false, ""estimate"": ""circle"", ""exact_positive"": false, ""info_points"": false, ""offset"": 0.1, ""planning_radius"": 1500, ""probe"": 250, ""probe_count"": 1, ""rotation"": 0.0, ""route_mode"": ""joint"", ""share_at_search"": true, ""share_during"": false, ""share_ratio"": 0.7, ""site_bonus"": 0.0, ""site_passes"": 1, ""sweep_advance"": 0.0, ""trial_limit"": 12, ""trial_radius"": 40, ""unknown_scan"": false}",ablation/q3_full/q3/paper_q3_n10_s950019/metrics.json
ablation,q3_full,q3,paper_q3_n16_s950040,372a6ac63171fcb0f8d2d09d61b7c4f3e9ac70509316f5fd4e875c55cf4c373e,950040,16,True,True,16,16,195.53222733533394,3128.515637365343,2355.5156373653426,580.0,110.0,83.0,116,110,17,4729540c1c31a4320ee95e5aab56cd5e3b982a41422bc81fe25c88ff0ce01d88,"{""advance"": 0.25, ""arc_scan"": 0, ""commit"": false, ""estimate"": ""circle"", ""exact_positive"": false, ""info_points"": false, ""offset"": 0.1, ""planning_radius"": 1500, ""probe"": 250, ""probe_count"": 1, ""rotation"": 0.0, ""route_mode"": ""joint"", ""share_at_search"": true, ""share_during"": false, ""share_ratio"": 0.7, ""site_bonus"": 0.0, ""site_passes"": 1, ""sweep_advance"": 0.0, ""trial_limit"": 12, ""trial_radius"": 40, ""unknown_scan"": false}",ablation/q3_full/q3/paper_q3_n16_s950040/metrics.json
ablation,q3_full,q3,paper_q3_n16_s950041,7013bc1a183c58a4b86368cf23f39a622c307704019dbf412a2ef628f617a426,950041,16,True,True,16,16,207.35678925558256,3317.708628089321,2637.708628089321,500.0,91.0,89.0,100,91,19,4729540c1c31a4320ee95e5aab56cd5e3b982a41422bc81fe25c88ff0ce01d88,"{""advance"": 0.25, ""arc_scan"": 0, ""commit"": false, ""estimate"": ""circle"", ""exact_positive"": false, ""info_points"": false, ""offset"": 0.1, ""planning_radius"": 1500, ""probe"": 250, ""probe_count"": 1, ""rotation"": 0.0, ""route_mode"": ""joint"", ""share_at_search"": true, ""share_during"": false, ""share_ratio"": 0.7, ""site_bonus"": 0.0, ""site_passes"": 1, ""sweep_advance"": 0.0, ""trial_limit"": 12, ""trial_radius"": 40, ""unknown_scan"": false}",ablation/q3_full/q3/paper_q3_n16_s950041/metrics.json
ablation,q3_full,q3,paper_q3_n16_s950042,8985a0acf9ff3752eff344987a14d37db3a53efe3207d6e80320b0cab10d7908,950042,16,True,True,16,16,186.8141763303141,2989.0268212850256,2326.0268212850247,490.0,90.0,83.0,98,90,17,4729540c1c31a4320ee95e5aab56cd5e3b982a41422bc81fe25c88ff0ce01d88,"{""advance"": 0.25, ""arc_scan"": 0, ""commit"": false, ""estimate"": ""circle"", ""exact_positive"": false, ""info_points"": false, ""offset"": 0.1, ""planning_radius"": 1500, ""probe"": 250, ""probe_count"": 1, ""rotation"": 0.0, ""route_mode"": ""joint"", ""share_at_search"": true, ""share_during"": false, ""share_ratio"": 0.7, ""site_bonus"": 0.0, ""site_passes"": 1, ""sweep_advance"": 0.0, ""trial_limit"": 12, ""trial_radius"": 40, ""unknown_scan"": false}",ablation/q3_full/q3/paper_q3_n16_s950042/metrics.json
ablation,q3_full,q3,paper_q3_n16_s950043,838c4ab65fb30cf0cb282ba3c6fcb53c26aecca0d6069c1704d5dc8a17057a39,950043,16,True,True,16,16,201.82828182281318,3229.252509165011,2455.252509165011,580.0,108.0,86.0,116,108,18,4729540c1c31a4320ee95e5aab56cd5e3b982a41422bc81fe25c88ff0ce01d88,"{""advance"": 0.25, ""arc_scan"": 0, ""commit"": false, ""estimate"": ""circle"", ""exact_positive"": false, ""info_points"": false, ""offset"": 0.1, ""planning_radius"": 1500, ""probe"": 250, ""probe_count"": 1, ""rotation"": 0.0, ""route_mode"": ""joint"", ""share_at_search"": true, ""share_during"": false, ""share_ratio"": 0.7, ""site_bonus"": 0.0, ""site_passes"": 1, ""sweep_advance"": 0.0, ""trial_limit"": 12, ""trial_radius"": 40, ""unknown_scan"": false}",ablation/q3_full/q3/paper_q3_n16_s950043/metrics.json
ablation,q3_full,q3,paper_q3_n16_s950044,6fcc4f216a709b6ffab49583c5f5ccfb80ba404980b873b0f64317faf928d271,950044,16,True,True,16,16,184.55682911128116,2952.9092657804986,2216.9092657804977,545.0,105.0,86.0,109,105,18,4729540c1c31a4320ee95e5aab56cd5e3b982a41422bc81fe25c88ff0ce01d88,"{""advance"": 0.25, ""arc_scan"": 0, ""commit"": false, ""estimate"": ""circle"", ""exact_positive"": false, ""info_points"": false, ""offset"": 0.1, ""planning_radius"": 1500, ""probe"": 250, ""probe_count"": 1, ""rotation"": 0.0, ""route_mode"": ""joint"", ""share_at_search"": true, ""share_during"": false, ""share_ratio"": 0.7, ""site_bonus"": 0.0, ""site_passes"": 1, ""sweep_advance"": 0.0, ""trial_limit"": 12, ""trial_radius"": 40, ""unknown_scan"": false}",ablation/q3_full/q3/paper_q3_n16_s950044/metrics.json
ablation,q3_full,q3,paper_q3_n16_s950045,e925988c4521667e68dd1b903d3b68dabfbf65596e8bec04f6b1ff87c188fab4,950045,16,True,True,16,16,191.38524068703563,3062.16385099257,2382.16385099257,500.0,94.0,86.0,100,94,18,4729540c1c31a4320ee95e5aab56cd5e3b982a41422bc81fe25c88ff0ce01d88,"{""advance"": 0.25, ""arc_scan"": 0, ""commit"": false, ""estimate"": ""circle"", ""exact_positive"": false, ""info_points"": false, ""offset"": 0.1, ""planning_radius"": 1500, ""probe"": 250, ""probe_count"": 1, ""rotation"": 0.0, ""route_mode"": ""joint"", ""share_at_search"": true, ""share_during"": false, ""share_ratio"": 0.7, ""site_bonus"": 0.0, ""site_passes"": 1, ""sweep_advance"": 0.0, ""trial_limit"": 12, ""trial_radius"": 40, ""unknown_scan"": false}",ablation/q3_full/q3/paper_q3_n16_s950045/metrics.json
ablation,q3_full,q3,paper_q3_n16_s950046,c0a1489ae1e8e1fe6d48a4008508b8dd1fb69b8ee626c2bd98fd3738ed3ea631,950046,16,True,True,16,16,170.69132986871472,2731.0612778994355,1988.0612778994353,555.0,105.0,83.0,111,105,17,4729540c1c31a4320ee95e5aab56cd5e3b982a41422bc81fe25c88ff0ce01d88,"{""advance"": 0.25, ""arc_scan"": 0, ""commit"": false, ""estimate"": ""circle"", ""exact_positive"": false, ""info_points"": false, ""offset"": 0.1, ""planning_radius"": 1500, ""probe"": 250, ""probe_count"": 1, ""rotation"": 0.0, ""route_mode"": ""joint"", ""share_at_search"": true, ""share_during"": false, ""share_ratio"": 0.7, ""site_bonus"": 0.0, ""site_passes"": 1, ""sweep_advance"": 0.0, ""trial_limit"": 12, ""trial_radius"": 40, ""unknown_scan"": false}",ablation/q3_full/q3/paper_q3_n16_s950046/metrics.json
ablation,q3_full,q3,paper_q3_n16_s950047,036704ea64775d1dc304a02fedd2c349f6aba9c75c30bde13ee49118186d0749,950047,16,True,True,16,16,229.64423579840457,3674.307772774473,2945.307772774473,545.0,98.0,86.0,109,98,18,4729540c1c31a4320ee95e5aab56cd5e3b982a41422bc81fe25c88ff0ce01d88,"{""advance"": 0.25, ""arc_scan"": 0, ""commit"": false, ""estimate"": ""circle"", ""exact_positive"": false, ""info_points"": false, ""offset"": 0.1, ""planning_radius"": 1500, ""probe"": 250, ""probe_count"": 1, ""rotation"": 0.0, ""route_mode"": ""joint"", ""share_at_search"": true, ""share_during"": false, ""share_ratio"": 0.7, ""site_bonus"": 0.0, ""site_passes"": 1, ""sweep_advance"": 0.0, ""trial_limit"": 12, ""trial_radius"": 40, ""unknown_scan"": false}",ablation/q3_full/q3/paper_q3_n16_s950047/metrics.json
ablation,q3_full,q3,paper_q3_n16_s950048,9027b6e1c14d0444d6be56a029e91132a89953fc48a86ee6ce4ab2da3fb3aced,950048,16,True,True,16,16,180.4163984572733,2886.6623753163726,2177.6623753163726,525.0,101.0,83.0,105,101,17,4729540c1c31a4320ee95e5aab56cd5e3b982a41422bc81fe25c88ff0ce01d88,"{""advance"": 0.25, ""arc_scan"": 0, ""commit"": false, ""estimate"": ""circle"", ""exact_positive"": false, ""info_points"": false, ""offset"": 0.1, ""planning_radius"": 1500, ""probe"": 250, ""probe_count"": 1, ""rotation"": 0.0, ""route_mode"": ""joint"", ""share_at_search"": true, ""share_during"": false, ""share_ratio"": 0.7, ""site_bonus"": 0.0, ""site_passes"": 1, ""sweep_advance"": 0.0, ""trial_limit"": 12, ""trial_radius"": 40, ""unknown_scan"": false}",ablation/q3_full/q3/paper_q3_n16_s950048/metrics.json
ablation,q3_full,q3,paper_q3_n16_s950049,7543e540b56e05cf2bc35a3795d8b6d6b43901365cfd23c47b21f5aaa9b9f23a,950049,16,True,True,16,16,193.2895927132181,3092.6334834114896,2415.6334834114905,500.0,91.0,86.0,100,91,18,4729540c1c31a4320ee95e5aab56cd5e3b982a41422bc81fe25c88ff0ce01d88,"{""advance"": 0.25, ""arc_scan"": 0, ""commit"": false, ""estimate"": ""circle"", ""exact_positive"": false, ""info_points"": false, ""offset"": 0.1, ""planning_radius"": 1500, ""probe"": 250, ""probe_count"": 1, ""rotation"": 0.0, ""route_mode"": ""joint"", ""share_at_search"": true, ""share_during"": false, ""share_ratio"": 0.7, ""site_bonus"": 0.0, ""site_passes"": 1, ""sweep_advance"": 0.0, ""trial_limit"": 12, ""trial_radius"": 40, ""unknown_scan"": false}",ablation/q3_full/q3/paper_q3_n16_s950049/metrics.json
ablation,q3_full,q3,paper_q3_n16_s950050,c48cbf90cb3e8c2933b76686b9620aa28fc6c649441dbd55321160cb9554c43a,950050,16,True,True,16,16,195.00918289330195,3120.1469262928313,2385.146926292832,550.0,105.0,80.0,110,105,16,4729540c1c31a4320ee95e5aab56cd5e3b982a41422bc81fe25c88ff0ce01d88,"{""advance"": 0.25, ""arc_scan"": 0, ""commit"": false, ""estimate"": ""circle"", ""exact_positive"": false, ""info_points"": false, ""offset"": 0.1, ""planning_radius"": 1500, ""probe"": 250, ""probe_count"": 1, ""rotation"": 0.0, ""route_mode"": ""joint"", ""share_at_search"": true, ""share_during"": false, ""share_ratio"": 0.7, ""site_bonus"": 0.0, ""site_passes"": 1, ""sweep_advance"": 0.0, ""trial_limit"": 12, ""trial_radius"": 40, ""unknown_scan"": false}",ablation/q3_full/q3/paper_q3_n16_s950050/metrics.json
ablation,q3_full,q3,paper_q3_n16_s950051,cbfbbaeb42d25c087942aa7e4f20396216e71e79a483ddb33bf23ece5db04cf4,950051,16,True,True,16,16,214.2074922387285,3427.319875819656,2684.319875819656,555.0,105.0,83.0,111,105,17,4729540c1c31a4320ee95e5aab56cd5e3b982a41422bc81fe25c88ff0ce01d88,"{""advance"": 0.25, ""arc_scan"": 0, ""commit"": false, ""estimate"": ""circle"", ""exact_positive"": false, ""info_points"": false, ""offset"": 0.1, ""planning_radius"": 1500, ""probe"": 250, ""probe_count"": 1, ""rotation"": 0.0, ""route_mode"": ""joint"", ""share_at_search"": true, ""share_during"": false, ""share_ratio"": 0.7, ""site_bonus"": 0.0, ""site_passes"": 1, ""sweep_advance"": 0.0, ""trial_limit"": 12, ""trial_radius"": 40, ""unknown_scan"": false}",ablation/q3_full/q3/paper_q3_n16_s950051/metrics.json
ablation,q3_full,q3,paper_q3_n16_s950052,7eb42ce9d4b90b14eff5f7c5e114639d05ec7d509ab13d7fb17c2e9e2f9c24d6,950052,16,True,True,16,16,201.6518406197659,3226.4294499162543,2497.4294499162547,545.0,101.0,83.0,109,101,17,4729540c1c31a4320ee95e5aab56cd5e3b982a41422bc81fe25c88ff0ce01d88,"{""advance"": 0.25, ""arc_scan"": 0, ""commit"": false, ""estimate"": ""circle"", ""exact_positive"": false, ""info_points"": false, ""offset"": 0.1, ""planning_radius"": 1500, ""probe"": 250, ""probe_count"": 1, ""rotation"": 0.0, ""route_mode"": ""joint"", ""share_at_search"": true, ""share_during"": false, ""share_ratio"": 0.7, ""site_bonus"": 0.0, ""site_passes"": 1, ""sweep_advance"": 0.0, ""trial_limit"": 12, ""trial_radius"": 40, ""unknown_scan"": false}",ablation/q3_full/q3/paper_q3_n16_s950052/metrics.json
ablation,q3_full,q3,paper_q3_n16_s950053,12693971ed6436a5f877251cc13c4bbccc90027455d718e8c6849d75a7b6aa7e,950053,16,True,True,16,16,199.77843209904626,3196.45491358474,2509.4549135847396,510.0,97.0,80.0,102,97,16,4729540c1c31a4320ee95e5aab56cd5e3b982a41422bc81fe25c88ff0ce01d88,"{""advance"": 0.25, ""arc_scan"": 0, ""commit"": false, ""estimate"": ""circle"", ""exact_positive"": false, ""info_points"": false, ""offset"": 0.1, ""planning_radius"": 1500, ""probe"": 250, ""probe_count"": 1, ""rotation"": 0.0, ""route_mode"": ""joint"", ""share_at_search"": true, ""share_during"": false, ""share_ratio"": 0.7, ""site_bonus"": 0.0, ""site_passes"": 1, ""sweep_advance"": 0.0, ""trial_limit"": 12, ""trial_radius"": 40, ""unknown_scan"": false}",ablation/q3_full/q3/paper_q3_n16_s950053/metrics.json
ablation,q3_full,q3,paper_q3_n16_s950054,7671596cbafe749024aaaf80c4a7734c53affbd53c1bfe74bfa1054018fd6a82,950054,16,True,True,16,16,195.7395779010671,3131.8332464170735,2474.8332464170726,485.0,92.0,80.0,97,92,16,4729540c1c31a4320ee95e5aab56cd5e3b982a41422bc81fe25c88ff0ce01d88,"{""advance"": 0.25, ""arc_scan"": 0, ""commit"": false, ""estimate"": ""circle"", ""exact_positive"": false, ""info_points"": false, ""offset"": 0.1, ""planning_radius"": 1500, ""probe"": 250, ""probe_count"": 1, ""rotation"": 0.0, ""route_mode"": ""joint"", ""share_at_search"": true, ""share_during"": false, ""share_ratio"": 0.7, ""site_bonus"": 0.0, ""site_passes"": 1, ""sweep_advance"": 0.0, ""trial_limit"": 12, ""trial_radius"": 40, ""unknown_scan"": false}",ablation/q3_full/q3/paper_q3_n16_s950054/metrics.json
ablation,q3_full,q3,paper_q3_n16_s950055,c9c8ef5e441bf5f1a98a4a80f8a62d046fb8b3ba1641e492c447bac80a19bec9,950055,16,True,True,16,16,226.37410666400154,3621.9857066240247,2831.9857066240243,590.0,108.0,92.0,118,108,20,4729540c1c31a4320ee95e5aab56cd5e3b982a41422bc81fe25c88ff0ce01d88,"{""advance"": 0.25, ""arc_scan"": 0, ""commit"": false, ""estimate"": ""circle"", ""exact_positive"": false, ""info_points"": false, ""offset"": 0.1, ""planning_radius"": 1500, ""probe"": 250, ""probe_count"": 1, ""rotation"": 0.0, ""route_mode"": ""joint"", ""share_at_search"": true, ""share_during"": false, ""share_ratio"": 0.7, ""site_bonus"": 0.0, ""site_passes"": 1, ""sweep_advance"": 0.0, ""trial_limit"": 12, ""trial_radius"": 40, ""unknown_scan"": false}",ablation/q3_full/q3/paper_q3_n16_s950055/metrics.json
ablation,q3_full,q3,paper_q3_n16_s950056,2d52a8547d9db19a9d5e4f15537edb498f5796dec973f30fcbf7ed42b13c0184,950056,16,True,True,16,16,168.401772980832,2694.428367693312,2076.4283676933114,450.0,85.0,83.0,90,85,17,4729540c1c31a4320ee95e5aab56cd5e3b982a41422bc81fe25c88ff0ce01d88,"{""advance"": 0.25, ""arc_scan"": 0, ""commit"": false, ""estimate"": ""circle"", ""exact_positive"": false, ""info_points"": false, ""offset"": 0.1, ""planning_radius"": 1500, ""probe"": 250, ""probe_count"": 1, ""rotation"": 0.0, ""route_mode"": ""joint"", ""share_at_search"": true, ""share_during"": false, ""share_ratio"": 0.7, ""site_bonus"": 0.0, ""site_passes"": 1, ""sweep_advance"": 0.0, ""trial_limit"": 12, ""trial_radius"": 40, ""unknown_scan"": false}",ablation/q3_full/q3/paper_q3_n16_s950056/metrics.json
ablation,q3_full,q3,paper_q3_n16_s950057,657aecfb851377edc3fcd073d7493c10e45163b09a3b678d80cfece86d9e6055,950057,16,True,True,16,16,197.14368772115267,3154.299003538443,2465.299003538443,505.0,95.0,89.0,101,95,19,4729540c1c31a4320ee95e5aab56cd5e3b982a41422bc81fe25c88ff0ce01d88,"{""advance"": 0.25, ""arc_scan"": 0, ""commit"": false, ""estimate"": ""circle"", ""exact_positive"": false, ""info_points"": false, ""offset"": 0.1, ""planning_radius"": 1500, ""probe"": 250, ""probe_count"": 1, ""rotation"": 0.0, ""route_mode"": ""joint"", ""share_at_search"": true, ""share_during"": false, ""share_ratio"": 0.7, ""site_bonus"": 0.0, ""site_passes"": 1, ""sweep_advance"": 0.0, ""trial_limit"": 12, ""trial_radius"": 40, ""unknown_scan"": false}",ablation/q3_full/q3/paper_q3_n16_s950057/metrics.json
ablation,q3_full,q3,paper_q3_n16_s950058,01cc62b086c8667a6c0f19e2a0705cdb9931ec4dd63b11aa18ff5d0284201924,950058,16,True,True,16,16,194.42905397551766,3110.8648636082826,2346.864863608282,575.0,106.0,83.0,115,106,17,4729540c1c31a4320ee95e5aab56cd5e3b982a41422bc81fe25c88ff0ce01d88,"{""advance"": 0.25, ""arc_scan"": 0, ""commit"": false, ""estimate"": ""circle"", ""exact_positive"": false, ""info_points"": false, ""offset"": 0.1, ""planning_radius"": 1500, ""probe"": 250, ""probe_count"": 1, ""rotation"": 0.0, ""route_mode"": ""joint"", ""share_at_search"": true, ""share_during"": false, ""share_ratio"": 0.7, ""site_bonus"": 0.0, ""site_passes"": 1, ""sweep_advance"": 0.0, ""trial_limit"": 12, ""trial_radius"": 40, ""unknown_scan"": false}",ablation/q3_full/q3/paper_q3_n16_s950058/metrics.json
ablation,q3_full,q3,paper_q3_n16_s950059,08036235255756fff9b0c757dff29b17d197bf1ecea01afbd5848d449717befd,950059,16,True,True,16,16,210.31788796988874,3365.08620751822,2649.0862075182204,535.0,98.0,83.0,107,98,17,4729540c1c31a4320ee95e5aab56cd5e3b982a41422bc81fe25c88ff0ce01d88,"{""advance"": 0.25, ""arc_scan"": 0, ""commit"": false, ""estimate"": ""circle"", ""exact_positive"": false, ""info_points"": false, ""offset"": 0.1, ""planning_radius"": 1500, ""probe"": 250, ""probe_count"": 1, ""rotation"": 0.0, ""route_mode"": ""joint"", ""share_at_search"": true, ""share_during"": false, ""share_ratio"": 0.7, ""site_bonus"": 0.0, ""site_passes"": 1, ""sweep_advance"": 0.0, ""trial_limit"": 12, ""trial_radius"": 40, ""unknown_scan"": false}",ablation/q3_full/q3/paper_q3_n16_s950059/metrics.json
ablation,q3_no_joint_route,q3,paper_q3_n10_s950000,7a6593237b58b86cee5e80b0c287c99eb5b7499d3b9928bccbd24346edd6983e,950000,10,True,True,10,10,328.8365695169057,3288.365695169057,2603.3656951690577,530.0,105.0,50.0,106,105,10,a0002e34ab570f60b978e68074b43391c7ddaabf503ee93c9f1aa33f4a51405c,"{""advance"": 0.25, ""arc_scan"": 0, ""commit"": false, ""estimate"": ""circle"", ""exact_positive"": false, ""info_points"": false, ""offset"": 0.1, ""planning_radius"": 1500, ""probe"": 250, ""probe_count"": 1, ""rotation"": 0.0, ""route_mode"": ""scan_first"", ""share_at_search"": true, ""share_during"": false, ""share_ratio"": 0.7, ""site_bonus"": 0.0, ""site_passes"": 1, ""sweep_advance"": 0.0, ""trial_limit"": 12, ""trial_radius"": 40, ""unknown_scan"": false}",ablation/q3_no_joint_route/q3/paper_q3_n10_s950000/metrics.json
ablation,q3_no_joint_route,q3,paper_q3_n10_s950001,6e9578549d4b363915ee9bb8dd6425650dfc6221a92773b543f006d262365298,950001,10,True,True,10,10,376.12460951670283,3761.246095167028,3016.246095167029,575.0,114.0,56.0,115,114,12,a0002e34ab570f60b978e68074b43391c7ddaabf503ee93c9f1aa33f4a51405c,"{""advance"": 0.25, ""arc_scan"": 0, ""commit"": false, ""estimate"": ""circle"", ""exact_positive"": false, ""info_points"": false, ""offset"": 0.1, ""planning_radius"": 1500, ""probe"": 250, ""probe_count"": 1, ""rotation"": 0.0, ""route_mode"": ""scan_first"", ""share_at_search"": true, ""share_during"": false, ""share_ratio"": 0.7, ""site_bonus"": 0.0, ""site_passes"": 1, ""sweep_advance"": 0.0, ""trial_limit"": 12, ""trial_radius"": 40, ""unknown_scan"": false}",ablation/q3_no_joint_route/q3/paper_q3_n10_s950001/metrics.json
ablation,q3_no_joint_route,q3,paper_q3_n10_s950002,356d73bee4329b5e0251a177ef17d08322738d1e81e22652d55eaec8779b034d,950002,10,True,True,10,10,348.20715026721666,3482.0715026721664,2806.071502672166,520.0,103.0,53.0,104,103,11,a0002e34ab570f60b978e68074b43391c7ddaabf503ee93c9f1aa33f4a51405c,"{""advance"": 0.25, ""arc_scan"": 0, ""commit"": false, ""estimate"": ""circle"", ""exact_positive"": false, ""info_points"": false, ""offset"": 0.1, ""planning_radius"": 1500, ""probe"": 250, ""probe_count"": 1, ""rotation"": 0.0, ""route_mode"": ""scan_first"", ""share_at_search"": true, ""share_during"": false, ""share_ratio"": 0.7, ""site_bonus"": 0.0, ""site_passes"": 1, ""sweep_advance"": 0.0, ""trial_limit"": 12, ""trial_radius"": 40, ""unknown_scan"": false}",ablation/q3_no_joint_route/q3/paper_q3_n10_s950002/metrics.json
ablation,q3_no_joint_route,q3,paper_q3_n10_s950003,229d17a7d1155ef74d5350cca718704f1e82937d3892f4d4fa08afc23210214e,950003,10,True,True,10,10,374.01636421539513,3740.163642153951,2955.163642153951,615.0,117.0,53.0,123,117,11,a0002e34ab570f60b978e68074b43391c7ddaabf503ee93c9f1aa33f4a51405c,"{""advance"": 0.25, ""arc_scan"": 0, ""commit"": false, ""estimate"": ""circle"", ""exact_positive"": false, ""info_points"": false, ""offset"": 0.1, ""planning_radius"": 1500, ""probe"": 250, ""probe_count"": 1, ""rotation"": 0.0, ""route_mode"": ""scan_first"", ""share_at_search"": true, ""share_during"": false, ""share_ratio"": 0.7, ""site_bonus"": 0.0, ""site_passes"": 1, ""sweep_advance"": 0.0, ""trial_limit"": 12, ""trial_radius"": 40, ""unknown_scan"": false}",ablation/q3_no_joint_route/q3/paper_q3_n10_s950003/metrics.json
ablation,q3_no_joint_route,q3,paper_q3_n10_s950004,326bcd24e7f64c7809ccd9d768ebbeb9702a2d46f3e10b6c910be5b0d8f31100,950004,10,True,True,10,10,333.338591632205,3333.38591632205,2618.38591632205,555.0,110.0,50.0,111,110,10,a0002e34ab570f60b978e68074b43391c7ddaabf503ee93c9f1aa33f4a51405c,"{""advance"": 0.25, ""arc_scan"": 0, ""commit"": false, ""estimate"": ""circle"", ""exact_positive"": false, ""info_points"": false, ""offset"": 0.1, ""planning_radius"": 1500, ""probe"": 250, ""probe_count"": 1, ""rotation"": 0.0, ""route_mode"": ""scan_first"", ""share_at_search"": true, ""share_during"": false, ""share_ratio"": 0.7, ""site_bonus"": 0.0, ""site_passes"": 1, ""sweep_advance"": 0.0, ""trial_limit"": 12, ""trial_radius"": 40, ""unknown_scan"": false}",ablation/q3_no_joint_route/q3/paper_q3_n10_s950004/metrics.json
ablation,q3_no_joint_route,q3,paper_q3_n10_s950005,eae2437cb774d21be431a70fed8ad9d1c4b05daebb9dd84cdf650b32ac6ef41e,950005,10,True,True,10,10,379.11491291839286,3791.1491291839284,3022.149129183929,600.0,116.0,53.0,120,116,11,a0002e34ab570f60b978e68074b43391c7ddaabf503ee93c9f1aa33f4a51405c,"{""advance"": 0.25, ""arc_scan"": 0, ""commit"": false, ""estimate"": ""circle"", ""exact_positive"": false, ""info_points"": false, ""offset"": 0.1, ""planning_radius"": 1500, ""probe"": 250, ""probe_count"": 1, ""rotation"": 0.0, ""route_mode"": ""scan_first"", ""share_at_search"": true, ""share_during"": false, ""share_ratio"": 0.7, ""site_bonus"": 0.0, ""site_passes"": 1, ""sweep_advance"": 0.0, ""trial_limit"": 12, ""trial_radius"": 40, ""unknown_scan"": false}",ablation/q3_no_joint_route/q3/paper_q3_n10_s950005/metrics.json
ablation,q3_no_joint_route,q3,paper_q3_n10_s950006,ee598aa4e45f83eb49bbd22e99e53f7bdca975ce996fcfebeb487715a1c740f6,950006,10,True,True,10,10,381.2661434917328,3812.661434917328,3076.661434917328,575.0,111.0,50.0,115,111,10,a0002e34ab570f60b978e68074b43391c7ddaabf503ee93c9f1aa33f4a51405c,"{""advance"": 0.25, ""arc_scan"": 0, ""commit"": false, ""estimate"": ""circle"", ""exact_positive"": false, ""info_points"": false, ""offset"": 0.1, ""planning_radius"": 1500, ""probe"": 250, ""probe_count"": 1, ""rotation"": 0.0, ""route_mode"": ""scan_first"", ""share_at_search"": true, ""share_during"": false, ""share_ratio"": 0.7, ""site_bonus"": 0.0, ""site_passes"": 1, ""sweep_advance"": 0.0, ""trial_limit"": 12, ""trial_radius"": 40, ""unknown_scan"": false}",ablation/q3_no_joint_route/q3/paper_q3_n10_s950006/metrics.json
ablation,q3_no_joint_route,q3,paper_q3_n10_s950007,06845e5f5cdd3dc83914ce6eab8170da7bc7fba4883082077a2224930e16c02c,950007,10,True,True,10,10,402.76541962393844,4027.6541962393844,3287.6541962393844,575.0,112.0,53.0,115,112,11,a0002e34ab570f60b978e68074b43391c7ddaabf503ee93c9f1aa33f4a51405c,"{""advance"": 0.25, ""arc_scan"": 0, ""commit"": false, ""estimate"": ""circle"", ""exact_positive"": false, ""info_points"": false, ""offset"": 0.1, ""planning_radius"": 1500, ""probe"": 250, ""probe_count"": 1, ""rotation"": 0.0, ""route_mode"": ""scan_first"", ""share_at_search"": true, ""share_during"": false, ""share_ratio"": 0.7, ""site_bonus"": 0.0, ""site_passes"": 1, ""sweep_advance"": 0.0, ""trial_limit"": 12, ""trial_radius"": 40, ""unknown_scan"": false}",ablation/q3_no_joint_route/q3/paper_q3_n10_s950007/metrics.json
ablation,q3_no_joint_route,q3,paper_q3_n10_s950008,ce87a58f99931fc3e322fa2a4c739a578b017b9e8110c4a08da99aa85a45564f,950008,10,True,True,10,10,358.21925490594003,3582.1925490594003,2822.192549059401,590.0,117.0,53.0,118,117,11,a0002e34ab570f60b978e68074b43391c7ddaabf503ee93c9f1aa33f4a51405c,"{""advance"": 0.25, ""arc_scan"": 0, ""commit"": false, ""estimate"": ""circle"", ""exact_positive"": false, ""info_points"": false, ""offset"": 0.1, ""planning_radius"": 1500, ""probe"": 250, ""probe_count"": 1, ""rotation"": 0.0, ""route_mode"": ""scan_first"", ""share_at_search"": true, ""share_during"": false, ""share_ratio"": 0.7, ""site_bonus"": 0.0, ""site_passes"": 1, ""sweep_advance"": 0.0, ""trial_limit"": 12, ""trial_radius"": 40, ""unknown_scan"": false}",ablation/q3_no_joint_route/q3/paper_q3_n10_s950008/metrics.json
ablation,q3_no_joint_route,q3,paper_q3_n10_s950009,62b906d64de55e8992ae3428e6fae4826c5952809819c29180cd8018bb388392,950009,10,True,True,10,10,365.07050376131826,3650.705037613183,2900.705037613182,580.0,114.0,56.0,116,114,12,a0002e34ab570f60b978e68074b43391c7ddaabf503ee93c9f1aa33f4a51405c,"{""advance"": 0.25, ""arc_scan"": 0, ""commit"": false, ""estimate"": ""circle"", ""exact_positive"": false, ""info_points"": false, ""offset"": 0.1, ""planning_radius"": 1500, ""probe"": 250, ""probe_count"": 1, ""rotation"": 0.0, ""route_mode"": ""scan_first"", ""share_at_search"": true, ""share_during"": false, ""share_ratio"": 0.7, ""site_bonus"": 0.0, ""site_passes"": 1, ""sweep_advance"": 0.0, ""trial_limit"": 12, ""trial_radius"": 40, ""unknown_scan"": false}",ablation/q3_no_joint_route/q3/paper_q3_n10_s950009/metrics.json
ablation,q3_no_joint_route,q3,paper_q3_n10_s950010,3c36f46d77a6680c9f78d237e8037a2ae89c1b7712f3520176c96586843e2d45,950010,10,True,True,10,10,329.3012084945902,3293.0120849459017,2602.0120849459017,535.0,106.0,50.0,107,106,10,a0002e34ab570f60b978e68074b43391c7ddaabf503ee93c9f1aa33f4a51405c,"{""advance"": 0.25, ""arc_scan"": 0, ""commit"": false, ""estimate"": ""circle"", ""exact_positive"": false, ""info_points"": false, ""offset"": 0.1, ""planning_radius"": 1500, ""probe"": 250, ""probe_count"": 1, ""rotation"": 0.0, ""route_mode"": ""scan_first"", ""share_at_search"": true, ""share_during"": false, ""share_ratio"": 0.7, ""site_bonus"": 0.0, ""site_passes"": 1, ""sweep_advance"": 0.0, ""trial_limit"": 12, ""trial_radius"": 40, ""unknown_scan"": false}",ablation/q3_no_joint_route/q3/paper_q3_n10_s950010/metrics.json
ablation,q3_no_joint_route,q3,paper_q3_n10_s950011,b7d0f3b060ddbdb759d30e35915b640ad99008690ae5c12fe0083610e7c22776,950011,10,True,True,10,10,335.87672509282885,3358.7672509282884,2667.7672509282884,535.0,106.0,50.0,107,106,10,a0002e34ab570f60b978e68074b43391c7ddaabf503ee93c9f1aa33f4a51405c,"{""advance"": 0.25, ""arc_scan"": 0, ""commit"": false, ""estimate"": ""circle"", ""exact_positive"": false, ""info_points"": false, ""offset"": 0.1, ""planning_radius"": 1500, ""probe"": 250, ""probe_count"": 1, ""rotation"": 0.0, ""route_mode"": ""scan_first"", ""share_at_search"": true, ""share_during"": false, ""share_ratio"": 0.7, ""site_bonus"": 0.0, ""site_passes"": 1, ""sweep_advance"": 0.0, ""trial_limit"": 12, ""trial_radius"": 40, ""unknown_scan"": false}",ablation/q3_no_joint_route/q3/paper_q3_n10_s950011/metrics.json
ablation,q3_no_joint_route,q3,paper_q3_n10_s950012,36405c985c8480d32eec098b89339bef8a994e555e103f27fa9cd9d296ca76dc,950012,10,True,True,10,10,344.0158533477514,3440.1585334775136,2710.1585334775136,570.0,110.0,50.0,114,110,10,a0002e34ab570f60b978e68074b43391c7ddaabf503ee93c9f1aa33f4a51405c,"{""advance"": 0.25, ""arc_scan"": 0, ""commit"": false, ""estimate"": ""circle"", ""exact_positive"": false, ""info_points"": false, ""offset"": 0.1, ""planning_radius"": 1500, ""probe"": 250, ""probe_count"": 1, ""rotation"": 0.0, ""route_mode"": ""scan_first"", ""share_at_search"": true, ""share_during"": false, ""share_ratio"": 0.7, ""site_bonus"": 0.0, ""site_passes"": 1, ""sweep_advance"": 0.0, ""trial_limit"": 12, ""trial_radius"": 40, ""unknown_scan"": false}",ablation/q3_no_joint_route/q3/paper_q3_n10_s950012/metrics.json
ablation,q3_no_joint_route,q3,paper_q3_n10_s950013,c1ae6592a36d6aa84d44cae5db3d8bb24e8527207f0b97cbbbd85f58fb82ec26,950013,10,True,True,10,10,351.90605882587545,3519.0605882587547,2769.060588258755,585.0,115.0,50.0,117,115,10,a0002e34ab570f60b978e68074b43391c7ddaabf503ee93c9f1aa33f4a51405c,"{""advance"": 0.25, ""arc_scan"": 0, ""commit"": false, ""estimate"": ""circle"", ""exact_positive"": false, ""info_points"": false, ""offset"": 0.1, ""planning_radius"": 1500, ""probe"": 250, ""probe_count"": 1, ""rotation"": 0.0, ""route_mode"": ""scan_first"", ""share_at_search"": true, ""share_during"": false, ""share_ratio"": 0.7, ""site_bonus"": 0.0, ""site_passes"": 1, ""sweep_advance"": 0.0, ""trial_limit"": 12, ""trial_radius"": 40, ""unknown_scan"": false}",ablation/q3_no_joint_route/q3/paper_q3_n10_s950013/metrics.json
ablation,q3_no_joint_route,q3,paper_q3_n10_s950014,48e901e389067fd08eb9fa0d1b024a26a9dce6fcb76c63363681bd31df605234,950014,10,True,True,10,10,362.71193273842493,3627.119327384249,2901.119327384249,565.0,111.0,50.0,113,111,10,a0002e34ab570f60b978e68074b43391c7ddaabf503ee93c9f1aa33f4a51405c,"{""advance"": 0.25, ""arc_scan"": 0, ""commit"": false, ""estimate"": ""circle"", ""exact_positive"": false, ""info_points"": false, ""offset"": 0.1, ""planning_radius"": 1500, ""probe"": 250, ""probe_count"": 1, ""rotation"": 0.0, ""route_mode"": ""scan_first"", ""share_at_search"": true, ""share_during"": false, ""share_ratio"": 0.7, ""site_bonus"": 0.0, ""site_passes"": 1, ""sweep_advance"": 0.0, ""trial_limit"": 12, ""trial_radius"": 40, ""unknown_scan"": false}",ablation/q3_no_joint_route/q3/paper_q3_n10_s950014/metrics.json
ablation,q3_no_joint_route,q3,paper_q3_n10_s950015,2b34643cecf2fe4d0f21f58d5889e7ab7338441d455ef1cbbf7ed76a3ccf8736,950015,10,True,True,10,10,361.8504594418687,3618.504594418687,2883.5045944186863,570.0,112.0,53.0,114,112,11,a0002e34ab570f60b978e68074b43391c7ddaabf503ee93c9f1aa33f4a51405c,"{""advance"": 0.25, ""arc_scan"": 0, ""commit"": false, ""estimate"": ""circle"", ""exact_positive"": false, ""info_points"": false, ""offset"": 0.1, ""planning_radius"": 1500, ""probe"": 250, ""probe_count"": 1, ""rotation"": 0.0, ""route_mode"": ""scan_first"", ""share_at_search"": true, ""share_during"": false, ""share_ratio"": 0.7, ""site_bonus"": 0.0, ""site_passes"": 1, ""sweep_advance"": 0.0, ""trial_limit"": 12, ""trial_radius"": 40, ""unknown_scan"": false}",ablation/q3_no_joint_route/q3/paper_q3_n10_s950015/metrics.json
ablation,q3_no_joint_route,q3,paper_q3_n10_s950016,0045370052796c531d12bdba2228a6b391e11dd5d29c8e9251fec833e6f0bd4a,950016,10,True,True,10,10,321.9442138111812,3219.4421381118123,2457.4421381118127,595.0,117.0,50.0,119,117,10,a0002e34ab570f60b978e68074b43391c7ddaabf503ee93c9f1aa33f4a51405c,"{""advance"": 0.25, ""arc_scan"": 0, ""commit"": false, ""estimate"": ""circle"", ""exact_positive"": false, ""info_points"": false, ""offset"": 0.1, ""planning_radius"": 1500, ""probe"": 250, ""probe_count"": 1, ""rotation"": 0.0, ""route_mode"": ""scan_first"", ""share_at_search"": true, ""share_during"": false, ""share_ratio"": 0.7, ""site_bonus"": 0.0, ""site_passes"": 1, ""sweep_advance"": 0.0, ""trial_limit"": 12, ""trial_radius"": 40, ""unknown_scan"": false}",ablation/q3_no_joint_route/q3/paper_q3_n10_s950016/metrics.json
ablation,q3_no_joint_route,q3,paper_q3_n10_s950017,90d473c78c19a990cce139ccc6d64dfd4353f4ff8cbfd1d2601d11267eba13f8,950017,10,True,True,10,10,372.4994260224832,3724.994260224832,2992.994260224832,570.0,112.0,50.0,114,112,10,a0002e34ab570f60b978e68074b43391c7ddaabf503ee93c9f1aa33f4a51405c,"{""advance"": 0.25, ""arc_scan"": 0, ""commit"": false, ""estimate"": ""circle"", ""exact_positive"": false, ""info_points"": false, ""offset"": 0.1, ""planning_radius"": 1500, ""probe"": 250, ""probe_count"": 1, ""rotation"": 0.0, ""route_mode"": ""scan_first"", ""share_at_search"": true, ""share_during"": false, ""share_ratio"": 0.7, ""site_bonus"": 0.0, ""site_passes"": 1, ""sweep_advance"": 0.0, ""trial_limit"": 12, ""trial_radius"": 40, ""unknown_scan"": false}",ablation/q3_no_joint_route/q3/paper_q3_n10_s950017/metrics.json
ablation,q3_no_joint_route,q3,paper_q3_n10_s950018,61194423301a411192a9e86f0ab54f0e46672312f0104504e3625b189cc65754,950018,10,True,True,10,10,372.7915409439174,3727.9154094391743,2995.9154094391747,570.0,112.0,50.0,114,112,10,a0002e34ab570f60b978e68074b43391c7ddaabf503ee93c9f1aa33f4a51405c,"{""advance"": 0.25, ""arc_scan"": 0, ""commit"": false, ""estimate"": ""circle"", ""exact_positive"": false, ""info_points"": false, ""offset"": 0.1, ""planning_radius"": 1500, ""probe"": 250, ""probe_count"": 1, ""rotation"": 0.0, ""route_mode"": ""scan_first"", ""share_at_search"": true, ""share_during"": false, ""share_ratio"": 0.7, ""site_bonus"": 0.0, ""site_passes"": 1, ""sweep_advance"": 0.0, ""trial_limit"": 12, ""trial_radius"": 40, ""unknown_scan"": false}",ablation/q3_no_joint_route/q3/paper_q3_n10_s950018/metrics.json
ablation,q3_no_joint_route,q3,paper_q3_n10_s950019,84c676869373222ccda06ef4beb1b1c011ec4f7f5c62e7e851501b8989a812fc,950019,10,True,True,10,10,376.490621493625,3764.90621493625,2965.90621493625,625.0,121.0,53.0,125,121,11,a0002e34ab570f60b978e68074b43391c7ddaabf503ee93c9f1aa33f4a51405c,"{""advance"": 0.25, ""arc_scan"": 0, ""commit"": false, ""estimate"": ""circle"", ""exact_positive"": false, ""info_points"": false, ""offset"": 0.1, ""planning_radius"": 1500, ""probe"": 250, ""probe_count"": 1, ""rotation"": 0.0, ""route_mode"": ""scan_first"", ""share_at_search"": true, ""share_during"": false, ""share_ratio"": 0.7, ""site_bonus"": 0.0, ""site_passes"": 1, ""sweep_advance"": 0.0, ""trial_limit"": 12, ""trial_radius"": 40, ""unknown_scan"": false}",ablation/q3_no_joint_route/q3/paper_q3_n10_s950019/metrics.json
ablation,q3_no_joint_route,q3,paper_q3_n16_s950040,372a6ac63171fcb0f8d2d09d61b7c4f3e9ac70509316f5fd4e875c55cf4c373e,950040,16,True,True,16,16,249.93252379969215,3998.9203807950744,3319.920380795075,500.0,99.0,80.0,100,99,16,a0002e34ab570f60b978e68074b43391c7ddaabf503ee93c9f1aa33f4a51405c,"{""advance"": 0.25, ""arc_scan"": 0, ""commit"": false, ""estimate"": ""circle"", ""exact_positive"": false, ""info_points"": false, ""offset"": 0.1, ""planning_radius"": 1500, ""probe"": 250, ""probe_count"": 1, ""rotation"": 0.0, ""route_mode"": ""scan_first"", ""share_at_search"": true, ""share_during"": false, ""share_ratio"": 0.7, ""site_bonus"": 0.0, ""site_passes"": 1, ""sweep_advance"": 0.0, ""trial_limit"": 12, ""trial_radius"": 40, ""unknown_scan"": false}",ablation/q3_no_joint_route/q3/paper_q3_n16_s950040/metrics.json
ablation,q3_no_joint_route,q3,paper_q3_n16_s950041,7013bc1a183c58a4b86368cf23f39a622c307704019dbf412a2ef628f617a426,950041,16,True,True,16,16,260.4516080271119,4167.22572843379,3556.2257284337898,445.0,86.0,80.0,89,86,16,a0002e34ab570f60b978e68074b43391c7ddaabf503ee93c9f1aa33f4a51405c,"{""advance"": 0.25, ""arc_scan"": 0, ""commit"": false, ""estimate"": ""circle"", ""exact_positive"": false, ""info_points"": false, ""offset"": 0.1, ""planning_radius"": 1500, ""probe"": 250, ""probe_count"": 1, ""rotation"": 0.0, ""route_mode"": ""scan_first"", ""share_at_search"": true, ""share_during"": false, ""share_ratio"": 0.7, ""site_bonus"": 0.0, ""site_passes"": 1, ""sweep_advance"": 0.0, ""trial_limit"": 12, ""trial_radius"": 40, ""unknown_scan"": false}",ablation/q3_no_joint_route/q3/paper_q3_n16_s950041/metrics.json
ablation,q3_no_joint_route,q3,paper_q3_n16_s950042,8985a0acf9ff3752eff344987a14d37db3a53efe3207d6e80320b0cab10d7908,950042,16,True,True,16,16,252.74746946084517,4043.9595113735227,3432.9595113735227,445.0,86.0,80.0,89,86,16,a0002e34ab570f60b978e68074b43391c7ddaabf503ee93c9f1aa33f4a51405c,"{""advance"": 0.25, ""arc_scan"": 0, ""commit"": false, ""estimate"": ""circle"", ""exact_positive"": false, ""info_points"": false, ""offset"": 0.1, ""planning_radius"": 1500, ""probe"": 250, ""probe_count"": 1, ""rotation"": 0.0, ""route_mode"": ""scan_first"", ""share_at_search"": true, ""share_during"": false, ""share_ratio"": 0.7, ""site_bonus"": 0.0, ""site_passes"": 1, ""sweep_advance"": 0.0, ""trial_limit"": 12, ""trial_radius"": 40, ""unknown_scan"": false}",ablation/q3_no_joint_route/q3/paper_q3_n16_s950042/metrics.json
ablation,q3_no_joint_route,q3,paper_q3_n16_s950043,838c4ab65fb30cf0cb282ba3c6fcb53c26aecca0d6069c1704d5dc8a17057a39,950043,16,True,True,16,16,268.0338354879573,4288.541367807316,3608.541367807318,500.0,97.0,83.0,100,97,17,a0002e34ab570f60b978e68074b43391c7ddaabf503ee93c9f1aa33f4a51405c,"{""advance"": 0.25, ""arc_scan"": 0, ""commit"": false, ""estimate"": ""circle"", ""exact_positive"": false, ""info_points"": false, ""offset"": 0.1, ""planning_radius"": 1500, ""probe"": 250, ""probe_count"": 1, ""rotation"": 0.0, ""route_mode"": ""scan_first"", ""share_at_search"": true, ""share_during"": false, ""share_ratio"": 0.7, ""site_bonus"": 0.0, ""site_passes"": 1, ""sweep_advance"": 0.0, ""trial_limit"": 12, ""trial_radius"": 40, ""unknown_scan"": false}",ablation/q3_no_joint_route/q3/paper_q3_n16_s950043/metrics.json
ablation,q3_no_joint_route,q3,paper_q3_n16_s950044,6fcc4f216a709b6ffab49583c5f5ccfb80ba404980b873b0f64317faf928d271,950044,16,True,True,16,16,243.86314378203153,3901.8103005125045,3203.8103005125054,515.0,100.0,83.0,103,100,17,a0002e34ab570f60b978e68074b43391c7ddaabf503ee93c9f1aa33f4a51405c,"{""advance"": 0.25, ""arc_scan"": 0, ""commit"": false, ""estimate"": ""circle"", ""exact_positive"": false, ""info_points"": false, ""offset"": 0.1, ""planning_radius"": 1500, ""probe"": 250, ""probe_count"": 1, ""rotation"": 0.0, ""route_mode"": ""scan_first"", ""share_at_search"": true, ""share_during"": false, ""share_ratio"": 0.7, ""site_bonus"": 0.0, ""site_passes"": 1, ""sweep_advance"": 0.0, ""trial_limit"": 12, ""trial_radius"": 40, ""unknown_scan"": false}",ablation/q3_no_joint_route/q3/paper_q3_n16_s950044/metrics.json
ablation,q3_no_joint_route,q3,paper_q3_n16_s950045,e925988c4521667e68dd1b903d3b68dabfbf65596e8bec04f6b1ff87c188fab4,950045,16,True,True,16,16,257.6623065613128,4122.596904981005,3402.596904981005,535.0,102.0,83.0,107,102,17,a0002e34ab570f60b978e68074b43391c7ddaabf503ee93c9f1aa33f4a51405c,"{""advance"": 0.25, ""arc_scan"": 0, ""commit"": false, ""estimate"": ""circle"", ""exact_positive"": false, ""info_points"": false, ""offset"": 0.1, ""planning_radius"": 1500, ""probe"": 250, ""probe_count"": 1, ""rotation"": 0.0, ""route_mode"": ""scan_first"", ""share_at_search"": true, ""share_during"": false, ""share_ratio"": 0.7, ""site_bonus"": 0.0, ""site_passes"": 1, ""sweep_advance"": 0.0, ""trial_limit"": 12, ""trial_radius"": 40, ""unknown_scan"": false}",ablation/q3_no_joint_route/q3/paper_q3_n16_s950045/metrics.json
ablation,q3_no_joint_route,q3,paper_q3_n16_s950046,c0a1489ae1e8e1fe6d48a4008508b8dd1fb69b8ee626c2bd98fd3738ed3ea631,950046,16,True,True,16,16,239.20563649852457,3827.290183976393,3194.290183976393,460.0,90.0,83.0,92,90,17,a0002e34ab570f60b978e68074b43391c7ddaabf503ee93c9f1aa33f4a51405c,"{""advance"": 0.25, ""arc_scan"": 0, ""commit"": false, ""estimate"": ""circle"", ""exact_positive"": false, ""info_points"": false, ""offset"": 0.1, ""planning_radius"": 1500, ""probe"": 250, ""probe_count"": 1, ""rotation"": 0.0, ""route_mode"": ""scan_first"", ""share_at_search"": true, ""share_during"": false, ""share_ratio"": 0.7, ""site_bonus"": 0.0, ""site_passes"": 1, ""sweep_advance"": 0.0, ""trial_limit"": 12, ""trial_radius"": 40, ""unknown_scan"": false}",ablation/q3_no_joint_route/q3/paper_q3_n16_s950046/metrics.json
ablation,q3_no_joint_route,q3,paper_q3_n16_s950047,036704ea64775d1dc304a02fedd2c349f6aba9c75c30bde13ee49118186d0749,950047,16,True,True,16,16,275.3083577219064,4404.933723550503,3713.9337235505027,510.0,98.0,83.0,102,98,17,a0002e34ab570f60b978e68074b43391c7ddaabf503ee93c9f1aa33f4a51405c,"{""advance"": 0.25, ""arc_scan"": 0, ""commit"": false, ""estimate"": ""circle"", ""exact_positive"": false, ""info_points"": false, ""offset"": 0.1, ""planning_radius"": 1500, ""probe"": 250, ""probe_count"": 1, ""rotation"": 0.0, ""route_mode"": ""scan_first"", ""share_at_search"": true, ""share_during"": false, ""share_ratio"": 0.7, ""site_bonus"": 0.0, ""site_passes"": 1, ""sweep_advance"": 0.0, ""trial_limit"": 12, ""trial_radius"": 40, ""unknown_scan"": false}",ablation/q3_no_joint_route/q3/paper_q3_n16_s950047/metrics.json
ablation,q3_no_joint_route,q3,paper_q3_n16_s950048,9027b6e1c14d0444d6be56a029e91132a89953fc48a86ee6ce4ab2da3fb3aced,950048,16,True,True,16,16,229.64187776255213,3674.270044200834,2960.2700442008336,530.0,104.0,80.0,106,104,16,a0002e34ab570f60b978e68074b43391c7ddaabf503ee93c9f1aa33f4a51405c,"{""advance"": 0.25, ""arc_scan"": 0, ""commit"": false, ""estimate"": ""circle"", ""exact_positive"": false, ""info_points"": false, ""offset"": 0.1, ""planning_radius"": 1500, ""probe"": 250, ""probe_count"": 1, ""rotation"": 0.0, ""route_mode"": ""scan_first"", ""share_at_search"": true, ""share_during"": false, ""share_ratio"": 0.7, ""site_bonus"": 0.0, ""site_passes"": 1, ""sweep_advance"": 0.0, ""trial_limit"": 12, ""trial_radius"": 40, ""unknown_scan"": false}",ablation/q3_no_joint_route/q3/paper_q3_n16_s950048/metrics.json
ablation,q3_no_joint_route,q3,paper_q3_n16_s950049,7543e540b56e05cf2bc35a3795d8b6d6b43901365cfd23c47b21f5aaa9b9f23a,950049,16,True,True,16,16,258.92043576072007,4142.726972171521,3477.72697217152,490.0,95.0,80.0,98,95,16,a0002e34ab570f60b978e68074b43391c7ddaabf503ee93c9f1aa33f4a51405c,"{""advance"": 0.25, ""arc_scan"": 0, ""commit"": false, ""estimate"": ""circle"", ""exact_positive"": false, ""info_points"": false, ""offset"": 0.1, ""planning_radius"": 1500, ""probe"": 250, ""probe_count"": 1, ""rotation"": 0.0, ""route_mode"": ""scan_first"", ""share_at_search"": true, ""share_during"": false, ""share_ratio"": 0.7, ""site_bonus"": 0.0, ""site_passes"": 1, ""sweep_advance"": 0.0, ""trial_limit"": 12, ""trial_radius"": 40, ""unknown_scan"": false}",ablation/q3_no_joint_route/q3/paper_q3_n16_s950049/metrics.json
ablation,q3_no_joint_route,q3,paper_q3_n16_s950050,c48cbf90cb3e8c2933b76686b9620aa28fc6c649441dbd55321160cb9554c43a,950050,16,True,True,16,16,241.35916703104604,3861.7466724967367,3223.746672496736,465.0,90.0,83.0,93,90,17,a0002e34ab570f60b978e68074b43391c7ddaabf503ee93c9f1aa33f4a51405c,"{""advance"": 0.25, ""arc_scan"": 0, ""commit"": false, ""estimate"": ""circle"", ""exact_positive"": false, ""info_points"": false, ""offset"": 0.1, ""planning_radius"": 1500, ""probe"": 250, ""probe_count"": 1, ""rotation"": 0.0, ""route_mode"": ""scan_first"", ""share_at_search"": true, ""share_during"": false, ""share_ratio"": 0.7, ""site_bonus"": 0.0, ""site_passes"": 1, ""sweep_advance"": 0.0, ""trial_limit"": 12, ""trial_radius"": 40, ""unknown_scan"": false}",ablation/q3_no_joint_route/q3/paper_q3_n16_s950050/metrics.json
ablation,q3_no_joint_route,q3,paper_q3_n16_s950051,cbfbbaeb42d25c087942aa7e4f20396216e71e79a483ddb33bf23ece5db04cf4,950051,16,True,True,16,16,280.98017771069874,4495.68284337118,3763.6828433711803,545.0,104.0,83.0,109,104,17,a0002e34ab570f60b978e68074b43391c7ddaabf503ee93c9f1aa33f4a51405c,"{""advance"": 0.25, ""arc_scan"": 0, ""commit"": false, ""estimate"": ""circle"", ""exact_positive"": false, ""info_points"": false, ""offset"": 0.1, ""planning_radius"": 1500, ""probe"": 250, ""probe_count"": 1, ""rotation"": 0.0, ""route_mode"": ""scan_first"", ""share_at_search"": true, ""share_during"": false, ""share_ratio"": 0.7, ""site_bonus"": 0.0, ""site_passes"": 1, ""sweep_advance"": 0.0, ""trial_limit"": 12, ""trial_radius"": 40, ""unknown_scan"": false}",ablation/q3_no_joint_route/q3/paper_q3_n16_s950051/metrics.json
ablation,q3_no_joint_route,q3,paper_q3_n16_s950052,7eb42ce9d4b90b14eff5f7c5e114639d05ec7d509ab13d7fb17c2e9e2f9c24d6,950052,16,True,True,16,16,254.85361032985602,4077.6577652776964,3398.6577652776964,500.0,99.0,80.0,100,99,16,a0002e34ab570f60b978e68074b43391c7ddaabf503ee93c9f1aa33f4a51405c,"{""advance"": 0.25, ""arc_scan"": 0, ""commit"": false, ""estimate"": ""circle"", ""exact_positive"": false, ""info_points"": false, ""offset"": 0.1, ""planning_radius"": 1500, ""probe"": 250, ""probe_count"": 1, ""rotation"": 0.0, ""route_mode"": ""scan_first"", ""share_at_search"": true, ""share_during"": false, ""share_ratio"": 0.7, ""site_bonus"": 0.0, ""site_passes"": 1, ""sweep_advance"": 0.0, ""trial_limit"": 12, ""trial_radius"": 40, ""unknown_scan"": false}",ablation/q3_no_joint_route/q3/paper_q3_n16_s950052/metrics.json
ablation,q3_no_joint_route,q3,paper_q3_n16_s950053,12693971ed6436a5f877251cc13c4bbccc90027455d718e8c6849d75a7b6aa7e,950053,16,True,True,16,16,256.180819418658,4098.893110698528,3326.8931106985306,580.0,112.0,80.0,116,112,16,a0002e34ab570f60b978e68074b43391c7ddaabf503ee93c9f1aa33f4a51405c,"{""advance"": 0.25, ""arc_scan"": 0, ""commit"": false, ""estimate"": ""circle"", ""exact_positive"": false, ""info_points"": false, ""offset"": 0.1, ""planning_radius"": 1500, ""probe"": 250, ""probe_count"": 1, ""rotation"": 0.0, ""route_mode"": ""scan_first"", ""share_at_search"": true, ""share_during"": false, ""share_ratio"": 0.7, ""site_bonus"": 0.0, ""site_passes"": 1, ""sweep_advance"": 0.0, ""trial_limit"": 12, ""trial_radius"": 40, ""unknown_scan"": false}",ablation/q3_no_joint_route/q3/paper_q3_n16_s950053/metrics.json
ablation,q3_no_joint_route,q3,paper_q3_n16_s950054,7671596cbafe749024aaaf80c4a7734c53affbd53c1bfe74bfa1054018fd6a82,950054,16,True,True,16,16,246.69477780042072,3947.1164448067316,3239.1164448067325,525.0,103.0,80.0,105,103,16,a0002e34ab570f60b978e68074b43391c7ddaabf503ee93c9f1aa33f4a51405c,"{""advance"": 0.25, ""arc_scan"": 0, ""commit"": false, ""estimate"": ""circle"", ""exact_positive"": false, ""info_points"": false, ""offset"": 0.1, ""planning_radius"": 1500, ""probe"": 250, ""probe_count"": 1, ""rotation"": 0.0, ""route_mode"": ""scan_first"", ""share_at_search"": true, ""share_during"": false, ""share_ratio"": 0.7, ""site_bonus"": 0.0, ""site_passes"": 1, ""sweep_advance"": 0.0, ""trial_limit"": 12, ""trial_radius"": 40, ""unknown_scan"": false}",ablation/q3_no_joint_route/q3/paper_q3_n16_s950054/metrics.json
ablation,q3_no_joint_route,q3,paper_q3_n16_s950055,c9c8ef5e441bf5f1a98a4a80f8a62d046fb8b3ba1641e492c447bac80a19bec9,950055,16,True,True,16,16,278.0376418469129,4448.602269550606,3598.6022695506067,640.0,124.0,86.0,128,124,18,a0002e34ab570f60b978e68074b43391c7ddaabf503ee93c9f1aa33f4a51405c,"{""advance"": 0.25, ""arc_scan"": 0, ""commit"": false, ""estimate"": ""circle"", ""exact_positive"": false, ""info_points"": false, ""offset"": 0.1, ""planning_radius"": 1500, ""probe"": 250, ""probe_count"": 1, ""rotation"": 0.0, ""route_mode"": ""scan_first"", ""share_at_search"": true, ""share_during"": false, ""share_ratio"": 0.7, ""site_bonus"": 0.0, ""site_passes"": 1, ""sweep_advance"": 0.0, ""trial_limit"": 12, ""trial_radius"": 40, ""unknown_scan"": false}",ablation/q3_no_joint_route/q3/paper_q3_n16_s950055/metrics.json
ablation,q3_no_joint_route,q3,paper_q3_n16_s950056,2d52a8547d9db19a9d5e4f15537edb498f5796dec973f30fcbf7ed42b13c0184,950056,16,True,True,16,16,244.20705929109621,3907.3129486575394,3261.31294865754,475.0,91.0,80.0,95,91,16,a0002e34ab570f60b978e68074b43391c7ddaabf503ee93c9f1aa33f4a51405c,"{""advance"": 0.25, ""arc_scan"": 0, ""commit"": false, ""estimate"": ""circle"", ""exact_positive"": false, ""info_points"": false, ""offset"": 0.1, ""planning_radius"": 1500, ""probe"": 250, ""probe_count"": 1, ""rotation"": 0.0, ""route_mode"": ""scan_first"", ""share_at_search"": true, ""share_during"": false, ""share_ratio"": 0.7, ""site_bonus"": 0.0, ""site_passes"": 1, ""sweep_advance"": 0.0, ""trial_limit"": 12, ""trial_radius"": 40, ""unknown_scan"": false}",ablation/q3_no_joint_route/q3/paper_q3_n16_s950056/metrics.json
ablation,q3_no_joint_route,q3,paper_q3_n16_s950057,657aecfb851377edc3fcd073d7493c10e45163b09a3b678d80cfece86d9e6055,950057,16,True,True,16,16,258.4617902669908,4135.388644271853,3441.3886442718526,510.0,101.0,83.0,102,101,17,a0002e34ab570f60b978e68074b43391c7ddaabf503ee93c9f1aa33f4a51405c,"{""advance"": 0.25, ""arc_scan"": 0, ""commit"": false, ""estimate"": ""circle"", ""exact_positive"": false, ""info_points"": false, ""offset"": 0.1, ""planning_radius"": 1500, ""probe"": 250, ""probe_count"": 1, ""rotation"": 0.0, ""route_mode"": ""scan_first"", ""share_at_search"": true, ""share_during"": false, ""share_ratio"": 0.7, ""site_bonus"": 0.0, ""site_passes"": 1, ""sweep_advance"": 0.0, ""trial_limit"": 12, ""trial_radius"": 40, ""unknown_scan"": false}",ablation/q3_no_joint_route/q3/paper_q3_n16_s950057/metrics.json
ablation,q3_no_joint_route,q3,paper_q3_n16_s950058,01cc62b086c8667a6c0f19e2a0705cdb9931ec4dd63b11aa18ff5d0284201924,950058,16,True,True,16,16,259.95958791192805,4159.353406590849,3384.3534065908493,580.0,112.0,83.0,116,112,17,a0002e34ab570f60b978e68074b43391c7ddaabf503ee93c9f1aa33f4a51405c,"{""advance"": 0.25, ""arc_scan"": 0, ""commit"": false, ""estimate"": ""circle"", ""exact_positive"": false, ""info_points"": false, ""offset"": 0.1, ""planning_radius"": 1500, ""probe"": 250, ""probe_count"": 1, ""rotation"": 0.0, ""route_mode"": ""scan_first"", ""share_at_search"": true, ""share_during"": false, ""share_ratio"": 0.7, ""site_bonus"": 0.0, ""site_passes"": 1, ""sweep_advance"": 0.0, ""trial_limit"": 12, ""trial_radius"": 40, ""unknown_scan"": false}",ablation/q3_no_joint_route/q3/paper_q3_n16_s950058/metrics.json
ablation,q3_no_joint_route,q3,paper_q3_n16_s950059,08036235255756fff9b0c757dff29b17d197bf1ecea01afbd5848d449717befd,950059,16,True,True,16,16,264.7573023266889,4236.116837227022,3508.116837227022,540.0,105.0,83.0,108,105,17,a0002e34ab570f60b978e68074b43391c7ddaabf503ee93c9f1aa33f4a51405c,"{""advance"": 0.25, ""arc_scan"": 0, ""commit"": false, ""estimate"": ""circle"", ""exact_positive"": false, ""info_points"": false, ""offset"": 0.1, ""planning_radius"": 1500, ""probe"": 250, ""probe_count"": 1, ""rotation"": 0.0, ""route_mode"": ""scan_first"", ""share_at_search"": true, ""share_during"": false, ""share_ratio"": 0.7, ""site_bonus"": 0.0, ""site_passes"": 1, ""sweep_advance"": 0.0, ""trial_limit"": 12, ""trial_radius"": 40, ""unknown_scan"": false}",ablation/q3_no_joint_route/q3/paper_q3_n16_s950059/metrics.json
ablation,q3_no_shared_probe,q3,paper_q3_n10_s950000,7a6593237b58b86cee5e80b0c287c99eb5b7499d3b9928bccbd24346edd6983e,950000,10,True,True,10,10,247.2356346650747,2472.356346650747,1717.3563466507476,585.0,114.0,56.0,117,114,12,e65a6ba41bc9fe23bdff5720db82072a654289e019071c2fe37fbb568a896252,"{""advance"": 0.25, ""arc_scan"": 0, ""commit"": false, ""estimate"": ""circle"", ""exact_positive"": false, ""info_points"": false, ""offset"": 0.1, ""planning_radius"": 1500, ""probe"": 250, ""probe_count"": 1, ""rotation"": 0.0, ""route_mode"": ""joint"", ""share_at_search"": false, ""share_during"": false, ""share_ratio"": 0.7, ""site_bonus"": 0.0, ""site_passes"": 1, ""sweep_advance"": 0.0, ""trial_limit"": 12, ""trial_radius"": 40, ""unknown_scan"": false}",ablation/q3_no_shared_probe/q3/paper_q3_n10_s950000/metrics.json
ablation,q3_no_shared_probe,q3,paper_q3_n10_s950001,6e9578549d4b363915ee9bb8dd6425650dfc6221a92773b543f006d262365298,950001,10,True,True,10,10,272.7661261352616,2727.661261352616,1964.661261352616,595.0,115.0,53.0,119,115,11,e65a6ba41bc9fe23bdff5720db82072a654289e019071c2fe37fbb568a896252,"{""advance"": 0.25, ""arc_scan"": 0, ""commit"": false, ""estimate"": ""circle"", ""exact_positive"": false, ""info_points"": false, ""offset"": 0.1, ""planning_radius"": 1500, ""probe"": 250, ""probe_count"": 1, ""rotation"": 0.0, ""route_mode"": ""joint"", ""share_at_search"": false, ""share_during"": false, ""share_ratio"": 0.7, ""site_bonus"": 0.0, ""site_passes"": 1, ""sweep_advance"": 0.0, ""trial_limit"": 12, ""trial_radius"": 40, ""unknown_scan"": false}",ablation/q3_no_shared_probe/q3/paper_q3_n10_s950001/metrics.json
ablation,q3_no_shared_probe,q3,paper_q3_n10_s950002,356d73bee4329b5e0251a177ef17d08322738d1e81e22652d55eaec8779b034d,950002,10,True,True,10,10,257.1884928035832,2571.8849280358318,1855.8849280358313,555.0,108.0,53.0,111,108,11,e65a6ba41bc9fe23bdff5720db82072a654289e019071c2fe37fbb568a896252,"{""advance"": 0.25, ""arc_scan"": 0, ""commit"": false, ""estimate"": ""circle"", ""exact_positive"": false, ""info_points"": false, ""offset"": 0.1, ""planning_radius"": 1500, ""probe"": 250, ""probe_count"": 1, ""rotation"": 0.0, ""route_mode"": ""joint"", ""share_at_search"": false, ""share_during"": false, ""share_ratio"": 0.7, ""site_bonus"": 0.0, ""site_passes"": 1, ""sweep_advance"": 0.0, ""trial_limit"": 12, ""trial_radius"": 40, ""unknown_scan"": false}",ablation/q3_no_shared_probe/q3/paper_q3_n10_s950002/metrics.json
ablation,q3_no_shared_probe,q3,paper_q3_n10_s950003,229d17a7d1155ef74d5350cca718704f1e82937d3892f4d4fa08afc23210214e,950003,10,True,True,10,10,288.8755724760531,2888.755724760531,2170.755724760531,560.0,105.0,53.0,112,105,11,e65a6ba41bc9fe23bdff5720db82072a654289e019071c2fe37fbb568a896252,"{""advance"": 0.25, ""arc_scan"": 0, ""commit"": false, ""estimate"": ""circle"", ""exact_positive"": false, ""info_points"": false, ""offset"": 0.1, ""planning_radius"": 1500, ""probe"": 250, ""probe_count"": 1, ""rotation"": 0.0, ""route_mode"": ""joint"", ""share_at_search"": false, ""share_during"": false, ""share_ratio"": 0.7, ""site_bonus"": 0.0, ""site_passes"": 1, ""sweep_advance"": 0.0, ""trial_limit"": 12, ""trial_radius"": 40, ""unknown_scan"": false}",ablation/q3_no_shared_probe/q3/paper_q3_n10_s950003/metrics.json
ablation,q3_no_shared_probe,q3,paper_q3_n10_s950004,326bcd24e7f64c7809ccd9d768ebbeb9702a2d46f3e10b6c910be5b0d8f31100,950004,10,True,True,10,10,250.27475845242503,2502.74758452425,1760.7475845242495,575.0,111.0,56.0,115,111,12,e65a6ba41bc9fe23bdff5720db82072a654289e019071c2fe37fbb568a896252,"{""advance"": 0.25, ""arc_scan"": 0, ""commit"": false, ""estimate"": ""circle"", ""exact_positive"": false, ""info_points"": false, ""offset"": 0.1, ""planning_radius"": 1500, ""probe"": 250, ""probe_count"": 1, ""rotation"": 0.0, ""route_mode"": ""joint"", ""share_at_search"": false, ""share_during"": false, ""share_ratio"": 0.7, ""site_bonus"": 0.0, ""site_passes"": 1, ""sweep_advance"": 0.0, ""trial_limit"": 12, ""trial_radius"": 40, ""unknown_scan"": false}",ablation/q3_no_shared_probe/q3/paper_q3_n10_s950004/metrics.json
ablation,q3_no_shared_probe,q3,paper_q3_n10_s950005,eae2437cb774d21be431a70fed8ad9d1c4b05daebb9dd84cdf650b32ac6ef41e,950005,10,True,True,10,10,300.078842240855,3000.78842240855,2207.78842240855,625.0,118.0,50.0,125,118,10,e65a6ba41bc9fe23bdff5720db82072a654289e019071c2fe37fbb568a896252,"{""advance"": 0.25, ""arc_scan"": 0, ""commit"": false, ""estimate"": ""circle"", ""exact_positive"": false, ""info_points"": false, ""offset"": 0.1, ""planning_radius"": 1500, ""probe"": 250, ""probe_count"": 1, ""rotation"": 0.0, ""route_mode"": ""joint"", ""share_at_search"": false, ""share_during"": false, ""share_ratio"": 0.7, ""site_bonus"": 0.0, ""site_passes"": 1, ""sweep_advance"": 0.0, ""trial_limit"": 12, ""trial_radius"": 40, ""unknown_scan"": false}",ablation/q3_no_shared_probe/q3/paper_q3_n10_s950005/metrics.json
ablation,q3_no_shared_probe,q3,paper_q3_n10_s950006,ee598aa4e45f83eb49bbd22e99e53f7bdca975ce996fcfebeb487715a1c740f6,950006,10,True,True,10,10,282.9969187332381,2829.969187332381,2062.969187332381,600.0,111.0,56.0,120,111,12,e65a6ba41bc9fe23bdff5720db82072a654289e019071c2fe37fbb568a896252,"{""advance"": 0.25, ""arc_scan"": 0, ""commit"": false, ""estimate"": ""circle"", ""exact_positive"": false, ""info_points"": false, ""offset"": 0.1, ""planning_radius"": 1500, ""probe"": 250, ""probe_count"": 1, ""rotation"": 0.0, ""route_mode"": ""joint"", ""share_at_search"": false, ""share_during"": false, ""share_ratio"": 0.7, ""site_bonus"": 0.0, ""site_passes"": 1, ""sweep_advance"": 0.0, ""trial_limit"": 12, ""trial_radius"": 40, ""unknown_scan"": false}",ablation/q3_no_shared_probe/q3/paper_q3_n10_s950006/metrics.json
ablation,q3_no_shared_probe,q3,paper_q3_n10_s950007,06845e5f5cdd3dc83914ce6eab8170da7bc7fba4883082077a2224930e16c02c,950007,10,True,True,10,10,296.30555307115964,2963.0555307115965,2190.055530711597,610.0,113.0,50.0,122,113,10,e65a6ba41bc9fe23bdff5720db82072a654289e019071c2fe37fbb568a896252,"{""advance"": 0.25, ""arc_scan"": 0, ""commit"": false, ""estimate"": ""circle"", ""exact_positive"": false, ""info_points"": false, ""offset"": 0.1, ""planning_radius"": 1500, ""probe"": 250, ""probe_count"": 1, ""rotation"": 0.0, ""route_mode"": ""joint"", ""share_at_search"": false, ""share_during"": false, ""share_ratio"": 0.7, ""site_bonus"": 0.0, ""site_passes"": 1, ""sweep_advance"": 0.0, ""trial_limit"": 12, ""trial_radius"": 40, ""unknown_scan"": false}",ablation/q3_no_shared_probe/q3/paper_q3_n10_s950007/metrics.json
ablation,q3_no_shared_probe,q3,paper_q3_n10_s950008,ce87a58f99931fc3e322fa2a4c739a578b017b9e8110c4a08da99aa85a45564f,950008,10,True,True,10,10,292.45412941367823,2924.541294136782,2140.541294136782,610.0,118.0,56.0,122,118,12,e65a6ba41bc9fe23bdff5720db82072a654289e019071c2fe37fbb568a896252,"{""advance"": 0.25, ""arc_scan"": 0, ""commit"": false, ""estimate"": ""circle"", ""exact_positive"": false, ""info_points"": false, ""offset"": 0.1, ""planning_radius"": 1500, ""probe"": 250, ""probe_count"": 1, ""rotation"": 0.0, ""route_mode"": ""joint"", ""share_at_search"": false, ""share_during"": false, ""share_ratio"": 0.7, ""site_bonus"": 0.0, ""site_passes"": 1, ""sweep_advance"": 0.0, ""trial_limit"": 12, ""trial_radius"": 40, ""unknown_scan"": false}",ablation/q3_no_shared_probe/q3/paper_q3_n10_s950008/metrics.json
ablation,q3_no_shared_probe,q3,paper_q3_n10_s950009,62b906d64de55e8992ae3428e6fae4826c5952809819c29180cd8018bb388392,950009,10,True,True,10,10,279.5628181846436,2795.6281818464363,2066.6281818464363,565.0,108.0,56.0,113,108,12,e65a6ba41bc9fe23bdff5720db82072a654289e019071c2fe37fbb568a896252,"{""advance"": 0.25, ""arc_scan"": 0, ""commit"": false, ""estimate"": ""circle"", ""exact_positive"": false, ""info_points"": false, ""offset"": 0.1, ""planning_radius"": 1500, ""probe"": 250, ""probe_count"": 1, ""rotation"": 0.0, ""route_mode"": ""joint"", ""share_at_search"": false, ""share_during"": false, ""share_ratio"": 0.7, ""site_bonus"": 0.0, ""site_passes"": 1, ""sweep_advance"": 0.0, ""trial_limit"": 12, ""trial_radius"": 40, ""unknown_scan"": false}",ablation/q3_no_shared_probe/q3/paper_q3_n10_s950009/metrics.json
ablation,q3_no_shared_probe,q3,paper_q3_n10_s950010,3c36f46d77a6680c9f78d237e8037a2ae89c1b7712f3520176c96586843e2d45,950010,10,True,True,10,10,248.99791194552571,2489.979119455257,1736.9791194552572,585.0,115.0,53.0,117,115,11,e65a6ba41bc9fe23bdff5720db82072a654289e019071c2fe37fbb568a896252,"{""advance"": 0.25, ""arc_scan"": 0, ""commit"": false, ""estimate"": ""circle"", ""exact_positive"": false, ""info_points"": false, ""offset"": 0.1, ""planning_radius"": 1500, ""probe"": 250, ""probe_count"": 1, ""rotation"": 0.0, ""route_mode"": ""joint"", ""share_at_search"": false, ""share_during"": false, ""share_ratio"": 0.7, ""site_bonus"": 0.0, ""site_passes"": 1, ""sweep_advance"": 0.0, ""trial_limit"": 12, ""trial_radius"": 40, ""unknown_scan"": false}",ablation/q3_no_shared_probe/q3/paper_q3_n10_s950010/metrics.json
ablation,q3_no_shared_probe,q3,paper_q3_n10_s950011,b7d0f3b060ddbdb759d30e35915b640ad99008690ae5c12fe0083610e7c22776,950011,10,True,True,10,10,261.64218324524865,2616.4218324524863,1899.4218324524857,555.0,109.0,53.0,111,109,11,e65a6ba41bc9fe23bdff5720db82072a654289e019071c2fe37fbb568a896252,"{""advance"": 0.25, ""arc_scan"": 0, ""commit"": false, ""estimate"": ""circle"", ""exact_positive"": false, ""info_points"": false, ""offset"": 0.1, ""planning_radius"": 1500, ""probe"": 250, ""probe_count"": 1, ""rotation"": 0.0, ""route_mode"": ""joint"", ""share_at_search"": false, ""share_during"": false, ""share_ratio"": 0.7, ""site_bonus"": 0.0, ""site_passes"": 1, ""sweep_advance"": 0.0, ""trial_limit"": 12, ""trial_radius"": 40, ""unknown_scan"": false}",ablation/q3_no_shared_probe/q3/paper_q3_n10_s950011/metrics.json
ablation,q3_no_shared_probe,q3,paper_q3_n10_s950012,36405c985c8480d32eec098b89339bef8a994e555e103f27fa9cd9d296ca76dc,950012,10,True,True,10,10,258.6228150281713,2586.228150281713,1873.2281502817134,555.0,108.0,50.0,111,108,10,e65a6ba41bc9fe23bdff5720db82072a654289e019071c2fe37fbb568a896252,"{""advance"": 0.25, ""arc_scan"": 0, ""commit"": false, ""estimate"": ""circle"", ""exact_positive"": false, ""info_points"": false, ""offset"": 0.1, ""planning_radius"": 1500, ""probe"": 250, ""probe_count"": 1, ""rotation"": 0.0, ""route_mode"": ""joint"", ""share_at_search"": false, ""share_during"": false, ""share_ratio"": 0.7, ""site_bonus"": 0.0, ""site_passes"": 1, ""sweep_advance"": 0.0, ""trial_limit"": 12, ""trial_radius"": 40, ""unknown_scan"": false}",ablation/q3_no_shared_probe/q3/paper_q3_n10_s950012/metrics.json
ablation,q3_no_shared_probe,q3,paper_q3_n10_s950013,c1ae6592a36d6aa84d44cae5db3d8bb24e8527207f0b97cbbbd85f58fb82ec26,950013,10,True,True,10,10,291.17954659006176,2911.7954659006177,2142.795465900618,600.0,113.0,56.0,120,113,12,e65a6ba41bc9fe23bdff5720db82072a654289e019071c2fe37fbb568a896252,"{""advance"": 0.25, ""arc_scan"": 0, ""commit"": false, ""estimate"": ""circle"", ""exact_positive"": false, ""info_points"": false, ""offset"": 0.1, ""planning_radius"": 1500, ""probe"": 250, ""probe_count"": 1, ""rotation"": 0.0, ""route_mode"": ""joint"", ""share_at_search"": false, ""share_during"": false, ""share_ratio"": 0.7, ""site_bonus"": 0.0, ""site_passes"": 1, ""sweep_advance"": 0.0, ""trial_limit"": 12, ""trial_radius"": 40, ""unknown_scan"": false}",ablation/q3_no_shared_probe/q3/paper_q3_n10_s950013/metrics.json
ablation,q3_no_shared_probe,q3,paper_q3_n10_s950014,48e901e389067fd08eb9fa0d1b024a26a9dce6fcb76c63363681bd31df605234,950014,10,True,True,10,10,277.25996643278745,2772.5996643278745,2019.5996643278745,585.0,112.0,56.0,117,112,12,e65a6ba41bc9fe23bdff5720db82072a654289e019071c2fe37fbb568a896252,"{""advance"": 0.25, ""arc_scan"": 0, ""commit"": false, ""estimate"": ""circle"", ""exact_positive"": false, ""info_points"": false, ""offset"": 0.1, ""planning_radius"": 1500, ""probe"": 250, ""probe_count"": 1, ""rotation"": 0.0, ""route_mode"": ""joint"", ""share_at_search"": false, ""share_during"": false, ""share_ratio"": 0.7, ""site_bonus"": 0.0, ""site_passes"": 1, ""sweep_advance"": 0.0, ""trial_limit"": 12, ""trial_radius"": 40, ""unknown_scan"": false}",ablation/q3_no_shared_probe/q3/paper_q3_n10_s950014/metrics.json
ablation,q3_no_shared_probe,q3,paper_q3_n10_s950015,2b34643cecf2fe4d0f21f58d5889e7ab7338441d455ef1cbbf7ed76a3ccf8736,950015,10,True,True,10,10,299.9743794203925,2999.743794203925,2197.743794203924,630.0,116.0,56.0,126,116,12,e65a6ba41bc9fe23bdff5720db82072a654289e019071c2fe37fbb568a896252,"{""advance"": 0.25, ""arc_scan"": 0, ""commit"": false, ""estimate"": ""circle"", ""exact_positive"": false, ""info_points"": false, ""offset"": 0.1, ""planning_radius"": 1500, ""probe"": 250, ""probe_count"": 1, ""rotation"": 0.0, ""route_mode"": ""joint"", ""share_at_search"": false, ""share_during"": false, ""share_ratio"": 0.7, ""site_bonus"": 0.0, ""site_passes"": 1, ""sweep_advance"": 0.0, ""trial_limit"": 12, ""trial_radius"": 40, ""unknown_scan"": false}",ablation/q3_no_shared_probe/q3/paper_q3_n10_s950015/metrics.json
ablation,q3_no_shared_probe,q3,paper_q3_n10_s950016,0045370052796c531d12bdba2228a6b391e11dd5d29c8e9251fec833e6f0bd4a,950016,10,True,True,10,10,246.65357527847996,2466.5357527847996,1754.5357527847996,555.0,107.0,50.0,111,107,10,e65a6ba41bc9fe23bdff5720db82072a654289e019071c2fe37fbb568a896252,"{""advance"": 0.25, ""arc_scan"": 0, ""commit"": false, ""estimate"": ""circle"", ""exact_positive"": false, ""info_points"": false, ""offset"": 0.1, ""planning_radius"": 1500, ""probe"": 250, ""probe_count"": 1, ""rotation"": 0.0, ""route_mode"": ""joint"", ""share_at_search"": false, ""share_during"": false, ""share_ratio"": 0.7, ""site_bonus"": 0.0, ""site_passes"": 1, ""sweep_advance"": 0.0, ""trial_limit"": 12, ""trial_radius"": 40, ""unknown_scan"": false}",ablation/q3_no_shared_probe/q3/paper_q3_n10_s950016/metrics.json
ablation,q3_no_shared_probe,q3,paper_q3_n10_s950017,90d473c78c19a990cce139ccc6d64dfd4353f4ff8cbfd1d2601d11267eba13f8,950017,10,True,True,10,10,281.00940826047884,2810.0940826047886,2033.0940826047877,610.0,117.0,50.0,122,117,10,e65a6ba41bc9fe23bdff5720db82072a654289e019071c2fe37fbb568a896252,"{""advance"": 0.25, ""arc_scan"": 0, ""commit"": false, ""estimate"": ""circle"", ""exact_positive"": false, ""info_points"": false, ""offset"": 0.1, ""planning_radius"": 1500, ""probe"": 250, ""probe_count"": 1, ""rotation"": 0.0, ""route_mode"": ""joint"", ""share_at_search"": false, ""share_during"": false, ""share_ratio"": 0.7, ""site_bonus"": 0.0, ""site_passes"": 1, ""sweep_advance"": 0.0, ""trial_limit"": 12, ""trial_radius"": 40, ""unknown_scan"": false}",ablation/q3_no_shared_probe/q3/paper_q3_n10_s950017/metrics.json
ablation,q3_no_shared_probe,q3,paper_q3_n10_s950018,61194423301a411192a9e86f0ab54f0e46672312f0104504e3625b189cc65754,950018,10,True,True,10,10,277.21321661838726,2772.132166183873,2019.1321661838726,590.0,110.0,53.0,118,110,11,e65a6ba41bc9fe23bdff5720db82072a654289e019071c2fe37fbb568a896252,"{""advance"": 0.25, ""arc_scan"": 0, ""commit"": false, ""estimate"": ""circle"", ""exact_positive"": false, ""info_points"": false, ""offset"": 0.1, ""planning_radius"": 1500, ""probe"": 250, ""probe_count"": 1, ""rotation"": 0.0, ""route_mode"": ""joint"", ""share_at_search"": false, ""share_during"": false, ""share_ratio"": 0.7, ""site_bonus"": 0.0, ""site_passes"": 1, ""sweep_advance"": 0.0, ""trial_limit"": 12, ""trial_radius"": 40, ""unknown_scan"": false}",ablation/q3_no_shared_probe/q3/paper_q3_n10_s950018/metrics.json
ablation,q3_no_shared_probe,q3,paper_q3_n10_s950019,84c676869373222ccda06ef4beb1b1c011ec4f7f5c62e7e851501b8989a812fc,950019,10,True,True,10,10,283.69999769596086,2836.999976959609,2042.9999769596093,625.0,119.0,50.0,125,119,10,e65a6ba41bc9fe23bdff5720db82072a654289e019071c2fe37fbb568a896252,"{""advance"": 0.25, ""arc_scan"": 0, ""commit"": false, ""estimate"": ""circle"", ""exact_positive"": false, ""info_points"": false, ""offset"": 0.1, ""planning_radius"": 1500, ""probe"": 250, ""probe_count"": 1, ""rotation"": 0.0, ""route_mode"": ""joint"", ""share_at_search"": false, ""share_during"": false, ""share_ratio"": 0.7, ""site_bonus"": 0.0, ""site_passes"": 1, ""sweep_advance"": 0.0, ""trial_limit"": 12, ""trial_radius"": 40, ""unknown_scan"": false}",ablation/q3_no_shared_probe/q3/paper_q3_n10_s950019/metrics.json
ablation,q3_no_shared_probe,q3,paper_q3_n16_s950040,372a6ac63171fcb0f8d2d09d61b7c4f3e9ac70509316f5fd4e875c55cf4c373e,950040,16,True,True,16,16,182.39620500802883,2918.3392801284613,2189.339280128462,545.0,101.0,83.0,109,101,17,e65a6ba41bc9fe23bdff5720db82072a654289e019071c2fe37fbb568a896252,"{""advance"": 0.25, ""arc_scan"": 0, ""commit"": false, ""estimate"": ""circle"", ""exact_positive"": false, ""info_points"": false, ""offset"": 0.1, ""planning_radius"": 1500, ""probe"": 250, ""probe_count"": 1, ""rotation"": 0.0, ""route_mode"": ""joint"", ""share_at_search"": false, ""share_during"": false, ""share_ratio"": 0.7, ""site_bonus"": 0.0, ""site_passes"": 1, ""sweep_advance"": 0.0, ""trial_limit"": 12, ""trial_radius"": 40, ""unknown_scan"": false}",ablation/q3_no_shared_probe/q3/paper_q3_n16_s950040/metrics.json
ablation,q3_no_shared_probe,q3,paper_q3_n16_s950041,7013bc1a183c58a4b86368cf23f39a622c307704019dbf412a2ef628f617a426,950041,16,True,True,16,16,207.77723093973316,3324.4356950357305,2634.4356950357305,510.0,91.0,89.0,102,91,19,e65a6ba41bc9fe23bdff5720db82072a654289e019071c2fe37fbb568a896252,"{""advance"": 0.25, ""arc_scan"": 0, ""commit"": false, ""estimate"": ""circle"", ""exact_positive"": false, ""info_points"": false, ""offset"": 0.1, ""planning_radius"": 1500, ""probe"": 250, ""probe_count"": 1, ""rotation"": 0.0, ""route_mode"": ""joint"", ""share_at_search"": false, ""share_during"": false, ""share_ratio"": 0.7, ""site_bonus"": 0.0, ""site_passes"": 1, ""sweep_advance"": 0.0, ""trial_limit"": 12, ""trial_radius"": 40, ""unknown_scan"": false}",ablation/q3_no_shared_probe/q3/paper_q3_n16_s950041/metrics.json
ablation,q3_no_shared_probe,q3,paper_q3_n16_s950042,8985a0acf9ff3752eff344987a14d37db3a53efe3207d6e80320b0cab10d7908,950042,16,True,True,16,16,189.26163066695688,3028.18609067131,2360.1860906713105,495.0,90.0,83.0,99,90,17,e65a6ba41bc9fe23bdff5720db82072a654289e019071c2fe37fbb568a896252,"{""advance"": 0.25, ""arc_scan"": 0, ""commit"": false, ""estimate"": ""circle"", ""exact_positive"": false, ""info_points"": false, ""offset"": 0.1, ""planning_radius"": 1500, ""probe"": 250, ""probe_count"": 1, ""rotation"": 0.0, ""route_mode"": ""joint"", ""share_at_search"": false, ""share_during"": false, ""share_ratio"": 0.7, ""site_bonus"": 0.0, ""site_passes"": 1, ""sweep_advance"": 0.0, ""trial_limit"": 12, ""trial_radius"": 40, ""unknown_scan"": false}",ablation/q3_no_shared_probe/q3/paper_q3_n16_s950042/metrics.json
ablation,q3_no_shared_probe,q3,paper_q3_n16_s950043,838c4ab65fb30cf0cb282ba3c6fcb53c26aecca0d6069c1704d5dc8a17057a39,950043,16,True,True,16,16,201.14571068721543,3218.331370995447,2465.3313709954464,560.0,104.0,89.0,112,104,19,e65a6ba41bc9fe23bdff5720db82072a654289e019071c2fe37fbb568a896252,"{""advance"": 0.25, ""arc_scan"": 0, ""commit"": false, ""estimate"": ""circle"", ""exact_positive"": false, ""info_points"": false, ""offset"": 0.1, ""planning_radius"": 1500, ""probe"": 250, ""probe_count"": 1, ""rotation"": 0.0, ""route_mode"": ""joint"", ""share_at_search"": false, ""share_during"": false, ""share_ratio"": 0.7, ""site_bonus"": 0.0, ""site_passes"": 1, ""sweep_advance"": 0.0, ""trial_limit"": 12, ""trial_radius"": 40, ""unknown_scan"": false}",ablation/q3_no_shared_probe/q3/paper_q3_n16_s950043/metrics.json
ablation,q3_no_shared_probe,q3,paper_q3_n16_s950044,6fcc4f216a709b6ffab49583c5f5ccfb80ba404980b873b0f64317faf928d271,950044,16,True,True,16,16,183.78599846040817,2940.5759753665307,2217.5759753665307,535.0,102.0,86.0,107,102,18,e65a6ba41bc9fe23bdff5720db82072a654289e019071c2fe37fbb568a896252,"{""advance"": 0.25, ""arc_scan"": 0, ""commit"": false, ""estimate"": ""circle"", ""exact_positive"": false, ""info_points"": false, ""offset"": 0.1, ""planning_radius"": 1500, ""probe"": 250, ""probe_count"": 1, ""rotation"": 0.0, ""route_mode"": ""joint"", ""share_at_search"": false, ""share_during"": false, ""share_ratio"": 0.7, ""site_bonus"": 0.0, ""site_passes"": 1, ""sweep_advance"": 0.0, ""trial_limit"": 12, ""trial_radius"": 40, ""unknown_scan"": false}",ablation/q3_no_shared_probe/q3/paper_q3_n16_s950044/metrics.json
ablation,q3_no_shared_probe,q3,paper_q3_n16_s950045,e925988c4521667e68dd1b903d3b68dabfbf65596e8bec04f6b1ff87c188fab4,950045,16,True,True,16,16,189.98364500604362,3039.738320096698,2376.738320096698,485.0,92.0,86.0,97,92,18,e65a6ba41bc9fe23bdff5720db82072a654289e019071c2fe37fbb568a896252,"{""advance"": 0.25, ""arc_scan"": 0, ""commit"": false, ""estimate"": ""circle"", ""exact_positive"": false, ""info_points"": false, ""offset"": 0.1, ""planning_radius"": 1500, ""probe"": 250, ""probe_count"": 1, ""rotation"": 0.0, ""route_mode"": ""joint"", ""share_at_search"": false, ""share_during"": false, ""share_ratio"": 0.7, ""site_bonus"": 0.0, ""site_passes"": 1, ""sweep_advance"": 0.0, ""trial_limit"": 12, ""trial_radius"": 40, ""unknown_scan"": false}",ablation/q3_no_shared_probe/q3/paper_q3_n16_s950045/metrics.json
ablation,q3_no_shared_probe,q3,paper_q3_n16_s950046,c0a1489ae1e8e1fe6d48a4008508b8dd1fb69b8ee626c2bd98fd3738ed3ea631,950046,16,True,True,16,16,170.743396137929,2731.894338206864,1988.8943382068649,550.0,104.0,89.0,110,104,19,e65a6ba41bc9fe23bdff5720db82072a654289e019071c2fe37fbb568a896252,"{""advance"": 0.25, ""arc_scan"": 0, ""commit"": false, ""estimate"": ""circle"", ""exact_positive"": false, ""info_points"": false, ""offset"": 0.1, ""planning_radius"": 1500, ""probe"": 250, ""probe_count"": 1, ""rotation"": 0.0, ""route_mode"": ""joint"", ""share_at_search"": false, ""share_during"": false, ""share_ratio"": 0.7, ""site_bonus"": 0.0, ""site_passes"": 1, ""sweep_advance"": 0.0, ""trial_limit"": 12, ""trial_radius"": 40, ""unknown_scan"": false}",ablation/q3_no_shared_probe/q3/paper_q3_n16_s950046/metrics.json
ablation,q3_no_shared_probe,q3,paper_q3_n16_s950047,036704ea64775d1dc304a02fedd2c349f6aba9c75c30bde13ee49118186d0749,950047,16,True,True,16,16,228.24050144615464,3651.848023138474,2936.8480231384747,530.0,96.0,89.0,106,96,19,e65a6ba41bc9fe23bdff5720db82072a654289e019071c2fe37fbb568a896252,"{""advance"": 0.25, ""arc_scan"": 0, ""commit"": false, ""estimate"": ""circle"", ""exact_positive"": false, ""info_points"": false, ""offset"": 0.1, ""planning_radius"": 1500, ""probe"": 250, ""probe_count"": 1, ""rotation"": 0.0, ""route_mode"": ""joint"", ""share_at_search"": false, ""share_during"": false, ""share_ratio"": 0.7, ""site_bonus"": 0.0, ""site_passes"": 1, ""sweep_advance"": 0.0, ""trial_limit"": 12, ""trial_radius"": 40, ""unknown_scan"": false}",ablation/q3_no_shared_probe/q3/paper_q3_n16_s950047/metrics.json
ablation,q3_no_shared_probe,q3,paper_q3_n16_s950048,9027b6e1c14d0444d6be56a029e91132a89953fc48a86ee6ce4ab2da3fb3aced,950048,16,True,True,16,16,184.25166581942932,2948.026653110869,2237.026653110869,525.0,100.0,86.0,105,100,18,e65a6ba41bc9fe23bdff5720db82072a654289e019071c2fe37fbb568a896252,"{""advance"": 0.25, ""arc_scan"": 0, ""commit"": false, ""estimate"": ""circle"", ""exact_positive"": false, ""info_points"": false, ""offset"": 0.1, ""planning_radius"": 1500, ""probe"": 250, ""probe_count"": 1, ""rotation"": 0.0, ""route_mode"": ""joint"", ""share_at_search"": false, ""share_during"": false, ""share_ratio"": 0.7, ""site_bonus"": 0.0, ""site_passes"": 1, ""sweep_advance"": 0.0, ""trial_limit"": 12, ""trial_radius"": 40, ""unknown_scan"": false}",ablation/q3_no_shared_probe/q3/paper_q3_n16_s950048/metrics.json
ablation,q3_no_shared_probe,q3,paper_q3_n16_s950049,7543e540b56e05cf2bc35a3795d8b6d6b43901365cfd23c47b21f5aaa9b9f23a,950049,16,True,True,16,16,192.9344275600392,3086.9508409606274,2417.9508409606283,495.0,88.0,86.0,99,88,18,e65a6ba41bc9fe23bdff5720db82072a654289e019071c2fe37fbb568a896252,"{""advance"": 0.25, ""arc_scan"": 0, ""commit"": false, ""estimate"": ""circle"", ""exact_positive"": false, ""info_points"": false, ""offset"": 0.1, ""planning_radius"": 1500, ""probe"": 250, ""probe_count"": 1, ""rotation"": 0.0, ""route_mode"": ""joint"", ""share_at_search"": false, ""share_during"": false, ""share_ratio"": 0.7, ""site_bonus"": 0.0, ""site_passes"": 1, ""sweep_advance"": 0.0, ""trial_limit"": 12, ""trial_radius"": 40, ""unknown_scan"": false}",ablation/q3_no_shared_probe/q3/paper_q3_n16_s950049/metrics.json
ablation,q3_no_shared_probe,q3,paper_q3_n16_s950050,c48cbf90cb3e8c2933b76686b9620aa28fc6c649441dbd55321160cb9554c43a,950050,16,True,True,16,16,194.0562368984592,3104.899790375347,2377.899790375348,540.0,104.0,83.0,108,104,17,e65a6ba41bc9fe23bdff5720db82072a654289e019071c2fe37fbb568a896252,"{""advance"": 0.25, ""arc_scan"": 0, ""commit"": false, ""estimate"": ""circle"", ""exact_positive"": false, ""info_points"": false, ""offset"": 0.1, ""planning_radius"": 1500, ""probe"": 250, ""probe_count"": 1, ""rotation"": 0.0, ""route_mode"": ""joint"", ""share_at_search"": false, ""share_during"": false, ""share_ratio"": 0.7, ""site_bonus"": 0.0, ""site_passes"": 1, ""sweep_advance"": 0.0, ""trial_limit"": 12, ""trial_radius"": 40, ""unknown_scan"": false}",ablation/q3_no_shared_probe/q3/paper_q3_n16_s950050/metrics.json
ablation,q3_no_shared_probe,q3,paper_q3_n16_s950051,cbfbbaeb42d25c087942aa7e4f20396216e71e79a483ddb33bf23ece5db04cf4,950051,16,True,True,16,16,213.6215456612346,3417.9447305797535,2687.9447305797544,545.0,102.0,83.0,109,102,17,e65a6ba41bc9fe23bdff5720db82072a654289e019071c2fe37fbb568a896252,"{""advance"": 0.25, ""arc_scan"": 0, ""commit"": false, ""estimate"": ""circle"", ""exact_positive"": false, ""info_points"": false, ""offset"": 0.1, ""planning_radius"": 1500, ""probe"": 250, ""probe_count"": 1, ""rotation"": 0.0, ""route_mode"": ""joint"", ""share_at_search"": false, ""share_during"": false, ""share_ratio"": 0.7, ""site_bonus"": 0.0, ""site_passes"": 1, ""sweep_advance"": 0.0, ""trial_limit"": 12, ""trial_radius"": 40, ""unknown_scan"": false}",ablation/q3_no_shared_probe/q3/paper_q3_n16_s950051/metrics.json
ablation,q3_no_shared_probe,q3,paper_q3_n16_s950052,7eb42ce9d4b90b14eff5f7c5e114639d05ec7d509ab13d7fb17c2e9e2f9c24d6,950052,16,True,True,16,16,201.41595944428698,3222.6553511085917,2499.655351108592,540.0,100.0,83.0,108,100,17,e65a6ba41bc9fe23bdff5720db82072a654289e019071c2fe37fbb568a896252,"{""advance"": 0.25, ""arc_scan"": 0, ""commit"": false, ""estimate"": ""circle"", ""exact_positive"": false, ""info_points"": false, ""offset"": 0.1, ""planning_radius"": 1500, ""probe"": 250, ""probe_count"": 1, ""rotation"": 0.0, ""route_mode"": ""joint"", ""share_at_search"": false, ""share_during"": false, ""share_ratio"": 0.7, ""site_bonus"": 0.0, ""site_passes"": 1, ""sweep_advance"": 0.0, ""trial_limit"": 12, ""trial_radius"": 40, ""unknown_scan"": false}",ablation/q3_no_shared_probe/q3/paper_q3_n16_s950052/metrics.json
ablation,q3_no_shared_probe,q3,paper_q3_n16_s950053,12693971ed6436a5f877251cc13c4bbccc90027455d718e8c6849d75a7b6aa7e,950053,16,True,True,16,16,199.72350956835652,3195.5761530937043,2511.5761530937034,505.0,96.0,83.0,101,96,17,e65a6ba41bc9fe23bdff5720db82072a654289e019071c2fe37fbb568a896252,"{""advance"": 0.25, ""arc_scan"": 0, ""commit"": false, ""estimate"": ""circle"", ""exact_positive"": false, ""info_points"": false, ""offset"": 0.1, ""planning_radius"": 1500, ""probe"": 250, ""probe_count"": 1, ""rotation"": 0.0, ""route_mode"": ""joint"", ""share_at_search"": false, ""share_during"": false, ""share_ratio"": 0.7, ""site_bonus"": 0.0, ""site_passes"": 1, ""sweep_advance"": 0.0, ""trial_limit"": 12, ""trial_radius"": 40, ""unknown_scan"": false}",ablation/q3_no_shared_probe/q3/paper_q3_n16_s950053/metrics.json
ablation,q3_no_shared_probe,q3,paper_q3_n16_s950054,7671596cbafe749024aaaf80c4a7734c53affbd53c1bfe74bfa1054018fd6a82,950054,16,True,True,16,16,195.25661659232347,3124.1058654771755,2473.1058654771746,480.0,91.0,80.0,96,91,16,e65a6ba41bc9fe23bdff5720db82072a654289e019071c2fe37fbb568a896252,"{""advance"": 0.25, ""arc_scan"": 0, ""commit"": false, ""estimate"": ""circle"", ""exact_positive"": false, ""info_points"": false, ""offset"": 0.1, ""planning_radius"": 1500, ""probe"": 250, ""probe_count"": 1, ""rotation"": 0.0, ""route_mode"": ""joint"", ""share_at_search"": false, ""share_during"": false, ""share_ratio"": 0.7, ""site_bonus"": 0.0, ""site_passes"": 1, ""sweep_advance"": 0.0, ""trial_limit"": 12, ""trial_radius"": 40, ""unknown_scan"": false}",ablation/q3_no_shared_probe/q3/paper_q3_n16_s950054/metrics.json
ablation,q3_no_shared_probe,q3,paper_q3_n16_s950055,c9c8ef5e441bf5f1a98a4a80f8a62d046fb8b3ba1641e492c447bac80a19bec9,950055,16,True,True,16,16,227.12206631571598,3633.9530610514557,2826.9530610514557,605.0,110.0,92.0,121,110,20,e65a6ba41bc9fe23bdff5720db82072a654289e019071c2fe37fbb568a896252,"{""advance"": 0.25, ""arc_scan"": 0, ""commit"": false, ""estimate"": ""circle"", ""exact_positive"": false, ""info_points"": false, ""offset"": 0.1, ""planning_radius"": 1500, ""probe"": 250, ""probe_count"": 1, ""rotation"": 0.0, ""route_mode"": ""joint"", ""share_at_search"": false, ""share_during"": false, ""share_ratio"": 0.7, ""site_bonus"": 0.0, ""site_passes"": 1, ""sweep_advance"": 0.0, ""trial_limit"": 12, ""trial_radius"": 40, ""unknown_scan"": false}",ablation/q3_no_shared_probe/q3/paper_q3_n16_s950055/metrics.json
ablation,q3_no_shared_probe,q3,paper_q3_n16_s950056,2d52a8547d9db19a9d5e4f15537edb498f5796dec973f30fcbf7ed42b13c0184,950056,16,True,True,16,16,167.28443315026274,2676.550930404204,2076.550930404204,435.0,82.0,83.0,87,82,17,e65a6ba41bc9fe23bdff5720db82072a654289e019071c2fe37fbb568a896252,"{""advance"": 0.25, ""arc_scan"": 0, ""commit"": false, ""estimate"": ""circle"", ""exact_positive"": false, ""info_points"": false, ""offset"": 0.1, ""planning_radius"": 1500, ""probe"": 250, ""probe_count"": 1, ""rotation"": 0.0, ""route_mode"": ""joint"", ""share_at_search"": false, ""share_during"": false, ""share_ratio"": 0.7, ""site_bonus"": 0.0, ""site_passes"": 1, ""sweep_advance"": 0.0, ""trial_limit"": 12, ""trial_radius"": 40, ""unknown_scan"": false}",ablation/q3_no_shared_probe/q3/paper_q3_n16_s950056/metrics.json
ablation,q3_no_shared_probe,q3,paper_q3_n16_s950057,657aecfb851377edc3fcd073d7493c10e45163b09a3b678d80cfece86d9e6055,950057,16,True,True,16,16,196.66248315396908,3146.5997304635052,2463.5997304635057,500.0,94.0,89.0,100,94,19,e65a6ba41bc9fe23bdff5720db82072a654289e019071c2fe37fbb568a896252,"{""advance"": 0.25, ""arc_scan"": 0, ""commit"": false, ""estimate"": ""circle"", ""exact_positive"": false, ""info_points"": false, ""offset"": 0.1, ""planning_radius"": 1500, ""probe"": 250, ""probe_count"": 1, ""rotation"": 0.0, ""route_mode"": ""joint"", ""share_at_search"": false, ""share_during"": false, ""share_ratio"": 0.7, ""site_bonus"": 0.0, ""site_passes"": 1, ""sweep_advance"": 0.0, ""trial_limit"": 12, ""trial_radius"": 40, ""unknown_scan"": false}",ablation/q3_no_shared_probe/q3/paper_q3_n16_s950057/metrics.json
ablation,q3_no_shared_probe,q3,paper_q3_n16_s950058,01cc62b086c8667a6c0f19e2a0705cdb9931ec4dd63b11aa18ff5d0284201924,950058,16,True,True,16,16,193.97539061979185,3103.6062499166696,2350.6062499166696,565.0,105.0,83.0,113,105,17,e65a6ba41bc9fe23bdff5720db82072a654289e019071c2fe37fbb568a896252,"{""advance"": 0.25, ""arc_scan"": 0, ""commit"": false, ""estimate"": ""circle"", ""exact_positive"": false, ""info_points"": false, ""offset"": 0.1, ""planning_radius"": 1500, ""probe"": 250, ""probe_count"": 1, ""rotation"": 0.0, ""route_mode"": ""joint"", ""share_at_search"": false, ""share_during"": false, ""share_ratio"": 0.7, ""site_bonus"": 0.0, ""site_passes"": 1, ""sweep_advance"": 0.0, ""trial_limit"": 12, ""trial_radius"": 40, ""unknown_scan"": false}",ablation/q3_no_shared_probe/q3/paper_q3_n16_s950058/metrics.json
ablation,q3_no_shared_probe,q3,paper_q3_n16_s950059,08036235255756fff9b0c757dff29b17d197bf1ecea01afbd5848d449717befd,950059,16,True,True,16,16,210.41471272339984,3366.6354035743975,2666.635403574398,520.0,94.0,86.0,104,94,18,e65a6ba41bc9fe23bdff5720db82072a654289e019071c2fe37fbb568a896252,"{""advance"": 0.25, ""arc_scan"": 0, ""commit"": false, ""estimate"": ""circle"", ""exact_positive"": false, ""info_points"": false, ""offset"": 0.1, ""planning_radius"": 1500, ""probe"": 250, ""probe_count"": 1, ""rotation"": 0.0, ""route_mode"": ""joint"", ""share_at_search"": false, ""share_during"": false, ""share_ratio"": 0.7, ""site_bonus"": 0.0, ""site_passes"": 1, ""sweep_advance"": 0.0, ""trial_limit"": 12, ""trial_radius"": 40, ""unknown_scan"": false}",ablation/q3_no_shared_probe/q3/paper_q3_n16_s950059/metrics.json
ablation,q3_no_site_projection,q3,paper_q3_n10_s950000,7a6593237b58b86cee5e80b0c287c99eb5b7499d3b9928bccbd24346edd6983e,950000,10,True,True,10,10,245.53070384379185,2455.3070384379184,1705.3070384379184,580.0,114.0,56.0,116,114,12,dead7097029323249c009c17dcc65a9a06579a8a8fee14d503ad2c6250c73f82,"{""advance"": 0.25, ""arc_scan"": 0, ""commit"": false, ""estimate"": ""circle"", ""exact_positive"": false, ""info_points"": false, ""offset"": 0.1, ""planning_radius"": 0, ""probe"": 250, ""probe_count"": 1, ""rotation"": 0.0, ""route_mode"": ""joint"", ""share_at_search"": true, ""share_during"": false, ""share_ratio"": 0.7, ""site_bonus"": 0.0, ""site_passes"": 1, ""sweep_advance"": 0.0, ""trial_limit"": 12, ""trial_radius"": 40, ""unknown_scan"": false}",ablation/q3_no_site_projection/q3/paper_q3_n10_s950000/metrics.json
ablation,q3_no_site_projection,q3,paper_q3_n10_s950001,6e9578549d4b363915ee9bb8dd6425650dfc6221a92773b543f006d262365298,950001,10,True,True,10,10,271.21020935680696,2712.1020935680694,1940.10209356807,600.0,116.0,56.0,120,116,12,dead7097029323249c009c17dcc65a9a06579a8a8fee14d503ad2c6250c73f82,"{""advance"": 0.25, ""arc_scan"": 0, ""commit"": false, ""estimate"": ""circle"", ""exact_positive"": false, ""info_points"": false, ""offset"": 0.1, ""planning_radius"": 0, ""probe"": 250, ""probe_count"": 1, ""rotation"": 0.0, ""route_mode"": ""joint"", ""share_at_search"": true, ""share_during"": false, ""share_ratio"": 0.7, ""site_bonus"": 0.0, ""site_passes"": 1, ""sweep_advance"": 0.0, ""trial_limit"": 12, ""trial_radius"": 40, ""unknown_scan"": false}",ablation/q3_no_site_projection/q3/paper_q3_n10_s950001/metrics.json
ablation,q3_no_site_projection,q3,paper_q3_n10_s950002,356d73bee4329b5e0251a177ef17d08322738d1e81e22652d55eaec8779b034d,950002,10,True,True,10,10,262.39116160485224,2623.9116160485223,1910.9116160485225,555.0,108.0,50.0,111,108,10,dead7097029323249c009c17dcc65a9a06579a8a8fee14d503ad2c6250c73f82,"{""advance"": 0.25, ""arc_scan"": 0, ""commit"": false, ""estimate"": ""circle"", ""exact_positive"": false, ""info_points"": false, ""offset"": 0.1, ""planning_radius"": 0, ""probe"": 250, ""probe_count"": 1, ""rotation"": 0.0, ""route_mode"": ""joint"", ""share_at_search"": true, ""share_during"": false, ""share_ratio"": 0.7, ""site_bonus"": 0.0, ""site_passes"": 1, ""sweep_advance"": 0.0, ""trial_limit"": 12, ""trial_radius"": 40, ""unknown_scan"": false}",ablation/q3_no_site_projection/q3/paper_q3_n10_s950002/metrics.json
ablation,q3_no_site_projection,q3,paper_q3_n10_s950003,229d17a7d1155ef74d5350cca718704f1e82937d3892f4d4fa08afc23210214e,950003,10,True,True,10,10,292.23887795373787,2922.3887795373785,2192.388779537378,570.0,107.0,53.0,114,107,11,dead7097029323249c009c17dcc65a9a06579a8a8fee14d503ad2c6250c73f82,"{""advance"": 0.25, ""arc_scan"": 0, ""commit"": false, ""estimate"": ""circle"", ""exact_positive"": false, ""info_points"": false, ""offset"": 0.1, ""planning_radius"": 0, ""probe"": 250, ""probe_count"": 1, ""rotation"": 0.0, ""route_mode"": ""joint"", ""share_at_search"": true, ""share_during"": false, ""share_ratio"": 0.7, ""site_bonus"": 0.0, ""site_passes"": 1, ""sweep_advance"": 0.0, ""trial_limit"": 12, ""trial_radius"": 40, ""unknown_scan"": false}",ablation/q3_no_site_projection/q3/paper_q3_n10_s950003/metrics.json
ablation,q3_no_site_projection,q3,paper_q3_n10_s950004,326bcd24e7f64c7809ccd9d768ebbeb9702a2d46f3e10b6c910be5b0d8f31100,950004,10,True,True,10,10,250.60616653050357,2506.0616653050356,1749.0616653050356,590.0,114.0,53.0,118,114,11,dead7097029323249c009c17dcc65a9a06579a8a8fee14d503ad2c6250c73f82,"{""advance"": 0.25, ""arc_scan"": 0, ""commit"": false, ""estimate"": ""circle"", ""exact_positive"": false, ""info_points"": false, ""offset"": 0.1, ""planning_radius"": 0, ""probe"": 250, ""probe_count"": 1, ""rotation"": 0.0, ""route_mode"": ""joint"", ""share_at_search"": true, ""share_during"": false, ""share_ratio"": 0.7, ""site_bonus"": 0.0, ""site_passes"": 1, ""sweep_advance"": 0.0, ""trial_limit"": 12, ""trial_radius"": 40, ""unknown_scan"": false}",ablation/q3_no_site_projection/q3/paper_q3_n10_s950004/metrics.json
ablation,q3_no_site_projection,q3,paper_q3_n10_s950005,eae2437cb774d21be431a70fed8ad9d1c4b05daebb9dd84cdf650b32ac6ef41e,950005,10,True,True,10,10,298.0696348600824,2980.696348600824,2183.696348600824,625.0,119.0,53.0,125,119,11,dead7097029323249c009c17dcc65a9a06579a8a8fee14d503ad2c6250c73f82,"{""advance"": 0.25, ""arc_scan"": 0, ""commit"": false, ""estimate"": ""circle"", ""exact_positive"": false, ""info_points"": false, ""offset"": 0.1, ""planning_radius"": 0, ""probe"": 250, ""probe_count"": 1, ""rotation"": 0.0, ""route_mode"": ""joint"", ""share_at_search"": true, ""share_during"": false, ""share_ratio"": 0.7, ""site_bonus"": 0.0, ""site_passes"": 1, ""sweep_advance"": 0.0, ""trial_limit"": 12, ""trial_radius"": 40, ""unknown_scan"": false}",ablation/q3_no_site_projection/q3/paper_q3_n10_s950005/metrics.json
ablation,q3_no_site_projection,q3,paper_q3_n10_s950006,ee598aa4e45f83eb49bbd22e99e53f7bdca975ce996fcfebeb487715a1c740f6,950006,10,True,True,10,10,283.507235112423,2835.0723511242304,2053.072351124231,615.0,114.0,53.0,123,114,11,dead7097029323249c009c17dcc65a9a06579a8a8fee14d503ad2c6250c73f82,"{""advance"": 0.25, ""arc_scan"": 0, ""commit"": false, ""estimate"": ""circle"", ""exact_positive"": false, ""info_points"": false, ""offset"": 0.1, ""planning_radius"": 0, ""probe"": 250, ""probe_count"": 1, ""rotation"": 0.0, ""route_mode"": ""joint"", ""share_at_search"": true, ""share_during"": false, ""share_ratio"": 0.7, ""site_bonus"": 0.0, ""site_passes"": 1, ""sweep_advance"": 0.0, ""trial_limit"": 12, ""trial_radius"": 40, ""unknown_scan"": false}",ablation/q3_no_site_projection/q3/paper_q3_n10_s950006/metrics.json
ablation,q3_no_site_projection,q3,paper_q3_n10_s950007,06845e5f5cdd3dc83914ce6eab8170da7bc7fba4883082077a2224930e16c02c,950007,10,True,True,10,10,294.0730129430994,2940.730129430994,2173.7301294309927,605.0,112.0,50.0,121,112,10,dead7097029323249c009c17dcc65a9a06579a8a8fee14d503ad2c6250c73f82,"{""advance"": 0.25, ""arc_scan"": 0, ""commit"": false, ""estimate"": ""circle"", ""exact_positive"": false, ""info_points"": false, ""offset"": 0.1, ""planning_radius"": 0, ""probe"": 250, ""probe_count"": 1, ""rotation"": 0.0, ""route_mode"": ""joint"", ""share_at_search"": true, ""share_during"": false, ""share_ratio"": 0.7, ""site_bonus"": 0.0, ""site_passes"": 1, ""sweep_advance"": 0.0, ""trial_limit"": 12, ""trial_radius"": 40, ""unknown_scan"": false}",ablation/q3_no_site_projection/q3/paper_q3_n10_s950007/metrics.json
ablation,q3_no_site_projection,q3,paper_q3_n10_s950008,ce87a58f99931fc3e322fa2a4c739a578b017b9e8110c4a08da99aa85a45564f,950008,10,True,True,10,10,291.313125700805,2913.13125700805,2120.1312570080504,620.0,120.0,53.0,124,120,11,dead7097029323249c009c17dcc65a9a06579a8a8fee14d503ad2c6250c73f82,"{""advance"": 0.25, ""arc_scan"": 0, ""commit"": false, ""estimate"": ""circle"", ""exact_positive"": false, ""info_points"": false, ""offset"": 0.1, ""planning_radius"": 0, ""probe"": 250, ""probe_count"": 1, ""rotation"": 0.0, ""route_mode"": ""joint"", ""share_at_search"": true, ""share_during"": false, ""share_ratio"": 0.7, ""site_bonus"": 0.0, ""site_passes"": 1, ""sweep_advance"": 0.0, ""trial_limit"": 12, ""trial_radius"": 40, ""unknown_scan"": false}",ablation/q3_no_site_projection/q3/paper_q3_n10_s950008/metrics.json
ablation,q3_no_site_projection,q3,paper_q3_n10_s950009,62b906d64de55e8992ae3428e6fae4826c5952809819c29180cd8018bb388392,950009,10,True,True,10,10,280.99623417792805,2809.9623417792805,2062.9623417792805,585.0,112.0,50.0,117,112,10,dead7097029323249c009c17dcc65a9a06579a8a8fee14d503ad2c6250c73f82,"{""advance"": 0.25, ""arc_scan"": 0, ""commit"": false, ""estimate"": ""circle"", ""exact_positive"": false, ""info_points"": false, ""offset"": 0.1, ""planning_radius"": 0, ""probe"": 250, ""probe_count"": 1, ""rotation"": 0.0, ""route_mode"": ""joint"", ""share_at_search"": true, ""share_during"": false, ""share_ratio"": 0.7, ""site_bonus"": 0.0, ""site_passes"": 1, ""sweep_advance"": 0.0, ""trial_limit"": 12, ""trial_radius"": 40, ""unknown_scan"": false}",ablation/q3_no_site_projection/q3/paper_q3_n10_s950009/metrics.json
ablation,q3_no_site_projection,q3,paper_q3_n10_s950010,3c36f46d77a6680c9f78d237e8037a2ae89c1b7712f3520176c96586843e2d45,950010,10,True,True,10,10,249.9245715810223,2499.245715810223,1733.2457158102234,600.0,116.0,50.0,120,116,10,dead7097029323249c009c17dcc65a9a06579a8a8fee14d503ad2c6250c73f82,"{""advance"": 0.25, ""arc_scan"": 0, ""commit"": false, ""estimate"": ""circle"", ""exact_positive"": false, ""info_points"": false, ""offset"": 0.1, ""planning_radius"": 0, ""probe"": 250, ""probe_count"": 1, ""rotation"": 0.0, ""route_mode"": ""joint"", ""share_at_search"": true, ""share_during"": false, ""share_ratio"": 0.7, ""site_bonus"": 0.0, ""site_passes"": 1, ""sweep_advance"": 0.0, ""trial_limit"": 12, ""trial_radius"": 40, ""unknown_scan"": false}",ablation/q3_no_site_projection/q3/paper_q3_n10_s950010/metrics.json
ablation,q3_no_site_projection,q3,paper_q3_n10_s950011,b7d0f3b060ddbdb759d30e35915b640ad99008690ae5c12fe0083610e7c22776,950011,10,True,True,10,10,259.7980153120152,2597.980153120152,1871.9801531201517,565.0,111.0,50.0,113,111,10,dead7097029323249c009c17dcc65a9a06579a8a8fee14d503ad2c6250c73f82,"{""advance"": 0.25, ""arc_scan"": 0, ""commit"": false, ""estimate"": ""circle"", ""exact_positive"": false, ""info_points"": false, ""offset"": 0.1, ""planning_radius"": 0, ""probe"": 250, ""probe_count"": 1, ""rotation"": 0.0, ""route_mode"": ""joint"", ""share_at_search"": true, ""share_during"": false, ""share_ratio"": 0.7, ""site_bonus"": 0.0, ""site_passes"": 1, ""sweep_advance"": 0.0, ""trial_limit"": 12, ""trial_radius"": 40, ""unknown_scan"": false}",ablation/q3_no_site_projection/q3/paper_q3_n10_s950011/metrics.json
ablation,q3_no_site_projection,q3,paper_q3_n10_s950012,36405c985c8480d32eec098b89339bef8a994e555e103f27fa9cd9d296ca76dc,950012,10,True,True,10,10,255.82185641233986,2558.2185641233987,1828.2185641233987,570.0,110.0,50.0,114,110,10,dead7097029323249c009c17dcc65a9a06579a8a8fee14d503ad2c6250c73f82,"{""advance"": 0.25, ""arc_scan"": 0, ""commit"": false, ""estimate"": ""circle"", ""exact_positive"": false, ""info_points"": false, ""offset"": 0.1, ""planning_radius"": 0, ""probe"": 250, ""probe_count"": 1, ""rotation"": 0.0, ""route_mode"": ""joint"", ""share_at_search"": true, ""share_during"": false, ""share_ratio"": 0.7, ""site_bonus"": 0.0, ""site_passes"": 1, ""sweep_advance"": 0.0, ""trial_limit"": 12, ""trial_radius"": 40, ""unknown_scan"": false}",ablation/q3_no_site_projection/q3/paper_q3_n10_s950012/metrics.json
ablation,q3_no_site_projection,q3,paper_q3_n10_s950013,c1ae6592a36d6aa84d44cae5db3d8bb24e8527207f0b97cbbbd85f58fb82ec26,950013,10,True,True,10,10,291.2812530390131,2912.812530390131,2144.8125303901315,595.0,114.0,59.0,119,114,13,dead7097029323249c009c17dcc65a9a06579a8a8fee14d503ad2c6250c73f82,"{""advance"": 0.25, ""arc_scan"": 0, ""commit"": false, ""estimate"": ""circle"", ""exact_positive"": false, ""info_points"": false, ""offset"": 0.1, ""planning_radius"": 0, ""probe"": 250, ""probe_count"": 1, ""rotation"": 0.0, ""route_mode"": ""joint"", ""share_at_search"": true, ""share_during"": false, ""share_ratio"": 0.7, ""site_bonus"": 0.0, ""site_passes"": 1, ""sweep_advance"": 0.0, ""trial_limit"": 12, ""trial_radius"": 40, ""unknown_scan"": false}",ablation/q3_no_site_projection/q3/paper_q3_n10_s950013/metrics.json
ablation,q3_no_site_projection,q3,paper_q3_n10_s950014,48e901e389067fd08eb9fa0d1b024a26a9dce6fcb76c63363681bd31df605234,950014,10,True,True,10,10,277.1551883156076,2771.5518831560757,2020.5518831560753,585.0,113.0,53.0,117,113,11,dead7097029323249c009c17dcc65a9a06579a8a8fee14d503ad2c6250c73f82,"{""advance"": 0.25, ""arc_scan"": 0, ""commit"": false, ""estimate"": ""circle"", ""exact_positive"": false, ""info_points"": false, ""offset"": 0.1, ""planning_radius"": 0, ""probe"": 250, ""probe_count"": 1, ""rotation"": 0.0, ""route_mode"": ""joint"", ""share_at_search"": true, ""share_during"": false, ""share_ratio"": 0.7, ""site_bonus"": 0.0, ""site_passes"": 1, ""sweep_advance"": 0.0, ""trial_limit"": 12, ""trial_radius"": 40, ""unknown_scan"": false}",ablation/q3_no_site_projection/q3/paper_q3_n10_s950014/metrics.json
ablation,q3_no_site_projection,q3,paper_q3_n10_s950015,2b34643cecf2fe4d0f21f58d5889e7ab7338441d455ef1cbbf7ed76a3ccf8736,950015,10,True,True,10,10,299.6839066898258,2996.839066898258,2196.8390668982574,630.0,117.0,53.0,126,117,11,dead7097029323249c009c17dcc65a9a06579a8a8fee14d503ad2c6250c73f82,"{""advance"": 0.25, ""arc_scan"": 0, ""commit"": false, ""estimate"": ""circle"", ""exact_positive"": false, ""info_points"": false, ""offset"": 0.1, ""planning_radius"": 0, ""probe"": 250, ""probe_count"": 1, ""rotation"": 0.0, ""route_mode"": ""joint"", ""share_at_search"": true, ""share_during"": false, ""share_ratio"": 0.7, ""site_bonus"": 0.0, ""site_passes"": 1, ""sweep_advance"": 0.0, ""trial_limit"": 12, ""trial_radius"": 40, ""unknown_scan"": false}",ablation/q3_no_site_projection/q3/paper_q3_n10_s950015/metrics.json
ablation,q3_no_site_projection,q3,paper_q3_n10_s950016,0045370052796c531d12bdba2228a6b391e11dd5d29c8e9251fec833e6f0bd4a,950016,10,True,True,10,10,246.90965117525064,2469.0965117525066,1744.0965117525066,565.0,110.0,50.0,113,110,10,dead7097029323249c009c17dcc65a9a06579a8a8fee14d503ad2c6250c73f82,"{""advance"": 0.25, ""arc_scan"": 0, ""commit"": false, ""estimate"": ""circle"", ""exact_positive"": false, ""info_points"": false, ""offset"": 0.1, ""planning_radius"": 0, ""probe"": 250, ""probe_count"": 1, ""rotation"": 0.0, ""route_mode"": ""joint"", ""share_at_search"": true, ""share_during"": false, ""share_ratio"": 0.7, ""site_bonus"": 0.0, ""site_passes"": 1, ""sweep_advance"": 0.0, ""trial_limit"": 12, ""trial_radius"": 40, ""unknown_scan"": false}",ablation/q3_no_site_projection/q3/paper_q3_n10_s950016/metrics.json
ablation,q3_no_site_projection,q3,paper_q3_n10_s950017,90d473c78c19a990cce139ccc6d64dfd4353f4ff8cbfd1d2601d11267eba13f8,950017,10,True,True,10,10,280.9920186492794,2809.9201864927936,2027.9201864927936,615.0,117.0,50.0,123,117,10,dead7097029323249c009c17dcc65a9a06579a8a8fee14d503ad2c6250c73f82,"{""advance"": 0.25, ""arc_scan"": 0, ""commit"": false, ""estimate"": ""circle"", ""exact_positive"": false, ""info_points"": false, ""offset"": 0.1, ""planning_radius"": 0, ""probe"": 250, ""probe_count"": 1, ""rotation"": 0.0, ""route_mode"": ""joint"", ""share_at_search"": true, ""share_during"": false, ""share_ratio"": 0.7, ""site_bonus"": 0.0, ""site_passes"": 1, ""sweep_advance"": 0.0, ""trial_limit"": 12, ""trial_radius"": 40, ""unknown_scan"": false}",ablation/q3_no_site_projection/q3/paper_q3_n10_s950017/metrics.json
ablation,q3_no_site_projection,q3,paper_q3_n10_s950018,61194423301a411192a9e86f0ab54f0e46672312f0104504e3625b189cc65754,950018,10,True,True,10,10,280.4075569029627,2804.075569029627,2035.0755690296266,600.0,113.0,56.0,120,113,12,dead7097029323249c009c17dcc65a9a06579a8a8fee14d503ad2c6250c73f82,"{""advance"": 0.25, ""arc_scan"": 0, ""commit"": false, ""estimate"": ""circle"", ""exact_positive"": false, ""info_points"": false, ""offset"": 0.1, ""planning_radius"": 0, ""probe"": 250, ""probe_count"": 1, ""rotation"": 0.0, ""route_mode"": ""joint"", ""share_at_search"": true, ""share_during"": false, ""share_ratio"": 0.7, ""site_bonus"": 0.0, ""site_passes"": 1, ""sweep_advance"": 0.0, ""trial_limit"": 12, ""trial_radius"": 40, ""unknown_scan"": false}",ablation/q3_no_site_projection/q3/paper_q3_n10_s950018/metrics.json
ablation,q3_no_site_projection,q3,paper_q3_n10_s950019,84c676869373222ccda06ef4beb1b1c011ec4f7f5c62e7e851501b8989a812fc,950019,10,True,True,10,10,283.9148993684295,2839.1489936842945,2045.1489936842943,625.0,119.0,50.0,125,119,10,dead7097029323249c009c17dcc65a9a06579a8a8fee14d503ad2c6250c73f82,"{""advance"": 0.25, ""arc_scan"": 0, ""commit"": false, ""estimate"": ""circle"", ""exact_positive"": false, ""info_points"": false, ""offset"": 0.1, ""planning_radius"": 0, ""probe"": 250, ""probe_count"": 1, ""rotation"": 0.0, ""route_mode"": ""joint"", ""share_at_search"": true, ""share_during"": false, ""share_ratio"": 0.7, ""site_bonus"": 0.0, ""site_passes"": 1, ""sweep_advance"": 0.0, ""trial_limit"": 12, ""trial_radius"": 40, ""unknown_scan"": false}",ablation/q3_no_site_projection/q3/paper_q3_n10_s950019/metrics.json
ablation,q3_no_site_projection,q3,paper_q3_n16_s950040,372a6ac63171fcb0f8d2d09d61b7c4f3e9ac70509316f5fd4e875c55cf4c373e,950040,16,True,True,16,16,185.5032405287042,2968.051848459267,2213.051848459268,565.0,107.0,83.0,113,107,17,dead7097029323249c009c17dcc65a9a06579a8a8fee14d503ad2c6250c73f82,"{""advance"": 0.25, ""arc_scan"": 0, ""commit"": false, ""estimate"": ""circle"", ""exact_positive"": false, ""info_points"": false, ""offset"": 0.1, ""planning_radius"": 0, ""probe"": 250, ""probe_count"": 1, ""rotation"": 0.0, ""route_mode"": ""joint"", ""share_at_search"": true, ""share_during"": false, ""share_ratio"": 0.7, ""site_bonus"": 0.0, ""site_passes"": 1, ""sweep_advance"": 0.0, ""trial_limit"": 12, ""trial_radius"": 40, ""unknown_scan"": false}",ablation/q3_no_site_projection/q3/paper_q3_n16_s950040/metrics.json
ablation,q3_no_site_projection,q3,paper_q3_n16_s950041,7013bc1a183c58a4b86368cf23f39a622c307704019dbf412a2ef628f617a426,950041,16,True,True,16,16,207.35678925558256,3317.708628089321,2637.708628089321,500.0,91.0,89.0,100,91,19,dead7097029323249c009c17dcc65a9a06579a8a8fee14d503ad2c6250c73f82,"{""advance"": 0.25, ""arc_scan"": 0, ""commit"": false, ""estimate"": ""circle"", ""exact_positive"": false, ""info_points"": false, ""offset"": 0.1, ""planning_radius"": 0, ""probe"": 250, ""probe_count"": 1, ""rotation"": 0.0, ""route_mode"": ""joint"", ""share_at_search"": true, ""share_during"": false, ""share_ratio"": 0.7, ""site_bonus"": 0.0, ""site_passes"": 1, ""sweep_advance"": 0.0, ""trial_limit"": 12, ""trial_radius"": 40, ""unknown_scan"": false}",ablation/q3_no_site_projection/q3/paper_q3_n16_s950041/metrics.json
ablation,q3_no_site_projection,q3,paper_q3_n16_s950042,8985a0acf9ff3752eff344987a14d37db3a53efe3207d6e80320b0cab10d7908,950042,16,True,True,16,16,201.6037316212051,3225.6597059392816,2596.6597059392825,460.0,86.0,83.0,92,86,17,dead7097029323249c009c17dcc65a9a06579a8a8fee14d503ad2c6250c73f82,"{""advance"": 0.25, ""arc_scan"": 0, ""commit"": false, ""estimate"": ""circle"", ""exact_positive"": false, ""info_points"": false, ""offset"": 0.1, ""planning_radius"": 0, ""probe"": 250, ""probe_count"": 1, ""rotation"": 0.0, ""route_mode"": ""joint"", ""share_at_search"": true, ""share_during"": false, ""share_ratio"": 0.7, ""site_bonus"": 0.0, ""site_passes"": 1, ""sweep_advance"": 0.0, ""trial_limit"": 12, ""trial_radius"": 40, ""unknown_scan"": false}",ablation/q3_no_site_projection/q3/paper_q3_n16_s950042/metrics.json
ablation,q3_no_site_projection,q3,paper_q3_n16_s950043,838c4ab65fb30cf0cb282ba3c6fcb53c26aecca0d6069c1704d5dc8a17057a39,950043,16,True,True,16,16,203.9481425503156,3263.1702808050495,2481.1702808050495,590.0,109.0,83.0,118,109,17,dead7097029323249c009c17dcc65a9a06579a8a8fee14d503ad2c6250c73f82,"{""advance"": 0.25, ""arc_scan"": 0, ""commit"": false, ""estimate"": ""circle"", ""exact_positive"": false, ""info_points"": false, ""offset"": 0.1, ""planning_radius"": 0, ""probe"": 250, ""probe_count"": 1, ""rotation"": 0.0, ""route_mode"": ""joint"", ""share_at_search"": true, ""share_during"": false, ""share_ratio"": 0.7, ""site_bonus"": 0.0, ""site_passes"": 1, ""sweep_advance"": 0.0, ""trial_limit"": 12, ""trial_radius"": 40, ""unknown_scan"": false}",ablation/q3_no_site_projection/q3/paper_q3_n16_s950043/metrics.json
ablation,q3_no_site_projection,q3,paper_q3_n16_s950044,6fcc4f216a709b6ffab49583c5f5ccfb80ba404980b873b0f64317faf928d271,950044,16,True,True,16,16,184.55682911128116,2952.9092657804986,2216.9092657804977,545.0,105.0,86.0,109,105,18,dead7097029323249c009c17dcc65a9a06579a8a8fee14d503ad2c6250c73f82,"{""advance"": 0.25, ""arc_scan"": 0, ""commit"": false, ""estimate"": ""circle"", ""exact_positive"": false, ""info_points"": false, ""offset"": 0.1, ""planning_radius"": 0, ""probe"": 250, ""probe_count"": 1, ""rotation"": 0.0, ""route_mode"": ""joint"", ""share_at_search"": true, ""share_during"": false, ""share_ratio"": 0.7, ""site_bonus"": 0.0, ""site_passes"": 1, ""sweep_advance"": 0.0, ""trial_limit"": 12, ""trial_radius"": 40, ""unknown_scan"": false}",ablation/q3_no_site_projection/q3/paper_q3_n16_s950044/metrics.json
ablation,q3_no_site_projection,q3,paper_q3_n16_s950045,e925988c4521667e68dd1b903d3b68dabfbf65596e8bec04f6b1ff87c188fab4,950045,16,True,True,16,16,191.38524068703563,3062.16385099257,2382.16385099257,500.0,94.0,86.0,100,94,18,dead7097029323249c009c17dcc65a9a06579a8a8fee14d503ad2c6250c73f82,"{""advance"": 0.25, ""arc_scan"": 0, ""commit"": false, ""estimate"": ""circle"", ""exact_positive"": false, ""info_points"": false, ""offset"": 0.1, ""planning_radius"": 0, ""probe"": 250, ""probe_count"": 1, ""rotation"": 0.0, ""route_mode"": ""joint"", ""share_at_search"": true, ""share_during"": false, ""share_ratio"": 0.7, ""site_bonus"": 0.0, ""site_passes"": 1, ""sweep_advance"": 0.0, ""trial_limit"": 12, ""trial_radius"": 40, ""unknown_scan"": false}",ablation/q3_no_site_projection/q3/paper_q3_n16_s950045/metrics.json
ablation,q3_no_site_projection,q3,paper_q3_n16_s950046,c0a1489ae1e8e1fe6d48a4008508b8dd1fb69b8ee626c2bd98fd3738ed3ea631,950046,16,True,True,16,16,170.68234124843065,2730.9174599748903,1987.9174599748903,555.0,105.0,83.0,111,105,17,dead7097029323249c009c17dcc65a9a06579a8a8fee14d503ad2c6250c73f82,"{""advance"": 0.25, ""arc_scan"": 0, ""commit"": false, ""estimate"": ""circle"", ""exact_positive"": false, ""info_points"": false, ""offset"": 0.1, ""planning_radius"": 0, ""probe"": 250, ""probe_count"": 1, ""rotation"": 0.0, ""route_mode"": ""joint"", ""share_at_search"": true, ""share_during"": false, ""share_ratio"": 0.7, ""site_bonus"": 0.0, ""site_passes"": 1, ""sweep_advance"": 0.0, ""trial_limit"": 12, ""trial_radius"": 40, ""unknown_scan"": false}",ablation/q3_no_site_projection/q3/paper_q3_n16_s950046/metrics.json
ablation,q3_no_site_projection,q3,paper_q3_n16_s950047,036704ea64775d1dc304a02fedd2c349f6aba9c75c30bde13ee49118186d0749,950047,16,True,True,16,16,229.64423579840457,3674.307772774473,2945.307772774473,545.0,98.0,86.0,109,98,18,dead7097029323249c009c17dcc65a9a06579a8a8fee14d503ad2c6250c73f82,"{""advance"": 0.25, ""arc_scan"": 0, ""commit"": false, ""estimate"": ""circle"", ""exact_positive"": false, ""info_points"": false, ""offset"": 0.1, ""planning_radius"": 0, ""probe"": 250, ""probe_count"": 1, ""rotation"": 0.0, ""route_mode"": ""joint"", ""share_at_search"": true, ""share_during"": false, ""share_ratio"": 0.7, ""site_bonus"": 0.0, ""site_passes"": 1, ""sweep_advance"": 0.0, ""trial_limit"": 12, ""trial_radius"": 40, ""unknown_scan"": false}",ablation/q3_no_site_projection/q3/paper_q3_n16_s950047/metrics.json
ablation,q3_no_site_projection,q3,paper_q3_n16_s950048,9027b6e1c14d0444d6be56a029e91132a89953fc48a86ee6ce4ab2da3fb3aced,950048,16,True,True,16,16,181.3438248855415,2901.501198168664,2186.5011981686644,530.0,102.0,83.0,106,102,17,dead7097029323249c009c17dcc65a9a06579a8a8fee14d503ad2c6250c73f82,"{""advance"": 0.25, ""arc_scan"": 0, ""commit"": false, ""estimate"": ""circle"", ""exact_positive"": false, ""info_points"": false, ""offset"": 0.1, ""planning_radius"": 0, ""probe"": 250, ""probe_count"": 1, ""rotation"": 0.0, ""route_mode"": ""joint"", ""share_at_search"": true, ""share_during"": false, ""share_ratio"": 0.7, ""site_bonus"": 0.0, ""site_passes"": 1, ""sweep_advance"": 0.0, ""trial_limit"": 12, ""trial_radius"": 40, ""unknown_scan"": false}",ablation/q3_no_site_projection/q3/paper_q3_n16_s950048/metrics.json
ablation,q3_no_site_projection,q3,paper_q3_n16_s950049,7543e540b56e05cf2bc35a3795d8b6d6b43901365cfd23c47b21f5aaa9b9f23a,950049,16,True,True,16,16,193.2895927132181,3092.6334834114896,2415.6334834114905,500.0,91.0,86.0,100,91,18,dead7097029323249c009c17dcc65a9a06579a8a8fee14d503ad2c6250c73f82,"{""advance"": 0.25, ""arc_scan"": 0, ""commit"": false, ""estimate"": ""circle"", ""exact_positive"": false, ""info_points"": false, ""offset"": 0.1, ""planning_radius"": 0, ""probe"": 250, ""probe_count"": 1, ""rotation"": 0.0, ""route_mode"": ""joint"", ""share_at_search"": true, ""share_during"": false, ""share_ratio"": 0.7, ""site_bonus"": 0.0, ""site_passes"": 1, ""sweep_advance"": 0.0, ""trial_limit"": 12, ""trial_radius"": 40, ""unknown_scan"": false}",ablation/q3_no_site_projection/q3/paper_q3_n16_s950049/metrics.json
ablation,q3_no_site_projection,q3,paper_q3_n16_s950050,c48cbf90cb3e8c2933b76686b9620aa28fc6c649441dbd55321160cb9554c43a,950050,16,True,True,16,16,195.00918289330195,3120.1469262928313,2385.146926292832,550.0,105.0,80.0,110,105,16,dead7097029323249c009c17dcc65a9a06579a8a8fee14d503ad2c6250c73f82,"{""advance"": 0.25, ""arc_scan"": 0, ""commit"": false, ""estimate"": ""circle"", ""exact_positive"": false, ""info_points"": false, ""offset"": 0.1, ""planning_radius"": 0, ""probe"": 250, ""probe_count"": 1, ""rotation"": 0.0, ""route_mode"": ""joint"", ""share_at_search"": true, ""share_during"": false, ""share_ratio"": 0.7, ""site_bonus"": 0.0, ""site_passes"": 1, ""sweep_advance"": 0.0, ""trial_limit"": 12, ""trial_radius"": 40, ""unknown_scan"": false}",ablation/q3_no_site_projection/q3/paper_q3_n16_s950050/metrics.json
ablation,q3_no_site_projection,q3,paper_q3_n16_s950051,cbfbbaeb42d25c087942aa7e4f20396216e71e79a483ddb33bf23ece5db04cf4,950051,16,True,True,16,16,201.96320590668373,3231.4112945069396,2497.411294506939,550.0,104.0,80.0,110,104,16,dead7097029323249c009c17dcc65a9a06579a8a8fee14d503ad2c6250c73f82,"{""advance"": 0.25, ""arc_scan"": 0, ""commit"": false, ""estimate"": ""circle"", ""exact_positive"": false, ""info_points"": false, ""offset"": 0.1, ""planning_radius"": 0, ""probe"": 250, ""probe_count"": 1, ""rotation"": 0.0, ""route_mode"": ""joint"", ""share_at_search"": true, ""share_during"": false, ""share_ratio"": 0.7, ""site_bonus"": 0.0, ""site_passes"": 1, ""sweep_advance"": 0.0, ""trial_limit"": 12, ""trial_radius"": 40, ""unknown_scan"": false}",ablation/q3_no_site_projection/q3/paper_q3_n16_s950051/metrics.json
ablation,q3_no_site_projection,q3,paper_q3_n16_s950052,7eb42ce9d4b90b14eff5f7c5e114639d05ec7d509ab13d7fb17c2e9e2f9c24d6,950052,16,True,True,16,16,200.0292356909844,3200.4677710557503,2471.467771055751,545.0,101.0,83.0,109,101,17,dead7097029323249c009c17dcc65a9a06579a8a8fee14d503ad2c6250c73f82,"{""advance"": 0.25, ""arc_scan"": 0, ""commit"": false, ""estimate"": ""circle"", ""exact_positive"": false, ""info_points"": false, ""offset"": 0.1, ""planning_radius"": 0, ""probe"": 250, ""probe_count"": 1, ""rotation"": 0.0, ""route_mode"": ""joint"", ""share_at_search"": true, ""share_during"": false, ""share_ratio"": 0.7, ""site_bonus"": 0.0, ""site_passes"": 1, ""sweep_advance"": 0.0, ""trial_limit"": 12, ""trial_radius"": 40, ""unknown_scan"": false}",ablation/q3_no_site_projection/q3/paper_q3_n16_s950052/metrics.json
ablation,q3_no_site_projection,q3,paper_q3_n16_s950053,12693971ed6436a5f877251cc13c4bbccc90027455d718e8c6849d75a7b6aa7e,950053,16,True,True,16,16,199.77843209904626,3196.45491358474,2509.4549135847396,510.0,97.0,80.0,102,97,16,dead7097029323249c009c17dcc65a9a06579a8a8fee14d503ad2c6250c73f82,"{""advance"": 0.25, ""arc_scan"": 0, ""commit"": false, ""estimate"": ""circle"", ""exact_positive"": false, ""info_points"": false, ""offset"": 0.1, ""planning_radius"": 0, ""probe"": 250, ""probe_count"": 1, ""rotation"": 0.0, ""route_mode"": ""joint"", ""share_at_search"": true, ""share_during"": false, ""share_ratio"": 0.7, ""site_bonus"": 0.0, ""site_passes"": 1, ""sweep_advance"": 0.0, ""trial_limit"": 12, ""trial_radius"": 40, ""unknown_scan"": false}",ablation/q3_no_site_projection/q3/paper_q3_n16_s950053/metrics.json
ablation,q3_no_site_projection,q3,paper_q3_n16_s950054,7671596cbafe749024aaaf80c4a7734c53affbd53c1bfe74bfa1054018fd6a82,950054,16,True,True,16,16,189.25195839304018,3028.031334288643,2296.031334288642,540.0,103.0,89.0,108,103,19,dead7097029323249c009c17dcc65a9a06579a8a8fee14d503ad2c6250c73f82,"{""advance"": 0.25, ""arc_scan"": 0, ""commit"": false, ""estimate"": ""circle"", ""exact_positive"": false, ""info_points"": false, ""offset"": 0.1, ""planning_radius"": 0, ""probe"": 250, ""probe_count"": 1, ""rotation"": 0.0, ""route_mode"": ""joint"", ""share_at_search"": true, ""share_during"": false, ""share_ratio"": 0.7, ""site_bonus"": 0.0, ""site_passes"": 1, ""sweep_advance"": 0.0, ""trial_limit"": 12, ""trial_radius"": 40, ""unknown_scan"": false}",ablation/q3_no_site_projection/q3/paper_q3_n16_s950054/metrics.json
ablation,q3_no_site_projection,q3,paper_q3_n16_s950055,c9c8ef5e441bf5f1a98a4a80f8a62d046fb8b3ba1641e492c447bac80a19bec9,950055,16,True,True,16,16,223.13983535488333,3570.2373656781333,2782.2373656781333,590.0,106.0,92.0,118,106,20,dead7097029323249c009c17dcc65a9a06579a8a8fee14d503ad2c6250c73f82,"{""advance"": 0.25, ""arc_scan"": 0, ""commit"": false, ""estimate"": ""circle"", ""exact_positive"": false, ""info_points"": false, ""offset"": 0.1, ""planning_radius"": 0, ""probe"": 250, ""probe_count"": 1, ""rotation"": 0.0, ""route_mode"": ""joint"", ""share_at_search"": true, ""share_during"": false, ""share_ratio"": 0.7, ""site_bonus"": 0.0, ""site_passes"": 1, ""sweep_advance"": 0.0, ""trial_limit"": 12, ""trial_radius"": 40, ""unknown_scan"": false}",ablation/q3_no_site_projection/q3/paper_q3_n16_s950055/metrics.json
ablation,q3_no_site_projection,q3,paper_q3_n16_s950056,2d52a8547d9db19a9d5e4f15537edb498f5796dec973f30fcbf7ed42b13c0184,950056,16,True,True,16,16,168.401772980832,2694.428367693312,2076.4283676933114,450.0,85.0,83.0,90,85,17,dead7097029323249c009c17dcc65a9a06579a8a8fee14d503ad2c6250c73f82,"{""advance"": 0.25, ""arc_scan"": 0, ""commit"": false, ""estimate"": ""circle"", ""exact_positive"": false, ""info_points"": false, ""offset"": 0.1, ""planning_radius"": 0, ""probe"": 250, ""probe_count"": 1, ""rotation"": 0.0, ""route_mode"": ""joint"", ""share_at_search"": true, ""share_during"": false, ""share_ratio"": 0.7, ""site_bonus"": 0.0, ""site_passes"": 1, ""sweep_advance"": 0.0, ""trial_limit"": 12, ""trial_radius"": 40, ""unknown_scan"": false}",ablation/q3_no_site_projection/q3/paper_q3_n16_s950056/metrics.json
ablation,q3_no_site_projection,q3,paper_q3_n16_s950057,657aecfb851377edc3fcd073d7493c10e45163b09a3b678d80cfece86d9e6055,950057,16,True,True,16,16,197.14368772115267,3154.299003538443,2465.299003538443,505.0,95.0,89.0,101,95,19,dead7097029323249c009c17dcc65a9a06579a8a8fee14d503ad2c6250c73f82,"{""advance"": 0.25, ""arc_scan"": 0, ""commit"": false, ""estimate"": ""circle"", ""exact_positive"": false, ""info_points"": false, ""offset"": 0.1, ""planning_radius"": 0, ""probe"": 250, ""probe_count"": 1, ""rotation"": 0.0, ""route_mode"": ""joint"", ""share_at_search"": true, ""share_during"": false, ""share_ratio"": 0.7, ""site_bonus"": 0.0, ""site_passes"": 1, ""sweep_advance"": 0.0, ""trial_limit"": 12, ""trial_radius"": 40, ""unknown_scan"": false}",ablation/q3_no_site_projection/q3/paper_q3_n16_s950057/metrics.json
ablation,q3_no_site_projection,q3,paper_q3_n16_s950058,01cc62b086c8667a6c0f19e2a0705cdb9931ec4dd63b11aa18ff5d0284201924,950058,16,True,True,16,16,192.94801416002477,3087.1682265603963,2323.1682265603963,575.0,106.0,83.0,115,106,17,dead7097029323249c009c17dcc65a9a06579a8a8fee14d503ad2c6250c73f82,"{""advance"": 0.25, ""arc_scan"": 0, ""commit"": false, ""estimate"": ""circle"", ""exact_positive"": false, ""info_points"": false, ""offset"": 0.1, ""planning_radius"": 0, ""probe"": 250, ""probe_count"": 1, ""rotation"": 0.0, ""route_mode"": ""joint"", ""share_at_search"": true, ""share_during"": false, ""share_ratio"": 0.7, ""site_bonus"": 0.0, ""site_passes"": 1, ""sweep_advance"": 0.0, ""trial_limit"": 12, ""trial_radius"": 40, ""unknown_scan"": false}",ablation/q3_no_site_projection/q3/paper_q3_n16_s950058/metrics.json
ablation,q3_no_site_projection,q3,paper_q3_n16_s950059,08036235255756fff9b0c757dff29b17d197bf1ecea01afbd5848d449717befd,950059,16,True,True,16,16,210.31788796988874,3365.08620751822,2649.0862075182204,535.0,98.0,83.0,107,98,17,dead7097029323249c009c17dcc65a9a06579a8a8fee14d503ad2c6250c73f82,"{""advance"": 0.25, ""arc_scan"": 0, ""commit"": false, ""estimate"": ""circle"", ""exact_positive"": false, ""info_points"": false, ""offset"": 0.1, ""planning_radius"": 0, ""probe"": 250, ""probe_count"": 1, ""rotation"": 0.0, ""route_mode"": ""joint"", ""share_at_search"": true, ""share_during"": false, ""share_ratio"": 0.7, ""site_bonus"": 0.0, ""site_passes"": 1, ""sweep_advance"": 0.0, ""trial_limit"": 12, ""trial_radius"": 40, ""unknown_scan"": false}",ablation/q3_no_site_projection/q3/paper_q3_n16_s950059/metrics.json
ablation,q3_no_site_refinement,q3,paper_q3_n10_s950000,7a6593237b58b86cee5e80b0c287c99eb5b7499d3b9928bccbd24346edd6983e,950000,10,True,True,10,10,277.97849111711025,2779.7849111711025,2036.7849111711032,575.0,112.0,56.0,115,112,12,3a586307a99bd57a2d3d8a9242997f745ad1374e466abf3cd15f3de2df8a279a,"{""advance"": 0.25, ""arc_scan"": 0, ""commit"": false, ""estimate"": ""circle"", ""exact_positive"": false, ""info_points"": false, ""offset"": 0.1, ""planning_radius"": 1500, ""probe"": 250, ""probe_count"": 1, ""rotation"": 0.0, ""route_mode"": ""joint"", ""share_at_search"": true, ""share_during"": false, ""share_ratio"": 0.7, ""site_bonus"": 0.0, ""site_passes"": 0, ""sweep_advance"": 0.0, ""trial_limit"": 12, ""trial_radius"": 40, ""unknown_scan"": false}",ablation/q3_no_site_refinement/q3/paper_q3_n10_s950000/metrics.json
ablation,q3_no_site_refinement,q3,paper_q3_n10_s950001,6e9578549d4b363915ee9bb8dd6425650dfc6221a92773b543f006d262365298,950001,10,True,True,10,10,318.82567122074767,3188.2567122074765,2436.2567122074765,585.0,111.0,56.0,117,111,12,3a586307a99bd57a2d3d8a9242997f745ad1374e466abf3cd15f3de2df8a279a,"{""advance"": 0.25, ""arc_scan"": 0, ""commit"": false, ""estimate"": ""circle"", ""exact_positive"": false, ""info_points"": false, ""offset"": 0.1, ""planning_radius"": 1500, ""probe"": 250, ""probe_count"": 1, ""rotation"": 0.0, ""route_mode"": ""joint"", ""share_at_search"": true, ""share_during"": false, ""share_ratio"": 0.7, ""site_bonus"": 0.0, ""site_passes"": 0, ""sweep_advance"": 0.0, ""trial_limit"": 12, ""trial_radius"": 40, ""unknown_scan"": false}",ablation/q3_no_site_refinement/q3/paper_q3_n10_s950001/metrics.json
ablation,q3_no_site_refinement,q3,paper_q3_n10_s950002,356d73bee4329b5e0251a177ef17d08322738d1e81e22652d55eaec8779b034d,950002,10,True,True,10,10,287.67508390800316,2876.7508390800317,2172.750839080032,545.0,106.0,53.0,109,106,11,3a586307a99bd57a2d3d8a9242997f745ad1374e466abf3cd15f3de2df8a279a,"{""advance"": 0.25, ""arc_scan"": 0, ""commit"": false, ""estimate"": ""circle"", ""exact_positive"": false, ""info_points"": false, ""offset"": 0.1, ""planning_radius"": 1500, ""probe"": 250, ""probe_count"": 1, ""rotation"": 0.0, ""route_mode"": ""joint"", ""share_at_search"": true, ""share_during"": false, ""share_ratio"": 0.7, ""site_bonus"": 0.0, ""site_passes"": 0, ""sweep_advance"": 0.0, ""trial_limit"": 12, ""trial_radius"": 40, ""unknown_scan"": false}",ablation/q3_no_site_refinement/q3/paper_q3_n10_s950002/metrics.json
ablation,q3_no_site_refinement,q3,paper_q3_n10_s950003,229d17a7d1155ef74d5350cca718704f1e82937d3892f4d4fa08afc23210214e,950003,10,True,True,10,10,312.7323380759115,3127.323380759115,2405.323380759115,565.0,107.0,50.0,113,107,10,3a586307a99bd57a2d3d8a9242997f745ad1374e466abf3cd15f3de2df8a279a,"{""advance"": 0.25, ""arc_scan"": 0, ""commit"": false, ""estimate"": ""circle"", ""exact_positive"": false, ""info_points"": false, ""offset"": 0.1, ""planning_radius"": 1500, ""probe"": 250, ""probe_count"": 1, ""rotation"": 0.0, ""route_mode"": ""joint"", ""share_at_search"": true, ""share_during"": false, ""share_ratio"": 0.7, ""site_bonus"": 0.0, ""site_passes"": 0, ""sweep_advance"": 0.0, ""trial_limit"": 12, ""trial_radius"": 40, ""unknown_scan"": false}",ablation/q3_no_site_refinement/q3/paper_q3_n10_s950003/metrics.json
ablation,q3_no_site_refinement,q3,paper_q3_n10_s950004,326bcd24e7f64c7809ccd9d768ebbeb9702a2d46f3e10b6c910be5b0d8f31100,950004,10,True,True,10,10,309.4355125936489,3094.3551259364895,2346.355125936489,585.0,113.0,50.0,117,113,10,3a586307a99bd57a2d3d8a9242997f745ad1374e466abf3cd15f3de2df8a279a,"{""advance"": 0.25, ""arc_scan"": 0, ""commit"": false, ""estimate"": ""circle"", ""exact_positive"": false, ""info_points"": false, ""offset"": 0.1, ""planning_radius"": 1500, ""probe"": 250, ""probe_count"": 1, ""rotation"": 0.0, ""route_mode"": ""joint"", ""share_at_search"": true, ""share_during"": false, ""share_ratio"": 0.7, ""site_bonus"": 0.0, ""site_passes"": 0, ""sweep_advance"": 0.0, ""trial_limit"": 12, ""trial_radius"": 40, ""unknown_scan"": false}",ablation/q3_no_site_refinement/q3/paper_q3_n10_s950004/metrics.json
ablation,q3_no_site_refinement,q3,paper_q3_n10_s950005,eae2437cb774d21be431a70fed8ad9d1c4b05daebb9dd84cdf650b32ac6ef41e,950005,10,True,True,10,10,316.13687919454236,3161.3687919454237,2382.3687919454237,610.0,116.0,53.0,122,116,11,3a586307a99bd57a2d3d8a9242997f745ad1374e466abf3cd15f3de2df8a279a,"{""advance"": 0.25, ""arc_scan"": 0, ""commit"": false, ""estimate"": ""circle"", ""exact_positive"": false, ""info_points"": false, ""offset"": 0.1, ""planning_radius"": 1500, ""probe"": 250, ""probe_count"": 1, ""rotation"": 0.0, ""route_mode"": ""joint"", ""share_at_search"": true, ""share_during"": false, ""share_ratio"": 0.7, ""site_bonus"": 0.0, ""site_passes"": 0, ""sweep_advance"": 0.0, ""trial_limit"": 12, ""trial_radius"": 40, ""unknown_scan"": false}",ablation/q3_no_site_refinement/q3/paper_q3_n10_s950005/metrics.json
ablation,q3_no_site_refinement,q3,paper_q3_n10_s950006,ee598aa4e45f83eb49bbd22e99e53f7bdca975ce996fcfebeb487715a1c740f6,950006,10,True,True,10,10,328.40751022662386,3284.0751022662384,2570.075102266239,555.0,109.0,50.0,111,109,10,3a586307a99bd57a2d3d8a9242997f745ad1374e466abf3cd15f3de2df8a279a,"{""advance"": 0.25, ""arc_scan"": 0, ""commit"": false, ""estimate"": ""circle"", ""exact_positive"": false, ""info_points"": false, ""offset"": 0.1, ""planning_radius"": 1500, ""probe"": 250, ""probe_count"": 1, ""rotation"": 0.0, ""route_mode"": ""joint"", ""share_at_search"": true, ""share_during"": false, ""share_ratio"": 0.7, ""site_bonus"": 0.0, ""site_passes"": 0, ""sweep_advance"": 0.0, ""trial_limit"": 12, ""trial_radius"": 40, ""unknown_scan"": false}",ablation/q3_no_site_refinement/q3/paper_q3_n10_s950006/metrics.json
ablation,q3_no_site_refinement,q3,paper_q3_n10_s950007,06845e5f5cdd3dc83914ce6eab8170da7bc7fba4883082077a2224930e16c02c,950007,10,True,True,10,10,307.18878186741415,3071.8878186741413,2330.8878186741417,575.0,110.0,56.0,115,110,12,3a586307a99bd57a2d3d8a9242997f745ad1374e466abf3cd15f3de2df8a279a,"{""advance"": 0.25, ""arc_scan"": 0, ""commit"": false, ""estimate"": ""circle"", ""exact_positive"": false, ""info_points"": false, ""offset"": 0.1, ""planning_radius"": 1500, ""probe"": 250, ""probe_count"": 1, ""rotation"": 0.0, ""route_mode"": ""joint"", ""share_at_search"": true, ""share_during"": false, ""share_ratio"": 0.7, ""site_bonus"": 0.0, ""site_passes"": 0, ""sweep_advance"": 0.0, ""trial_limit"": 12, ""trial_radius"": 40, ""unknown_scan"": false}",ablation/q3_no_site_refinement/q3/paper_q3_n10_s950007/metrics.json
ablation,q3_no_site_refinement,q3,paper_q3_n10_s950008,ce87a58f99931fc3e322fa2a4c739a578b017b9e8110c4a08da99aa85a45564f,950008,10,True,True,10,10,310.3489045344844,3103.4890453448443,2302.4890453448447,630.0,121.0,50.0,126,121,10,3a586307a99bd57a2d3d8a9242997f745ad1374e466abf3cd15f3de2df8a279a,"{""advance"": 0.25, ""arc_scan"": 0, ""commit"": false, ""estimate"": ""circle"", ""exact_positive"": false, ""info_points"": false, ""offset"": 0.1, ""planning_radius"": 1500, ""probe"": 250, ""probe_count"": 1, ""rotation"": 0.0, ""route_mode"": ""joint"", ""share_at_search"": true, ""share_during"": false, ""share_ratio"": 0.7, ""site_bonus"": 0.0, ""site_passes"": 0, ""sweep_advance"": 0.0, ""trial_limit"": 12, ""trial_radius"": 40, ""unknown_scan"": false}",ablation/q3_no_site_refinement/q3/paper_q3_n10_s950008/metrics.json
ablation,q3_no_site_refinement,q3,paper_q3_n10_s950009,62b906d64de55e8992ae3428e6fae4826c5952809819c29180cd8018bb388392,950009,10,True,True,10,10,316.46864184129447,3164.6864184129445,2401.6864184129436,595.0,115.0,53.0,119,115,11,3a586307a99bd57a2d3d8a9242997f745ad1374e466abf3cd15f3de2df8a279a,"{""advance"": 0.25, ""arc_scan"": 0, ""commit"": false, ""estimate"": ""circle"", ""exact_positive"": false, ""info_points"": false, ""offset"": 0.1, ""planning_radius"": 1500, ""probe"": 250, ""probe_count"": 1, ""rotation"": 0.0, ""route_mode"": ""joint"", ""share_at_search"": true, ""share_during"": false, ""share_ratio"": 0.7, ""site_bonus"": 0.0, ""site_passes"": 0, ""sweep_advance"": 0.0, ""trial_limit"": 12, ""trial_radius"": 40, ""unknown_scan"": false}",ablation/q3_no_site_refinement/q3/paper_q3_n10_s950009/metrics.json
ablation,q3_no_site_refinement,q3,paper_q3_n10_s950010,3c36f46d77a6680c9f78d237e8037a2ae89c1b7712f3520176c96586843e2d45,950010,10,True,True,10,10,278.94031618003476,2789.403161800348,2056.4031618003473,570.0,110.0,53.0,114,110,11,3a586307a99bd57a2d3d8a9242997f745ad1374e466abf3cd15f3de2df8a279a,"{""advance"": 0.25, ""arc_scan"": 0, ""commit"": false, ""estimate"": ""circle"", ""exact_positive"": false, ""info_points"": false, ""offset"": 0.1, ""planning_radius"": 1500, ""probe"": 250, ""probe_count"": 1, ""rotation"": 0.0, ""route_mode"": ""joint"", ""share_at_search"": true, ""share_during"": false, ""share_ratio"": 0.7, ""site_bonus"": 0.0, ""site_passes"": 0, ""sweep_advance"": 0.0, ""trial_limit"": 12, ""trial_radius"": 40, ""unknown_scan"": false}",ablation/q3_no_site_refinement/q3/paper_q3_n10_s950010/metrics.json
ablation,q3_no_site_refinement,q3,paper_q3_n10_s950011,b7d0f3b060ddbdb759d30e35915b640ad99008690ae5c12fe0083610e7c22776,950011,10,True,True,10,10,281.69962081761435,2816.996208176143,2112.9962081761428,545.0,106.0,53.0,109,106,11,3a586307a99bd57a2d3d8a9242997f745ad1374e466abf3cd15f3de2df8a279a,"{""advance"": 0.25, ""arc_scan"": 0, ""commit"": false, ""estimate"": ""circle"", ""exact_positive"": false, ""info_points"": false, ""offset"": 0.1, ""planning_radius"": 1500, ""probe"": 250, ""probe_count"": 1, ""rotation"": 0.0, ""route_mode"": ""joint"", ""share_at_search"": true, ""share_during"": false, ""share_ratio"": 0.7, ""site_bonus"": 0.0, ""site_passes"": 0, ""sweep_advance"": 0.0, ""trial_limit"": 12, ""trial_radius"": 40, ""unknown_scan"": false}",ablation/q3_no_site_refinement/q3/paper_q3_n10_s950011/metrics.json
ablation,q3_no_site_refinement,q3,paper_q3_n10_s950012,36405c985c8480d32eec098b89339bef8a994e555e103f27fa9cd9d296ca76dc,950012,10,True,True,10,10,290.17958537583127,2901.7958537583127,2172.795853758313,570.0,109.0,50.0,114,109,10,3a586307a99bd57a2d3d8a9242997f745ad1374e466abf3cd15f3de2df8a279a,"{""advance"": 0.25, ""arc_scan"": 0, ""commit"": false, ""estimate"": ""circle"", ""exact_positive"": false, ""info_points"": false, ""offset"": 0.1, ""planning_radius"": 1500, ""probe"": 250, ""probe_count"": 1, ""rotation"": 0.0, ""route_mode"": ""joint"", ""share_at_search"": true, ""share_during"": false, ""share_ratio"": 0.7, ""site_bonus"": 0.0, ""site_passes"": 0, ""sweep_advance"": 0.0, ""trial_limit"": 12, ""trial_radius"": 40, ""unknown_scan"": false}",ablation/q3_no_site_refinement/q3/paper_q3_n10_s950012/metrics.json
ablation,q3_no_site_refinement,q3,paper_q3_n10_s950013,c1ae6592a36d6aa84d44cae5db3d8bb24e8527207f0b97cbbbd85f58fb82ec26,950013,10,True,True,10,10,298.87727722883255,2988.7727722883255,2221.7727722883255,600.0,111.0,56.0,120,111,12,3a586307a99bd57a2d3d8a9242997f745ad1374e466abf3cd15f3de2df8a279a,"{""advance"": 0.25, ""arc_scan"": 0, ""commit"": false, ""estimate"": ""circle"", ""exact_positive"": false, ""info_points"": false, ""offset"": 0.1, ""planning_radius"": 1500, ""probe"": 250, ""probe_count"": 1, ""rotation"": 0.0, ""route_mode"": ""joint"", ""share_at_search"": true, ""share_during"": false, ""share_ratio"": 0.7, ""site_bonus"": 0.0, ""site_passes"": 0, ""sweep_advance"": 0.0, ""trial_limit"": 12, ""trial_radius"": 40, ""unknown_scan"": false}",ablation/q3_no_site_refinement/q3/paper_q3_n10_s950013/metrics.json
ablation,q3_no_site_refinement,q3,paper_q3_n10_s950014,48e901e389067fd08eb9fa0d1b024a26a9dce6fcb76c63363681bd31df605234,950014,10,True,True,10,10,310.0943669019341,3100.943669019341,2353.9436690193415,585.0,112.0,50.0,117,112,10,3a586307a99bd57a2d3d8a9242997f745ad1374e466abf3cd15f3de2df8a279a,"{""advance"": 0.25, ""arc_scan"": 0, ""commit"": false, ""estimate"": ""circle"", ""exact_positive"": false, ""info_points"": false, ""offset"": 0.1, ""planning_radius"": 1500, ""probe"": 250, ""probe_count"": 1, ""rotation"": 0.0, ""route_mode"": ""joint"", ""share_at_search"": true, ""share_during"": false, ""share_ratio"": 0.7, ""site_bonus"": 0.0, ""site_passes"": 0, ""sweep_advance"": 0.0, ""trial_limit"": 12, ""trial_radius"": 40, ""unknown_scan"": false}",ablation/q3_no_site_refinement/q3/paper_q3_n10_s950014/metrics.json
ablation,q3_no_site_refinement,q3,paper_q3_n10_s950015,2b34643cecf2fe4d0f21f58d5889e7ab7338441d455ef1cbbf7ed76a3ccf8736,950015,10,True,True,10,10,300.29046383405756,3002.9046383405757,2218.904638340576,615.0,119.0,50.0,123,119,10,3a586307a99bd57a2d3d8a9242997f745ad1374e466abf3cd15f3de2df8a279a,"{""advance"": 0.25, ""arc_scan"": 0, ""commit"": false, ""estimate"": ""circle"", ""exact_positive"": false, ""info_points"": false, ""offset"": 0.1, ""planning_radius"": 1500, ""probe"": 250, ""probe_count"": 1, ""rotation"": 0.0, ""route_mode"": ""joint"", ""share_at_search"": true, ""share_during"": false, ""share_ratio"": 0.7, ""site_bonus"": 0.0, ""site_passes"": 0, ""sweep_advance"": 0.0, ""trial_limit"": 12, ""trial_radius"": 40, ""unknown_scan"": false}",ablation/q3_no_site_refinement/q3/paper_q3_n10_s950015/metrics.json
ablation,q3_no_site_refinement,q3,paper_q3_n10_s950016,0045370052796c531d12bdba2228a6b391e11dd5d29c8e9251fec833e6f0bd4a,950016,10,True,True,10,10,278.15260133955474,2781.526013395547,2063.526013395547,555.0,110.0,53.0,111,110,11,3a586307a99bd57a2d3d8a9242997f745ad1374e466abf3cd15f3de2df8a279a,"{""advance"": 0.25, ""arc_scan"": 0, ""commit"": false, ""estimate"": ""circle"", ""exact_positive"": false, ""info_points"": false, ""offset"": 0.1, ""planning_radius"": 1500, ""probe"": 250, ""probe_count"": 1, ""rotation"": 0.0, ""route_mode"": ""joint"", ""share_at_search"": true, ""share_during"": false, ""share_ratio"": 0.7, ""site_bonus"": 0.0, ""site_passes"": 0, ""sweep_advance"": 0.0, ""trial_limit"": 12, ""trial_radius"": 40, ""unknown_scan"": false}",ablation/q3_no_site_refinement/q3/paper_q3_n10_s950016/metrics.json
ablation,q3_no_site_refinement,q3,paper_q3_n10_s950017,90d473c78c19a990cce139ccc6d64dfd4353f4ff8cbfd1d2601d11267eba13f8,950017,10,True,True,10,10,303.41279317790656,3034.127931779066,2230.1279317790654,630.0,121.0,53.0,126,121,11,3a586307a99bd57a2d3d8a9242997f745ad1374e466abf3cd15f3de2df8a279a,"{""advance"": 0.25, ""arc_scan"": 0, ""commit"": false, ""estimate"": ""circle"", ""exact_positive"": false, ""info_points"": false, ""offset"": 0.1, ""planning_radius"": 1500, ""probe"": 250, ""probe_count"": 1, ""rotation"": 0.0, ""route_mode"": ""joint"", ""share_at_search"": true, ""share_during"": false, ""share_ratio"": 0.7, ""site_bonus"": 0.0, ""site_passes"": 0, ""sweep_advance"": 0.0, ""trial_limit"": 12, ""trial_radius"": 40, ""unknown_scan"": false}",ablation/q3_no_site_refinement/q3/paper_q3_n10_s950017/metrics.json
ablation,q3_no_site_refinement,q3,paper_q3_n10_s950018,61194423301a411192a9e86f0ab54f0e46672312f0104504e3625b189cc65754,950018,10,True,True,10,10,299.0676723410718,2990.676723410718,2244.676723410718,580.0,110.0,56.0,116,110,12,3a586307a99bd57a2d3d8a9242997f745ad1374e466abf3cd15f3de2df8a279a,"{""advance"": 0.25, ""arc_scan"": 0, ""commit"": false, ""estimate"": ""circle"", ""exact_positive"": false, ""info_points"": false, ""offset"": 0.1, ""planning_radius"": 1500, ""probe"": 250, ""probe_count"": 1, ""rotation"": 0.0, ""route_mode"": ""joint"", ""share_at_search"": true, ""share_during"": false, ""share_ratio"": 0.7, ""site_bonus"": 0.0, ""site_passes"": 0, ""sweep_advance"": 0.0, ""trial_limit"": 12, ""trial_radius"": 40, ""unknown_scan"": false}",ablation/q3_no_site_refinement/q3/paper_q3_n10_s950018/metrics.json
ablation,q3_no_site_refinement,q3,paper_q3_n10_s950019,84c676869373222ccda06ef4beb1b1c011ec4f7f5c62e7e851501b8989a812fc,950019,10,True,True,10,10,305.65232165912425,3056.5232165912425,2252.523216591242,630.0,121.0,53.0,126,121,11,3a586307a99bd57a2d3d8a9242997f745ad1374e466abf3cd15f3de2df8a279a,"{""advance"": 0.25, ""arc_scan"": 0, ""commit"": false, ""estimate"": ""circle"", ""exact_positive"": false, ""info_points"": false, ""offset"": 0.1, ""planning_radius"": 1500, ""probe"": 250, ""probe_count"": 1, ""rotation"": 0.0, ""route_mode"": ""joint"", ""share_at_search"": true, ""share_during"": false, ""share_ratio"": 0.7, ""site_bonus"": 0.0, ""site_passes"": 0, ""sweep_advance"": 0.0, ""trial_limit"": 12, ""trial_radius"": 40, ""unknown_scan"": false}",ablation/q3_no_site_refinement/q3/paper_q3_n10_s950019/metrics.json
ablation,q3_no_site_refinement,q3,paper_q3_n16_s950040,372a6ac63171fcb0f8d2d09d61b7c4f3e9ac70509316f5fd4e875c55cf4c373e,950040,16,True,True,16,16,205.70421114405988,3291.267378304958,2573.2673783049577,535.0,103.0,80.0,107,103,16,3a586307a99bd57a2d3d8a9242997f745ad1374e466abf3cd15f3de2df8a279a,"{""advance"": 0.25, ""arc_scan"": 0, ""commit"": false, ""estimate"": ""circle"", ""exact_positive"": false, ""info_points"": false, ""offset"": 0.1, ""planning_radius"": 1500, ""probe"": 250, ""probe_count"": 1, ""rotation"": 0.0, ""route_mode"": ""joint"", ""share_at_search"": true, ""share_during"": false, ""share_ratio"": 0.7, ""site_bonus"": 0.0, ""site_passes"": 0, ""sweep_advance"": 0.0, ""trial_limit"": 12, ""trial_radius"": 40, ""unknown_scan"": false}",ablation/q3_no_site_refinement/q3/paper_q3_n16_s950040/metrics.json
ablation,q3_no_site_refinement,q3,paper_q3_n16_s950041,7013bc1a183c58a4b86368cf23f39a622c307704019dbf412a2ef628f617a426,950041,16,True,True,16,16,232.69124939333858,3723.0599902934173,3062.0599902934164,490.0,91.0,80.0,98,91,16,3a586307a99bd57a2d3d8a9242997f745ad1374e466abf3cd15f3de2df8a279a,"{""advance"": 0.25, ""arc_scan"": 0, ""commit"": false, ""estimate"": ""circle"", ""exact_positive"": false, ""info_points"": false, ""offset"": 0.1, ""planning_radius"": 1500, ""probe"": 250, ""probe_count"": 1, ""rotation"": 0.0, ""route_mode"": ""joint"", ""share_at_search"": true, ""share_during"": false, ""share_ratio"": 0.7, ""site_bonus"": 0.0, ""site_passes"": 0, ""sweep_advance"": 0.0, ""trial_limit"": 12, ""trial_radius"": 40, ""unknown_scan"": false}",ablation/q3_no_site_refinement/q3/paper_q3_n16_s950041/metrics.json
ablation,q3_no_site_refinement,q3,paper_q3_n16_s950042,8985a0acf9ff3752eff344987a14d37db3a53efe3207d6e80320b0cab10d7908,950042,16,True,True,16,16,212.95906423569036,3407.345027771046,2770.345027771046,465.0,86.0,86.0,93,86,18,3a586307a99bd57a2d3d8a9242997f745ad1374e466abf3cd15f3de2df8a279a,"{""advance"": 0.25, ""arc_scan"": 0, ""commit"": false, ""estimate"": ""circle"", ""exact_positive"": false, ""info_points"": false, ""offset"": 0.1, ""planning_radius"": 1500, ""probe"": 250, ""probe_count"": 1, ""rotation"": 0.0, ""route_mode"": ""joint"", ""share_at_search"": true, ""share_during"": false, ""share_ratio"": 0.7, ""site_bonus"": 0.0, ""site_passes"": 0, ""sweep_advance"": 0.0, ""trial_limit"": 12, ""trial_radius"": 40, ""unknown_scan"": false}",ablation/q3_no_site_refinement/q3/paper_q3_n16_s950042/metrics.json
ablation,q3_no_site_refinement,q3,paper_q3_n16_s950043,838c4ab65fb30cf0cb282ba3c6fcb53c26aecca0d6069c1704d5dc8a17057a39,950043,16,True,True,16,16,212.19346484127726,3395.095437460436,2654.0954374604376,550.0,105.0,86.0,110,105,18,3a586307a99bd57a2d3d8a9242997f745ad1374e466abf3cd15f3de2df8a279a,"{""advance"": 0.25, ""arc_scan"": 0, ""commit"": false, ""estimate"": ""circle"", ""exact_positive"": false, ""info_points"": false, ""offset"": 0.1, ""planning_radius"": 1500, ""probe"": 250, ""probe_count"": 1, ""rotation"": 0.0, ""route_mode"": ""joint"", ""share_at_search"": true, ""share_during"": false, ""share_ratio"": 0.7, ""site_bonus"": 0.0, ""site_passes"": 0, ""sweep_advance"": 0.0, ""trial_limit"": 12, ""trial_radius"": 40, ""unknown_scan"": false}",ablation/q3_no_site_refinement/q3/paper_q3_n16_s950043/metrics.json
ablation,q3_no_site_refinement,q3,paper_q3_n16_s950044,6fcc4f216a709b6ffab49583c5f5ccfb80ba404980b873b0f64317faf928d271,950044,16,True,True,16,16,191.87460639674217,3069.9937023478747,2363.9937023478738,515.0,99.0,92.0,103,99,20,3a586307a99bd57a2d3d8a9242997f745ad1374e466abf3cd15f3de2df8a279a,"{""advance"": 0.25, ""arc_scan"": 0, ""commit"": false, ""estimate"": ""circle"", ""exact_positive"": false, ""info_points"": false, ""offset"": 0.1, ""planning_radius"": 1500, ""probe"": 250, ""probe_count"": 1, ""rotation"": 0.0, ""route_mode"": ""joint"", ""share_at_search"": true, ""share_during"": false, ""share_ratio"": 0.7, ""site_bonus"": 0.0, ""site_passes"": 0, ""sweep_advance"": 0.0, ""trial_limit"": 12, ""trial_radius"": 40, ""unknown_scan"": false}",ablation/q3_no_site_refinement/q3/paper_q3_n16_s950044/metrics.json
ablation,q3_no_site_refinement,q3,paper_q3_n16_s950045,e925988c4521667e68dd1b903d3b68dabfbf65596e8bec04f6b1ff87c188fab4,950045,16,True,True,16,16,186.46275816988688,2983.40413071819,2320.40413071819,485.0,92.0,86.0,97,92,18,3a586307a99bd57a2d3d8a9242997f745ad1374e466abf3cd15f3de2df8a279a,"{""advance"": 0.25, ""arc_scan"": 0, ""commit"": false, ""estimate"": ""circle"", ""exact_positive"": false, ""info_points"": false, ""offset"": 0.1, ""planning_radius"": 1500, ""probe"": 250, ""probe_count"": 1, ""rotation"": 0.0, ""route_mode"": ""joint"", ""share_at_search"": true, ""share_during"": false, ""share_ratio"": 0.7, ""site_bonus"": 0.0, ""site_passes"": 0, ""sweep_advance"": 0.0, ""trial_limit"": 12, ""trial_radius"": 40, ""unknown_scan"": false}",ablation/q3_no_site_refinement/q3/paper_q3_n16_s950045/metrics.json
ablation,q3_no_site_refinement,q3,paper_q3_n16_s950046,c0a1489ae1e8e1fe6d48a4008508b8dd1fb69b8ee626c2bd98fd3738ed3ea631,950046,16,True,True,16,16,198.87713231435728,3182.0341170297165,2431.0341170297165,560.0,105.0,86.0,112,105,18,3a586307a99bd57a2d3d8a9242997f745ad1374e466abf3cd15f3de2df8a279a,"{""advance"": 0.25, ""arc_scan"": 0, ""commit"": false, ""estimate"": ""circle"", ""exact_positive"": false, ""info_points"": false, ""offset"": 0.1, ""planning_radius"": 1500, ""probe"": 250, ""probe_count"": 1, ""rotation"": 0.0, ""route_mode"": ""joint"", ""share_at_search"": true, ""share_during"": false, ""share_ratio"": 0.7, ""site_bonus"": 0.0, ""site_passes"": 0, ""sweep_advance"": 0.0, ""trial_limit"": 12, ""trial_radius"": 40, ""unknown_scan"": false}",ablation/q3_no_site_refinement/q3/paper_q3_n16_s950046/metrics.json
ablation,q3_no_site_refinement,q3,paper_q3_n16_s950047,036704ea64775d1dc304a02fedd2c349f6aba9c75c30bde13ee49118186d0749,950047,16,True,True,16,16,223.68390767443785,3578.9425227910056,2882.942522791006,515.0,98.0,83.0,103,98,17,3a586307a99bd57a2d3d8a9242997f745ad1374e466abf3cd15f3de2df8a279a,"{""advance"": 0.25, ""arc_scan"": 0, ""commit"": false, ""estimate"": ""circle"", ""exact_positive"": false, ""info_points"": false, ""offset"": 0.1, ""planning_radius"": 1500, ""probe"": 250, ""probe_count"": 1, ""rotation"": 0.0, ""route_mode"": ""joint"", ""share_at_search"": true, ""share_during"": false, ""share_ratio"": 0.7, ""site_bonus"": 0.0, ""site_passes"": 0, ""sweep_advance"": 0.0, ""trial_limit"": 12, ""trial_radius"": 40, ""unknown_scan"": false}",ablation/q3_no_site_refinement/q3/paper_q3_n16_s950047/metrics.json
ablation,q3_no_site_refinement,q3,paper_q3_n16_s950048,9027b6e1c14d0444d6be56a029e91132a89953fc48a86ee6ce4ab2da3fb3aced,950048,16,True,True,16,16,204.38453333740512,3270.152533398482,2569.1525333984814,515.0,100.0,86.0,103,100,18,3a586307a99bd57a2d3d8a9242997f745ad1374e466abf3cd15f3de2df8a279a,"{""advance"": 0.25, ""arc_scan"": 0, ""commit"": false, ""estimate"": ""circle"", ""exact_positive"": false, ""info_points"": false, ""offset"": 0.1, ""planning_radius"": 1500, ""probe"": 250, ""probe_count"": 1, ""rotation"": 0.0, ""route_mode"": ""joint"", ""share_at_search"": true, ""share_during"": false, ""share_ratio"": 0.7, ""site_bonus"": 0.0, ""site_passes"": 0, ""sweep_advance"": 0.0, ""trial_limit"": 12, ""trial_radius"": 40, ""unknown_scan"": false}",ablation/q3_no_site_refinement/q3/paper_q3_n16_s950048/metrics.json
ablation,q3_no_site_refinement,q3,paper_q3_n16_s950049,7543e540b56e05cf2bc35a3795d8b6d6b43901365cfd23c47b21f5aaa9b9f23a,950049,16,True,True,16,16,193.1641659925718,3090.626655881149,2413.626655881149,500.0,94.0,83.0,100,94,17,3a586307a99bd57a2d3d8a9242997f745ad1374e466abf3cd15f3de2df8a279a,"{""advance"": 0.25, ""arc_scan"": 0, ""commit"": false, ""estimate"": ""circle"", ""exact_positive"": false, ""info_points"": false, ""offset"": 0.1, ""planning_radius"": 1500, ""probe"": 250, ""probe_count"": 1, ""rotation"": 0.0, ""route_mode"": ""joint"", ""share_at_search"": true, ""share_during"": false, ""share_ratio"": 0.7, ""site_bonus"": 0.0, ""site_passes"": 0, ""sweep_advance"": 0.0, ""trial_limit"": 12, ""trial_radius"": 40, ""unknown_scan"": false}",ablation/q3_no_site_refinement/q3/paper_q3_n16_s950049/metrics.json
ablation,q3_no_site_refinement,q3,paper_q3_n16_s950050,c48cbf90cb3e8c2933b76686b9620aa28fc6c649441dbd55321160cb9554c43a,950050,16,True,True,16,16,232.61127100455207,3721.780336072833,2949.7803360728326,580.0,112.0,80.0,116,112,16,3a586307a99bd57a2d3d8a9242997f745ad1374e466abf3cd15f3de2df8a279a,"{""advance"": 0.25, ""arc_scan"": 0, ""commit"": false, ""estimate"": ""circle"", ""exact_positive"": false, ""info_points"": false, ""offset"": 0.1, ""planning_radius"": 1500, ""probe"": 250, ""probe_count"": 1, ""rotation"": 0.0, ""route_mode"": ""joint"", ""share_at_search"": true, ""share_during"": false, ""share_ratio"": 0.7, ""site_bonus"": 0.0, ""site_passes"": 0, ""sweep_advance"": 0.0, ""trial_limit"": 12, ""trial_radius"": 40, ""unknown_scan"": false}",ablation/q3_no_site_refinement/q3/paper_q3_n16_s950050/metrics.json
ablation,q3_no_site_refinement,q3,paper_q3_n16_s950051,cbfbbaeb42d25c087942aa7e4f20396216e71e79a483ddb33bf23ece5db04cf4,950051,16,True,True,16,16,206.00193196754768,3296.030911480763,2578.030911480763,530.0,102.0,86.0,106,102,18,3a586307a99bd57a2d3d8a9242997f745ad1374e466abf3cd15f3de2df8a279a,"{""advance"": 0.25, ""arc_scan"": 0, ""commit"": false, ""estimate"": ""circle"", ""exact_positive"": false, ""info_points"": false, ""offset"": 0.1, ""planning_radius"": 1500, ""probe"": 250, ""probe_count"": 1, ""rotation"": 0.0, ""route_mode"": ""joint"", ""share_at_search"": true, ""share_during"": false, ""share_ratio"": 0.7, ""site_bonus"": 0.0, ""site_passes"": 0, ""sweep_advance"": 0.0, ""trial_limit"": 12, ""trial_radius"": 40, ""unknown_scan"": false}",ablation/q3_no_site_refinement/q3/paper_q3_n16_s950051/metrics.json
ablation,q3_no_site_refinement,q3,paper_q3_n16_s950052,7eb42ce9d4b90b14eff5f7c5e114639d05ec7d509ab13d7fb17c2e9e2f9c24d6,950052,16,True,True,16,16,227.6669871847969,3642.6717949567505,2913.67179495675,540.0,103.0,86.0,108,103,18,3a586307a99bd57a2d3d8a9242997f745ad1374e466abf3cd15f3de2df8a279a,"{""advance"": 0.25, ""arc_scan"": 0, ""commit"": false, ""estimate"": ""circle"", ""exact_positive"": false, ""info_points"": false, ""offset"": 0.1, ""planning_radius"": 1500, ""probe"": 250, ""probe_count"": 1, ""rotation"": 0.0, ""route_mode"": ""joint"", ""share_at_search"": true, ""share_during"": false, ""share_ratio"": 0.7, ""site_bonus"": 0.0, ""site_passes"": 0, ""sweep_advance"": 0.0, ""trial_limit"": 12, ""trial_radius"": 40, ""unknown_scan"": false}",ablation/q3_no_site_refinement/q3/paper_q3_n16_s950052/metrics.json
ablation,q3_no_site_refinement,q3,paper_q3_n16_s950053,12693971ed6436a5f877251cc13c4bbccc90027455d718e8c6849d75a7b6aa7e,950053,16,True,True,16,16,183.0594659358216,2928.9514549731457,2299.9514549731457,455.0,88.0,86.0,91,88,18,3a586307a99bd57a2d3d8a9242997f745ad1374e466abf3cd15f3de2df8a279a,"{""advance"": 0.25, ""arc_scan"": 0, ""commit"": false, ""estimate"": ""circle"", ""exact_positive"": false, ""info_points"": false, ""offset"": 0.1, ""planning_radius"": 1500, ""probe"": 250, ""probe_count"": 1, ""rotation"": 0.0, ""route_mode"": ""joint"", ""share_at_search"": true, ""share_during"": false, ""share_ratio"": 0.7, ""site_bonus"": 0.0, ""site_passes"": 0, ""sweep_advance"": 0.0, ""trial_limit"": 12, ""trial_radius"": 40, ""unknown_scan"": false}",ablation/q3_no_site_refinement/q3/paper_q3_n16_s950053/metrics.json
ablation,q3_no_site_refinement,q3,paper_q3_n16_s950054,7671596cbafe749024aaaf80c4a7734c53affbd53c1bfe74bfa1054018fd6a82,950054,16,True,True,16,16,212.30845793974513,3396.935327035922,2695.9353270359215,520.0,101.0,80.0,104,101,16,3a586307a99bd57a2d3d8a9242997f745ad1374e466abf3cd15f3de2df8a279a,"{""advance"": 0.25, ""arc_scan"": 0, ""commit"": false, ""estimate"": ""circle"", ""exact_positive"": false, ""info_points"": false, ""offset"": 0.1, ""planning_radius"": 1500, ""probe"": 250, ""probe_count"": 1, ""rotation"": 0.0, ""route_mode"": ""joint"", ""share_at_search"": true, ""share_during"": false, ""share_ratio"": 0.7, ""site_bonus"": 0.0, ""site_passes"": 0, ""sweep_advance"": 0.0, ""trial_limit"": 12, ""trial_radius"": 40, ""unknown_scan"": false}",ablation/q3_no_site_refinement/q3/paper_q3_n16_s950054/metrics.json
ablation,q3_no_site_refinement,q3,paper_q3_n16_s950055,c9c8ef5e441bf5f1a98a4a80f8a62d046fb8b3ba1641e492c447bac80a19bec9,950055,16,True,True,16,16,214.24498657550475,3427.919785208076,2688.919785208076,555.0,98.0,86.0,111,98,18,3a586307a99bd57a2d3d8a9242997f745ad1374e466abf3cd15f3de2df8a279a,"{""advance"": 0.25, ""arc_scan"": 0, ""commit"": false, ""estimate"": ""circle"", ""exact_positive"": false, ""info_points"": false, ""offset"": 0.1, ""planning_radius"": 1500, ""probe"": 250, ""probe_count"": 1, ""rotation"": 0.0, ""route_mode"": ""joint"", ""share_at_search"": true, ""share_during"": false, ""share_ratio"": 0.7, ""site_bonus"": 0.0, ""site_passes"": 0, ""sweep_advance"": 0.0, ""trial_limit"": 12, ""trial_radius"": 40, ""unknown_scan"": false}",ablation/q3_no_site_refinement/q3/paper_q3_n16_s950055/metrics.json
ablation,q3_no_site_refinement,q3,paper_q3_n16_s950056,2d52a8547d9db19a9d5e4f15537edb498f5796dec973f30fcbf7ed42b13c0184,950056,16,True,True,16,16,187.68650773523007,3002.984123763681,2387.984123763681,445.0,87.0,83.0,89,87,17,3a586307a99bd57a2d3d8a9242997f745ad1374e466abf3cd15f3de2df8a279a,"{""advance"": 0.25, ""arc_scan"": 0, ""commit"": false, ""estimate"": ""circle"", ""exact_positive"": false, ""info_points"": false, ""offset"": 0.1, ""planning_radius"": 1500, ""probe"": 250, ""probe_count"": 1, ""rotation"": 0.0, ""route_mode"": ""joint"", ""share_at_search"": true, ""share_during"": false, ""share_ratio"": 0.7, ""site_bonus"": 0.0, ""site_passes"": 0, ""sweep_advance"": 0.0, ""trial_limit"": 12, ""trial_radius"": 40, ""unknown_scan"": false}",ablation/q3_no_site_refinement/q3/paper_q3_n16_s950056/metrics.json
ablation,q3_no_site_refinement,q3,paper_q3_n16_s950057,657aecfb851377edc3fcd073d7493c10e45163b09a3b678d80cfece86d9e6055,950057,16,True,True,16,16,207.7476833013406,3323.9629328214496,2626.96293282145,505.0,97.0,95.0,101,97,21,3a586307a99bd57a2d3d8a9242997f745ad1374e466abf3cd15f3de2df8a279a,"{""advance"": 0.25, ""arc_scan"": 0, ""commit"": false, ""estimate"": ""circle"", ""exact_positive"": false, ""info_points"": false, ""offset"": 0.1, ""planning_radius"": 1500, ""probe"": 250, ""probe_count"": 1, ""rotation"": 0.0, ""route_mode"": ""joint"", ""share_at_search"": true, ""share_during"": false, ""share_ratio"": 0.7, ""site_bonus"": 0.0, ""site_passes"": 0, ""sweep_advance"": 0.0, ""trial_limit"": 12, ""trial_radius"": 40, ""unknown_scan"": false}",ablation/q3_no_site_refinement/q3/paper_q3_n16_s950057/metrics.json
ablation,q3_no_site_refinement,q3,paper_q3_n16_s950058,01cc62b086c8667a6c0f19e2a0705cdb9931ec4dd63b11aa18ff5d0284201924,950058,16,True,True,16,16,232.79185380893,3724.66966094288,2949.66966094288,580.0,109.0,86.0,116,109,18,3a586307a99bd57a2d3d8a9242997f745ad1374e466abf3cd15f3de2df8a279a,"{""advance"": 0.25, ""arc_scan"": 0, ""commit"": false, ""estimate"": ""circle"", ""exact_positive"": false, ""info_points"": false, ""offset"": 0.1, ""planning_radius"": 1500, ""probe"": 250, ""probe_count"": 1, ""rotation"": 0.0, ""route_mode"": ""joint"", ""share_at_search"": true, ""share_during"": false, ""share_ratio"": 0.7, ""site_bonus"": 0.0, ""site_passes"": 0, ""sweep_advance"": 0.0, ""trial_limit"": 12, ""trial_radius"": 40, ""unknown_scan"": false}",ablation/q3_no_site_refinement/q3/paper_q3_n16_s950058/metrics.json
ablation,q3_no_site_refinement,q3,paper_q3_n16_s950059,08036235255756fff9b0c757dff29b17d197bf1ecea01afbd5848d449717befd,950059,16,True,True,16,16,219.61091872199563,3513.77469955193,2828.7746995519306,505.0,94.0,86.0,101,94,18,3a586307a99bd57a2d3d8a9242997f745ad1374e466abf3cd15f3de2df8a279a,"{""advance"": 0.25, ""arc_scan"": 0, ""commit"": false, ""estimate"": ""circle"", ""exact_positive"": false, ""info_points"": false, ""offset"": 0.1, ""planning_radius"": 1500, ""probe"": 250, ""probe_count"": 1, ""rotation"": 0.0, ""route_mode"": ""joint"", ""share_at_search"": true, ""share_during"": false, ""share_ratio"": 0.7, ""site_bonus"": 0.0, ""site_passes"": 0, ""sweep_advance"": 0.0, ""trial_limit"": 12, ""trial_radius"": 40, ""unknown_scan"": false}",ablation/q3_no_site_refinement/q3/paper_q3_n16_s950059/metrics.json
ablation,q3_no_trial_clear,q3,paper_q3_n10_s950000,7a6593237b58b86cee5e80b0c287c99eb5b7499d3b9928bccbd24346edd6983e,950000,10,True,True,10,10,245.82669456717977,2458.2669456717977,1699.2669456717979,595.0,114.0,50.0,119,114,10,d48793f45bd759f22ac97ab3b5554ff5590fd82722d06285589f251f49b41f2a,"{""advance"": 0.25, ""arc_scan"": 0, ""commit"": false, ""estimate"": ""circle"", ""exact_positive"": false, ""info_points"": false, ""offset"": 0.1, ""planning_radius"": 1500, ""probe"": 250, ""probe_count"": 1, ""rotation"": 0.0, ""route_mode"": ""joint"", ""share_at_search"": true, ""share_during"": false, ""share_ratio"": 0.7, ""site_bonus"": 0.0, ""site_passes"": 1, ""sweep_advance"": 0.0, ""trial_limit"": 12, ""trial_radius"": 0, ""unknown_scan"": false}",ablation/q3_no_trial_clear/q3/paper_q3_n10_s950000/metrics.json
ablation,q3_no_trial_clear,q3,paper_q3_n10_s950001,6e9578549d4b363915ee9bb8dd6425650dfc6221a92773b543f006d262365298,950001,10,True,True,10,10,273.3200692528571,2733.200692528571,1952.200692528571,615.0,116.0,50.0,123,116,10,d48793f45bd759f22ac97ab3b5554ff5590fd82722d06285589f251f49b41f2a,"{""advance"": 0.25, ""arc_scan"": 0, ""commit"": false, ""estimate"": ""circle"", ""exact_positive"": false, ""info_points"": false, ""offset"": 0.1, ""planning_radius"": 1500, ""probe"": 250, ""probe_count"": 1, ""rotation"": 0.0, ""route_mode"": ""joint"", ""share_at_search"": true, ""share_during"": false, ""share_ratio"": 0.7, ""site_bonus"": 0.0, ""site_passes"": 1, ""sweep_advance"": 0.0, ""trial_limit"": 12, ""trial_radius"": 0, ""unknown_scan"": false}",ablation/q3_no_trial_clear/q3/paper_q3_n10_s950001/metrics.json
ablation,q3_no_trial_clear,q3,paper_q3_n10_s950002,356d73bee4329b5e0251a177ef17d08322738d1e81e22652d55eaec8779b034d,950002,10,True,True,10,10,267.9093235625518,2679.093235625518,1937.0932356255184,580.0,112.0,50.0,116,112,10,d48793f45bd759f22ac97ab3b5554ff5590fd82722d06285589f251f49b41f2a,"{""advance"": 0.25, ""arc_scan"": 0, ""commit"": false, ""estimate"": ""circle"", ""exact_positive"": false, ""info_points"": false, ""offset"": 0.1, ""planning_radius"": 1500, ""probe"": 250, ""probe_count"": 1, ""rotation"": 0.0, ""route_mode"": ""joint"", ""share_at_search"": true, ""share_during"": false, ""share_ratio"": 0.7, ""site_bonus"": 0.0, ""site_passes"": 1, ""sweep_advance"": 0.0, ""trial_limit"": 12, ""trial_radius"": 0, ""unknown_scan"": false}",ablation/q3_no_trial_clear/q3/paper_q3_n10_s950002/metrics.json
ablation,q3_no_trial_clear,q3,paper_q3_n10_s950003,229d17a7d1155ef74d5350cca718704f1e82937d3892f4d4fa08afc23210214e,950003,10,True,True,10,10,291.79817029005255,2917.9817029005258,2158.9817029005258,600.0,109.0,50.0,120,109,10,d48793f45bd759f22ac97ab3b5554ff5590fd82722d06285589f251f49b41f2a,"{""advance"": 0.25, ""arc_scan"": 0, ""commit"": false, ""estimate"": ""circle"", ""exact_positive"": false, ""info_points"": false, ""offset"": 0.1, ""planning_radius"": 1500, ""probe"": 250, ""probe_count"": 1, ""rotation"": 0.0, ""route_mode"": ""joint"", ""share_at_search"": true, ""share_during"": false, ""share_ratio"": 0.7, ""site_bonus"": 0.0, ""site_passes"": 1, ""sweep_advance"": 0.0, ""trial_limit"": 12, ""trial_radius"": 0, ""unknown_scan"": false}",ablation/q3_no_trial_clear/q3/paper_q3_n10_s950003/metrics.json
ablation,q3_no_trial_clear,q3,paper_q3_n10_s950004,326bcd24e7f64c7809ccd9d768ebbeb9702a2d46f3e10b6c910be5b0d8f31100,950004,10,True,True,10,10,251.000562082983,2510.00562082983,1747.0056208298304,600.0,113.0,50.0,120,113,10,d48793f45bd759f22ac97ab3b5554ff5590fd82722d06285589f251f49b41f2a,"{""advance"": 0.25, ""arc_scan"": 0, ""commit"": false, ""estimate"": ""circle"", ""exact_positive"": false, ""info_points"": false, ""offset"": 0.1, ""planning_radius"": 1500, ""probe"": 250, ""probe_count"": 1, ""rotation"": 0.0, ""route_mode"": ""joint"", ""share_at_search"": true, ""share_during"": false, ""share_ratio"": 0.7, ""site_bonus"": 0.0, ""site_passes"": 1, ""sweep_advance"": 0.0, ""trial_limit"": 12, ""trial_radius"": 0, ""unknown_scan"": false}",ablation/q3_no_trial_clear/q3/paper_q3_n10_s950004/metrics.json
ablation,q3_no_trial_clear,q3,paper_q3_n10_s950005,eae2437cb774d21be431a70fed8ad9d1c4b05daebb9dd84cdf650b32ac6ef41e,950005,10,True,True,10,10,300.93609710710524,3009.3609710710525,2200.360971071053,640.0,119.0,50.0,128,119,10,d48793f45bd759f22ac97ab3b5554ff5590fd82722d06285589f251f49b41f2a,"{""advance"": 0.25, ""arc_scan"": 0, ""commit"": false, ""estimate"": ""circle"", ""exact_positive"": false, ""info_points"": false, ""offset"": 0.1, ""planning_radius"": 1500, ""probe"": 250, ""probe_count"": 1, ""rotation"": 0.0, ""route_mode"": ""joint"", ""share_at_search"": true, ""share_during"": false, ""share_ratio"": 0.7, ""site_bonus"": 0.0, ""site_passes"": 1, ""sweep_advance"": 0.0, ""trial_limit"": 12, ""trial_radius"": 0, ""unknown_scan"": false}",ablation/q3_no_trial_clear/q3/paper_q3_n10_s950005/metrics.json
ablation,q3_no_trial_clear,q3,paper_q3_n10_s950006,ee598aa4e45f83eb49bbd22e99e53f7bdca975ce996fcfebeb487715a1c740f6,950006,10,True,True,10,10,285.17795428240544,2851.7795428240543,2055.7795428240547,630.0,116.0,50.0,126,116,10,d48793f45bd759f22ac97ab3b5554ff5590fd82722d06285589f251f49b41f2a,"{""advance"": 0.25, ""arc_scan"": 0, ""commit"": false, ""estimate"": ""circle"", ""exact_positive"": false, ""info_points"": false, ""offset"": 0.1, ""planning_radius"": 1500, ""probe"": 250, ""probe_count"": 1, ""rotation"": 0.0, ""route_mode"": ""joint"", ""share_at_search"": true, ""share_during"": false, ""share_ratio"": 0.7, ""site_bonus"": 0.0, ""site_passes"": 1, ""sweep_advance"": 0.0, ""trial_limit"": 12, ""trial_radius"": 0, ""unknown_scan"": false}",ablation/q3_no_trial_clear/q3/paper_q3_n10_s950006/metrics.json
ablation,q3_no_trial_clear,q3,paper_q3_n10_s950007,06845e5f5cdd3dc83914ce6eab8170da7bc7fba4883082077a2224930e16c02c,950007,10,True,True,10,10,297.21364463425573,2972.136446342557,2186.1364463425575,620.0,116.0,50.0,124,116,10,d48793f45bd759f22ac97ab3b5554ff5590fd82722d06285589f251f49b41f2a,"{""advance"": 0.25, ""arc_scan"": 0, ""commit"": false, ""estimate"": ""circle"", ""exact_positive"": false, ""info_points"": false, ""offset"": 0.1, ""planning_radius"": 1500, ""probe"": 250, ""probe_count"": 1, ""rotation"": 0.0, ""route_mode"": ""joint"", ""share_at_search"": true, ""share_during"": false, ""share_ratio"": 0.7, ""site_bonus"": 0.0, ""site_passes"": 1, ""sweep_advance"": 0.0, ""trial_limit"": 12, ""trial_radius"": 0, ""unknown_scan"": false}",ablation/q3_no_trial_clear/q3/paper_q3_n10_s950007/metrics.json
ablation,q3_no_trial_clear,q3,paper_q3_n10_s950008,ce87a58f99931fc3e322fa2a4c739a578b017b9e8110c4a08da99aa85a45564f,950008,10,True,True,10,10,294.72626238625196,2947.26262386252,2133.26262386252,640.0,124.0,50.0,128,124,10,d48793f45bd759f22ac97ab3b5554ff5590fd82722d06285589f251f49b41f2a,"{""advance"": 0.25, ""arc_scan"": 0, ""commit"": false, ""estimate"": ""circle"", ""exact_positive"": false, ""info_points"": false, ""offset"": 0.1, ""planning_radius"": 1500, ""probe"": 250, ""probe_count"": 1, ""rotation"": 0.0, ""route_mode"": ""joint"", ""share_at_search"": true, ""share_during"": false, ""share_ratio"": 0.7, ""site_bonus"": 0.0, ""site_passes"": 1, ""sweep_advance"": 0.0, ""trial_limit"": 12, ""trial_radius"": 0, ""unknown_scan"": false}",ablation/q3_no_trial_clear/q3/paper_q3_n10_s950008/metrics.json
ablation,q3_no_trial_clear,q3,paper_q3_n10_s950009,62b906d64de55e8992ae3428e6fae4826c5952809819c29180cd8018bb388392,950009,10,True,True,10,10,281.92765818139657,2819.2765818139655,2062.276581813965,595.0,112.0,50.0,119,112,10,d48793f45bd759f22ac97ab3b5554ff5590fd82722d06285589f251f49b41f2a,"{""advance"": 0.25, ""arc_scan"": 0, ""commit"": false, ""estimate"": ""circle"", ""exact_positive"": false, ""info_points"": false, ""offset"": 0.1, ""planning_radius"": 1500, ""probe"": 250, ""probe_count"": 1, ""rotation"": 0.0, ""route_mode"": ""joint"", ""share_at_search"": true, ""share_during"": false, ""share_ratio"": 0.7, ""site_bonus"": 0.0, ""site_passes"": 1, ""sweep_advance"": 0.0, ""trial_limit"": 12, ""trial_radius"": 0, ""unknown_scan"": false}",ablation/q3_no_trial_clear/q3/paper_q3_n10_s950009/metrics.json
ablation,q3_no_trial_clear,q3,paper_q3_n10_s950010,3c36f46d77a6680c9f78d237e8037a2ae89c1b7712f3520176c96586843e2d45,950010,10,True,True,10,10,250.6357095121989,2506.357095121989,1734.357095121989,605.0,117.0,50.0,121,117,10,d48793f45bd759f22ac97ab3b5554ff5590fd82722d06285589f251f49b41f2a,"{""advance"": 0.25, ""arc_scan"": 0, ""commit"": false, ""estimate"": ""circle"", ""exact_positive"": false, ""info_points"": false, ""offset"": 0.1, ""planning_radius"": 1500, ""probe"": 250, ""probe_count"": 1, ""rotation"": 0.0, ""route_mode"": ""joint"", ""share_at_search"": true, ""share_during"": false, ""share_ratio"": 0.7, ""site_bonus"": 0.0, ""site_passes"": 1, ""sweep_advance"": 0.0, ""trial_limit"": 12, ""trial_radius"": 0, ""unknown_scan"": false}",ablation/q3_no_trial_clear/q3/paper_q3_n10_s950010/metrics.json
ablation,q3_no_trial_clear,q3,paper_q3_n10_s950011,b7d0f3b060ddbdb759d30e35915b640ad99008690ae5c12fe0083610e7c22776,950011,10,True,True,10,10,261.68647717404593,2616.864771740459,1873.8647717404585,580.0,113.0,50.0,116,113,10,d48793f45bd759f22ac97ab3b5554ff5590fd82722d06285589f251f49b41f2a,"{""advance"": 0.25, ""arc_scan"": 0, ""commit"": false, ""estimate"": ""circle"", ""exact_positive"": false, ""info_points"": false, ""offset"": 0.1, ""planning_radius"": 1500, ""probe"": 250, ""probe_count"": 1, ""rotation"": 0.0, ""route_mode"": ""joint"", ""share_at_search"": true, ""share_during"": false, ""share_ratio"": 0.7, ""site_bonus"": 0.0, ""site_passes"": 1, ""sweep_advance"": 0.0, ""trial_limit"": 12, ""trial_radius"": 0, ""unknown_scan"": false}",ablation/q3_no_trial_clear/q3/paper_q3_n10_s950011/metrics.json
ablation,q3_no_trial_clear,q3,paper_q3_n10_s950012,36405c985c8480d32eec098b89339bef8a994e555e103f27fa9cd9d296ca76dc,950012,10,True,True,10,10,258.03483879684273,2580.3483879684272,1834.3483879684277,585.0,111.0,50.0,117,111,10,d48793f45bd759f22ac97ab3b5554ff5590fd82722d06285589f251f49b41f2a,"{""advance"": 0.25, ""arc_scan"": 0, ""commit"": false, ""estimate"": ""circle"", ""exact_positive"": false, ""info_points"": false, ""offset"": 0.1, ""planning_radius"": 1500, ""probe"": 250, ""probe_count"": 1, ""rotation"": 0.0, ""route_mode"": ""joint"", ""share_at_search"": true, ""share_during"": false, ""share_ratio"": 0.7, ""site_bonus"": 0.0, ""site_passes"": 1, ""sweep_advance"": 0.0, ""trial_limit"": 12, ""trial_radius"": 0, ""unknown_scan"": false}",ablation/q3_no_trial_clear/q3/paper_q3_n10_s950012/metrics.json
ablation,q3_no_trial_clear,q3,paper_q3_n10_s950013,c1ae6592a36d6aa84d44cae5db3d8bb24e8527207f0b97cbbbd85f58fb82ec26,950013,10,True,True,10,10,292.7673592266944,2927.673592266944,2137.673592266945,625.0,115.0,50.0,125,115,10,d48793f45bd759f22ac97ab3b5554ff5590fd82722d06285589f251f49b41f2a,"{""advance"": 0.25, ""arc_scan"": 0, ""commit"": false, ""estimate"": ""circle"", ""exact_positive"": false, ""info_points"": false, ""offset"": 0.1, ""planning_radius"": 1500, ""probe"": 250, ""probe_count"": 1, ""rotation"": 0.0, ""route_mode"": ""joint"", ""share_at_search"": true, ""share_during"": false, ""share_ratio"": 0.7, ""site_bonus"": 0.0, ""site_passes"": 1, ""sweep_advance"": 0.0, ""trial_limit"": 12, ""trial_radius"": 0, ""unknown_scan"": false}",ablation/q3_no_trial_clear/q3/paper_q3_n10_s950013/metrics.json
ablation,q3_no_trial_clear,q3,paper_q3_n10_s950014,48e901e389067fd08eb9fa0d1b024a26a9dce6fcb76c63363681bd31df605234,950014,10,True,True,10,10,279.1299864623638,2791.299864623638,2022.2998646236379,605.0,114.0,50.0,121,114,10,d48793f45bd759f22ac97ab3b5554ff5590fd82722d06285589f251f49b41f2a,"{""advance"": 0.25, ""arc_scan"": 0, ""commit"": false, ""estimate"": ""circle"", ""exact_positive"": false, ""info_points"": false, ""offset"": 0.1, ""planning_radius"": 1500, ""probe"": 250, ""probe_count"": 1, ""rotation"": 0.0, ""route_mode"": ""joint"", ""share_at_search"": true, ""share_during"": false, ""share_ratio"": 0.7, ""site_bonus"": 0.0, ""site_passes"": 1, ""sweep_advance"": 0.0, ""trial_limit"": 12, ""trial_radius"": 0, ""unknown_scan"": false}",ablation/q3_no_trial_clear/q3/paper_q3_n10_s950014/metrics.json
ablation,q3_no_trial_clear,q3,paper_q3_n10_s950015,2b34643cecf2fe4d0f21f58d5889e7ab7338441d455ef1cbbf7ed76a3ccf8736,950015,10,True,True,10,10,300.5780247233396,3005.7802472333956,2196.780247233395,640.0,119.0,50.0,128,119,10,d48793f45bd759f22ac97ab3b5554ff5590fd82722d06285589f251f49b41f2a,"{""advance"": 0.25, ""arc_scan"": 0, ""commit"": false, ""estimate"": ""circle"", ""exact_positive"": false, ""info_points"": false, ""offset"": 0.1, ""planning_radius"": 1500, ""probe"": 250, ""probe_count"": 1, ""rotation"": 0.0, ""route_mode"": ""joint"", ""share_at_search"": true, ""share_during"": false, ""share_ratio"": 0.7, ""site_bonus"": 0.0, ""site_passes"": 1, ""sweep_advance"": 0.0, ""trial_limit"": 12, ""trial_radius"": 0, ""unknown_scan"": false}",ablation/q3_no_trial_clear/q3/paper_q3_n10_s950015/metrics.json
ablation,q3_no_trial_clear,q3,paper_q3_n10_s950016,0045370052796c531d12bdba2228a6b391e11dd5d29c8e9251fec833e6f0bd4a,950016,10,True,True,10,10,248.22439830587487,2482.2439830587487,1745.2439830587484,575.0,112.0,50.0,115,112,10,d48793f45bd759f22ac97ab3b5554ff5590fd82722d06285589f251f49b41f2a,"{""advance"": 0.25, ""arc_scan"": 0, ""commit"": false, ""estimate"": ""circle"", ""exact_positive"": false, ""info_points"": false, ""offset"": 0.1, ""planning_radius"": 1500, ""probe"": 250, ""probe_count"": 1, ""rotation"": 0.0, ""route_mode"": ""joint"", ""share_at_search"": true, ""share_during"": false, ""share_ratio"": 0.7, ""site_bonus"": 0.0, ""site_passes"": 1, ""sweep_advance"": 0.0, ""trial_limit"": 12, ""trial_radius"": 0, ""unknown_scan"": false}",ablation/q3_no_trial_clear/q3/paper_q3_n10_s950016/metrics.json
ablation,q3_no_trial_clear,q3,paper_q3_n10_s950017,90d473c78c19a990cce139ccc6d64dfd4353f4ff8cbfd1d2601d11267eba13f8,950017,10,True,True,10,10,284.9491530929908,2849.491530929908,2029.4915309299088,650.0,120.0,50.0,130,120,10,d48793f45bd759f22ac97ab3b5554ff5590fd82722d06285589f251f49b41f2a,"{""advance"": 0.25, ""arc_scan"": 0, ""commit"": false, ""estimate"": ""circle"", ""exact_positive"": false, ""info_points"": false, ""offset"": 0.1, ""planning_radius"": 1500, ""probe"": 250, ""probe_count"": 1, ""rotation"": 0.0, ""route_mode"": ""joint"", ""share_at_search"": true, ""share_during"": false, ""share_ratio"": 0.7, ""site_bonus"": 0.0, ""site_passes"": 1, ""sweep_advance"": 0.0, ""trial_limit"": 12, ""trial_radius"": 0, ""unknown_scan"": false}",ablation/q3_no_trial_clear/q3/paper_q3_n10_s950017/metrics.json
ablation,q3_no_trial_clear,q3,paper_q3_n10_s950018,61194423301a411192a9e86f0ab54f0e46672312f0104504e3625b189cc65754,950018,10,True,True,10,10,279.33326143772604,2793.33261437726,1995.3326143772592,635.0,113.0,50.0,127,113,10,d48793f45bd759f22ac97ab3b5554ff5590fd82722d06285589f251f49b41f2a,"{""advance"": 0.25, ""arc_scan"": 0, ""commit"": false, ""estimate"": ""circle"", ""exact_positive"": false, ""info_points"": false, ""offset"": 0.1, ""planning_radius"": 1500, ""probe"": 250, ""probe_count"": 1, ""rotation"": 0.0, ""route_mode"": ""joint"", ""share_at_search"": true, ""share_during"": false, ""share_ratio"": 0.7, ""site_bonus"": 0.0, ""site_passes"": 1, ""sweep_advance"": 0.0, ""trial_limit"": 12, ""trial_radius"": 0, ""unknown_scan"": false}",ablation/q3_no_trial_clear/q3/paper_q3_n10_s950018/metrics.json
ablation,q3_no_trial_clear,q3,paper_q3_n10_s950019,84c676869373222ccda06ef4beb1b1c011ec4f7f5c62e7e851501b8989a812fc,950019,10,True,True,10,10,285.73710113879486,2857.371011387949,2046.3710113879486,640.0,121.0,50.0,128,121,10,d48793f45bd759f22ac97ab3b5554ff5590fd82722d06285589f251f49b41f2a,"{""advance"": 0.25, ""arc_scan"": 0, ""commit"": false, ""estimate"": ""circle"", ""exact_positive"": false, ""info_points"": false, ""offset"": 0.1, ""planning_radius"": 1500, ""probe"": 250, ""probe_count"": 1, ""rotation"": 0.0, ""route_mode"": ""joint"", ""share_at_search"": true, ""share_during"": false, ""share_ratio"": 0.7, ""site_bonus"": 0.0, ""site_passes"": 1, ""sweep_advance"": 0.0, ""trial_limit"": 12, ""trial_radius"": 0, ""unknown_scan"": false}",ablation/q3_no_trial_clear/q3/paper_q3_n10_s950019/metrics.json
ablation,q3_no_trial_clear,q3,paper_q3_n16_s950040,372a6ac63171fcb0f8d2d09d61b7c4f3e9ac70509316f5fd4e875c55cf4c373e,950040,16,True,True,16,16,185.6563836801682,2970.5021388826913,2197.502138882691,585.0,108.0,80.0,117,108,16,d48793f45bd759f22ac97ab3b5554ff5590fd82722d06285589f251f49b41f2a,"{""advance"": 0.25, ""arc_scan"": 0, ""commit"": false, ""estimate"": ""circle"", ""exact_positive"": false, ""info_points"": false, ""offset"": 0.1, ""planning_radius"": 1500, ""probe"": 250, ""probe_count"": 1, ""rotation"": 0.0, ""route_mode"": ""joint"", ""share_at_search"": true, ""share_during"": false, ""share_ratio"": 0.7, ""site_bonus"": 0.0, ""site_passes"": 1, ""sweep_advance"": 0.0, ""trial_limit"": 12, ""trial_radius"": 0, ""unknown_scan"": false}",ablation/q3_no_trial_clear/q3/paper_q3_n16_s950040/metrics.json
ablation,q3_no_trial_clear,q3,paper_q3_n16_s950041,7013bc1a183c58a4b86368cf23f39a622c307704019dbf412a2ef628f617a426,950041,16,True,True,16,16,209.9305302271468,3358.8884836343486,2641.888483634348,545.0,92.0,80.0,109,92,16,d48793f45bd759f22ac97ab3b5554ff5590fd82722d06285589f251f49b41f2a,"{""advance"": 0.25, ""arc_scan"": 0, ""commit"": false, ""estimate"": ""circle"", ""exact_positive"": false, ""info_points"": false, ""offset"": 0.1, ""planning_radius"": 1500, ""probe"": 250, ""probe_count"": 1, ""rotation"": 0.0, ""route_mode"": ""joint"", ""share_at_search"": true, ""share_during"": false, ""share_ratio"": 0.7, ""site_bonus"": 0.0, ""site_passes"": 1, ""sweep_advance"": 0.0, ""trial_limit"": 12, ""trial_radius"": 0, ""unknown_scan"": false}",ablation/q3_no_trial_clear/q3/paper_q3_n16_s950041/metrics.json
ablation,q3_no_trial_clear,q3,paper_q3_n16_s950042,8985a0acf9ff3752eff344987a14d37db3a53efe3207d6e80320b0cab10d7908,950042,16,True,True,16,16,188.05593259161986,3008.894921465918,2337.894921465917,500.0,91.0,80.0,100,91,16,d48793f45bd759f22ac97ab3b5554ff5590fd82722d06285589f251f49b41f2a,"{""advance"": 0.25, ""arc_scan"": 0, ""commit"": false, ""estimate"": ""circle"", ""exact_positive"": false, ""info_points"": false, ""offset"": 0.1, ""planning_radius"": 1500, ""probe"": 250, ""probe_count"": 1, ""rotation"": 0.0, ""route_mode"": ""joint"", ""share_at_search"": true, ""share_during"": false, ""share_ratio"": 0.7, ""site_bonus"": 0.0, ""site_passes"": 1, ""sweep_advance"": 0.0, ""trial_limit"": 12, ""trial_radius"": 0, ""unknown_scan"": false}",ablation/q3_no_trial_clear/q3/paper_q3_n16_s950042/metrics.json
ablation,q3_no_trial_clear,q3,paper_q3_n16_s950043,838c4ab65fb30cf0cb282ba3c6fcb53c26aecca0d6069c1704d5dc8a17057a39,950043,16,True,True,16,16,203.98046178135868,3263.687388501739,2458.6873885017385,615.0,110.0,80.0,123,110,16,d48793f45bd759f22ac97ab3b5554ff5590fd82722d06285589f251f49b41f2a,"{""advance"": 0.25, ""arc_scan"": 0, ""commit"": false, ""estimate"": ""circle"", ""exact_positive"": false, ""info_points"": false, ""offset"": 0.1, ""planning_radius"": 1500, ""probe"": 250, ""probe_count"": 1, ""rotation"": 0.0, ""route_mode"": ""joint"", ""share_at_search"": true, ""share_during"": false, ""share_ratio"": 0.7, ""site_bonus"": 0.0, ""site_passes"": 1, ""sweep_advance"": 0.0, ""trial_limit"": 12, ""trial_radius"": 0, ""unknown_scan"": false}",ablation/q3_no_trial_clear/q3/paper_q3_n16_s950043/metrics.json
ablation,q3_no_trial_clear,q3,paper_q3_n16_s950044,6fcc4f216a709b6ffab49583c5f5ccfb80ba404980b873b0f64317faf928d271,950044,16,True,True,16,16,186.00777035459615,2976.1243256735384,2220.1243256735384,570.0,106.0,80.0,114,106,16,d48793f45bd759f22ac97ab3b5554ff5590fd82722d06285589f251f49b41f2a,"{""advance"": 0.25, ""arc_scan"": 0, ""commit"": false, ""estimate"": ""circle"", ""exact_positive"": false, ""info_points"": false, ""offset"": 0.1, ""planning_radius"": 1500, ""probe"": 250, ""probe_count"": 1, ""rotation"": 0.0, ""route_mode"": ""joint"", ""share_at_search"": true, ""share_during"": false, ""share_ratio"": 0.7, ""site_bonus"": 0.0, ""site_passes"": 1, ""sweep_advance"": 0.0, ""trial_limit"": 12, ""trial_radius"": 0, ""unknown_scan"": false}",ablation/q3_no_trial_clear/q3/paper_q3_n16_s950044/metrics.json
ablation,q3_no_trial_clear,q3,paper_q3_n16_s950045,e925988c4521667e68dd1b903d3b68dabfbf65596e8bec04f6b1ff87c188fab4,950045,16,True,True,16,16,192.02687724651125,3072.43003594418,2383.4300359441786,515.0,94.0,80.0,103,94,16,d48793f45bd759f22ac97ab3b5554ff5590fd82722d06285589f251f49b41f2a,"{""advance"": 0.25, ""arc_scan"": 0, ""commit"": false, ""estimate"": ""circle"", ""exact_positive"": false, ""info_points"": false, ""offset"": 0.1, ""planning_radius"": 1500, ""probe"": 250, ""probe_count"": 1, ""rotation"": 0.0, ""route_mode"": ""joint"", ""share_at_search"": true, ""share_during"": false, ""share_ratio"": 0.7, ""site_bonus"": 0.0, ""site_passes"": 1, ""sweep_advance"": 0.0, ""trial_limit"": 12, ""trial_radius"": 0, ""unknown_scan"": false}",ablation/q3_no_trial_clear/q3/paper_q3_n16_s950045/metrics.json
ablation,q3_no_trial_clear,q3,paper_q3_n16_s950046,c0a1489ae1e8e1fe6d48a4008508b8dd1fb69b8ee626c2bd98fd3738ed3ea631,950046,16,True,True,16,16,170.77744113473008,2732.4390581556813,1988.4390581556816,560.0,104.0,80.0,112,104,16,d48793f45bd759f22ac97ab3b5554ff5590fd82722d06285589f251f49b41f2a,"{""advance"": 0.25, ""arc_scan"": 0, ""commit"": false, ""estimate"": ""circle"", ""exact_positive"": false, ""info_points"": false, ""offset"": 0.1, ""planning_radius"": 1500, ""probe"": 250, ""probe_count"": 1, ""rotation"": 0.0, ""route_mode"": ""joint"", ""share_at_search"": true, ""share_during"": false, ""share_ratio"": 0.7, ""site_bonus"": 0.0, ""site_passes"": 1, ""sweep_advance"": 0.0, ""trial_limit"": 12, ""trial_radius"": 0, ""unknown_scan"": false}",ablation/q3_no_trial_clear/q3/paper_q3_n16_s950046/metrics.json
ablation,q3_no_trial_clear,q3,paper_q3_n16_s950047,036704ea64775d1dc304a02fedd2c349f6aba9c75c30bde13ee49118186d0749,950047,16,True,True,16,16,230.61147872577382,3689.783659612381,2937.783659612381,570.0,102.0,80.0,114,102,16,d48793f45bd759f22ac97ab3b5554ff5590fd82722d06285589f251f49b41f2a,"{""advance"": 0.25, ""arc_scan"": 0, ""commit"": false, ""estimate"": ""circle"", ""exact_positive"": false, ""info_points"": false, ""offset"": 0.1, ""planning_radius"": 1500, ""probe"": 250, ""probe_count"": 1, ""rotation"": 0.0, ""route_mode"": ""joint"", ""share_at_search"": true, ""share_during"": false, ""share_ratio"": 0.7, ""site_bonus"": 0.0, ""site_passes"": 1, ""sweep_advance"": 0.0, ""trial_limit"": 12, ""trial_radius"": 0, ""unknown_scan"": false}",ablation/q3_no_trial_clear/q3/paper_q3_n16_s950047/metrics.json
ablation,q3_no_trial_clear,q3,paper_q3_n16_s950048,9027b6e1c14d0444d6be56a029e91132a89953fc48a86ee6ce4ab2da3fb3aced,950048,16,True,True,16,16,181.53553248249955,2904.5685197199928,2178.5685197199928,545.0,101.0,80.0,109,101,16,d48793f45bd759f22ac97ab3b5554ff5590fd82722d06285589f251f49b41f2a,"{""advance"": 0.25, ""arc_scan"": 0, ""commit"": false, ""estimate"": ""circle"", ""exact_positive"": false, ""info_points"": false, ""offset"": 0.1, ""planning_radius"": 1500, ""probe"": 250, ""probe_count"": 1, ""rotation"": 0.0, ""route_mode"": ""joint"", ""share_at_search"": true, ""share_during"": false, ""share_ratio"": 0.7, ""site_bonus"": 0.0, ""site_passes"": 1, ""sweep_advance"": 0.0, ""trial_limit"": 12, ""trial_radius"": 0, ""unknown_scan"": false}",ablation/q3_no_trial_clear/q3/paper_q3_n16_s950048/metrics.json
ablation,q3_no_trial_clear,q3,paper_q3_n16_s950049,7543e540b56e05cf2bc35a3795d8b6d6b43901365cfd23c47b21f5aaa9b9f23a,950049,16,True,True,16,16,194.08871888294902,3105.4195021271844,2414.419502127184,520.0,91.0,80.0,104,91,16,d48793f45bd759f22ac97ab3b5554ff5590fd82722d06285589f251f49b41f2a,"{""advance"": 0.25, ""arc_scan"": 0, ""commit"": false, ""estimate"": ""circle"", ""exact_positive"": false, ""info_points"": false, ""offset"": 0.1, ""planning_radius"": 1500, ""probe"": 250, ""probe_count"": 1, ""rotation"": 0.0, ""route_mode"": ""joint"", ""share_at_search"": true, ""share_during"": false, ""share_ratio"": 0.7, ""site_bonus"": 0.0, ""site_passes"": 1, ""sweep_advance"": 0.0, ""trial_limit"": 12, ""trial_radius"": 0, ""unknown_scan"": false}",ablation/q3_no_trial_clear/q3/paper_q3_n16_s950049/metrics.json
ablation,q3_no_trial_clear,q3,paper_q3_n16_s950050,c48cbf90cb3e8c2933b76686b9620aa28fc6c649441dbd55321160cb9554c43a,950050,16,True,True,16,16,197.3984994682985,3158.375991492776,2390.375991492776,580.0,108.0,80.0,116,108,16,d48793f45bd759f22ac97ab3b5554ff5590fd82722d06285589f251f49b41f2a,"{""advance"": 0.25, ""arc_scan"": 0, ""commit"": false, ""estimate"": ""circle"", ""exact_positive"": false, ""info_points"": false, ""offset"": 0.1, ""planning_radius"": 1500, ""probe"": 250, ""probe_count"": 1, ""rotation"": 0.0, ""route_mode"": ""joint"", ""share_at_search"": true, ""share_during"": false, ""share_ratio"": 0.7, ""site_bonus"": 0.0, ""site_passes"": 1, ""sweep_advance"": 0.0, ""trial_limit"": 12, ""trial_radius"": 0, ""unknown_scan"": false}",ablation/q3_no_trial_clear/q3/paper_q3_n16_s950050/metrics.json
ablation,q3_no_trial_clear,q3,paper_q3_n16_s950051,cbfbbaeb42d25c087942aa7e4f20396216e71e79a483ddb33bf23ece5db04cf4,950051,16,True,True,16,16,214.72706216227252,3435.6329945963603,2679.632994596361,570.0,106.0,80.0,114,106,16,d48793f45bd759f22ac97ab3b5554ff5590fd82722d06285589f251f49b41f2a,"{""advance"": 0.25, ""arc_scan"": 0, ""commit"": false, ""estimate"": ""circle"", ""exact_positive"": false, ""info_points"": false, ""offset"": 0.1, ""planning_radius"": 1500, ""probe"": 250, ""probe_count"": 1, ""rotation"": 0.0, ""route_mode"": ""joint"", ""share_at_search"": true, ""share_during"": false, ""share_ratio"": 0.7, ""site_bonus"": 0.0, ""site_passes"": 1, ""sweep_advance"": 0.0, ""trial_limit"": 12, ""trial_radius"": 0, ""unknown_scan"": false}",ablation/q3_no_trial_clear/q3/paper_q3_n16_s950051/metrics.json
ablation,q3_no_trial_clear,q3,paper_q3_n16_s950052,7eb42ce9d4b90b14eff5f7c5e114639d05ec7d509ab13d7fb17c2e9e2f9c24d6,950052,16,True,True,16,16,201.12855684341443,3218.056909494631,2470.05690949463,565.0,103.0,80.0,113,103,16,d48793f45bd759f22ac97ab3b5554ff5590fd82722d06285589f251f49b41f2a,"{""advance"": 0.25, ""arc_scan"": 0, ""commit"": false, ""estimate"": ""circle"", ""exact_positive"": false, ""info_points"": false, ""offset"": 0.1, ""planning_radius"": 1500, ""probe"": 250, ""probe_count"": 1, ""rotation"": 0.0, ""route_mode"": ""joint"", ""share_at_search"": true, ""share_during"": false, ""share_ratio"": 0.7, ""site_bonus"": 0.0, ""site_passes"": 1, ""sweep_advance"": 0.0, ""trial_limit"": 12, ""trial_radius"": 0, ""unknown_scan"": false}",ablation/q3_no_trial_clear/q3/paper_q3_n16_s950052/metrics.json
ablation,q3_no_trial_clear,q3,paper_q3_n16_s950053,12693971ed6436a5f877251cc13c4bbccc90027455d718e8c6849d75a7b6aa7e,950053,16,True,True,16,16,200.40591129041678,3206.4945806466685,2509.494580646668,520.0,97.0,80.0,104,97,16,d48793f45bd759f22ac97ab3b5554ff5590fd82722d06285589f251f49b41f2a,"{""advance"": 0.25, ""arc_scan"": 0, ""commit"": false, ""estimate"": ""circle"", ""exact_positive"": false, ""info_points"": false, ""offset"": 0.1, ""planning_radius"": 1500, ""probe"": 250, ""probe_count"": 1, ""rotation"": 0.0, ""route_mode"": ""joint"", ""share_at_search"": true, ""share_during"": false, ""share_ratio"": 0.7, ""site_bonus"": 0.0, ""site_passes"": 1, ""sweep_advance"": 0.0, ""trial_limit"": 12, ""trial_radius"": 0, ""unknown_scan"": false}",ablation/q3_no_trial_clear/q3/paper_q3_n16_s950053/metrics.json
ablation,q3_no_trial_clear,q3,paper_q3_n16_s950054,7671596cbafe749024aaaf80c4a7734c53affbd53c1bfe74bfa1054018fd6a82,950054,16,True,True,16,16,197.14732862549388,3154.357258007902,2486.3572580079026,495.0,93.0,80.0,99,93,16,d48793f45bd759f22ac97ab3b5554ff5590fd82722d06285589f251f49b41f2a,"{""advance"": 0.25, ""arc_scan"": 0, ""commit"": false, ""estimate"": ""circle"", ""exact_positive"": false, ""info_points"": false, ""offset"": 0.1, ""planning_radius"": 1500, ""probe"": 250, ""probe_count"": 1, ""rotation"": 0.0, ""route_mode"": ""joint"", ""share_at_search"": true, ""share_during"": false, ""share_ratio"": 0.7, ""site_bonus"": 0.0, ""site_passes"": 1, ""sweep_advance"": 0.0, ""trial_limit"": 12, ""trial_radius"": 0, ""unknown_scan"": false}",ablation/q3_no_trial_clear/q3/paper_q3_n16_s950054/metrics.json
ablation,q3_no_trial_clear,q3,paper_q3_n16_s950055,c9c8ef5e441bf5f1a98a4a80f8a62d046fb8b3ba1641e492c447bac80a19bec9,950055,16,True,True,16,16,226.50387725796912,3624.062036127506,2811.0620361275064,625.0,108.0,80.0,125,108,16,d48793f45bd759f22ac97ab3b5554ff5590fd82722d06285589f251f49b41f2a,"{""advance"": 0.25, ""arc_scan"": 0, ""commit"": false, ""estimate"": ""circle"", ""exact_positive"": false, ""info_points"": false, ""offset"": 0.1, ""planning_radius"": 1500, ""probe"": 250, ""probe_count"": 1, ""rotation"": 0.0, ""route_mode"": ""joint"", ""share_at_search"": true, ""share_during"": false, ""share_ratio"": 0.7, ""site_bonus"": 0.0, ""site_passes"": 1, ""sweep_advance"": 0.0, ""trial_limit"": 12, ""trial_radius"": 0, ""unknown_scan"": false}",ablation/q3_no_trial_clear/q3/paper_q3_n16_s950055/metrics.json
ablation,q3_no_trial_clear,q3,paper_q3_n16_s950056,2d52a8547d9db19a9d5e4f15537edb498f5796dec973f30fcbf7ed42b13c0184,950056,16,True,True,16,16,169.8984716841506,2718.3755469464095,2078.37554694641,475.0,85.0,80.0,95,85,16,d48793f45bd759f22ac97ab3b5554ff5590fd82722d06285589f251f49b41f2a,"{""advance"": 0.25, ""arc_scan"": 0, ""commit"": false, ""estimate"": ""circle"", ""exact_positive"": false, ""info_points"": false, ""offset"": 0.1, ""planning_radius"": 1500, ""probe"": 250, ""probe_count"": 1, ""rotation"": 0.0, ""route_mode"": ""joint"", ""share_at_search"": true, ""share_during"": false, ""share_ratio"": 0.7, ""site_bonus"": 0.0, ""site_passes"": 1, ""sweep_advance"": 0.0, ""trial_limit"": 12, ""trial_radius"": 0, ""unknown_scan"": false}",ablation/q3_no_trial_clear/q3/paper_q3_n16_s950056/metrics.json
ablation,q3_no_trial_clear,q3,paper_q3_n16_s950057,657aecfb851377edc3fcd073d7493c10e45163b09a3b678d80cfece86d9e6055,950057,16,True,True,16,16,198.13919325021055,3170.227092003369,2463.2270920033698,530.0,97.0,80.0,106,97,16,d48793f45bd759f22ac97ab3b5554ff5590fd82722d06285589f251f49b41f2a,"{""advance"": 0.25, ""arc_scan"": 0, ""commit"": false, ""estimate"": ""circle"", ""exact_positive"": false, ""info_points"": false, ""offset"": 0.1, ""planning_radius"": 1500, ""probe"": 250, ""probe_count"": 1, ""rotation"": 0.0, ""route_mode"": ""joint"", ""share_at_search"": true, ""share_during"": false, ""share_ratio"": 0.7, ""site_bonus"": 0.0, ""site_passes"": 1, ""sweep_advance"": 0.0, ""trial_limit"": 12, ""trial_radius"": 0, ""unknown_scan"": false}",ablation/q3_no_trial_clear/q3/paper_q3_n16_s950057/metrics.json
ablation,q3_no_trial_clear,q3,paper_q3_n16_s950058,01cc62b086c8667a6c0f19e2a0705cdb9931ec4dd63b11aa18ff5d0284201924,950058,16,True,True,16,16,195.12654554467966,3122.0247287148745,2332.0247287148745,600.0,110.0,80.0,120,110,16,d48793f45bd759f22ac97ab3b5554ff5590fd82722d06285589f251f49b41f2a,"{""advance"": 0.25, ""arc_scan"": 0, ""commit"": false, ""estimate"": ""circle"", ""exact_positive"": false, ""info_points"": false, ""offset"": 0.1, ""planning_radius"": 1500, ""probe"": 250, ""probe_count"": 1, ""rotation"": 0.0, ""route_mode"": ""joint"", ""share_at_search"": true, ""share_during"": false, ""share_ratio"": 0.7, ""site_bonus"": 0.0, ""site_passes"": 1, ""sweep_advance"": 0.0, ""trial_limit"": 12, ""trial_radius"": 0, ""unknown_scan"": false}",ablation/q3_no_trial_clear/q3/paper_q3_n16_s950058/metrics.json
ablation,q3_no_trial_clear,q3,paper_q3_n16_s950059,08036235255756fff9b0c757dff29b17d197bf1ecea01afbd5848d449717befd,950059,16,True,True,16,16,210.88292108837217,3374.1267374139547,2646.126737413954,550.0,98.0,80.0,110,98,16,d48793f45bd759f22ac97ab3b5554ff5590fd82722d06285589f251f49b41f2a,"{""advance"": 0.25, ""arc_scan"": 0, ""commit"": false, ""estimate"": ""circle"", ""exact_positive"": false, ""info_points"": false, ""offset"": 0.1, ""planning_radius"": 1500, ""probe"": 250, ""probe_count"": 1, ""rotation"": 0.0, ""route_mode"": ""joint"", ""share_at_search"": true, ""share_during"": false, ""share_ratio"": 0.7, ""site_bonus"": 0.0, ""site_passes"": 1, ""sweep_advance"": 0.0, ""trial_limit"": 12, ""trial_radius"": 0, ""unknown_scan"": false}",ablation/q3_no_trial_clear/q3/paper_q3_n16_s950059/metrics.json
ablation,q4_full,q4,paper_q4_n10_s960000,921ea355b3d9146956f61f4ae430d6b93f1e70cdd84e26d3abe69cad19bef54c,960000,10,True,True,10,10,616.2958664818664,6162.958664818663,4295.958664818663,1525.0,289.0,53.0,305,289,11,afdc6cdd1944b0f85ad1535a00539758f1b47104261f720693ac0ead3d2f31ad,"{""angle_bin"": 4.0, ""conditional_range"": true, ""crossbar"": true, ""crossbar_after_dark"": false, ""crossbar_fraction"": 0.25, ""crossbar_offset"": 0.03, ""crossbar_reference"": ""latest"", ""cumulative_cap"": 2, ""cumulative_points"": 0.0, ""directional"": false, ""drop_sites"": false, ""exact_insert"": true, ""initial_reflection"": false, ""initial_rotation_span"": 1.5707963267948966, ""initial_rotation_steps"": 12, ""near_clear_distance"": 50.0, ""near_clear_radius"": 20.0, ""negative_regions"": ""disk"", ""opportunistic"": false, ""opportunistic_candidates"": 3, ""opportunistic_distance"": 650.0, ""probe_offset"": 0.25, ""radio_limit"": 12, ""route"": ""joint"", ""route_estimate"": 0.5, ""route_mode"": ""backbone"", ""scan_current_first"": true, ""search_first"": false, ""share"": true, ""share_ratio"": 0.7, ""source_bias"": 0.0, ""station_inner"": 990.0, ""station_layout"": ""8_16"", ""station_spec"": [8, 12, 995, 1864, 0], ""stop_when_found16"": true, ""trial_radius"": 40.0}",ablation/q4_full/q4/paper_q4_n10_s960000/metrics.json
ablation,q4_full,q4,paper_q4_n10_s960001,3c2d90f667bad6974cdf0e248fab341486a301486b771273f764547f2751f8cb,960001,10,True,True,10,10,611.3494901025755,6113.494901025755,4249.494901025756,1525.0,289.0,50.0,305,289,10,afdc6cdd1944b0f85ad1535a00539758f1b47104261f720693ac0ead3d2f31ad,"{""angle_bin"": 4.0, ""conditional_range"": true, ""crossbar"": true, ""crossbar_after_dark"": false, ""crossbar_fraction"": 0.25, ""crossbar_offset"": 0.03, ""crossbar_reference"": ""latest"", ""cumulative_cap"": 2, ""cumulative_points"": 0.0, ""directional"": false, ""drop_sites"": false, ""exact_insert"": true, ""initial_reflection"": false, ""initial_rotation_span"": 1.5707963267948966, ""initial_rotation_steps"": 12, ""near_clear_distance"": 50.0, ""near_clear_radius"": 20.0, ""negative_regions"": ""disk"", ""opportunistic"": false, ""opportunistic_candidates"": 3, ""opportunistic_distance"": 650.0, ""probe_offset"": 0.25, ""radio_limit"": 12, ""route"": ""joint"", ""route_estimate"": 0.5, ""route_mode"": ""backbone"", ""scan_current_first"": true, ""search_first"": false, ""share"": true, ""share_ratio"": 0.7, ""source_bias"": 0.0, ""station_inner"": 990.0, ""station_layout"": ""8_16"", ""station_spec"": [8, 12, 995, 1864, 0], ""stop_when_found16"": true, ""trial_radius"": 40.0}",ablation/q4_full/q4/paper_q4_n10_s960001/metrics.json
ablation,q4_full,q4,paper_q4_n10_s960002,4b89a8df99cafd241c47e55af9f95a54b1ee9ea5e16fe7130e2b7163c9f09d32,960002,10,True,True,10,10,563.7497472242784,5637.497472242784,3919.4974722427846,1400.0,262.0,56.0,280,262,12,afdc6cdd1944b0f85ad1535a00539758f1b47104261f720693ac0ead3d2f31ad,"{""angle_bin"": 4.0, ""conditional_range"": true, ""crossbar"": true, ""crossbar_after_dark"": false, ""crossbar_fraction"": 0.25, ""crossbar_offset"": 0.03, ""crossbar_reference"": ""latest"", ""cumulative_cap"": 2, ""cumulative_points"": 0.0, ""directional"": false, ""drop_sites"": false, ""exact_insert"": true, ""initial_reflection"": false, ""initial_rotation_span"": 1.5707963267948966, ""initial_rotation_steps"": 12, ""near_clear_distance"": 50.0, ""near_clear_radius"": 20.0, ""negative_regions"": ""disk"", ""opportunistic"": false, ""opportunistic_candidates"": 3, ""opportunistic_distance"": 650.0, ""probe_offset"": 0.25, ""radio_limit"": 12, ""route"": ""joint"", ""route_estimate"": 0.5, ""route_mode"": ""backbone"", ""scan_current_first"": true, ""search_first"": false, ""share"": true, ""share_ratio"": 0.7, ""source_bias"": 0.0, ""station_inner"": 990.0, ""station_layout"": ""8_16"", ""station_spec"": [8, 12, 995, 1864, 0], ""stop_when_found16"": true, ""trial_radius"": 40.0}",ablation/q4_full/q4/paper_q4_n10_s960002/metrics.json
ablation,q4_full,q4,paper_q4_n10_s960003,d5ee7b8cfe10c43ea185cc639804aae71d411b01ee1540fbc540be5e6fa22c0a,960003,10,True,True,10,10,556.5005085466586,5565.005085466586,3933.005085466586,1325.0,254.0,53.0,265,254,11,afdc6cdd1944b0f85ad1535a00539758f1b47104261f720693ac0ead3d2f31ad,"{""angle_bin"": 4.0, ""conditional_range"": true, ""crossbar"": true, ""crossbar_after_dark"": false, ""crossbar_fraction"": 0.25, ""crossbar_offset"": 0.03, ""crossbar_reference"": ""latest"", ""cumulative_cap"": 2, ""cumulative_points"": 0.0, ""directional"": false, ""drop_sites"": false, ""exact_insert"": true, ""initial_reflection"": false, ""initial_rotation_span"": 1.5707963267948966, ""initial_rotation_steps"": 12, ""near_clear_distance"": 50.0, ""near_clear_radius"": 20.0, ""negative_regions"": ""disk"", ""opportunistic"": false, ""opportunistic_candidates"": 3, ""opportunistic_distance"": 650.0, ""probe_offset"": 0.25, ""radio_limit"": 12, ""route"": ""joint"", ""route_estimate"": 0.5, ""route_mode"": ""backbone"", ""scan_current_first"": true, ""search_first"": false, ""share"": true, ""share_ratio"": 0.7, ""source_bias"": 0.0, ""station_inner"": 990.0, ""station_layout"": ""8_16"", ""station_spec"": [8, 12, 995, 1864, 0], ""stop_when_found16"": true, ""trial_radius"": 40.0}",ablation/q4_full/q4/paper_q4_n10_s960003/metrics.json
ablation,q4_full,q4,paper_q4_n10_s960004,1f988b31cf831af5aa25ce187ed6e54272d6b1871772eaa9bb115b1b6d726bd2,960004,10,True,True,10,10,575.8486781255233,5758.486781255233,4008.4867812552347,1425.0,266.0,59.0,285,266,13,afdc6cdd1944b0f85ad1535a00539758f1b47104261f720693ac0ead3d2f31ad,"{""angle_bin"": 4.0, ""conditional_range"": true, ""crossbar"": true, ""crossbar_after_dark"": false, ""crossbar_fraction"": 0.25, ""crossbar_offset"": 0.03, ""crossbar_reference"": ""latest"", ""cumulative_cap"": 2, ""cumulative_points"": 0.0, ""directional"": false, ""drop_sites"": false, ""exact_insert"": true, ""initial_reflection"": false, ""initial_rotation_span"": 1.5707963267948966, ""initial_rotation_steps"": 12, ""near_clear_distance"": 50.0, ""near_clear_radius"": 20.0, ""negative_regions"": ""disk"", ""opportunistic"": false, ""opportunistic_candidates"": 3, ""opportunistic_distance"": 650.0, ""probe_offset"": 0.25, ""radio_limit"": 12, ""route"": ""joint"", ""route_estimate"": 0.5, ""route_mode"": ""backbone"", ""scan_current_first"": true, ""search_first"": false, ""share"": true, ""share_ratio"": 0.7, ""source_bias"": 0.0, ""station_inner"": 990.0, ""station_layout"": ""8_16"", ""station_spec"": [8, 12, 995, 1864, 0], ""stop_when_found16"": true, ""trial_radius"": 40.0}",ablation/q4_full/q4/paper_q4_n10_s960004/metrics.json
ablation,q4_full,q4,paper_q4_n10_s960005,36aded449d8bbfeb55636622cc59a5b1dfcbc8fcf60b6079d88a2a6a4db548bd,960005,10,True,True,10,10,625.7732530203161,6257.732530203161,4432.732530203162,1495.0,280.0,50.0,299,280,10,afdc6cdd1944b0f85ad1535a00539758f1b47104261f720693ac0ead3d2f31ad,"{""angle_bin"": 4.0, ""conditional_range"": true, ""crossbar"": true, ""crossbar_after_dark"": false, ""crossbar_fraction"": 0.25, ""crossbar_offset"": 0.03, ""crossbar_reference"": ""latest"", ""cumulative_cap"": 2, ""cumulative_points"": 0.0, ""directional"": false, ""drop_sites"": false, ""exact_insert"": true, ""initial_reflection"": false, ""initial_rotation_span"": 1.5707963267948966, ""initial_rotation_steps"": 12, ""near_clear_distance"": 50.0, ""near_clear_radius"": 20.0, ""negative_regions"": ""disk"", ""opportunistic"": false, ""opportunistic_candidates"": 3, ""opportunistic_distance"": 650.0, ""probe_offset"": 0.25, ""radio_limit"": 12, ""route"": ""joint"", ""route_estimate"": 0.5, ""route_mode"": ""backbone"", ""scan_current_first"": true, ""search_first"": false, ""share"": true, ""share_ratio"": 0.7, ""source_bias"": 0.0, ""station_inner"": 990.0, ""station_layout"": ""8_16"", ""station_spec"": [8, 12, 995, 1864, 0], ""stop_when_found16"": true, ""trial_radius"": 40.0}",ablation/q4_full/q4/paper_q4_n10_s960005/metrics.json
ablation,q4_full,q4,paper_q4_n10_s960006,c7754a55042641796f5da3b168928bb8ff738fbb0d2e2e310b4d1fb86d611e47,960006,10,True,True,10,10,566.9233381553933,5669.233381553932,3880.2333815539323,1455.0,281.0,53.0,291,281,11,afdc6cdd1944b0f85ad1535a00539758f1b47104261f720693ac0ead3d2f31ad,"{""angle_bin"": 4.0, ""conditional_range"": true, ""crossbar"": true, ""crossbar_after_dark"": false, ""crossbar_fraction"": 0.25, ""crossbar_offset"": 0.03, ""crossbar_reference"": ""latest"", ""cumulative_cap"": 2, ""cumulative_points"": 0.0, ""directional"": false, ""drop_sites"": false, ""exact_insert"": true, ""initial_reflection"": false, ""initial_rotation_span"": 1.5707963267948966, ""initial_rotation_steps"": 12, ""near_clear_distance"": 50.0, ""near_clear_radius"": 20.0, ""negative_regions"": ""disk"", ""opportunistic"": false, ""opportunistic_candidates"": 3, ""opportunistic_distance"": 650.0, ""probe_offset"": 0.25, ""radio_limit"": 12, ""route"": ""joint"", ""route_estimate"": 0.5, ""route_mode"": ""backbone"", ""scan_current_first"": true, ""search_first"": false, ""share"": true, ""share_ratio"": 0.7, ""source_bias"": 0.0, ""station_inner"": 990.0, ""station_layout"": ""8_16"", ""station_spec"": [8, 12, 995, 1864, 0], ""stop_when_found16"": true, ""trial_radius"": 40.0}",ablation/q4_full/q4/paper_q4_n10_s960006/metrics.json
ablation,q4_full,q4,paper_q4_n10_s960007,c5089d6ba525d50783481797dc61d8eadaf230536dbac78f493ed66526ca66f3,960007,10,True,True,10,10,643.2647210137787,6432.647210137788,4644.647210137787,1455.0,274.0,59.0,291,274,13,afdc6cdd1944b0f85ad1535a00539758f1b47104261f720693ac0ead3d2f31ad,"{""angle_bin"": 4.0, ""conditional_range"": true, ""crossbar"": true, ""crossbar_after_dark"": false, ""crossbar_fraction"": 0.25, ""crossbar_offset"": 0.03, ""crossbar_reference"": ""latest"", ""cumulative_cap"": 2, ""cumulative_points"": 0.0, ""directional"": false, ""drop_sites"": false, ""exact_insert"": true, ""initial_reflection"": false, ""initial_rotation_span"": 1.5707963267948966, ""initial_rotation_steps"": 12, ""near_clear_distance"": 50.0, ""near_clear_radius"": 20.0, ""negative_regions"": ""disk"", ""opportunistic"": false, ""opportunistic_candidates"": 3, ""opportunistic_distance"": 650.0, ""probe_offset"": 0.25, ""radio_limit"": 12, ""route"": ""joint"", ""route_estimate"": 0.5, ""route_mode"": ""backbone"", ""scan_current_first"": true, ""search_first"": false, ""share"": true, ""share_ratio"": 0.7, ""source_bias"": 0.0, ""station_inner"": 990.0, ""station_layout"": ""8_16"", ""station_spec"": [8, 12, 995, 1864, 0], ""stop_when_found16"": true, ""trial_radius"": 40.0}",ablation/q4_full/q4/paper_q4_n10_s960007/metrics.json
ablation,q4_full,q4,paper_q4_n10_s960008,a50200084bba6ca5d833b6999a3601288c4f3dd93878e69d939e923b69cc679b,960008,10,True,True,10,10,574.5684063838329,5745.684063838329,3952.684063838328,1460.0,283.0,50.0,292,283,10,afdc6cdd1944b0f85ad1535a00539758f1b47104261f720693ac0ead3d2f31ad,"{""angle_bin"": 4.0, ""conditional_range"": true, ""crossbar"": true, ""crossbar_after_dark"": false, ""crossbar_fraction"": 0.25, ""crossbar_offset"": 0.03, ""crossbar_reference"": ""latest"", ""cumulative_cap"": 2, ""cumulative_points"": 0.0, ""directional"": false, ""drop_sites"": false, ""exact_insert"": true, ""initial_reflection"": false, ""initial_rotation_span"": 1.5707963267948966, ""initial_rotation_steps"": 12, ""near_clear_distance"": 50.0, ""near_clear_radius"": 20.0, ""negative_regions"": ""disk"", ""opportunistic"": false, ""opportunistic_candidates"": 3, ""opportunistic_distance"": 650.0, ""probe_offset"": 0.25, ""radio_limit"": 12, ""route"": ""joint"", ""route_estimate"": 0.5, ""route_mode"": ""backbone"", ""scan_current_first"": true, ""search_first"": false, ""share"": true, ""share_ratio"": 0.7, ""source_bias"": 0.0, ""station_inner"": 990.0, ""station_layout"": ""8_16"", ""station_spec"": [8, 12, 995, 1864, 0], ""stop_when_found16"": true, ""trial_radius"": 40.0}",ablation/q4_full/q4/paper_q4_n10_s960008/metrics.json
ablation,q4_full,q4,paper_q4_n10_s960009,8e49a81d41852454f8fdbe13137b9782a07dbf23b608ccb0e8f1778d9e0256a4,960009,10,True,True,10,10,606.3969728713143,6063.969728713143,4223.969728713144,1500.0,287.0,53.0,300,287,11,afdc6cdd1944b0f85ad1535a00539758f1b47104261f720693ac0ead3d2f31ad,"{""angle_bin"": 4.0, ""conditional_range"": true, ""crossbar"": true, ""crossbar_after_dark"": false, ""crossbar_fraction"": 0.25, ""crossbar_offset"": 0.03, ""crossbar_reference"": ""latest"", ""cumulative_cap"": 2, ""cumulative_points"": 0.0, ""directional"": false, ""drop_sites"": false, ""exact_insert"": true, ""initial_reflection"": false, ""initial_rotation_span"": 1.5707963267948966, ""initial_rotation_steps"": 12, ""near_clear_distance"": 50.0, ""near_clear_radius"": 20.0, ""negative_regions"": ""disk"", ""opportunistic"": false, ""opportunistic_candidates"": 3, ""opportunistic_distance"": 650.0, ""probe_offset"": 0.25, ""radio_limit"": 12, ""route"": ""joint"", ""route_estimate"": 0.5, ""route_mode"": ""backbone"", ""scan_current_first"": true, ""search_first"": false, ""share"": true, ""share_ratio"": 0.7, ""source_bias"": 0.0, ""station_inner"": 990.0, ""station_layout"": ""8_16"", ""station_spec"": [8, 12, 995, 1864, 0], ""stop_when_found16"": true, ""trial_radius"": 40.0}",ablation/q4_full/q4/paper_q4_n10_s960009/metrics.json
ablation,q4_full,q4,paper_q4_n10_s960010,d1a4e53a0b827ae62d623b532b77ab5d10c17699e4e4d6eb7f02f22fd4ed50eb,960010,10,True,True,10,10,561.0610443444559,5610.61044344456,3915.610443444559,1370.0,263.0,62.0,274,263,14,afdc6cdd1944b0f85ad1535a00539758f1b47104261f720693ac0ead3d2f31ad,"{""angle_bin"": 4.0, ""conditional_range"": true, ""crossbar"": true, ""crossbar_after_dark"": false, ""crossbar_fraction"": 0.25, ""crossbar_offset"": 0.03, ""crossbar_reference"": ""latest"", ""cumulative_cap"": 2, ""cumulative_points"": 0.0, ""directional"": false, ""drop_sites"": false, ""exact_insert"": true, ""initial_reflection"": false, ""initial_rotation_span"": 1.5707963267948966, ""initial_rotation_steps"": 12, ""near_clear_distance"": 50.0, ""near_clear_radius"": 20.0, ""negative_regions"": ""disk"", ""opportunistic"": false, ""opportunistic_candidates"": 3, ""opportunistic_distance"": 650.0, ""probe_offset"": 0.25, ""radio_limit"": 12, ""route"": ""joint"", ""route_estimate"": 0.5, ""route_mode"": ""backbone"", ""scan_current_first"": true, ""search_first"": false, ""share"": true, ""share_ratio"": 0.7, ""source_bias"": 0.0, ""station_inner"": 990.0, ""station_layout"": ""8_16"", ""station_spec"": [8, 12, 995, 1864, 0], ""stop_when_found16"": true, ""trial_radius"": 40.0}",ablation/q4_full/q4/paper_q4_n10_s960010/metrics.json
ablation,q4_full,q4,paper_q4_n10_s960011,766d81fe94af0b07461fadce21001d3498e149dd464251863bbf8dd6544f916c,960011,10,True,True,10,10,567.7699205136619,5677.699205136619,3989.6992051366187,1375.0,260.0,53.0,275,260,11,afdc6cdd1944b0f85ad1535a00539758f1b47104261f720693ac0ead3d2f31ad,"{""angle_bin"": 4.0, ""conditional_range"": true, ""crossbar"": true, ""crossbar_after_dark"": false, ""crossbar_fraction"": 0.25, ""crossbar_offset"": 0.03, ""crossbar_reference"": ""latest"", ""cumulative_cap"": 2, ""cumulative_points"": 0.0, ""directional"": false, ""drop_sites"": false, ""exact_insert"": true, ""initial_reflection"": false, ""initial_rotation_span"": 1.5707963267948966, ""initial_rotation_steps"": 12, ""near_clear_distance"": 50.0, ""near_clear_radius"": 20.0, ""negative_regions"": ""disk"", ""opportunistic"": false, ""opportunistic_candidates"": 3, ""opportunistic_distance"": 650.0, ""probe_offset"": 0.25, ""radio_limit"": 12, ""route"": ""joint"", ""route_estimate"": 0.5, ""route_mode"": ""backbone"", ""scan_current_first"": true, ""search_first"": false, ""share"": true, ""share_ratio"": 0.7, ""source_bias"": 0.0, ""station_inner"": 990.0, ""station_layout"": ""8_16"", ""station_spec"": [8, 12, 995, 1864, 0], ""stop_when_found16"": true, ""trial_radius"": 40.0}",ablation/q4_full/q4/paper_q4_n10_s960011/metrics.json
ablation,q4_full,q4,paper_q4_n10_s960012,703efdc7a86ef0638cbaa1e4565737490a0ad5e887ed7224cd42d4e47bae2adf,960012,10,True,True,10,10,586.613784441022,5866.137844410219,4094.137844410221,1445.0,274.0,53.0,289,274,11,afdc6cdd1944b0f85ad1535a00539758f1b47104261f720693ac0ead3d2f31ad,"{""angle_bin"": 4.0, ""conditional_range"": true, ""crossbar"": true, ""crossbar_after_dark"": false, ""crossbar_fraction"": 0.25, ""crossbar_offset"": 0.03, ""crossbar_reference"": ""latest"", ""cumulative_cap"": 2, ""cumulative_points"": 0.0, ""directional"": false, ""drop_sites"": false, ""exact_insert"": true, ""initial_reflection"": false, ""initial_rotation_span"": 1.5707963267948966, ""initial_rotation_steps"": 12, ""near_clear_distance"": 50.0, ""near_clear_radius"": 20.0, ""negative_regions"": ""disk"", ""opportunistic"": false, ""opportunistic_candidates"": 3, ""opportunistic_distance"": 650.0, ""probe_offset"": 0.25, ""radio_limit"": 12, ""route"": ""joint"", ""route_estimate"": 0.5, ""route_mode"": ""backbone"", ""scan_current_first"": true, ""search_first"": false, ""share"": true, ""share_ratio"": 0.7, ""source_bias"": 0.0, ""station_inner"": 990.0, ""station_layout"": ""8_16"", ""station_spec"": [8, 12, 995, 1864, 0], ""stop_when_found16"": true, ""trial_radius"": 40.0}",ablation/q4_full/q4/paper_q4_n10_s960012/metrics.json
ablation,q4_full,q4,paper_q4_n10_s960013,2d87203b18352d2c739222e5b16af035235cf6914cf5b34691e429c40916c91b,960013,10,True,True,10,10,640.0998676292089,6400.998676292089,4445.998676292087,1600.0,302.0,53.0,320,302,11,afdc6cdd1944b0f85ad1535a00539758f1b47104261f720693ac0ead3d2f31ad,"{""angle_bin"": 4.0, ""conditional_range"": true, ""crossbar"": true, ""crossbar_after_dark"": false, ""crossbar_fraction"": 0.25, ""crossbar_offset"": 0.03, ""crossbar_reference"": ""latest"", ""cumulative_cap"": 2, ""cumulative_points"": 0.0, ""directional"": false, ""drop_sites"": false, ""exact_insert"": true, ""initial_reflection"": false, ""initial_rotation_span"": 1.5707963267948966, ""initial_rotation_steps"": 12, ""near_clear_distance"": 50.0, ""near_clear_radius"": 20.0, ""negative_regions"": ""disk"", ""opportunistic"": false, ""opportunistic_candidates"": 3, ""opportunistic_distance"": 650.0, ""probe_offset"": 0.25, ""radio_limit"": 12, ""route"": ""joint"", ""route_estimate"": 0.5, ""route_mode"": ""backbone"", ""scan_current_first"": true, ""search_first"": false, ""share"": true, ""share_ratio"": 0.7, ""source_bias"": 0.0, ""station_inner"": 990.0, ""station_layout"": ""8_16"", ""station_spec"": [8, 12, 995, 1864, 0], ""stop_when_found16"": true, ""trial_radius"": 40.0}",ablation/q4_full/q4/paper_q4_n10_s960013/metrics.json
ablation,q4_full,q4,paper_q4_n10_s960014,62fc1daef45c37c33faaab81b3ca9012ca0f078e7fb0911ed4ec97efddb421f1,960014,10,True,True,10,10,583.7143811493918,5837.143811493917,4175.1438114939165,1355.0,257.0,50.0,271,257,10,afdc6cdd1944b0f85ad1535a00539758f1b47104261f720693ac0ead3d2f31ad,"{""angle_bin"": 4.0, ""conditional_range"": true, ""crossbar"": true, ""crossbar_after_dark"": false, ""crossbar_fraction"": 0.25, ""crossbar_offset"": 0.03, ""crossbar_reference"": ""latest"", ""cumulative_cap"": 2, ""cumulative_points"": 0.0, ""directional"": false, ""drop_sites"": false, ""exact_insert"": true, ""initial_reflection"": false, ""initial_rotation_span"": 1.5707963267948966, ""initial_rotation_steps"": 12, ""near_clear_distance"": 50.0, ""near_clear_radius"": 20.0, ""negative_regions"": ""disk"", ""opportunistic"": false, ""opportunistic_candidates"": 3, ""opportunistic_distance"": 650.0, ""probe_offset"": 0.25, ""radio_limit"": 12, ""route"": ""joint"", ""route_estimate"": 0.5, ""route_mode"": ""backbone"", ""scan_current_first"": true, ""search_first"": false, ""share"": true, ""share_ratio"": 0.7, ""source_bias"": 0.0, ""station_inner"": 990.0, ""station_layout"": ""8_16"", ""station_spec"": [8, 12, 995, 1864, 0], ""stop_when_found16"": true, ""trial_radius"": 40.0}",ablation/q4_full/q4/paper_q4_n10_s960014/metrics.json
ablation,q4_full,q4,paper_q4_n10_s960015,786e0a5748501bd13da2fb5fcf82c3ac6a7ff71e1830c44e7fc76fe4ae746aa5,960015,10,True,True,10,10,570.0608256139965,5700.608256139964,3926.6082561399658,1440.0,269.0,65.0,288,269,15,afdc6cdd1944b0f85ad1535a00539758f1b47104261f720693ac0ead3d2f31ad,"{""angle_bin"": 4.0, ""conditional_range"": true, ""crossbar"": true, ""crossbar_after_dark"": false, ""crossbar_fraction"": 0.25, ""crossbar_offset"": 0.03, ""crossbar_reference"": ""latest"", ""cumulative_cap"": 2, ""cumulative_points"": 0.0, ""directional"": false, ""drop_sites"": false, ""exact_insert"": true, ""initial_reflection"": false, ""initial_rotation_span"": 1.5707963267948966, ""initial_rotation_steps"": 12, ""near_clear_distance"": 50.0, ""near_clear_radius"": 20.0, ""negative_regions"": ""disk"", ""opportunistic"": false, ""opportunistic_candidates"": 3, ""opportunistic_distance"": 650.0, ""probe_offset"": 0.25, ""radio_limit"": 12, ""route"": ""joint"", ""route_estimate"": 0.5, ""route_mode"": ""backbone"", ""scan_current_first"": true, ""search_first"": false, ""share"": true, ""share_ratio"": 0.7, ""source_bias"": 0.0, ""station_inner"": 990.0, ""station_layout"": ""8_16"", ""station_spec"": [8, 12, 995, 1864, 0], ""stop_when_found16"": true, ""trial_radius"": 40.0}",ablation/q4_full/q4/paper_q4_n10_s960015/metrics.json
ablation,q4_full,q4,paper_q4_n10_s960016,289739bdb664f6ba8e2416d3709159e3e5bfb90814c6d43081ebae655f341b30,960016,10,True,True,10,10,586.0097432508691,5860.097432508691,4146.09743250869,1395.0,269.0,50.0,279,269,10,afdc6cdd1944b0f85ad1535a00539758f1b47104261f720693ac0ead3d2f31ad,"{""angle_bin"": 4.0, ""conditional_range"": true, ""crossbar"": true, ""crossbar_after_dark"": false, ""crossbar_fraction"": 0.25, ""crossbar_offset"": 0.03, ""crossbar_reference"": ""latest"", ""cumulative_cap"": 2, ""cumulative_points"": 0.0, ""directional"": false, ""drop_sites"": false, ""exact_insert"": true, ""initial_reflection"": false, ""initial_rotation_span"": 1.5707963267948966, ""initial_rotation_steps"": 12, ""near_clear_distance"": 50.0, ""near_clear_radius"": 20.0, ""negative_regions"": ""disk"", ""opportunistic"": false, ""opportunistic_candidates"": 3, ""opportunistic_distance"": 650.0, ""probe_offset"": 0.25, ""radio_limit"": 12, ""route"": ""joint"", ""route_estimate"": 0.5, ""route_mode"": ""backbone"", ""scan_current_first"": true, ""search_first"": false, ""share"": true, ""share_ratio"": 0.7, ""source_bias"": 0.0, ""station_inner"": 990.0, ""station_layout"": ""8_16"", ""station_spec"": [8, 12, 995, 1864, 0], ""stop_when_found16"": true, ""trial_radius"": 40.0}",ablation/q4_full/q4/paper_q4_n10_s960016/metrics.json
ablation,q4_full,q4,paper_q4_n10_s960017,8eec67759a34add255ee4e92aef60de171d284d6d00cd8815965b7338fb036e4,960017,10,True,True,10,10,552.4628754785329,5524.628754785328,3910.6287547853276,1315.0,249.0,50.0,263,249,10,afdc6cdd1944b0f85ad1535a00539758f1b47104261f720693ac0ead3d2f31ad,"{""angle_bin"": 4.0, ""conditional_range"": true, ""crossbar"": true, ""crossbar_after_dark"": false, ""crossbar_fraction"": 0.25, ""crossbar_offset"": 0.03, ""crossbar_reference"": ""latest"", ""cumulative_cap"": 2, ""cumulative_points"": 0.0, ""directional"": false, ""drop_sites"": false, ""exact_insert"": true, ""initial_reflection"": false, ""initial_rotation_span"": 1.5707963267948966, ""initial_rotation_steps"": 12, ""near_clear_distance"": 50.0, ""near_clear_radius"": 20.0, ""negative_regions"": ""disk"", ""opportunistic"": false, ""opportunistic_candidates"": 3, ""opportunistic_distance"": 650.0, ""probe_offset"": 0.25, ""radio_limit"": 12, ""route"": ""joint"", ""route_estimate"": 0.5, ""route_mode"": ""backbone"", ""scan_current_first"": true, ""search_first"": false, ""share"": true, ""share_ratio"": 0.7, ""source_bias"": 0.0, ""station_inner"": 990.0, ""station_layout"": ""8_16"", ""station_spec"": [8, 12, 995, 1864, 0], ""stop_when_found16"": true, ""trial_radius"": 40.0}",ablation/q4_full/q4/paper_q4_n10_s960017/metrics.json
ablation,q4_full,q4,paper_q4_n10_s960018,1147536cb66cc757feeea7b44096f960a97bf1f5905e68d35788554b1c6d15a0,960018,10,True,True,10,10,605.9265091674672,6059.2650916746725,4271.2650916746725,1465.0,273.0,50.0,293,273,10,afdc6cdd1944b0f85ad1535a00539758f1b47104261f720693ac0ead3d2f31ad,"{""angle_bin"": 4.0, ""conditional_range"": true, ""crossbar"": true, ""crossbar_after_dark"": false, ""crossbar_fraction"": 0.25, ""crossbar_offset"": 0.03, ""crossbar_reference"": ""latest"", ""cumulative_cap"": 2, ""cumulative_points"": 0.0, ""directional"": false, ""drop_sites"": false, ""exact_insert"": true, ""initial_reflection"": false, ""initial_rotation_span"": 1.5707963267948966, ""initial_rotation_steps"": 12, ""near_clear_distance"": 50.0, ""near_clear_radius"": 20.0, ""negative_regions"": ""disk"", ""opportunistic"": false, ""opportunistic_candidates"": 3, ""opportunistic_distance"": 650.0, ""probe_offset"": 0.25, ""radio_limit"": 12, ""route"": ""joint"", ""route_estimate"": 0.5, ""route_mode"": ""backbone"", ""scan_current_first"": true, ""search_first"": false, ""share"": true, ""share_ratio"": 0.7, ""source_bias"": 0.0, ""station_inner"": 990.0, ""station_layout"": ""8_16"", ""station_spec"": [8, 12, 995, 1864, 0], ""stop_when_found16"": true, ""trial_radius"": 40.0}",ablation/q4_full/q4/paper_q4_n10_s960018/metrics.json
ablation,q4_full,q4,paper_q4_n10_s960019,cf55d3f4e09f53fbb973530d6dd48121c475c525c9101a3c94703aad60256cf0,960019,10,True,True,10,10,612.6068205806915,6126.068205806915,4317.068205806916,1475.0,278.0,56.0,295,278,12,afdc6cdd1944b0f85ad1535a00539758f1b47104261f720693ac0ead3d2f31ad,"{""angle_bin"": 4.0, ""conditional_range"": true, ""crossbar"": true, ""crossbar_after_dark"": false, ""crossbar_fraction"": 0.25, ""crossbar_offset"": 0.03, ""crossbar_reference"": ""latest"", ""cumulative_cap"": 2, ""cumulative_points"": 0.0, ""directional"": false, ""drop_sites"": false, ""exact_insert"": true, ""initial_reflection"": false, ""initial_rotation_span"": 1.5707963267948966, ""initial_rotation_steps"": 12, ""near_clear_distance"": 50.0, ""near_clear_radius"": 20.0, ""negative_regions"": ""disk"", ""opportunistic"": false, ""opportunistic_candidates"": 3, ""opportunistic_distance"": 650.0, ""probe_offset"": 0.25, ""radio_limit"": 12, ""route"": ""joint"", ""route_estimate"": 0.5, ""route_mode"": ""backbone"", ""scan_current_first"": true, ""search_first"": false, ""share"": true, ""share_ratio"": 0.7, ""source_bias"": 0.0, ""station_inner"": 990.0, ""station_layout"": ""8_16"", ""station_spec"": [8, 12, 995, 1864, 0], ""stop_when_found16"": true, ""trial_radius"": 40.0}",ablation/q4_full/q4/paper_q4_n10_s960019/metrics.json
ablation,q4_full,q4,paper_q4_n16_s960040,b1005a485d954543d249bd4846074706e789f2ced4376ceda599b6fd9450b9c6,960040,16,True,True,16,16,346.29606617517953,5540.7370588028725,4303.7370588028725,985.0,172.0,80.0,197,172,16,afdc6cdd1944b0f85ad1535a00539758f1b47104261f720693ac0ead3d2f31ad,"{""angle_bin"": 4.0, ""conditional_range"": true, ""crossbar"": true, ""crossbar_after_dark"": false, ""crossbar_fraction"": 0.25, ""crossbar_offset"": 0.03, ""crossbar_reference"": ""latest"", ""cumulative_cap"": 2, ""cumulative_points"": 0.0, ""directional"": false, ""drop_sites"": false, ""exact_insert"": true, ""initial_reflection"": false, ""initial_rotation_span"": 1.5707963267948966, ""initial_rotation_steps"": 12, ""near_clear_distance"": 50.0, ""near_clear_radius"": 20.0, ""negative_regions"": ""disk"", ""opportunistic"": false, ""opportunistic_candidates"": 3, ""opportunistic_distance"": 650.0, ""probe_offset"": 0.25, ""radio_limit"": 12, ""route"": ""joint"", ""route_estimate"": 0.5, ""route_mode"": ""backbone"", ""scan_current_first"": true, ""search_first"": false, ""share"": true, ""share_ratio"": 0.7, ""source_bias"": 0.0, ""station_inner"": 990.0, ""station_layout"": ""8_16"", ""station_spec"": [8, 12, 995, 1864, 0], ""stop_when_found16"": true, ""trial_radius"": 40.0}",ablation/q4_full/q4/paper_q4_n16_s960040/metrics.json
ablation,q4_full,q4,paper_q4_n16_s960041,d0d4eda9ee7def4375ec93a8a793883f1892eed07ac67321b1595776be4fb9b0,960041,16,True,True,16,16,360.5925921686216,5769.4814746979455,4240.4814746979455,1215.0,225.0,89.0,243,225,19,afdc6cdd1944b0f85ad1535a00539758f1b47104261f720693ac0ead3d2f31ad,"{""angle_bin"": 4.0, ""conditional_range"": true, ""crossbar"": true, ""crossbar_after_dark"": false, ""crossbar_fraction"": 0.25, ""crossbar_offset"": 0.03, ""crossbar_reference"": ""latest"", ""cumulative_cap"": 2, ""cumulative_points"": 0.0, ""directional"": false, ""drop_sites"": false, ""exact_insert"": true, ""initial_reflection"": false, ""initial_rotation_span"": 1.5707963267948966, ""initial_rotation_steps"": 12, ""near_clear_distance"": 50.0, ""near_clear_radius"": 20.0, ""negative_regions"": ""disk"", ""opportunistic"": false, ""opportunistic_candidates"": 3, ""opportunistic_distance"": 650.0, ""probe_offset"": 0.25, ""radio_limit"": 12, ""route"": ""joint"", ""route_estimate"": 0.5, ""route_mode"": ""backbone"", ""scan_current_first"": true, ""search_first"": false, ""share"": true, ""share_ratio"": 0.7, ""source_bias"": 0.0, ""station_inner"": 990.0, ""station_layout"": ""8_16"", ""station_spec"": [8, 12, 995, 1864, 0], ""stop_when_found16"": true, ""trial_radius"": 40.0}",ablation/q4_full/q4/paper_q4_n16_s960041/metrics.json
ablation,q4_full,q4,paper_q4_n16_s960042,429d445dee31fd1076a19249d749c7bd99c77ba7636d01b14771e68c4c2d0c94,960042,16,True,True,16,16,317.7587859228601,5084.140574765762,3881.140574765759,945.0,172.0,86.0,189,172,18,afdc6cdd1944b0f85ad1535a00539758f1b47104261f720693ac0ead3d2f31ad,"{""angle_bin"": 4.0, ""conditional_range"": true, ""crossbar"": true, ""crossbar_after_dark"": false, ""crossbar_fraction"": 0.25, ""crossbar_offset"": 0.03, ""crossbar_reference"": ""latest"", ""cumulative_cap"": 2, ""cumulative_points"": 0.0, ""directional"": false, ""drop_sites"": false, ""exact_insert"": true, ""initial_reflection"": false, ""initial_rotation_span"": 1.5707963267948966, ""initial_rotation_steps"": 12, ""near_clear_distance"": 50.0, ""near_clear_radius"": 20.0, ""negative_regions"": ""disk"", ""opportunistic"": false, ""opportunistic_candidates"": 3, ""opportunistic_distance"": 650.0, ""probe_offset"": 0.25, ""radio_limit"": 12, ""route"": ""joint"", ""route_estimate"": 0.5, ""route_mode"": ""backbone"", ""scan_current_first"": true, ""search_first"": false, ""share"": true, ""share_ratio"": 0.7, ""source_bias"": 0.0, ""station_inner"": 990.0, ""station_layout"": ""8_16"", ""station_spec"": [8, 12, 995, 1864, 0], ""stop_when_found16"": true, ""trial_radius"": 40.0}",ablation/q4_full/q4/paper_q4_n16_s960042/metrics.json
ablation,q4_full,q4,paper_q4_n16_s960043,890edfc43be11ed9cb6673a095c3f9d1f9bd00eee552bcf025424d833eb387b8,960043,16,True,True,16,16,325.1259126146365,5202.014601834184,4020.014601834185,930.0,166.0,86.0,186,166,18,afdc6cdd1944b0f85ad1535a00539758f1b47104261f720693ac0ead3d2f31ad,"{""angle_bin"": 4.0, ""conditional_range"": true, ""crossbar"": true, ""crossbar_after_dark"": false, ""crossbar_fraction"": 0.25, ""crossbar_offset"": 0.03, ""crossbar_reference"": ""latest"", ""cumulative_cap"": 2, ""cumulative_points"": 0.0, ""directional"": false, ""drop_sites"": false, ""exact_insert"": true, ""initial_reflection"": false, ""initial_rotation_span"": 1.5707963267948966, ""initial_rotation_steps"": 12, ""near_clear_distance"": 50.0, ""near_clear_radius"": 20.0, ""negative_regions"": ""disk"", ""opportunistic"": false, ""opportunistic_candidates"": 3, ""opportunistic_distance"": 650.0, ""probe_offset"": 0.25, ""radio_limit"": 12, ""route"": ""joint"", ""route_estimate"": 0.5, ""route_mode"": ""backbone"", ""scan_current_first"": true, ""search_first"": false, ""share"": true, ""share_ratio"": 0.7, ""source_bias"": 0.0, ""station_inner"": 990.0, ""station_layout"": ""8_16"", ""station_spec"": [8, 12, 995, 1864, 0], ""stop_when_found16"": true, ""trial_radius"": 40.0}",ablation/q4_full/q4/paper_q4_n16_s960043/metrics.json
ablation,q4_full,q4,paper_q4_n16_s960044,3e93ad6707a0652a9c98c415187fd78b4c12165d349d1420dd80a0573d745e09,960044,16,True,True,16,16,342.75252479949086,5484.040396791854,4155.040396791854,1060.0,189.0,80.0,212,189,16,afdc6cdd1944b0f85ad1535a00539758f1b47104261f720693ac0ead3d2f31ad,"{""angle_bin"": 4.0, ""conditional_range"": true, ""crossbar"": true, ""crossbar_after_dark"": false, ""crossbar_fraction"": 0.25, ""crossbar_offset"": 0.03, ""crossbar_reference"": ""latest"", ""cumulative_cap"": 2, ""cumulative_points"": 0.0, ""directional"": false, ""drop_sites"": false, ""exact_insert"": true, ""initial_reflection"": false, ""initial_rotation_span"": 1.5707963267948966, ""initial_rotation_steps"": 12, ""near_clear_distance"": 50.0, ""near_clear_radius"": 20.0, ""negative_regions"": ""disk"", ""opportunistic"": false, ""opportunistic_candidates"": 3, ""opportunistic_distance"": 650.0, ""probe_offset"": 0.25, ""radio_limit"": 12, ""route"": ""joint"", ""route_estimate"": 0.5, ""route_mode"": ""backbone"", ""scan_current_first"": true, ""search_first"": false, ""share"": true, ""share_ratio"": 0.7, ""source_bias"": 0.0, ""station_inner"": 990.0, ""station_layout"": ""8_16"", ""station_spec"": [8, 12, 995, 1864, 0], ""stop_when_found16"": true, ""trial_radius"": 40.0}",ablation/q4_full/q4/paper_q4_n16_s960044/metrics.json
ablation,q4_full,q4,paper_q4_n16_s960045,3cad5d7f229b2c51c945985233487543874251e74c0e6b296e648079d13bb7f9,960045,16,True,True,16,16,304.7938497299366,4876.7015956789855,3753.7015956789874,880.0,163.0,80.0,176,163,16,afdc6cdd1944b0f85ad1535a00539758f1b47104261f720693ac0ead3d2f31ad,"{""angle_bin"": 4.0, ""conditional_range"": true, ""crossbar"": true, ""crossbar_after_dark"": false, ""crossbar_fraction"": 0.25, ""crossbar_offset"": 0.03, ""crossbar_reference"": ""latest"", ""cumulative_cap"": 2, ""cumulative_points"": 0.0, ""directional"": false, ""drop_sites"": false, ""exact_insert"": true, ""initial_reflection"": false, ""initial_rotation_span"": 1.5707963267948966, ""initial_rotation_steps"": 12, ""near_clear_distance"": 50.0, ""near_clear_radius"": 20.0, ""negative_regions"": ""disk"", ""opportunistic"": false, ""opportunistic_candidates"": 3, ""opportunistic_distance"": 650.0, ""probe_offset"": 0.25, ""radio_limit"": 12, ""route"": ""joint"", ""route_estimate"": 0.5, ""route_mode"": ""backbone"", ""scan_current_first"": true, ""search_first"": false, ""share"": true, ""share_ratio"": 0.7, ""source_bias"": 0.0, ""station_inner"": 990.0, ""station_layout"": ""8_16"", ""station_spec"": [8, 12, 995, 1864, 0], ""stop_when_found16"": true, ""trial_radius"": 40.0}",ablation/q4_full/q4/paper_q4_n16_s960045/metrics.json
ablation,q4_full,q4,paper_q4_n16_s960046,7040da829ed4799b41c8235979675a92458a40cf4d2a21d36f2bd093a8fce226,960046,16,True,True,16,16,345.115762813306,5521.852205012896,4189.852205012897,1055.0,194.0,83.0,211,194,17,afdc6cdd1944b0f85ad1535a00539758f1b47104261f720693ac0ead3d2f31ad,"{""angle_bin"": 4.0, ""conditional_range"": true, ""crossbar"": true, ""crossbar_after_dark"": false, ""crossbar_fraction"": 0.25, ""crossbar_offset"": 0.03, ""crossbar_reference"": ""latest"", ""cumulative_cap"": 2, ""cumulative_points"": 0.0, ""directional"": false, ""drop_sites"": false, ""exact_insert"": true, ""initial_reflection"": false, ""initial_rotation_span"": 1.5707963267948966, ""initial_rotation_steps"": 12, ""near_clear_distance"": 50.0, ""near_clear_radius"": 20.0, ""negative_regions"": ""disk"", ""opportunistic"": false, ""opportunistic_candidates"": 3, ""opportunistic_distance"": 650.0, ""probe_offset"": 0.25, ""radio_limit"": 12, ""route"": ""joint"", ""route_estimate"": 0.5, ""route_mode"": ""backbone"", ""scan_current_first"": true, ""search_first"": false, ""share"": true, ""share_ratio"": 0.7, ""source_bias"": 0.0, ""station_inner"": 990.0, ""station_layout"": ""8_16"", ""station_spec"": [8, 12, 995, 1864, 0], ""stop_when_found16"": true, ""trial_radius"": 40.0}",ablation/q4_full/q4/paper_q4_n16_s960046/metrics.json
ablation,q4_full,q4,paper_q4_n16_s960047,f8ec8de50f5e67238ff9f26f1b06b20e5cee54a52c2ecf8e944bf4566f28650b,960047,16,True,True,16,16,267.04926405140276,4272.788224822444,3374.788224822444,685.0,124.0,89.0,137,124,19,afdc6cdd1944b0f85ad1535a00539758f1b47104261f720693ac0ead3d2f31ad,"{""angle_bin"": 4.0, ""conditional_range"": true, ""crossbar"": true, ""crossbar_after_dark"": false, ""crossbar_fraction"": 0.25, ""crossbar_offset"": 0.03, ""crossbar_reference"": ""latest"", ""cumulative_cap"": 2, ""cumulative_points"": 0.0, ""directional"": false, ""drop_sites"": false, ""exact_insert"": true, ""initial_reflection"": false, ""initial_rotation_span"": 1.5707963267948966, ""initial_rotation_steps"": 12, ""near_clear_distance"": 50.0, ""near_clear_radius"": 20.0, ""negative_regions"": ""disk"", ""opportunistic"": false, ""opportunistic_candidates"": 3, ""opportunistic_distance"": 650.0, ""probe_offset"": 0.25, ""radio_limit"": 12, ""route"": ""joint"", ""route_estimate"": 0.5, ""route_mode"": ""backbone"", ""scan_current_first"": true, ""search_first"": false, ""share"": true, ""share_ratio"": 0.7, ""source_bias"": 0.0, ""station_inner"": 990.0, ""station_layout"": ""8_16"", ""station_spec"": [8, 12, 995, 1864, 0], ""stop_when_found16"": true, ""trial_radius"": 40.0}",ablation/q4_full/q4/paper_q4_n16_s960047/metrics.json
ablation,q4_full,q4,paper_q4_n16_s960048,24b3a08e1ec1170c0cddce56334844156aa2af548365a9cf4896d69405a3be74,960048,16,True,True,16,16,339.72981316051494,5435.677010568239,4290.677010568242,905.0,157.0,83.0,181,157,17,afdc6cdd1944b0f85ad1535a00539758f1b47104261f720693ac0ead3d2f31ad,"{""angle_bin"": 4.0, ""conditional_range"": true, ""crossbar"": true, ""crossbar_after_dark"": false, ""crossbar_fraction"": 0.25, ""crossbar_offset"": 0.03, ""crossbar_reference"": ""latest"", ""cumulative_cap"": 2, ""cumulative_points"": 0.0, ""directional"": false, ""drop_sites"": false, ""exact_insert"": true, ""initial_reflection"": false, ""initial_rotation_span"": 1.5707963267948966, ""initial_rotation_steps"": 12, ""near_clear_distance"": 50.0, ""near_clear_radius"": 20.0, ""negative_regions"": ""disk"", ""opportunistic"": false, ""opportunistic_candidates"": 3, ""opportunistic_distance"": 650.0, ""probe_offset"": 0.25, ""radio_limit"": 12, ""route"": ""joint"", ""route_estimate"": 0.5, ""route_mode"": ""backbone"", ""scan_current_first"": true, ""search_first"": false, ""share"": true, ""share_ratio"": 0.7, ""source_bias"": 0.0, ""station_inner"": 990.0, ""station_layout"": ""8_16"", ""station_spec"": [8, 12, 995, 1864, 0], ""stop_when_found16"": true, ""trial_radius"": 40.0}",ablation/q4_full/q4/paper_q4_n16_s960048/metrics.json
ablation,q4_full,q4,paper_q4_n16_s960049,9c98e77ebf3bc49595e283c552192c4decebf03b6eada728c4e756a916cf4043,960049,16,True,True,16,16,325.4730702065464,5207.569123304743,3965.5691233047446,985.0,174.0,83.0,197,174,17,afdc6cdd1944b0f85ad1535a00539758f1b47104261f720693ac0ead3d2f31ad,"{""angle_bin"": 4.0, ""conditional_range"": true, ""crossbar"": true, ""crossbar_after_dark"": false, ""crossbar_fraction"": 0.25, ""crossbar_offset"": 0.03, ""crossbar_reference"": ""latest"", ""cumulative_cap"": 2, ""cumulative_points"": 0.0, ""directional"": false, ""drop_sites"": false, ""exact_insert"": true, ""initial_reflection"": false, ""initial_rotation_span"": 1.5707963267948966, ""initial_rotation_steps"": 12, ""near_clear_distance"": 50.0, ""near_clear_radius"": 20.0, ""negative_regions"": ""disk"", ""opportunistic"": false, ""opportunistic_candidates"": 3, ""opportunistic_distance"": 650.0, ""probe_offset"": 0.25, ""radio_limit"": 12, ""route"": ""joint"", ""route_estimate"": 0.5, ""route_mode"": ""backbone"", ""scan_current_first"": true, ""search_first"": false, ""share"": true, ""share_ratio"": 0.7, ""source_bias"": 0.0, ""station_inner"": 990.0, ""station_layout"": ""8_16"", ""station_spec"": [8, 12, 995, 1864, 0], ""stop_when_found16"": true, ""trial_radius"": 40.0}",ablation/q4_full/q4/paper_q4_n16_s960049/metrics.json
ablation,q4_full,q4,paper_q4_n16_s960050,4c29da39e95a72a666d839bdfc3e2f12f3fe62af915ad74e5f93a916493ee72d,960050,16,True,True,16,16,262.15718902498,4194.51502439968,3229.515024399681,740.0,133.0,92.0,148,133,20,afdc6cdd1944b0f85ad1535a00539758f1b47104261f720693ac0ead3d2f31ad,"{""angle_bin"": 4.0, ""conditional_range"": true, ""crossbar"": true, ""crossbar_after_dark"": false, ""crossbar_fraction"": 0.25, ""crossbar_offset"": 0.03, ""crossbar_reference"": ""latest"", ""cumulative_cap"": 2, ""cumulative_points"": 0.0, ""directional"": false, ""drop_sites"": false, ""exact_insert"": true, ""initial_reflection"": false, ""initial_rotation_span"": 1.5707963267948966, ""initial_rotation_steps"": 12, ""near_clear_distance"": 50.0, ""near_clear_radius"": 20.0, ""negative_regions"": ""disk"", ""opportunistic"": false, ""opportunistic_candidates"": 3, ""opportunistic_distance"": 650.0, ""probe_offset"": 0.25, ""radio_limit"": 12, ""route"": ""joint"", ""route_estimate"": 0.5, ""route_mode"": ""backbone"", ""scan_current_first"": true, ""search_first"": false, ""share"": true, ""share_ratio"": 0.7, ""source_bias"": 0.0, ""station_inner"": 990.0, ""station_layout"": ""8_16"", ""station_spec"": [8, 12, 995, 1864, 0], ""stop_when_found16"": true, ""trial_radius"": 40.0}",ablation/q4_full/q4/paper_q4_n16_s960050/metrics.json
ablation,q4_full,q4,paper_q4_n16_s960051,3a7ba2677cfe71015289966abc8bab618fbdab5aac52bf87159b29697354bffb,960051,16,True,True,16,16,245.28552718940392,3924.5684350304628,3169.5684350304628,565.0,107.0,83.0,113,107,17,afdc6cdd1944b0f85ad1535a00539758f1b47104261f720693ac0ead3d2f31ad,"{""angle_bin"": 4.0, ""conditional_range"": true, ""crossbar"": true, ""crossbar_after_dark"": false, ""crossbar_fraction"": 0.25, ""crossbar_offset"": 0.03, ""crossbar_reference"": ""latest"", ""cumulative_cap"": 2, ""cumulative_points"": 0.0, ""directional"": false, ""drop_sites"": false, ""exact_insert"": true, ""initial_reflection"": false, ""initial_rotation_span"": 1.5707963267948966, ""initial_rotation_steps"": 12, ""near_clear_distance"": 50.0, ""near_clear_radius"": 20.0, ""negative_regions"": ""disk"", ""opportunistic"": false, ""opportunistic_candidates"": 3, ""opportunistic_distance"": 650.0, ""probe_offset"": 0.25, ""radio_limit"": 12, ""route"": ""joint"", ""route_estimate"": 0.5, ""route_mode"": ""backbone"", ""scan_current_first"": true, ""search_first"": false, ""share"": true, ""share_ratio"": 0.7, ""source_bias"": 0.0, ""station_inner"": 990.0, ""station_layout"": ""8_16"", ""station_spec"": [8, 12, 995, 1864, 0], ""stop_when_found16"": true, ""trial_radius"": 40.0}",ablation/q4_full/q4/paper_q4_n16_s960051/metrics.json
ablation,q4_full,q4,paper_q4_n16_s960052,64efc316b5c7066cc78ffc5fa9e03f2022e248a5547a0fff712b1db67655f2eb,960052,16,True,True,16,16,345.98817532264985,5535.810805162398,4237.810805162398,1020.0,189.0,89.0,204,189,19,afdc6cdd1944b0f85ad1535a00539758f1b47104261f720693ac0ead3d2f31ad,"{""angle_bin"": 4.0, ""conditional_range"": true, ""crossbar"": true, ""crossbar_after_dark"": false, ""crossbar_fraction"": 0.25, ""crossbar_offset"": 0.03, ""crossbar_reference"": ""latest"", ""cumulative_cap"": 2, ""cumulative_points"": 0.0, ""directional"": false, ""drop_sites"": false, ""exact_insert"": true, ""initial_reflection"": false, ""initial_rotation_span"": 1.5707963267948966, ""initial_rotation_steps"": 12, ""near_clear_distance"": 50.0, ""near_clear_radius"": 20.0, ""negative_regions"": ""disk"", ""opportunistic"": false, ""opportunistic_candidates"": 3, ""opportunistic_distance"": 650.0, ""probe_offset"": 0.25, ""radio_limit"": 12, ""route"": ""joint"", ""route_estimate"": 0.5, ""route_mode"": ""backbone"", ""scan_current_first"": true, ""search_first"": false, ""share"": true, ""share_ratio"": 0.7, ""source_bias"": 0.0, ""station_inner"": 990.0, ""station_layout"": ""8_16"", ""station_spec"": [8, 12, 995, 1864, 0], ""stop_when_found16"": true, ""trial_radius"": 40.0}",ablation/q4_full/q4/paper_q4_n16_s960052/metrics.json
ablation,q4_full,q4,paper_q4_n16_s960053,7df246795c5f13b0c33ba6cbd4aa1c946cba1de4d90d6bd6674d2717fb8af615,960053,16,True,True,16,16,325.71545978033004,5211.447356485281,4100.447356485282,875.0,156.0,80.0,175,156,16,afdc6cdd1944b0f85ad1535a00539758f1b47104261f720693ac0ead3d2f31ad,"{""angle_bin"": 4.0, ""conditional_range"": true, ""crossbar"": true, ""crossbar_after_dark"": false, ""crossbar_fraction"": 0.25, ""crossbar_offset"": 0.03, ""crossbar_reference"": ""latest"", ""cumulative_cap"": 2, ""cumulative_points"": 0.0, ""directional"": false, ""drop_sites"": false, ""exact_insert"": true, ""initial_reflection"": false, ""initial_rotation_span"": 1.5707963267948966, ""initial_rotation_steps"": 12, ""near_clear_distance"": 50.0, ""near_clear_radius"": 20.0, ""negative_regions"": ""disk"", ""opportunistic"": false, ""opportunistic_candidates"": 3, ""opportunistic_distance"": 650.0, ""probe_offset"": 0.25, ""radio_limit"": 12, ""route"": ""joint"", ""route_estimate"": 0.5, ""route_mode"": ""backbone"", ""scan_current_first"": true, ""search_first"": false, ""share"": true, ""share_ratio"": 0.7, ""source_bias"": 0.0, ""station_inner"": 990.0, ""station_layout"": ""8_16"", ""station_spec"": [8, 12, 995, 1864, 0], ""stop_when_found16"": true, ""trial_radius"": 40.0}",ablation/q4_full/q4/paper_q4_n16_s960053/metrics.json
ablation,q4_full,q4,paper_q4_n16_s960054,8206890b9b420cbaea6b693c5cf72b030d8708ed8e056c338d28b1e44d86553c,960054,16,True,True,16,16,342.7580592334154,5484.128947734646,4084.1289477346486,1115.0,205.0,80.0,223,205,16,afdc6cdd1944b0f85ad1535a00539758f1b47104261f720693ac0ead3d2f31ad,"{""angle_bin"": 4.0, ""conditional_range"": true, ""crossbar"": true, ""crossbar_after_dark"": false, ""crossbar_fraction"": 0.25, ""crossbar_offset"": 0.03, ""crossbar_reference"": ""latest"", ""cumulative_cap"": 2, ""cumulative_points"": 0.0, ""directional"": false, ""drop_sites"": false, ""exact_insert"": true, ""initial_reflection"": false, ""initial_rotation_span"": 1.5707963267948966, ""initial_rotation_steps"": 12, ""near_clear_distance"": 50.0, ""near_clear_radius"": 20.0, ""negative_regions"": ""disk"", ""opportunistic"": false, ""opportunistic_candidates"": 3, ""opportunistic_distance"": 650.0, ""probe_offset"": 0.25, ""radio_limit"": 12, ""route"": ""joint"", ""route_estimate"": 0.5, ""route_mode"": ""backbone"", ""scan_current_first"": true, ""search_first"": false, ""share"": true, ""share_ratio"": 0.7, ""source_bias"": 0.0, ""station_inner"": 990.0, ""station_layout"": ""8_16"", ""station_spec"": [8, 12, 995, 1864, 0], ""stop_when_found16"": true, ""trial_radius"": 40.0}",ablation/q4_full/q4/paper_q4_n16_s960054/metrics.json
ablation,q4_full,q4,paper_q4_n16_s960055,6ff9e44e5b062ac46df867868e4bfdbce3357ab9b37f57f39768831f22daa029,960055,16,True,True,16,16,295.8024683518045,4732.839493628872,3768.8394936288723,740.0,135.0,89.0,148,135,19,afdc6cdd1944b0f85ad1535a00539758f1b47104261f720693ac0ead3d2f31ad,"{""angle_bin"": 4.0, ""conditional_range"": true, ""crossbar"": true, ""crossbar_after_dark"": false, ""crossbar_fraction"": 0.25, ""crossbar_offset"": 0.03, ""crossbar_reference"": ""latest"", ""cumulative_cap"": 2, ""cumulative_points"": 0.0, ""directional"": false, ""drop_sites"": false, ""exact_insert"": true, ""initial_reflection"": false, ""initial_rotation_span"": 1.5707963267948966, ""initial_rotation_steps"": 12, ""near_clear_distance"": 50.0, ""near_clear_radius"": 20.0, ""negative_regions"": ""disk"", ""opportunistic"": false, ""opportunistic_candidates"": 3, ""opportunistic_distance"": 650.0, ""probe_offset"": 0.25, ""radio_limit"": 12, ""route"": ""joint"", ""route_estimate"": 0.5, ""route_mode"": ""backbone"", ""scan_current_first"": true, ""search_first"": false, ""share"": true, ""share_ratio"": 0.7, ""source_bias"": 0.0, ""station_inner"": 990.0, ""station_layout"": ""8_16"", ""station_spec"": [8, 12, 995, 1864, 0], ""stop_when_found16"": true, ""trial_radius"": 40.0}",ablation/q4_full/q4/paper_q4_n16_s960055/metrics.json
ablation,q4_full,q4,paper_q4_n16_s960056,6b2792b601130b0b46aa97b1ac0735656b2418610783d47c53cab64564495da2,960056,16,True,True,16,16,289.6831547900041,4634.9304766400655,3630.9304766400655,755.0,145.0,104.0,151,145,24,afdc6cdd1944b0f85ad1535a00539758f1b47104261f720693ac0ead3d2f31ad,"{""angle_bin"": 4.0, ""conditional_range"": true, ""crossbar"": true, ""crossbar_after_dark"": false, ""crossbar_fraction"": 0.25, ""crossbar_offset"": 0.03, ""crossbar_reference"": ""latest"", ""cumulative_cap"": 2, ""cumulative_points"": 0.0, ""directional"": false, ""drop_sites"": false, ""exact_insert"": true, ""initial_reflection"": false, ""initial_rotation_span"": 1.5707963267948966, ""initial_rotation_steps"": 12, ""near_clear_distance"": 50.0, ""near_clear_radius"": 20.0, ""negative_regions"": ""disk"", ""opportunistic"": false, ""opportunistic_candidates"": 3, ""opportunistic_distance"": 650.0, ""probe_offset"": 0.25, ""radio_limit"": 12, ""route"": ""joint"", ""route_estimate"": 0.5, ""route_mode"": ""backbone"", ""scan_current_first"": true, ""search_first"": false, ""share"": true, ""share_ratio"": 0.7, ""source_bias"": 0.0, ""station_inner"": 990.0, ""station_layout"": ""8_16"", ""station_spec"": [8, 12, 995, 1864, 0], ""stop_when_found16"": true, ""trial_radius"": 40.0}",ablation/q4_full/q4/paper_q4_n16_s960056/metrics.json
ablation,q4_full,q4,paper_q4_n16_s960057,6c60a413ad3c5d739c953deb475923dd63ed809d6227e8d1925f0cd9b6100136,960057,16,True,True,16,16,352.33437962944555,5637.350074071129,4343.350074071129,1025.0,186.0,83.0,205,186,17,afdc6cdd1944b0f85ad1535a00539758f1b47104261f720693ac0ead3d2f31ad,"{""angle_bin"": 4.0, ""conditional_range"": true, ""crossbar"": true, ""crossbar_after_dark"": false, ""crossbar_fraction"": 0.25, ""crossbar_offset"": 0.03, ""crossbar_reference"": ""latest"", ""cumulative_cap"": 2, ""cumulative_points"": 0.0, ""directional"": false, ""drop_sites"": false, ""exact_insert"": true, ""initial_reflection"": false, ""initial_rotation_span"": 1.5707963267948966, ""initial_rotation_steps"": 12, ""near_clear_distance"": 50.0, ""near_clear_radius"": 20.0, ""negative_regions"": ""disk"", ""opportunistic"": false, ""opportunistic_candidates"": 3, ""opportunistic_distance"": 650.0, ""probe_offset"": 0.25, ""radio_limit"": 12, ""route"": ""joint"", ""route_estimate"": 0.5, ""route_mode"": ""backbone"", ""scan_current_first"": true, ""search_first"": false, ""share"": true, ""share_ratio"": 0.7, ""source_bias"": 0.0, ""station_inner"": 990.0, ""station_layout"": ""8_16"", ""station_spec"": [8, 12, 995, 1864, 0], ""stop_when_found16"": true, ""trial_radius"": 40.0}",ablation/q4_full/q4/paper_q4_n16_s960057/metrics.json
ablation,q4_full,q4,paper_q4_n16_s960058,0694e76cf04a8b334687d6f66c3b8e5bd22fee936abafbcd9aed87fab9ea8753,960058,16,True,True,16,16,308.5078582202417,4936.125731523867,3785.125731523867,900.0,168.0,83.0,180,168,17,afdc6cdd1944b0f85ad1535a00539758f1b47104261f720693ac0ead3d2f31ad,"{""angle_bin"": 4.0, ""conditional_range"": true, ""crossbar"": true, ""crossbar_after_dark"": false, ""crossbar_fraction"": 0.25, ""crossbar_offset"": 0.03, ""crossbar_reference"": ""latest"", ""cumulative_cap"": 2, ""cumulative_points"": 0.0, ""directional"": false, ""drop_sites"": false, ""exact_insert"": true, ""initial_reflection"": false, ""initial_rotation_span"": 1.5707963267948966, ""initial_rotation_steps"": 12, ""near_clear_distance"": 50.0, ""near_clear_radius"": 20.0, ""negative_regions"": ""disk"", ""opportunistic"": false, ""opportunistic_candidates"": 3, ""opportunistic_distance"": 650.0, ""probe_offset"": 0.25, ""radio_limit"": 12, ""route"": ""joint"", ""route_estimate"": 0.5, ""route_mode"": ""backbone"", ""scan_current_first"": true, ""search_first"": false, ""share"": true, ""share_ratio"": 0.7, ""source_bias"": 0.0, ""station_inner"": 990.0, ""station_layout"": ""8_16"", ""station_spec"": [8, 12, 995, 1864, 0], ""stop_when_found16"": true, ""trial_radius"": 40.0}",ablation/q4_full/q4/paper_q4_n16_s960058/metrics.json
ablation,q4_full,q4,paper_q4_n16_s960059,05cc90bed98c2e255fab9f8178fbf5b2a553268aabc778715431067900d5c20d,960059,16,True,True,16,16,307.94499520852906,4927.119923336465,3838.1199233364646,850.0,156.0,83.0,170,156,17,afdc6cdd1944b0f85ad1535a00539758f1b47104261f720693ac0ead3d2f31ad,"{""angle_bin"": 4.0, ""conditional_range"": true, ""crossbar"": true, ""crossbar_after_dark"": false, ""crossbar_fraction"": 0.25, ""crossbar_offset"": 0.03, ""crossbar_reference"": ""latest"", ""cumulative_cap"": 2, ""cumulative_points"": 0.0, ""directional"": false, ""drop_sites"": false, ""exact_insert"": true, ""initial_reflection"": false, ""initial_rotation_span"": 1.5707963267948966, ""initial_rotation_steps"": 12, ""near_clear_distance"": 50.0, ""near_clear_radius"": 20.0, ""negative_regions"": ""disk"", ""opportunistic"": false, ""opportunistic_candidates"": 3, ""opportunistic_distance"": 650.0, ""probe_offset"": 0.25, ""radio_limit"": 12, ""route"": ""joint"", ""route_estimate"": 0.5, ""route_mode"": ""backbone"", ""scan_current_first"": true, ""search_first"": false, ""share"": true, ""share_ratio"": 0.7, ""source_bias"": 0.0, ""station_inner"": 990.0, ""station_layout"": ""8_16"", ""station_spec"": [8, 12, 995, 1864, 0], ""stop_when_found16"": true, ""trial_radius"": 40.0}",ablation/q4_full/q4/paper_q4_n16_s960059/metrics.json
ablation,q4_no_count_stop,q4,paper_q4_n10_s960000,921ea355b3d9146956f61f4ae430d6b93f1e70cdd84e26d3abe69cad19bef54c,960000,10,True,True,10,10,616.2958664818664,6162.958664818663,4295.958664818663,1525.0,289.0,53.0,305,289,11,5732772c0fd490241d37b3470514a0bef875291e205ca22dbbaa95810bb1175b,"{""angle_bin"": 4.0, ""conditional_range"": true, ""crossbar"": true, ""crossbar_after_dark"": false, ""crossbar_fraction"": 0.25, ""crossbar_offset"": 0.03, ""crossbar_reference"": ""latest"", ""cumulative_cap"": 2, ""cumulative_points"": 0.0, ""directional"": false, ""drop_sites"": false, ""exact_insert"": true, ""initial_reflection"": false, ""initial_rotation_span"": 1.5707963267948966, ""initial_rotation_steps"": 12, ""near_clear_distance"": 50.0, ""near_clear_radius"": 20.0, ""negative_regions"": ""disk"", ""opportunistic"": false, ""opportunistic_candidates"": 3, ""opportunistic_distance"": 650.0, ""probe_offset"": 0.25, ""radio_limit"": 12, ""route"": ""joint"", ""route_estimate"": 0.5, ""route_mode"": ""backbone"", ""scan_current_first"": true, ""search_first"": false, ""share"": true, ""share_ratio"": 0.7, ""source_bias"": 0.0, ""station_inner"": 990.0, ""station_layout"": ""8_16"", ""station_spec"": [8, 12, 995, 1864, 0], ""stop_when_found16"": false, ""trial_radius"": 40.0}",ablation/q4_no_count_stop/q4/paper_q4_n10_s960000/metrics.json
ablation,q4_no_count_stop,q4,paper_q4_n10_s960001,3c2d90f667bad6974cdf0e248fab341486a301486b771273f764547f2751f8cb,960001,10,True,True,10,10,611.3494901025755,6113.494901025755,4249.494901025756,1525.0,289.0,50.0,305,289,10,5732772c0fd490241d37b3470514a0bef875291e205ca22dbbaa95810bb1175b,"{""angle_bin"": 4.0, ""conditional_range"": true, ""crossbar"": true, ""crossbar_after_dark"": false, ""crossbar_fraction"": 0.25, ""crossbar_offset"": 0.03, ""crossbar_reference"": ""latest"", ""cumulative_cap"": 2, ""cumulative_points"": 0.0, ""directional"": false, ""drop_sites"": false, ""exact_insert"": true, ""initial_reflection"": false, ""initial_rotation_span"": 1.5707963267948966, ""initial_rotation_steps"": 12, ""near_clear_distance"": 50.0, ""near_clear_radius"": 20.0, ""negative_regions"": ""disk"", ""opportunistic"": false, ""opportunistic_candidates"": 3, ""opportunistic_distance"": 650.0, ""probe_offset"": 0.25, ""radio_limit"": 12, ""route"": ""joint"", ""route_estimate"": 0.5, ""route_mode"": ""backbone"", ""scan_current_first"": true, ""search_first"": false, ""share"": true, ""share_ratio"": 0.7, ""source_bias"": 0.0, ""station_inner"": 990.0, ""station_layout"": ""8_16"", ""station_spec"": [8, 12, 995, 1864, 0], ""stop_when_found16"": false, ""trial_radius"": 40.0}",ablation/q4_no_count_stop/q4/paper_q4_n10_s960001/metrics.json
ablation,q4_no_count_stop,q4,paper_q4_n10_s960002,4b89a8df99cafd241c47e55af9f95a54b1ee9ea5e16fe7130e2b7163c9f09d32,960002,10,True,True,10,10,563.7497472242784,5637.497472242784,3919.4974722427846,1400.0,262.0,56.0,280,262,12,5732772c0fd490241d37b3470514a0bef875291e205ca22dbbaa95810bb1175b,"{""angle_bin"": 4.0, ""conditional_range"": true, ""crossbar"": true, ""crossbar_after_dark"": false, ""crossbar_fraction"": 0.25, ""crossbar_offset"": 0.03, ""crossbar_reference"": ""latest"", ""cumulative_cap"": 2, ""cumulative_points"": 0.0, ""directional"": false, ""drop_sites"": false, ""exact_insert"": true, ""initial_reflection"": false, ""initial_rotation_span"": 1.5707963267948966, ""initial_rotation_steps"": 12, ""near_clear_distance"": 50.0, ""near_clear_radius"": 20.0, ""negative_regions"": ""disk"", ""opportunistic"": false, ""opportunistic_candidates"": 3, ""opportunistic_distance"": 650.0, ""probe_offset"": 0.25, ""radio_limit"": 12, ""route"": ""joint"", ""route_estimate"": 0.5, ""route_mode"": ""backbone"", ""scan_current_first"": true, ""search_first"": false, ""share"": true, ""share_ratio"": 0.7, ""source_bias"": 0.0, ""station_inner"": 990.0, ""station_layout"": ""8_16"", ""station_spec"": [8, 12, 995, 1864, 0], ""stop_when_found16"": false, ""trial_radius"": 40.0}",ablation/q4_no_count_stop/q4/paper_q4_n10_s960002/metrics.json
ablation,q4_no_count_stop,q4,paper_q4_n10_s960003,d5ee7b8cfe10c43ea185cc639804aae71d411b01ee1540fbc540be5e6fa22c0a,960003,10,True,True,10,10,556.5005085466586,5565.005085466586,3933.005085466586,1325.0,254.0,53.0,265,254,11,5732772c0fd490241d37b3470514a0bef875291e205ca22dbbaa95810bb1175b,"{""angle_bin"": 4.0, ""conditional_range"": true, ""crossbar"": true, ""crossbar_after_dark"": false, ""crossbar_fraction"": 0.25, ""crossbar_offset"": 0.03, ""crossbar_reference"": ""latest"", ""cumulative_cap"": 2, ""cumulative_points"": 0.0, ""directional"": false, ""drop_sites"": false, ""exact_insert"": true, ""initial_reflection"": false, ""initial_rotation_span"": 1.5707963267948966, ""initial_rotation_steps"": 12, ""near_clear_distance"": 50.0, ""near_clear_radius"": 20.0, ""negative_regions"": ""disk"", ""opportunistic"": false, ""opportunistic_candidates"": 3, ""opportunistic_distance"": 650.0, ""probe_offset"": 0.25, ""radio_limit"": 12, ""route"": ""joint"", ""route_estimate"": 0.5, ""route_mode"": ""backbone"", ""scan_current_first"": true, ""search_first"": false, ""share"": true, ""share_ratio"": 0.7, ""source_bias"": 0.0, ""station_inner"": 990.0, ""station_layout"": ""8_16"", ""station_spec"": [8, 12, 995, 1864, 0], ""stop_when_found16"": false, ""trial_radius"": 40.0}",ablation/q4_no_count_stop/q4/paper_q4_n10_s960003/metrics.json
ablation,q4_no_count_stop,q4,paper_q4_n10_s960004,1f988b31cf831af5aa25ce187ed6e54272d6b1871772eaa9bb115b1b6d726bd2,960004,10,True,True,10,10,575.8486781255233,5758.486781255233,4008.4867812552347,1425.0,266.0,59.0,285,266,13,5732772c0fd490241d37b3470514a0bef875291e205ca22dbbaa95810bb1175b,"{""angle_bin"": 4.0, ""conditional_range"": true, ""crossbar"": true, ""crossbar_after_dark"": false, ""crossbar_fraction"": 0.25, ""crossbar_offset"": 0.03, ""crossbar_reference"": ""latest"", ""cumulative_cap"": 2, ""cumulative_points"": 0.0, ""directional"": false, ""drop_sites"": false, ""exact_insert"": true, ""initial_reflection"": false, ""initial_rotation_span"": 1.5707963267948966, ""initial_rotation_steps"": 12, ""near_clear_distance"": 50.0, ""near_clear_radius"": 20.0, ""negative_regions"": ""disk"", ""opportunistic"": false, ""opportunistic_candidates"": 3, ""opportunistic_distance"": 650.0, ""probe_offset"": 0.25, ""radio_limit"": 12, ""route"": ""joint"", ""route_estimate"": 0.5, ""route_mode"": ""backbone"", ""scan_current_first"": true, ""search_first"": false, ""share"": true, ""share_ratio"": 0.7, ""source_bias"": 0.0, ""station_inner"": 990.0, ""station_layout"": ""8_16"", ""station_spec"": [8, 12, 995, 1864, 0], ""stop_when_found16"": false, ""trial_radius"": 40.0}",ablation/q4_no_count_stop/q4/paper_q4_n10_s960004/metrics.json
ablation,q4_no_count_stop,q4,paper_q4_n10_s960005,36aded449d8bbfeb55636622cc59a5b1dfcbc8fcf60b6079d88a2a6a4db548bd,960005,10,True,True,10,10,625.7732530203161,6257.732530203161,4432.732530203162,1495.0,280.0,50.0,299,280,10,5732772c0fd490241d37b3470514a0bef875291e205ca22dbbaa95810bb1175b,"{""angle_bin"": 4.0, ""conditional_range"": true, ""crossbar"": true, ""crossbar_after_dark"": false, ""crossbar_fraction"": 0.25, ""crossbar_offset"": 0.03, ""crossbar_reference"": ""latest"", ""cumulative_cap"": 2, ""cumulative_points"": 0.0, ""directional"": false, ""drop_sites"": false, ""exact_insert"": true, ""initial_reflection"": false, ""initial_rotation_span"": 1.5707963267948966, ""initial_rotation_steps"": 12, ""near_clear_distance"": 50.0, ""near_clear_radius"": 20.0, ""negative_regions"": ""disk"", ""opportunistic"": false, ""opportunistic_candidates"": 3, ""opportunistic_distance"": 650.0, ""probe_offset"": 0.25, ""radio_limit"": 12, ""route"": ""joint"", ""route_estimate"": 0.5, ""route_mode"": ""backbone"", ""scan_current_first"": true, ""search_first"": false, ""share"": true, ""share_ratio"": 0.7, ""source_bias"": 0.0, ""station_inner"": 990.0, ""station_layout"": ""8_16"", ""station_spec"": [8, 12, 995, 1864, 0], ""stop_when_found16"": false, ""trial_radius"": 40.0}",ablation/q4_no_count_stop/q4/paper_q4_n10_s960005/metrics.json
ablation,q4_no_count_stop,q4,paper_q4_n10_s960006,c7754a55042641796f5da3b168928bb8ff738fbb0d2e2e310b4d1fb86d611e47,960006,10,True,True,10,10,566.9233381553933,5669.233381553932,3880.2333815539323,1455.0,281.0,53.0,291,281,11,5732772c0fd490241d37b3470514a0bef875291e205ca22dbbaa95810bb1175b,"{""angle_bin"": 4.0, ""conditional_range"": true, ""crossbar"": true, ""crossbar_after_dark"": false, ""crossbar_fraction"": 0.25, ""crossbar_offset"": 0.03, ""crossbar_reference"": ""latest"", ""cumulative_cap"": 2, ""cumulative_points"": 0.0, ""directional"": false, ""drop_sites"": false, ""exact_insert"": true, ""initial_reflection"": false, ""initial_rotation_span"": 1.5707963267948966, ""initial_rotation_steps"": 12, ""near_clear_distance"": 50.0, ""near_clear_radius"": 20.0, ""negative_regions"": ""disk"", ""opportunistic"": false, ""opportunistic_candidates"": 3, ""opportunistic_distance"": 650.0, ""probe_offset"": 0.25, ""radio_limit"": 12, ""route"": ""joint"", ""route_estimate"": 0.5, ""route_mode"": ""backbone"", ""scan_current_first"": true, ""search_first"": false, ""share"": true, ""share_ratio"": 0.7, ""source_bias"": 0.0, ""station_inner"": 990.0, ""station_layout"": ""8_16"", ""station_spec"": [8, 12, 995, 1864, 0], ""stop_when_found16"": false, ""trial_radius"": 40.0}",ablation/q4_no_count_stop/q4/paper_q4_n10_s960006/metrics.json
ablation,q4_no_count_stop,q4,paper_q4_n10_s960007,c5089d6ba525d50783481797dc61d8eadaf230536dbac78f493ed66526ca66f3,960007,10,True,True,10,10,643.2647210137787,6432.647210137788,4644.647210137787,1455.0,274.0,59.0,291,274,13,5732772c0fd490241d37b3470514a0bef875291e205ca22dbbaa95810bb1175b,"{""angle_bin"": 4.0, ""conditional_range"": true, ""crossbar"": true, ""crossbar_after_dark"": false, ""crossbar_fraction"": 0.25, ""crossbar_offset"": 0.03, ""crossbar_reference"": ""latest"", ""cumulative_cap"": 2, ""cumulative_points"": 0.0, ""directional"": false, ""drop_sites"": false, ""exact_insert"": true, ""initial_reflection"": false, ""initial_rotation_span"": 1.5707963267948966, ""initial_rotation_steps"": 12, ""near_clear_distance"": 50.0, ""near_clear_radius"": 20.0, ""negative_regions"": ""disk"", ""opportunistic"": false, ""opportunistic_candidates"": 3, ""opportunistic_distance"": 650.0, ""probe_offset"": 0.25, ""radio_limit"": 12, ""route"": ""joint"", ""route_estimate"": 0.5, ""route_mode"": ""backbone"", ""scan_current_first"": true, ""search_first"": false, ""share"": true, ""share_ratio"": 0.7, ""source_bias"": 0.0, ""station_inner"": 990.0, ""station_layout"": ""8_16"", ""station_spec"": [8, 12, 995, 1864, 0], ""stop_when_found16"": false, ""trial_radius"": 40.0}",ablation/q4_no_count_stop/q4/paper_q4_n10_s960007/metrics.json
ablation,q4_no_count_stop,q4,paper_q4_n10_s960008,a50200084bba6ca5d833b6999a3601288c4f3dd93878e69d939e923b69cc679b,960008,10,True,True,10,10,574.5684063838329,5745.684063838329,3952.684063838328,1460.0,283.0,50.0,292,283,10,5732772c0fd490241d37b3470514a0bef875291e205ca22dbbaa95810bb1175b,"{""angle_bin"": 4.0, ""conditional_range"": true, ""crossbar"": true, ""crossbar_after_dark"": false, ""crossbar_fraction"": 0.25, ""crossbar_offset"": 0.03, ""crossbar_reference"": ""latest"", ""cumulative_cap"": 2, ""cumulative_points"": 0.0, ""directional"": false, ""drop_sites"": false, ""exact_insert"": true, ""initial_reflection"": false, ""initial_rotation_span"": 1.5707963267948966, ""initial_rotation_steps"": 12, ""near_clear_distance"": 50.0, ""near_clear_radius"": 20.0, ""negative_regions"": ""disk"", ""opportunistic"": false, ""opportunistic_candidates"": 3, ""opportunistic_distance"": 650.0, ""probe_offset"": 0.25, ""radio_limit"": 12, ""route"": ""joint"", ""route_estimate"": 0.5, ""route_mode"": ""backbone"", ""scan_current_first"": true, ""search_first"": false, ""share"": true, ""share_ratio"": 0.7, ""source_bias"": 0.0, ""station_inner"": 990.0, ""station_layout"": ""8_16"", ""station_spec"": [8, 12, 995, 1864, 0], ""stop_when_found16"": false, ""trial_radius"": 40.0}",ablation/q4_no_count_stop/q4/paper_q4_n10_s960008/metrics.json
ablation,q4_no_count_stop,q4,paper_q4_n10_s960009,8e49a81d41852454f8fdbe13137b9782a07dbf23b608ccb0e8f1778d9e0256a4,960009,10,True,True,10,10,606.3969728713143,6063.969728713143,4223.969728713144,1500.0,287.0,53.0,300,287,11,5732772c0fd490241d37b3470514a0bef875291e205ca22dbbaa95810bb1175b,"{""angle_bin"": 4.0, ""conditional_range"": true, ""crossbar"": true, ""crossbar_after_dark"": false, ""crossbar_fraction"": 0.25, ""crossbar_offset"": 0.03, ""crossbar_reference"": ""latest"", ""cumulative_cap"": 2, ""cumulative_points"": 0.0, ""directional"": false, ""drop_sites"": false, ""exact_insert"": true, ""initial_reflection"": false, ""initial_rotation_span"": 1.5707963267948966, ""initial_rotation_steps"": 12, ""near_clear_distance"": 50.0, ""near_clear_radius"": 20.0, ""negative_regions"": ""disk"", ""opportunistic"": false, ""opportunistic_candidates"": 3, ""opportunistic_distance"": 650.0, ""probe_offset"": 0.25, ""radio_limit"": 12, ""route"": ""joint"", ""route_estimate"": 0.5, ""route_mode"": ""backbone"", ""scan_current_first"": true, ""search_first"": false, ""share"": true, ""share_ratio"": 0.7, ""source_bias"": 0.0, ""station_inner"": 990.0, ""station_layout"": ""8_16"", ""station_spec"": [8, 12, 995, 1864, 0], ""stop_when_found16"": false, ""trial_radius"": 40.0}",ablation/q4_no_count_stop/q4/paper_q4_n10_s960009/metrics.json
ablation,q4_no_count_stop,q4,paper_q4_n10_s960010,d1a4e53a0b827ae62d623b532b77ab5d10c17699e4e4d6eb7f02f22fd4ed50eb,960010,10,True,True,10,10,561.0610443444559,5610.61044344456,3915.610443444559,1370.0,263.0,62.0,274,263,14,5732772c0fd490241d37b3470514a0bef875291e205ca22dbbaa95810bb1175b,"{""angle_bin"": 4.0, ""conditional_range"": true, ""crossbar"": true, ""crossbar_after_dark"": false, ""crossbar_fraction"": 0.25, ""crossbar_offset"": 0.03, ""crossbar_reference"": ""latest"", ""cumulative_cap"": 2, ""cumulative_points"": 0.0, ""directional"": false, ""drop_sites"": false, ""exact_insert"": true, ""initial_reflection"": false, ""initial_rotation_span"": 1.5707963267948966, ""initial_rotation_steps"": 12, ""near_clear_distance"": 50.0, ""near_clear_radius"": 20.0, ""negative_regions"": ""disk"", ""opportunistic"": false, ""opportunistic_candidates"": 3, ""opportunistic_distance"": 650.0, ""probe_offset"": 0.25, ""radio_limit"": 12, ""route"": ""joint"", ""route_estimate"": 0.5, ""route_mode"": ""backbone"", ""scan_current_first"": true, ""search_first"": false, ""share"": true, ""share_ratio"": 0.7, ""source_bias"": 0.0, ""station_inner"": 990.0, ""station_layout"": ""8_16"", ""station_spec"": [8, 12, 995, 1864, 0], ""stop_when_found16"": false, ""trial_radius"": 40.0}",ablation/q4_no_count_stop/q4/paper_q4_n10_s960010/metrics.json
ablation,q4_no_count_stop,q4,paper_q4_n10_s960011,766d81fe94af0b07461fadce21001d3498e149dd464251863bbf8dd6544f916c,960011,10,True,True,10,10,567.7699205136619,5677.699205136619,3989.6992051366187,1375.0,260.0,53.0,275,260,11,5732772c0fd490241d37b3470514a0bef875291e205ca22dbbaa95810bb1175b,"{""angle_bin"": 4.0, ""conditional_range"": true, ""crossbar"": true, ""crossbar_after_dark"": false, ""crossbar_fraction"": 0.25, ""crossbar_offset"": 0.03, ""crossbar_reference"": ""latest"", ""cumulative_cap"": 2, ""cumulative_points"": 0.0, ""directional"": false, ""drop_sites"": false, ""exact_insert"": true, ""initial_reflection"": false, ""initial_rotation_span"": 1.5707963267948966, ""initial_rotation_steps"": 12, ""near_clear_distance"": 50.0, ""near_clear_radius"": 20.0, ""negative_regions"": ""disk"", ""opportunistic"": false, ""opportunistic_candidates"": 3, ""opportunistic_distance"": 650.0, ""probe_offset"": 0.25, ""radio_limit"": 12, ""route"": ""joint"", ""route_estimate"": 0.5, ""route_mode"": ""backbone"", ""scan_current_first"": true, ""search_first"": false, ""share"": true, ""share_ratio"": 0.7, ""source_bias"": 0.0, ""station_inner"": 990.0, ""station_layout"": ""8_16"", ""station_spec"": [8, 12, 995, 1864, 0], ""stop_when_found16"": false, ""trial_radius"": 40.0}",ablation/q4_no_count_stop/q4/paper_q4_n10_s960011/metrics.json
ablation,q4_no_count_stop,q4,paper_q4_n10_s960012,703efdc7a86ef0638cbaa1e4565737490a0ad5e887ed7224cd42d4e47bae2adf,960012,10,True,True,10,10,586.613784441022,5866.137844410219,4094.137844410221,1445.0,274.0,53.0,289,274,11,5732772c0fd490241d37b3470514a0bef875291e205ca22dbbaa95810bb1175b,"{""angle_bin"": 4.0, ""conditional_range"": true, ""crossbar"": true, ""crossbar_after_dark"": false, ""crossbar_fraction"": 0.25, ""crossbar_offset"": 0.03, ""crossbar_reference"": ""latest"", ""cumulative_cap"": 2, ""cumulative_points"": 0.0, ""directional"": false, ""drop_sites"": false, ""exact_insert"": true, ""initial_reflection"": false, ""initial_rotation_span"": 1.5707963267948966, ""initial_rotation_steps"": 12, ""near_clear_distance"": 50.0, ""near_clear_radius"": 20.0, ""negative_regions"": ""disk"", ""opportunistic"": false, ""opportunistic_candidates"": 3, ""opportunistic_distance"": 650.0, ""probe_offset"": 0.25, ""radio_limit"": 12, ""route"": ""joint"", ""route_estimate"": 0.5, ""route_mode"": ""backbone"", ""scan_current_first"": true, ""search_first"": false, ""share"": true, ""share_ratio"": 0.7, ""source_bias"": 0.0, ""station_inner"": 990.0, ""station_layout"": ""8_16"", ""station_spec"": [8, 12, 995, 1864, 0], ""stop_when_found16"": false, ""trial_radius"": 40.0}",ablation/q4_no_count_stop/q4/paper_q4_n10_s960012/metrics.json
ablation,q4_no_count_stop,q4,paper_q4_n10_s960013,2d87203b18352d2c739222e5b16af035235cf6914cf5b34691e429c40916c91b,960013,10,True,True,10,10,640.0998676292089,6400.998676292089,4445.998676292087,1600.0,302.0,53.0,320,302,11,5732772c0fd490241d37b3470514a0bef875291e205ca22dbbaa95810bb1175b,"{""angle_bin"": 4.0, ""conditional_range"": true, ""crossbar"": true, ""crossbar_after_dark"": false, ""crossbar_fraction"": 0.25, ""crossbar_offset"": 0.03, ""crossbar_reference"": ""latest"", ""cumulative_cap"": 2, ""cumulative_points"": 0.0, ""directional"": false, ""drop_sites"": false, ""exact_insert"": true, ""initial_reflection"": false, ""initial_rotation_span"": 1.5707963267948966, ""initial_rotation_steps"": 12, ""near_clear_distance"": 50.0, ""near_clear_radius"": 20.0, ""negative_regions"": ""disk"", ""opportunistic"": false, ""opportunistic_candidates"": 3, ""opportunistic_distance"": 650.0, ""probe_offset"": 0.25, ""radio_limit"": 12, ""route"": ""joint"", ""route_estimate"": 0.5, ""route_mode"": ""backbone"", ""scan_current_first"": true, ""search_first"": false, ""share"": true, ""share_ratio"": 0.7, ""source_bias"": 0.0, ""station_inner"": 990.0, ""station_layout"": ""8_16"", ""station_spec"": [8, 12, 995, 1864, 0], ""stop_when_found16"": false, ""trial_radius"": 40.0}",ablation/q4_no_count_stop/q4/paper_q4_n10_s960013/metrics.json
ablation,q4_no_count_stop,q4,paper_q4_n10_s960014,62fc1daef45c37c33faaab81b3ca9012ca0f078e7fb0911ed4ec97efddb421f1,960014,10,True,True,10,10,583.7143811493918,5837.143811493917,4175.1438114939165,1355.0,257.0,50.0,271,257,10,5732772c0fd490241d37b3470514a0bef875291e205ca22dbbaa95810bb1175b,"{""angle_bin"": 4.0, ""conditional_range"": true, ""crossbar"": true, ""crossbar_after_dark"": false, ""crossbar_fraction"": 0.25, ""crossbar_offset"": 0.03, ""crossbar_reference"": ""latest"", ""cumulative_cap"": 2, ""cumulative_points"": 0.0, ""directional"": false, ""drop_sites"": false, ""exact_insert"": true, ""initial_reflection"": false, ""initial_rotation_span"": 1.5707963267948966, ""initial_rotation_steps"": 12, ""near_clear_distance"": 50.0, ""near_clear_radius"": 20.0, ""negative_regions"": ""disk"", ""opportunistic"": false, ""opportunistic_candidates"": 3, ""opportunistic_distance"": 650.0, ""probe_offset"": 0.25, ""radio_limit"": 12, ""route"": ""joint"", ""route_estimate"": 0.5, ""route_mode"": ""backbone"", ""scan_current_first"": true, ""search_first"": false, ""share"": true, ""share_ratio"": 0.7, ""source_bias"": 0.0, ""station_inner"": 990.0, ""station_layout"": ""8_16"", ""station_spec"": [8, 12, 995, 1864, 0], ""stop_when_found16"": false, ""trial_radius"": 40.0}",ablation/q4_no_count_stop/q4/paper_q4_n10_s960014/metrics.json
ablation,q4_no_count_stop,q4,paper_q4_n10_s960015,786e0a5748501bd13da2fb5fcf82c3ac6a7ff71e1830c44e7fc76fe4ae746aa5,960015,10,True,True,10,10,570.0608256139965,5700.608256139964,3926.6082561399658,1440.0,269.0,65.0,288,269,15,5732772c0fd490241d37b3470514a0bef875291e205ca22dbbaa95810bb1175b,"{""angle_bin"": 4.0, ""conditional_range"": true, ""crossbar"": true, ""crossbar_after_dark"": false, ""crossbar_fraction"": 0.25, ""crossbar_offset"": 0.03, ""crossbar_reference"": ""latest"", ""cumulative_cap"": 2, ""cumulative_points"": 0.0, ""directional"": false, ""drop_sites"": false, ""exact_insert"": true, ""initial_reflection"": false, ""initial_rotation_span"": 1.5707963267948966, ""initial_rotation_steps"": 12, ""near_clear_distance"": 50.0, ""near_clear_radius"": 20.0, ""negative_regions"": ""disk"", ""opportunistic"": false, ""opportunistic_candidates"": 3, ""opportunistic_distance"": 650.0, ""probe_offset"": 0.25, ""radio_limit"": 12, ""route"": ""joint"", ""route_estimate"": 0.5, ""route_mode"": ""backbone"", ""scan_current_first"": true, ""search_first"": false, ""share"": true, ""share_ratio"": 0.7, ""source_bias"": 0.0, ""station_inner"": 990.0, ""station_layout"": ""8_16"", ""station_spec"": [8, 12, 995, 1864, 0], ""stop_when_found16"": false, ""trial_radius"": 40.0}",ablation/q4_no_count_stop/q4/paper_q4_n10_s960015/metrics.json
ablation,q4_no_count_stop,q4,paper_q4_n10_s960016,289739bdb664f6ba8e2416d3709159e3e5bfb90814c6d43081ebae655f341b30,960016,10,True,True,10,10,586.0097432508691,5860.097432508691,4146.09743250869,1395.0,269.0,50.0,279,269,10,5732772c0fd490241d37b3470514a0bef875291e205ca22dbbaa95810bb1175b,"{""angle_bin"": 4.0, ""conditional_range"": true, ""crossbar"": true, ""crossbar_after_dark"": false, ""crossbar_fraction"": 0.25, ""crossbar_offset"": 0.03, ""crossbar_reference"": ""latest"", ""cumulative_cap"": 2, ""cumulative_points"": 0.0, ""directional"": false, ""drop_sites"": false, ""exact_insert"": true, ""initial_reflection"": false, ""initial_rotation_span"": 1.5707963267948966, ""initial_rotation_steps"": 12, ""near_clear_distance"": 50.0, ""near_clear_radius"": 20.0, ""negative_regions"": ""disk"", ""opportunistic"": false, ""opportunistic_candidates"": 3, ""opportunistic_distance"": 650.0, ""probe_offset"": 0.25, ""radio_limit"": 12, ""route"": ""joint"", ""route_estimate"": 0.5, ""route_mode"": ""backbone"", ""scan_current_first"": true, ""search_first"": false, ""share"": true, ""share_ratio"": 0.7, ""source_bias"": 0.0, ""station_inner"": 990.0, ""station_layout"": ""8_16"", ""station_spec"": [8, 12, 995, 1864, 0], ""stop_when_found16"": false, ""trial_radius"": 40.0}",ablation/q4_no_count_stop/q4/paper_q4_n10_s960016/metrics.json
ablation,q4_no_count_stop,q4,paper_q4_n10_s960017,8eec67759a34add255ee4e92aef60de171d284d6d00cd8815965b7338fb036e4,960017,10,True,True,10,10,552.4628754785329,5524.628754785328,3910.6287547853276,1315.0,249.0,50.0,263,249,10,5732772c0fd490241d37b3470514a0bef875291e205ca22dbbaa95810bb1175b,"{""angle_bin"": 4.0, ""conditional_range"": true, ""crossbar"": true, ""crossbar_after_dark"": false, ""crossbar_fraction"": 0.25, ""crossbar_offset"": 0.03, ""crossbar_reference"": ""latest"", ""cumulative_cap"": 2, ""cumulative_points"": 0.0, ""directional"": false, ""drop_sites"": false, ""exact_insert"": true, ""initial_reflection"": false, ""initial_rotation_span"": 1.5707963267948966, ""initial_rotation_steps"": 12, ""near_clear_distance"": 50.0, ""near_clear_radius"": 20.0, ""negative_regions"": ""disk"", ""opportunistic"": false, ""opportunistic_candidates"": 3, ""opportunistic_distance"": 650.0, ""probe_offset"": 0.25, ""radio_limit"": 12, ""route"": ""joint"", ""route_estimate"": 0.5, ""route_mode"": ""backbone"", ""scan_current_first"": true, ""search_first"": false, ""share"": true, ""share_ratio"": 0.7, ""source_bias"": 0.0, ""station_inner"": 990.0, ""station_layout"": ""8_16"", ""station_spec"": [8, 12, 995, 1864, 0], ""stop_when_found16"": false, ""trial_radius"": 40.0}",ablation/q4_no_count_stop/q4/paper_q4_n10_s960017/metrics.json
ablation,q4_no_count_stop,q4,paper_q4_n10_s960018,1147536cb66cc757feeea7b44096f960a97bf1f5905e68d35788554b1c6d15a0,960018,10,True,True,10,10,605.9265091674672,6059.2650916746725,4271.2650916746725,1465.0,273.0,50.0,293,273,10,5732772c0fd490241d37b3470514a0bef875291e205ca22dbbaa95810bb1175b,"{""angle_bin"": 4.0, ""conditional_range"": true, ""crossbar"": true, ""crossbar_after_dark"": false, ""crossbar_fraction"": 0.25, ""crossbar_offset"": 0.03, ""crossbar_reference"": ""latest"", ""cumulative_cap"": 2, ""cumulative_points"": 0.0, ""directional"": false, ""drop_sites"": false, ""exact_insert"": true, ""initial_reflection"": false, ""initial_rotation_span"": 1.5707963267948966, ""initial_rotation_steps"": 12, ""near_clear_distance"": 50.0, ""near_clear_radius"": 20.0, ""negative_regions"": ""disk"", ""opportunistic"": false, ""opportunistic_candidates"": 3, ""opportunistic_distance"": 650.0, ""probe_offset"": 0.25, ""radio_limit"": 12, ""route"": ""joint"", ""route_estimate"": 0.5, ""route_mode"": ""backbone"", ""scan_current_first"": true, ""search_first"": false, ""share"": true, ""share_ratio"": 0.7, ""source_bias"": 0.0, ""station_inner"": 990.0, ""station_layout"": ""8_16"", ""station_spec"": [8, 12, 995, 1864, 0], ""stop_when_found16"": false, ""trial_radius"": 40.0}",ablation/q4_no_count_stop/q4/paper_q4_n10_s960018/metrics.json
ablation,q4_no_count_stop,q4,paper_q4_n10_s960019,cf55d3f4e09f53fbb973530d6dd48121c475c525c9101a3c94703aad60256cf0,960019,10,True,True,10,10,612.6068205806915,6126.068205806915,4317.068205806916,1475.0,278.0,56.0,295,278,12,5732772c0fd490241d37b3470514a0bef875291e205ca22dbbaa95810bb1175b,"{""angle_bin"": 4.0, ""conditional_range"": true, ""crossbar"": true, ""crossbar_after_dark"": false, ""crossbar_fraction"": 0.25, ""crossbar_offset"": 0.03, ""crossbar_reference"": ""latest"", ""cumulative_cap"": 2, ""cumulative_points"": 0.0, ""directional"": false, ""drop_sites"": false, ""exact_insert"": true, ""initial_reflection"": false, ""initial_rotation_span"": 1.5707963267948966, ""initial_rotation_steps"": 12, ""near_clear_distance"": 50.0, ""near_clear_radius"": 20.0, ""negative_regions"": ""disk"", ""opportunistic"": false, ""opportunistic_candidates"": 3, ""opportunistic_distance"": 650.0, ""probe_offset"": 0.25, ""radio_limit"": 12, ""route"": ""joint"", ""route_estimate"": 0.5, ""route_mode"": ""backbone"", ""scan_current_first"": true, ""search_first"": false, ""share"": true, ""share_ratio"": 0.7, ""source_bias"": 0.0, ""station_inner"": 990.0, ""station_layout"": ""8_16"", ""station_spec"": [8, 12, 995, 1864, 0], ""stop_when_found16"": false, ""trial_radius"": 40.0}",ablation/q4_no_count_stop/q4/paper_q4_n10_s960019/metrics.json
ablation,q4_no_count_stop,q4,paper_q4_n16_s960040,b1005a485d954543d249bd4846074706e789f2ced4376ceda599b6fd9450b9c6,960040,16,False,False,16,16,358.40019229805813,5734.40307676893,4425.403076768929,1045.0,184.0,80.0,209,184,16,5732772c0fd490241d37b3470514a0bef875291e205ca22dbbaa95810bb1175b,"{""angle_bin"": 4.0, ""conditional_range"": true, ""crossbar"": true, ""crossbar_after_dark"": false, ""crossbar_fraction"": 0.25, ""crossbar_offset"": 0.03, ""crossbar_reference"": ""latest"", ""cumulative_cap"": 2, ""cumulative_points"": 0.0, ""directional"": false, ""drop_sites"": false, ""exact_insert"": true, ""initial_reflection"": false, ""initial_rotation_span"": 1.5707963267948966, ""initial_rotation_steps"": 12, ""near_clear_distance"": 50.0, ""near_clear_radius"": 20.0, ""negative_regions"": ""disk"", ""opportunistic"": false, ""opportunistic_candidates"": 3, ""opportunistic_distance"": 650.0, ""probe_offset"": 0.25, ""radio_limit"": 12, ""route"": ""joint"", ""route_estimate"": 0.5, ""route_mode"": ""backbone"", ""scan_current_first"": true, ""search_first"": false, ""share"": true, ""share_ratio"": 0.7, ""source_bias"": 0.0, ""station_inner"": 990.0, ""station_layout"": ""8_16"", ""station_spec"": [8, 12, 995, 1864, 0], ""stop_when_found16"": false, ""trial_radius"": 40.0}",ablation/q4_no_count_stop/q4/paper_q4_n16_s960040/metrics.json
ablation,q4_no_count_stop,q4,paper_q4_n16_s960041,d0d4eda9ee7def4375ec93a8a793883f1892eed07ac67321b1595776be4fb9b0,960041,16,False,False,16,16,373.63145723133874,5978.10331570142,4373.10331570142,1285.0,237.0,83.0,257,237,17,5732772c0fd490241d37b3470514a0bef875291e205ca22dbbaa95810bb1175b,"{""angle_bin"": 4.0, ""conditional_range"": true, ""crossbar"": true, ""crossbar_after_dark"": false, ""crossbar_fraction"": 0.25, ""crossbar_offset"": 0.03, ""crossbar_reference"": ""latest"", ""cumulative_cap"": 2, ""cumulative_points"": 0.0, ""directional"": false, ""drop_sites"": false, ""exact_insert"": true, ""initial_reflection"": false, ""initial_rotation_span"": 1.5707963267948966, ""initial_rotation_steps"": 12, ""near_clear_distance"": 50.0, ""near_clear_radius"": 20.0, ""negative_regions"": ""disk"", ""opportunistic"": false, ""opportunistic_candidates"": 3, ""opportunistic_distance"": 650.0, ""probe_offset"": 0.25, ""radio_limit"": 12, ""route"": ""joint"", ""route_estimate"": 0.5, ""route_mode"": ""backbone"", ""scan_current_first"": true, ""search_first"": false, ""share"": true, ""share_ratio"": 0.7, ""source_bias"": 0.0, ""station_inner"": 990.0, ""station_layout"": ""8_16"", ""station_spec"": [8, 12, 995, 1864, 0], ""stop_when_found16"": false, ""trial_radius"": 40.0}",ablation/q4_no_count_stop/q4/paper_q4_n16_s960041/metrics.json
ablation,q4_no_count_stop,q4,paper_q4_n16_s960042,429d445dee31fd1076a19249d749c7bd99c77ba7636d01b14771e68c4c2d0c94,960042,16,False,False,16,16,318.1962859228601,5091.140574765762,3881.140574765759,950.0,174.0,86.0,190,174,18,5732772c0fd490241d37b3470514a0bef875291e205ca22dbbaa95810bb1175b,"{""angle_bin"": 4.0, ""conditional_range"": true, ""crossbar"": true, ""crossbar_after_dark"": false, ""crossbar_fraction"": 0.25, ""crossbar_offset"": 0.03, ""crossbar_reference"": ""latest"", ""cumulative_cap"": 2, ""cumulative_points"": 0.0, ""directional"": false, ""drop_sites"": false, ""exact_insert"": true, ""initial_reflection"": false, ""initial_rotation_span"": 1.5707963267948966, ""initial_rotation_steps"": 12, ""near_clear_distance"": 50.0, ""near_clear_radius"": 20.0, ""negative_regions"": ""disk"", ""opportunistic"": false, ""opportunistic_candidates"": 3, ""opportunistic_distance"": 650.0, ""probe_offset"": 0.25, ""radio_limit"": 12, ""route"": ""joint"", ""route_estimate"": 0.5, ""route_mode"": ""backbone"", ""scan_current_first"": true, ""search_first"": false, ""share"": true, ""share_ratio"": 0.7, ""source_bias"": 0.0, ""station_inner"": 990.0, ""station_layout"": ""8_16"", ""station_spec"": [8, 12, 995, 1864, 0], ""stop_when_found16"": false, ""trial_radius"": 40.0}",ablation/q4_no_count_stop/q4/paper_q4_n16_s960042/metrics.json
ablation,q4_no_count_stop,q4,paper_q4_n16_s960043,890edfc43be11ed9cb6673a095c3f9d1f9bd00eee552bcf025424d833eb387b8,960043,16,True,True,16,16,371.98527942142243,5951.764470742759,4625.764470742761,1055.0,188.0,83.0,211,188,17,5732772c0fd490241d37b3470514a0bef875291e205ca22dbbaa95810bb1175b,"{""angle_bin"": 4.0, ""conditional_range"": true, ""crossbar"": true, ""crossbar_after_dark"": false, ""crossbar_fraction"": 0.25, ""crossbar_offset"": 0.03, ""crossbar_reference"": ""latest"", ""cumulative_cap"": 2, ""cumulative_points"": 0.0, ""directional"": false, ""drop_sites"": false, ""exact_insert"": true, ""initial_reflection"": false, ""initial_rotation_span"": 1.5707963267948966, ""initial_rotation_steps"": 12, ""near_clear_distance"": 50.0, ""near_clear_radius"": 20.0, ""negative_regions"": ""disk"", ""opportunistic"": false, ""opportunistic_candidates"": 3, ""opportunistic_distance"": 650.0, ""probe_offset"": 0.25, ""radio_limit"": 12, ""route"": ""joint"", ""route_estimate"": 0.5, ""route_mode"": ""backbone"", ""scan_current_first"": true, ""search_first"": false, ""share"": true, ""share_ratio"": 0.7, ""source_bias"": 0.0, ""station_inner"": 990.0, ""station_layout"": ""8_16"", ""station_spec"": [8, 12, 995, 1864, 0], ""stop_when_found16"": false, ""trial_radius"": 40.0}",ablation/q4_no_count_stop/q4/paper_q4_n16_s960043/metrics.json
ablation,q4_no_count_stop,q4,paper_q4_n16_s960044,3e93ad6707a0652a9c98c415187fd78b4c12165d349d1420dd80a0573d745e09,960044,16,False,False,16,16,343.19002479949086,5491.040396791854,4155.040396791854,1065.0,191.0,80.0,213,191,16,5732772c0fd490241d37b3470514a0bef875291e205ca22dbbaa95810bb1175b,"{""angle_bin"": 4.0, ""conditional_range"": true, ""crossbar"": true, ""crossbar_after_dark"": false, ""crossbar_fraction"": 0.25, ""crossbar_offset"": 0.03, ""crossbar_reference"": ""latest"", ""cumulative_cap"": 2, ""cumulative_points"": 0.0, ""directional"": false, ""drop_sites"": false, ""exact_insert"": true, ""initial_reflection"": false, ""initial_rotation_span"": 1.5707963267948966, ""initial_rotation_steps"": 12, ""near_clear_distance"": 50.0, ""near_clear_radius"": 20.0, ""negative_regions"": ""disk"", ""opportunistic"": false, ""opportunistic_candidates"": 3, ""opportunistic_distance"": 650.0, ""probe_offset"": 0.25, ""radio_limit"": 12, ""route"": ""joint"", ""route_estimate"": 0.5, ""route_mode"": ""backbone"", ""scan_current_first"": true, ""search_first"": false, ""share"": true, ""share_ratio"": 0.7, ""source_bias"": 0.0, ""station_inner"": 990.0, ""station_layout"": ""8_16"", ""station_spec"": [8, 12, 995, 1864, 0], ""stop_when_found16"": false, ""trial_radius"": 40.0}",ablation/q4_no_count_stop/q4/paper_q4_n16_s960044/metrics.json
ablation,q4_no_count_stop,q4,paper_q4_n16_s960045,3cad5d7f229b2c51c945985233487543874251e74c0e6b296e648079d13bb7f9,960045,16,False,False,16,16,320.0604683769169,5120.96749403067,3948.9674940306722,920.0,172.0,80.0,184,172,16,5732772c0fd490241d37b3470514a0bef875291e205ca22dbbaa95810bb1175b,"{""angle_bin"": 4.0, ""conditional_range"": true, ""crossbar"": true, ""crossbar_after_dark"": false, ""crossbar_fraction"": 0.25, ""crossbar_offset"": 0.03, ""crossbar_reference"": ""latest"", ""cumulative_cap"": 2, ""cumulative_points"": 0.0, ""directional"": false, ""drop_sites"": false, ""exact_insert"": true, ""initial_reflection"": false, ""initial_rotation_span"": 1.5707963267948966, ""initial_rotation_steps"": 12, ""near_clear_distance"": 50.0, ""near_clear_radius"": 20.0, ""negative_regions"": ""disk"", ""opportunistic"": false, ""opportunistic_candidates"": 3, ""opportunistic_distance"": 650.0, ""probe_offset"": 0.25, ""radio_limit"": 12, ""route"": ""joint"", ""route_estimate"": 0.5, ""route_mode"": ""backbone"", ""scan_current_first"": true, ""search_first"": false, ""share"": true, ""share_ratio"": 0.7, ""source_bias"": 0.0, ""station_inner"": 990.0, ""station_layout"": ""8_16"", ""station_spec"": [8, 12, 995, 1864, 0], ""stop_when_found16"": false, ""trial_radius"": 40.0}",ablation/q4_no_count_stop/q4/paper_q4_n16_s960045/metrics.json
ablation,q4_no_count_stop,q4,paper_q4_n16_s960046,7040da829ed4799b41c8235979675a92458a40cf4d2a21d36f2bd093a8fce226,960046,16,True,True,16,16,365.14431450155996,5842.309032024959,4397.30903202496,1155.0,210.0,80.0,231,210,16,5732772c0fd490241d37b3470514a0bef875291e205ca22dbbaa95810bb1175b,"{""angle_bin"": 4.0, ""conditional_range"": true, ""crossbar"": true, ""crossbar_after_dark"": false, ""crossbar_fraction"": 0.25, ""crossbar_offset"": 0.03, ""crossbar_reference"": ""latest"", ""cumulative_cap"": 2, ""cumulative_points"": 0.0, ""directional"": false, ""drop_sites"": false, ""exact_insert"": true, ""initial_reflection"": false, ""initial_rotation_span"": 1.5707963267948966, ""initial_rotation_steps"": 12, ""near_clear_distance"": 50.0, ""near_clear_radius"": 20.0, ""negative_regions"": ""disk"", ""opportunistic"": false, ""opportunistic_candidates"": 3, ""opportunistic_distance"": 650.0, ""probe_offset"": 0.25, ""radio_limit"": 12, ""route"": ""joint"", ""route_estimate"": 0.5, ""route_mode"": ""backbone"", ""scan_current_first"": true, ""search_first"": false, ""share"": true, ""share_ratio"": 0.7, ""source_bias"": 0.0, ""station_inner"": 990.0, ""station_layout"": ""8_16"", ""station_spec"": [8, 12, 995, 1864, 0], ""stop_when_found16"": false, ""trial_radius"": 40.0}",ablation/q4_no_count_stop/q4/paper_q4_n16_s960046/metrics.json
ablation,q4_no_count_stop,q4,paper_q4_n16_s960047,f8ec8de50f5e67238ff9f26f1b06b20e5cee54a52c2ecf8e944bf4566f28650b,960047,16,False,False,16,16,326.20185758842143,5219.229721414743,4049.2297214147447,910.0,171.0,89.0,182,171,19,5732772c0fd490241d37b3470514a0bef875291e205ca22dbbaa95810bb1175b,"{""angle_bin"": 4.0, ""conditional_range"": true, ""crossbar"": true, ""crossbar_after_dark"": false, ""crossbar_fraction"": 0.25, ""crossbar_offset"": 0.03, ""crossbar_reference"": ""latest"", ""cumulative_cap"": 2, ""cumulative_points"": 0.0, ""directional"": false, ""drop_sites"": false, ""exact_insert"": true, ""initial_reflection"": false, ""initial_rotation_span"": 1.5707963267948966, ""initial_rotation_steps"": 12, ""near_clear_distance"": 50.0, ""near_clear_radius"": 20.0, ""negative_regions"": ""disk"", ""opportunistic"": false, ""opportunistic_candidates"": 3, ""opportunistic_distance"": 650.0, ""probe_offset"": 0.25, ""radio_limit"": 12, ""route"": ""joint"", ""route_estimate"": 0.5, ""route_mode"": ""backbone"", ""scan_current_first"": true, ""search_first"": false, ""share"": true, ""share_ratio"": 0.7, ""source_bias"": 0.0, ""station_inner"": 990.0, ""station_layout"": ""8_16"", ""station_spec"": [8, 12, 995, 1864, 0], ""stop_when_found16"": false, ""trial_radius"": 40.0}",ablation/q4_no_count_stop/q4/paper_q4_n16_s960047/metrics.json
ablation,q4_no_count_stop,q4,paper_q4_n16_s960048,24b3a08e1ec1170c0cddce56334844156aa2af548365a9cf4896d69405a3be74,960048,16,False,False,16,16,379.10484893776703,6065.6775830042725,4750.677583004274,1050.0,182.0,83.0,210,182,17,5732772c0fd490241d37b3470514a0bef875291e205ca22dbbaa95810bb1175b,"{""angle_bin"": 4.0, ""conditional_range"": true, ""crossbar"": true, ""crossbar_after_dark"": false, ""crossbar_fraction"": 0.25, ""crossbar_offset"": 0.03, ""crossbar_reference"": ""latest"", ""cumulative_cap"": 2, ""cumulative_points"": 0.0, ""directional"": false, ""drop_sites"": false, ""exact_insert"": true, ""initial_reflection"": false, ""initial_rotation_span"": 1.5707963267948966, ""initial_rotation_steps"": 12, ""near_clear_distance"": 50.0, ""near_clear_radius"": 20.0, ""negative_regions"": ""disk"", ""opportunistic"": false, ""opportunistic_candidates"": 3, ""opportunistic_distance"": 650.0, ""probe_offset"": 0.25, ""radio_limit"": 12, ""route"": ""joint"", ""route_estimate"": 0.5, ""route_mode"": ""backbone"", ""scan_current_first"": true, ""search_first"": false, ""share"": true, ""share_ratio"": 0.7, ""source_bias"": 0.0, ""station_inner"": 990.0, ""station_layout"": ""8_16"", ""station_spec"": [8, 12, 995, 1864, 0], ""stop_when_found16"": false, ""trial_radius"": 40.0}",ablation/q4_no_count_stop/q4/paper_q4_n16_s960048/metrics.json
ablation,q4_no_count_stop,q4,paper_q4_n16_s960049,9c98e77ebf3bc49595e283c552192c4decebf03b6eada728c4e756a916cf4043,960049,16,False,False,16,16,326.2855702065464,5220.569123304743,3965.5691233047446,995.0,177.0,83.0,199,177,17,5732772c0fd490241d37b3470514a0bef875291e205ca22dbbaa95810bb1175b,"{""angle_bin"": 4.0, ""conditional_range"": true, ""crossbar"": true, ""crossbar_after_dark"": false, ""crossbar_fraction"": 0.25, ""crossbar_offset"": 0.03, ""crossbar_reference"": ""latest"", ""cumulative_cap"": 2, ""cumulative_points"": 0.0, ""directional"": false, ""drop_sites"": false, ""exact_insert"": true, ""initial_reflection"": false, ""initial_rotation_span"": 1.5707963267948966, ""initial_rotation_steps"": 12, ""near_clear_distance"": 50.0, ""near_clear_radius"": 20.0, ""negative_regions"": ""disk"", ""opportunistic"": false, ""opportunistic_candidates"": 3, ""opportunistic_distance"": 650.0, ""probe_offset"": 0.25, ""radio_limit"": 12, ""route"": ""joint"", ""route_estimate"": 0.5, ""route_mode"": ""backbone"", ""scan_current_first"": true, ""search_first"": false, ""share"": true, ""share_ratio"": 0.7, ""source_bias"": 0.0, ""station_inner"": 990.0, ""station_layout"": ""8_16"", ""station_spec"": [8, 12, 995, 1864, 0], ""stop_when_found16"": false, ""trial_radius"": 40.0}",ablation/q4_no_count_stop/q4/paper_q4_n16_s960049/metrics.json
ablation,q4_no_count_stop,q4,paper_q4_n16_s960050,4c29da39e95a72a666d839bdfc3e2f12f3fe62af915ad74e5f93a916493ee72d,960050,16,True,True,16,16,357.85985544490563,5725.75768711849,4471.75768711849,990.0,175.0,89.0,198,175,19,5732772c0fd490241d37b3470514a0bef875291e205ca22dbbaa95810bb1175b,"{""angle_bin"": 4.0, ""conditional_range"": true, ""crossbar"": true, ""crossbar_after_dark"": false, ""crossbar_fraction"": 0.25, ""crossbar_offset"": 0.03, ""crossbar_reference"": ""latest"", ""cumulative_cap"": 2, ""cumulative_points"": 0.0, ""directional"": false, ""drop_sites"": false, ""exact_insert"": true, ""initial_reflection"": false, ""initial_rotation_span"": 1.5707963267948966, ""initial_rotation_steps"": 12, ""near_clear_distance"": 50.0, ""near_clear_radius"": 20.0, ""negative_regions"": ""disk"", ""opportunistic"": false, ""opportunistic_candidates"": 3, ""opportunistic_distance"": 650.0, ""probe_offset"": 0.25, ""radio_limit"": 12, ""route"": ""joint"", ""route_estimate"": 0.5, ""route_mode"": ""backbone"", ""scan_current_first"": true, ""search_first"": false, ""share"": true, ""share_ratio"": 0.7, ""source_bias"": 0.0, ""station_inner"": 990.0, ""station_layout"": ""8_16"", ""station_spec"": [8, 12, 995, 1864, 0], ""stop_when_found16"": false, ""trial_radius"": 40.0}",ablation/q4_no_count_stop/q4/paper_q4_n16_s960050/metrics.json
ablation,q4_no_count_stop,q4,paper_q4_n16_s960051,3a7ba2677cfe71015289966abc8bab618fbdab5aac52bf87159b29697354bffb,960051,16,False,False,16,16,317.40149756534953,5078.4239610455925,3997.4239610455907,840.0,158.0,83.0,168,158,17,5732772c0fd490241d37b3470514a0bef875291e205ca22dbbaa95810bb1175b,"{""angle_bin"": 4.0, ""conditional_range"": true, ""crossbar"": true, ""crossbar_after_dark"": false, ""crossbar_fraction"": 0.25, ""crossbar_offset"": 0.03, ""crossbar_reference"": ""latest"", ""cumulative_cap"": 2, ""cumulative_points"": 0.0, ""directional"": false, ""drop_sites"": false, ""exact_insert"": true, ""initial_reflection"": false, ""initial_rotation_span"": 1.5707963267948966, ""initial_rotation_steps"": 12, ""near_clear_distance"": 50.0, ""near_clear_radius"": 20.0, ""negative_regions"": ""disk"", ""opportunistic"": false, ""opportunistic_candidates"": 3, ""opportunistic_distance"": 650.0, ""probe_offset"": 0.25, ""radio_limit"": 12, ""route"": ""joint"", ""route_estimate"": 0.5, ""route_mode"": ""backbone"", ""scan_current_first"": true, ""search_first"": false, ""share"": true, ""share_ratio"": 0.7, ""source_bias"": 0.0, ""station_inner"": 990.0, ""station_layout"": ""8_16"", ""station_spec"": [8, 12, 995, 1864, 0], ""stop_when_found16"": false, ""trial_radius"": 40.0}",ablation/q4_no_count_stop/q4/paper_q4_n16_s960051/metrics.json
ablation,q4_no_count_stop,q4,paper_q4_n16_s960052,64efc316b5c7066cc78ffc5fa9e03f2022e248a5547a0fff712b1db67655f2eb,960052,16,False,False,16,16,360.7415950486394,5771.86552077823,4385.865520778229,1095.0,202.0,89.0,219,202,19,5732772c0fd490241d37b3470514a0bef875291e205ca22dbbaa95810bb1175b,"{""angle_bin"": 4.0, ""conditional_range"": true, ""crossbar"": true, ""crossbar_after_dark"": false, ""crossbar_fraction"": 0.25, ""crossbar_offset"": 0.03, ""crossbar_reference"": ""latest"", ""cumulative_cap"": 2, ""cumulative_points"": 0.0, ""directional"": false, ""drop_sites"": false, ""exact_insert"": true, ""initial_reflection"": false, ""initial_rotation_span"": 1.5707963267948966, ""initial_rotation_steps"": 12, ""near_clear_distance"": 50.0, ""near_clear_radius"": 20.0, ""negative_regions"": ""disk"", ""opportunistic"": false, ""opportunistic_candidates"": 3, ""opportunistic_distance"": 650.0, ""probe_offset"": 0.25, ""radio_limit"": 12, ""route"": ""joint"", ""route_estimate"": 0.5, ""route_mode"": ""backbone"", ""scan_current_first"": true, ""search_first"": false, ""share"": true, ""share_ratio"": 0.7, ""source_bias"": 0.0, ""station_inner"": 990.0, ""station_layout"": ""8_16"", ""station_spec"": [8, 12, 995, 1864, 0], ""stop_when_found16"": false, ""trial_radius"": 40.0}",ablation/q4_no_count_stop/q4/paper_q4_n16_s960052/metrics.json
ablation,q4_no_count_stop,q4,paper_q4_n16_s960053,7df246795c5f13b0c33ba6cbd4aa1c946cba1de4d90d6bd6674d2717fb8af615,960053,16,False,False,16,16,372.8651844814963,5965.842951703941,4668.84295170394,1030.0,187.0,80.0,206,187,16,5732772c0fd490241d37b3470514a0bef875291e205ca22dbbaa95810bb1175b,"{""angle_bin"": 4.0, ""conditional_range"": true, ""crossbar"": true, ""crossbar_after_dark"": false, ""crossbar_fraction"": 0.25, ""crossbar_offset"": 0.03, ""crossbar_reference"": ""latest"", ""cumulative_cap"": 2, ""cumulative_points"": 0.0, ""directional"": false, ""drop_sites"": false, ""exact_insert"": true, ""initial_reflection"": false, ""initial_rotation_span"": 1.5707963267948966, ""initial_rotation_steps"": 12, ""near_clear_distance"": 50.0, ""near_clear_radius"": 20.0, ""negative_regions"": ""disk"", ""opportunistic"": false, ""opportunistic_candidates"": 3, ""opportunistic_distance"": 650.0, ""probe_offset"": 0.25, ""radio_limit"": 12, ""route"": ""joint"", ""route_estimate"": 0.5, ""route_mode"": ""backbone"", ""scan_current_first"": true, ""search_first"": false, ""share"": true, ""share_ratio"": 0.7, ""source_bias"": 0.0, ""station_inner"": 990.0, ""station_layout"": ""8_16"", ""station_spec"": [8, 12, 995, 1864, 0], ""stop_when_found16"": false, ""trial_radius"": 40.0}",ablation/q4_no_count_stop/q4/paper_q4_n16_s960053/metrics.json
ablation,q4_no_count_stop,q4,paper_q4_n16_s960054,8206890b9b420cbaea6b693c5cf72b030d8708ed8e056c338d28b1e44d86553c,960054,16,False,False,16,16,344.2476001556456,5507.96160249033,4090.9616024903316,1125.0,209.0,83.0,225,209,17,5732772c0fd490241d37b3470514a0bef875291e205ca22dbbaa95810bb1175b,"{""angle_bin"": 4.0, ""conditional_range"": true, ""crossbar"": true, ""crossbar_after_dark"": false, ""crossbar_fraction"": 0.25, ""crossbar_offset"": 0.03, ""crossbar_reference"": ""latest"", ""cumulative_cap"": 2, ""cumulative_points"": 0.0, ""directional"": false, ""drop_sites"": false, ""exact_insert"": true, ""initial_reflection"": false, ""initial_rotation_span"": 1.5707963267948966, ""initial_rotation_steps"": 12, ""near_clear_distance"": 50.0, ""near_clear_radius"": 20.0, ""negative_regions"": ""disk"", ""opportunistic"": false, ""opportunistic_candidates"": 3, ""opportunistic_distance"": 650.0, ""probe_offset"": 0.25, ""radio_limit"": 12, ""route"": ""joint"", ""route_estimate"": 0.5, ""route_mode"": ""backbone"", ""scan_current_first"": true, ""search_first"": false, ""share"": true, ""share_ratio"": 0.7, ""source_bias"": 0.0, ""station_inner"": 990.0, ""station_layout"": ""8_16"", ""station_spec"": [8, 12, 995, 1864, 0], ""stop_when_found16"": false, ""trial_radius"": 40.0}",ablation/q4_no_count_stop/q4/paper_q4_n16_s960054/metrics.json
ablation,q4_no_count_stop,q4,paper_q4_n16_s960055,6ff9e44e5b062ac46df867868e4bfdbce3357ab9b37f57f39768831f22daa029,960055,16,False,False,16,16,332.6147550961925,5321.83608153908,4147.83608153908,920.0,171.0,83.0,184,171,17,5732772c0fd490241d37b3470514a0bef875291e205ca22dbbaa95810bb1175b,"{""angle_bin"": 4.0, ""conditional_range"": true, ""crossbar"": true, ""crossbar_after_dark"": false, ""crossbar_fraction"": 0.25, ""crossbar_offset"": 0.03, ""crossbar_reference"": ""latest"", ""cumulative_cap"": 2, ""cumulative_points"": 0.0, ""directional"": false, ""drop_sites"": false, ""exact_insert"": true, ""initial_reflection"": false, ""initial_rotation_span"": 1.5707963267948966, ""initial_rotation_steps"": 12, ""near_clear_distance"": 50.0, ""near_clear_radius"": 20.0, ""negative_regions"": ""disk"", ""opportunistic"": false, ""opportunistic_candidates"": 3, ""opportunistic_distance"": 650.0, ""probe_offset"": 0.25, ""radio_limit"": 12, ""route"": ""joint"", ""route_estimate"": 0.5, ""route_mode"": ""backbone"", ""scan_current_first"": true, ""search_first"": false, ""share"": true, ""share_ratio"": 0.7, ""source_bias"": 0.0, ""station_inner"": 990.0, ""station_layout"": ""8_16"", ""station_spec"": [8, 12, 995, 1864, 0], ""stop_when_found16"": false, ""trial_radius"": 40.0}",ablation/q4_no_count_stop/q4/paper_q4_n16_s960055/metrics.json
ablation,q4_no_count_stop,q4,paper_q4_n16_s960056,6b2792b601130b0b46aa97b1ac0735656b2418610783d47c53cab64564495da2,960056,16,False,False,16,16,313.7356723817814,5019.770758108502,3857.7707581085024,890.0,168.0,104.0,178,168,24,5732772c0fd490241d37b3470514a0bef875291e205ca22dbbaa95810bb1175b,"{""angle_bin"": 4.0, ""conditional_range"": true, ""crossbar"": true, ""crossbar_after_dark"": false, ""crossbar_fraction"": 0.25, ""crossbar_offset"": 0.03, ""crossbar_reference"": ""latest"", ""cumulative_cap"": 2, ""cumulative_points"": 0.0, ""directional"": false, ""drop_sites"": false, ""exact_insert"": true, ""initial_reflection"": false, ""initial_rotation_span"": 1.5707963267948966, ""initial_rotation_steps"": 12, ""near_clear_distance"": 50.0, ""near_clear_radius"": 20.0, ""negative_regions"": ""disk"", ""opportunistic"": false, ""opportunistic_candidates"": 3, ""opportunistic_distance"": 650.0, ""probe_offset"": 0.25, ""radio_limit"": 12, ""route"": ""joint"", ""route_estimate"": 0.5, ""route_mode"": ""backbone"", ""scan_current_first"": true, ""search_first"": false, ""share"": true, ""share_ratio"": 0.7, ""source_bias"": 0.0, ""station_inner"": 990.0, ""station_layout"": ""8_16"", ""station_spec"": [8, 12, 995, 1864, 0], ""stop_when_found16"": false, ""trial_radius"": 40.0}",ablation/q4_no_count_stop/q4/paper_q4_n16_s960056/metrics.json
ablation,q4_no_count_stop,q4,paper_q4_n16_s960057,6c60a413ad3c5d739c953deb475923dd63ed809d6227e8d1925f0cd9b6100136,960057,16,False,False,16,16,353.45937962944555,5655.350074071129,4343.350074071129,1040.0,189.0,83.0,208,189,17,5732772c0fd490241d37b3470514a0bef875291e205ca22dbbaa95810bb1175b,"{""angle_bin"": 4.0, ""conditional_range"": true, ""crossbar"": true, ""crossbar_after_dark"": false, ""crossbar_fraction"": 0.25, ""crossbar_offset"": 0.03, ""crossbar_reference"": ""latest"", ""cumulative_cap"": 2, ""cumulative_points"": 0.0, ""directional"": false, ""drop_sites"": false, ""exact_insert"": true, ""initial_reflection"": false, ""initial_rotation_span"": 1.5707963267948966, ""initial_rotation_steps"": 12, ""near_clear_distance"": 50.0, ""near_clear_radius"": 20.0, ""negative_regions"": ""disk"", ""opportunistic"": false, ""opportunistic_candidates"": 3, ""opportunistic_distance"": 650.0, ""probe_offset"": 0.25, ""radio_limit"": 12, ""route"": ""joint"", ""route_estimate"": 0.5, ""route_mode"": ""backbone"", ""scan_current_first"": true, ""search_first"": false, ""share"": true, ""share_ratio"": 0.7, ""source_bias"": 0.0, ""station_inner"": 990.0, ""station_layout"": ""8_16"", ""station_spec"": [8, 12, 995, 1864, 0], ""stop_when_found16"": false, ""trial_radius"": 40.0}",ablation/q4_no_count_stop/q4/paper_q4_n16_s960057/metrics.json
ablation,q4_no_count_stop,q4,paper_q4_n16_s960058,0694e76cf04a8b334687d6f66c3b8e5bd22fee936abafbcd9aed87fab9ea8753,960058,16,False,False,16,16,309.83978260095233,4957.436521615237,3792.436521615238,910.0,172.0,83.0,182,172,17,5732772c0fd490241d37b3470514a0bef875291e205ca22dbbaa95810bb1175b,"{""angle_bin"": 4.0, ""conditional_range"": true, ""crossbar"": true, ""crossbar_after_dark"": false, ""crossbar_fraction"": 0.25, ""crossbar_offset"": 0.03, ""crossbar_reference"": ""latest"", ""cumulative_cap"": 2, ""cumulative_points"": 0.0, ""directional"": false, ""drop_sites"": false, ""exact_insert"": true, ""initial_reflection"": false, ""initial_rotation_span"": 1.5707963267948966, ""initial_rotation_steps"": 12, ""near_clear_distance"": 50.0, ""near_clear_radius"": 20.0, ""negative_regions"": ""disk"", ""opportunistic"": false, ""opportunistic_candidates"": 3, ""opportunistic_distance"": 650.0, ""probe_offset"": 0.25, ""radio_limit"": 12, ""route"": ""joint"", ""route_estimate"": 0.5, ""route_mode"": ""backbone"", ""scan_current_first"": true, ""search_first"": false, ""share"": true, ""share_ratio"": 0.7, ""source_bias"": 0.0, ""station_inner"": 990.0, ""station_layout"": ""8_16"", ""station_spec"": [8, 12, 995, 1864, 0], ""stop_when_found16"": false, ""trial_radius"": 40.0}",ablation/q4_no_count_stop/q4/paper_q4_n16_s960058/metrics.json
ablation,q4_no_count_stop,q4,paper_q4_n16_s960059,05cc90bed98c2e255fab9f8178fbf5b2a553268aabc778715431067900d5c20d,960059,16,False,False,16,16,370.990514062298,5935.848224996768,4595.84822499677,1065.0,195.0,80.0,213,195,16,5732772c0fd490241d37b3470514a0bef875291e205ca22dbbaa95810bb1175b,"{""angle_bin"": 4.0, ""conditional_range"": true, ""crossbar"": true, ""crossbar_after_dark"": false, ""crossbar_fraction"": 0.25, ""crossbar_offset"": 0.03, ""crossbar_reference"": ""latest"", ""cumulative_cap"": 2, ""cumulative_points"": 0.0, ""directional"": false, ""drop_sites"": false, ""exact_insert"": true, ""initial_reflection"": false, ""initial_rotation_span"": 1.5707963267948966, ""initial_rotation_steps"": 12, ""near_clear_distance"": 50.0, ""near_clear_radius"": 20.0, ""negative_regions"": ""disk"", ""opportunistic"": false, ""opportunistic_candidates"": 3, ""opportunistic_distance"": 650.0, ""probe_offset"": 0.25, ""radio_limit"": 12, ""route"": ""joint"", ""route_estimate"": 0.5, ""route_mode"": ""backbone"", ""scan_current_first"": true, ""search_first"": false, ""share"": true, ""share_ratio"": 0.7, ""source_bias"": 0.0, ""station_inner"": 990.0, ""station_layout"": ""8_16"", ""station_spec"": [8, 12, 995, 1864, 0], ""stop_when_found16"": false, ""trial_radius"": 40.0}",ablation/q4_no_count_stop/q4/paper_q4_n16_s960059/metrics.json
ablation,q4_no_crossbar,q4,paper_q4_n10_s960000,921ea355b3d9146956f61f4ae430d6b93f1e70cdd84e26d3abe69cad19bef54c,960000,10,True,True,10,10,747.6816770524939,7476.816770524939,5273.816770524938,1490.0,288.0,425.0,298,288,135,2327c10fd4bd5feb6d4577358d5630983ffc991afab54f10c62a33198f520f85,"{""angle_bin"": 4.0, ""conditional_range"": true, ""crossbar"": false, ""crossbar_after_dark"": false, ""crossbar_fraction"": 0.25, ""crossbar_offset"": 0.03, ""crossbar_reference"": ""latest"", ""cumulative_cap"": 2, ""cumulative_points"": 0.0, ""directional"": false, ""drop_sites"": false, ""exact_insert"": true, ""initial_reflection"": false, ""initial_rotation_span"": 1.5707963267948966, ""initial_rotation_steps"": 12, ""near_clear_distance"": 50.0, ""near_clear_radius"": 20.0, ""negative_regions"": ""disk"", ""opportunistic"": false, ""opportunistic_candidates"": 3, ""opportunistic_distance"": 650.0, ""probe_offset"": 0.25, ""radio_limit"": 12, ""route"": ""joint"", ""route_estimate"": 0.5, ""route_mode"": ""backbone"", ""scan_current_first"": true, ""search_first"": false, ""share"": true, ""share_ratio"": 0.7, ""source_bias"": 0.0, ""station_inner"": 990.0, ""station_layout"": ""8_16"", ""station_spec"": [8, 12, 995, 1864, 0], ""stop_when_found16"": true, ""trial_radius"": 40.0}",ablation/q4_no_crossbar/q4/paper_q4_n10_s960000/metrics.json
ablation,q4_no_crossbar,q4,paper_q4_n10_s960001,3c2d90f667bad6974cdf0e248fab341486a301486b771273f764547f2751f8cb,960001,10,True,True,10,10,785.9185710211578,7859.185710211578,5324.185710211573,1500.0,286.0,749.0,300,286,243,2327c10fd4bd5feb6d4577358d5630983ffc991afab54f10c62a33198f520f85,"{""angle_bin"": 4.0, ""conditional_range"": true, ""crossbar"": false, ""crossbar_after_dark"": false, ""crossbar_fraction"": 0.25, ""crossbar_offset"": 0.03, ""crossbar_reference"": ""latest"", ""cumulative_cap"": 2, ""cumulative_points"": 0.0, ""directional"": false, ""drop_sites"": false, ""exact_insert"": true, ""initial_reflection"": false, ""initial_rotation_span"": 1.5707963267948966, ""initial_rotation_steps"": 12, ""near_clear_distance"": 50.0, ""near_clear_radius"": 20.0, ""negative_regions"": ""disk"", ""opportunistic"": false, ""opportunistic_candidates"": 3, ""opportunistic_distance"": 650.0, ""probe_offset"": 0.25, ""radio_limit"": 12, ""route"": ""joint"", ""route_estimate"": 0.5, ""route_mode"": ""backbone"", ""scan_current_first"": true, ""search_first"": false, ""share"": true, ""share_ratio"": 0.7, ""source_bias"": 0.0, ""station_inner"": 990.0, ""station_layout"": ""8_16"", ""station_spec"": [8, 12, 995, 1864, 0], ""stop_when_found16"": true, ""trial_radius"": 40.0}",ablation/q4_no_crossbar/q4/paper_q4_n10_s960001/metrics.json
ablation,q4_no_crossbar,q4,paper_q4_n10_s960002,4b89a8df99cafd241c47e55af9f95a54b1ee9ea5e16fe7130e2b7163c9f09d32,960002,10,True,True,10,10,598.3964974715458,5983.964974715458,4143.964974715457,1380.0,260.0,200.0,276,260,60,2327c10fd4bd5feb6d4577358d5630983ffc991afab54f10c62a33198f520f85,"{""angle_bin"": 4.0, ""conditional_range"": true, ""crossbar"": false, ""crossbar_after_dark"": false, ""crossbar_fraction"": 0.25, ""crossbar_offset"": 0.03, ""crossbar_reference"": ""latest"", ""cumulative_cap"": 2, ""cumulative_points"": 0.0, ""directional"": false, ""drop_sites"": false, ""exact_insert"": true, ""initial_reflection"": false, ""initial_rotation_span"": 1.5707963267948966, ""initial_rotation_steps"": 12, ""near_clear_distance"": 50.0, ""near_clear_radius"": 20.0, ""negative_regions"": ""disk"", ""opportunistic"": false, ""opportunistic_candidates"": 3, ""opportunistic_distance"": 650.0, ""probe_offset"": 0.25, ""radio_limit"": 12, ""route"": ""joint"", ""route_estimate"": 0.5, ""route_mode"": ""backbone"", ""scan_current_first"": true, ""search_first"": false, ""share"": true, ""share_ratio"": 0.7, ""source_bias"": 0.0, ""station_inner"": 990.0, ""station_layout"": ""8_16"", ""station_spec"": [8, 12, 995, 1864, 0], ""stop_when_found16"": true, ""trial_radius"": 40.0}",ablation/q4_no_crossbar/q4/paper_q4_n10_s960002/metrics.json
ablation,q4_no_crossbar,q4,paper_q4_n10_s960003,d5ee7b8cfe10c43ea185cc639804aae71d411b01ee1540fbc540be5e6fa22c0a,960003,10,True,True,10,10,573.4534840162854,5734.534840162854,4084.534840162855,1340.0,257.0,53.0,268,257,11,2327c10fd4bd5feb6d4577358d5630983ffc991afab54f10c62a33198f520f85,"{""angle_bin"": 4.0, ""conditional_range"": true, ""crossbar"": false, ""crossbar_after_dark"": false, ""crossbar_fraction"": 0.25, ""crossbar_offset"": 0.03, ""crossbar_reference"": ""latest"", ""cumulative_cap"": 2, ""cumulative_points"": 0.0, ""directional"": false, ""drop_sites"": false, ""exact_insert"": true, ""initial_reflection"": false, ""initial_rotation_span"": 1.5707963267948966, ""initial_rotation_steps"": 12, ""near_clear_distance"": 50.0, ""near_clear_radius"": 20.0, ""negative_regions"": ""disk"", ""opportunistic"": false, ""opportunistic_candidates"": 3, ""opportunistic_distance"": 650.0, ""probe_offset"": 0.25, ""radio_limit"": 12, ""route"": ""joint"", ""route_estimate"": 0.5, ""route_mode"": ""backbone"", ""scan_current_first"": true, ""search_first"": false, ""share"": true, ""share_ratio"": 0.7, ""source_bias"": 0.0, ""station_inner"": 990.0, ""station_layout"": ""8_16"", ""station_spec"": [8, 12, 995, 1864, 0], ""stop_when_found16"": true, ""trial_radius"": 40.0}",ablation/q4_no_crossbar/q4/paper_q4_n10_s960003/metrics.json
ablation,q4_no_crossbar,q4,paper_q4_n10_s960004,1f988b31cf831af5aa25ce187ed6e54272d6b1871772eaa9bb115b1b6d726bd2,960004,10,True,True,10,10,590.1399038047024,5901.399038047024,4186.399038047025,1390.0,263.0,62.0,278,263,14,2327c10fd4bd5feb6d4577358d5630983ffc991afab54f10c62a33198f520f85,"{""angle_bin"": 4.0, ""conditional_range"": true, ""crossbar"": false, ""crossbar_after_dark"": false, ""crossbar_fraction"": 0.25, ""crossbar_offset"": 0.03, ""crossbar_reference"": ""latest"", ""cumulative_cap"": 2, ""cumulative_points"": 0.0, ""directional"": false, ""drop_sites"": false, ""exact_insert"": true, ""initial_reflection"": false, ""initial_rotation_span"": 1.5707963267948966, ""initial_rotation_steps"": 12, ""near_clear_distance"": 50.0, ""near_clear_radius"": 20.0, ""negative_regions"": ""disk"", ""opportunistic"": false, ""opportunistic_candidates"": 3, ""opportunistic_distance"": 650.0, ""probe_offset"": 0.25, ""radio_limit"": 12, ""route"": ""joint"", ""route_estimate"": 0.5, ""route_mode"": ""backbone"", ""scan_current_first"": true, ""search_first"": false, ""share"": true, ""share_ratio"": 0.7, ""source_bias"": 0.0, ""station_inner"": 990.0, ""station_layout"": ""8_16"", ""station_spec"": [8, 12, 995, 1864, 0], ""stop_when_found16"": true, ""trial_radius"": 40.0}",ablation/q4_no_crossbar/q4/paper_q4_n10_s960004/metrics.json
ablation,q4_no_crossbar,q4,paper_q4_n10_s960005,36aded449d8bbfeb55636622cc59a5b1dfcbc8fcf60b6079d88a2a6a4db548bd,960005,10,True,True,10,10,703.5129781198343,7035.129781198343,4850.1297811983495,1445.0,279.0,461.0,289,279,147,2327c10fd4bd5feb6d4577358d5630983ffc991afab54f10c62a33198f520f85,"{""angle_bin"": 4.0, ""conditional_range"": true, ""crossbar"": false, ""crossbar_after_dark"": false, ""crossbar_fraction"": 0.25, ""crossbar_offset"": 0.03, ""crossbar_reference"": ""latest"", ""cumulative_cap"": 2, ""cumulative_points"": 0.0, ""directional"": false, ""drop_sites"": false, ""exact_insert"": true, ""initial_reflection"": false, ""initial_rotation_span"": 1.5707963267948966, ""initial_rotation_steps"": 12, ""near_clear_distance"": 50.0, ""near_clear_radius"": 20.0, ""negative_regions"": ""disk"", ""opportunistic"": false, ""opportunistic_candidates"": 3, ""opportunistic_distance"": 650.0, ""probe_offset"": 0.25, ""radio_limit"": 12, ""route"": ""joint"", ""route_estimate"": 0.5, ""route_mode"": ""backbone"", ""scan_current_first"": true, ""search_first"": false, ""share"": true, ""share_ratio"": 0.7, ""source_bias"": 0.0, ""station_inner"": 990.0, ""station_layout"": ""8_16"", ""station_spec"": [8, 12, 995, 1864, 0], ""stop_when_found16"": true, ""trial_radius"": 40.0}",ablation/q4_no_crossbar/q4/paper_q4_n10_s960005/metrics.json
ablation,q4_no_crossbar,q4,paper_q4_n10_s960006,c7754a55042641796f5da3b168928bb8ff738fbb0d2e2e310b4d1fb86d611e47,960006,10,True,True,10,10,676.9812191138437,6769.812191138437,4675.812191138438,1410.0,274.0,410.0,282,274,130,2327c10fd4bd5feb6d4577358d5630983ffc991afab54f10c62a33198f520f85,"{""angle_bin"": 4.0, ""conditional_range"": true, ""crossbar"": false, ""crossbar_after_dark"": false, ""crossbar_fraction"": 0.25, ""crossbar_offset"": 0.03, ""crossbar_reference"": ""latest"", ""cumulative_cap"": 2, ""cumulative_points"": 0.0, ""directional"": false, ""drop_sites"": false, ""exact_insert"": true, ""initial_reflection"": false, ""initial_rotation_span"": 1.5707963267948966, ""initial_rotation_steps"": 12, ""near_clear_distance"": 50.0, ""near_clear_radius"": 20.0, ""negative_regions"": ""disk"", ""opportunistic"": false, ""opportunistic_candidates"": 3, ""opportunistic_distance"": 650.0, ""probe_offset"": 0.25, ""radio_limit"": 12, ""route"": ""joint"", ""route_estimate"": 0.5, ""route_mode"": ""backbone"", ""scan_current_first"": true, ""search_first"": false, ""share"": true, ""share_ratio"": 0.7, ""source_bias"": 0.0, ""station_inner"": 990.0, ""station_layout"": ""8_16"", ""station_spec"": [8, 12, 995, 1864, 0], ""stop_when_found16"": true, ""trial_radius"": 40.0}",ablation/q4_no_crossbar/q4/paper_q4_n10_s960006/metrics.json
ablation,q4_no_crossbar,q4,paper_q4_n10_s960007,c5089d6ba525d50783481797dc61d8eadaf230536dbac78f493ed66526ca66f3,960007,10,True,True,10,10,758.0101087927994,7580.101087927994,5541.101087927991,1440.0,270.0,329.0,288,270,103,2327c10fd4bd5feb6d4577358d5630983ffc991afab54f10c62a33198f520f85,"{""angle_bin"": 4.0, ""conditional_range"": true, ""crossbar"": false, ""crossbar_after_dark"": false, ""crossbar_fraction"": 0.25, ""crossbar_offset"": 0.03, ""crossbar_reference"": ""latest"", ""cumulative_cap"": 2, ""cumulative_points"": 0.0, ""directional"": false, ""drop_sites"": false, ""exact_insert"": true, ""initial_reflection"": false, ""initial_rotation_span"": 1.5707963267948966, ""initial_rotation_steps"": 12, ""near_clear_distance"": 50.0, ""near_clear_radius"": 20.0, ""negative_regions"": ""disk"", ""opportunistic"": false, ""opportunistic_candidates"": 3, ""opportunistic_distance"": 650.0, ""probe_offset"": 0.25, ""radio_limit"": 12, ""route"": ""joint"", ""route_estimate"": 0.5, ""route_mode"": ""backbone"", ""scan_current_first"": true, ""search_first"": false, ""share"": true, ""share_ratio"": 0.7, ""source_bias"": 0.0, ""station_inner"": 990.0, ""station_layout"": ""8_16"", ""station_spec"": [8, 12, 995, 1864, 0], ""stop_when_found16"": true, ""trial_radius"": 40.0}",ablation/q4_no_crossbar/q4/paper_q4_n10_s960007/metrics.json
ablation,q4_no_crossbar,q4,paper_q4_n10_s960008,a50200084bba6ca5d833b6999a3601288c4f3dd93878e69d939e923b69cc679b,960008,10,True,True,10,10,631.7802752150417,6317.802752150416,4369.802752150416,1440.0,281.0,227.0,288,281,69,2327c10fd4bd5feb6d4577358d5630983ffc991afab54f10c62a33198f520f85,"{""angle_bin"": 4.0, ""conditional_range"": true, ""crossbar"": false, ""crossbar_after_dark"": false, ""crossbar_fraction"": 0.25, ""crossbar_offset"": 0.03, ""crossbar_reference"": ""latest"", ""cumulative_cap"": 2, ""cumulative_points"": 0.0, ""directional"": false, ""drop_sites"": false, ""exact_insert"": true, ""initial_reflection"": false, ""initial_rotation_span"": 1.5707963267948966, ""initial_rotation_steps"": 12, ""near_clear_distance"": 50.0, ""near_clear_radius"": 20.0, ""negative_regions"": ""disk"", ""opportunistic"": false, ""opportunistic_candidates"": 3, ""opportunistic_distance"": 650.0, ""probe_offset"": 0.25, ""radio_limit"": 12, ""route"": ""joint"", ""route_estimate"": 0.5, ""route_mode"": ""backbone"", ""scan_current_first"": true, ""search_first"": false, ""share"": true, ""share_ratio"": 0.7, ""source_bias"": 0.0, ""station_inner"": 990.0, ""station_layout"": ""8_16"", ""station_spec"": [8, 12, 995, 1864, 0], ""stop_when_found16"": true, ""trial_radius"": 40.0}",ablation/q4_no_crossbar/q4/paper_q4_n10_s960008/metrics.json
ablation,q4_no_crossbar,q4,paper_q4_n10_s960009,8e49a81d41852454f8fdbe13137b9782a07dbf23b608ccb0e8f1778d9e0256a4,960009,10,True,True,10,10,637.8951774787529,6378.951774787529,4405.951774787525,1485.0,285.0,203.0,297,285,61,2327c10fd4bd5feb6d4577358d5630983ffc991afab54f10c62a33198f520f85,"{""angle_bin"": 4.0, ""conditional_range"": true, ""crossbar"": false, ""crossbar_after_dark"": false, ""crossbar_fraction"": 0.25, ""crossbar_offset"": 0.03, ""crossbar_reference"": ""latest"", ""cumulative_cap"": 2, ""cumulative_points"": 0.0, ""directional"": false, ""drop_sites"": false, ""exact_insert"": true, ""initial_reflection"": false, ""initial_rotation_span"": 1.5707963267948966, ""initial_rotation_steps"": 12, ""near_clear_distance"": 50.0, ""near_clear_radius"": 20.0, ""negative_regions"": ""disk"", ""opportunistic"": false, ""opportunistic_candidates"": 3, ""opportunistic_distance"": 650.0, ""probe_offset"": 0.25, ""radio_limit"": 12, ""route"": ""joint"", ""route_estimate"": 0.5, ""route_mode"": ""backbone"", ""scan_current_first"": true, ""search_first"": false, ""share"": true, ""share_ratio"": 0.7, ""source_bias"": 0.0, ""station_inner"": 990.0, ""station_layout"": ""8_16"", ""station_spec"": [8, 12, 995, 1864, 0], ""stop_when_found16"": true, ""trial_radius"": 40.0}",ablation/q4_no_crossbar/q4/paper_q4_n10_s960009/metrics.json
ablation,q4_no_crossbar,q4,paper_q4_n10_s960010,d1a4e53a0b827ae62d623b532b77ab5d10c17699e4e4d6eb7f02f22fd4ed50eb,960010,10,True,True,10,10,563.184135012253,5631.8413501225305,3954.8413501225327,1360.0,261.0,56.0,272,261,12,2327c10fd4bd5feb6d4577358d5630983ffc991afab54f10c62a33198f520f85,"{""angle_bin"": 4.0, ""conditional_range"": true, ""crossbar"": false, ""crossbar_after_dark"": false, ""crossbar_fraction"": 0.25, ""crossbar_offset"": 0.03, ""crossbar_reference"": ""latest"", ""cumulative_cap"": 2, ""cumulative_points"": 0.0, ""directional"": false, ""drop_sites"": false, ""exact_insert"": true, ""initial_reflection"": false, ""initial_rotation_span"": 1.5707963267948966, ""initial_rotation_steps"": 12, ""near_clear_distance"": 50.0, ""near_clear_radius"": 20.0, ""negative_regions"": ""disk"", ""opportunistic"": false, ""opportunistic_candidates"": 3, ""opportunistic_distance"": 650.0, ""probe_offset"": 0.25, ""radio_limit"": 12, ""route"": ""joint"", ""route_estimate"": 0.5, ""route_mode"": ""backbone"", ""scan_current_first"": true, ""search_first"": false, ""share"": true, ""share_ratio"": 0.7, ""source_bias"": 0.0, ""station_inner"": 990.0, ""station_layout"": ""8_16"", ""station_spec"": [8, 12, 995, 1864, 0], ""stop_when_found16"": true, ""trial_radius"": 40.0}",ablation/q4_no_crossbar/q4/paper_q4_n10_s960010/metrics.json
ablation,q4_no_crossbar,q4,paper_q4_n10_s960011,766d81fe94af0b07461fadce21001d3498e149dd464251863bbf8dd6544f916c,960011,10,True,True,10,10,569.1642670057756,5691.642670057756,4000.6426700577554,1375.0,260.0,56.0,275,260,12,2327c10fd4bd5feb6d4577358d5630983ffc991afab54f10c62a33198f520f85,"{""angle_bin"": 4.0, ""conditional_range"": true, ""crossbar"": false, ""crossbar_after_dark"": false, ""crossbar_fraction"": 0.25, ""crossbar_offset"": 0.03, ""crossbar_reference"": ""latest"", ""cumulative_cap"": 2, ""cumulative_points"": 0.0, ""directional"": false, ""drop_sites"": false, ""exact_insert"": true, ""initial_reflection"": false, ""initial_rotation_span"": 1.5707963267948966, ""initial_rotation_steps"": 12, ""near_clear_distance"": 50.0, ""near_clear_radius"": 20.0, ""negative_regions"": ""disk"", ""opportunistic"": false, ""opportunistic_candidates"": 3, ""opportunistic_distance"": 650.0, ""probe_offset"": 0.25, ""radio_limit"": 12, ""route"": ""joint"", ""route_estimate"": 0.5, ""route_mode"": ""backbone"", ""scan_current_first"": true, ""search_first"": false, ""share"": true, ""share_ratio"": 0.7, ""source_bias"": 0.0, ""station_inner"": 990.0, ""station_layout"": ""8_16"", ""station_spec"": [8, 12, 995, 1864, 0], ""stop_when_found16"": true, ""trial_radius"": 40.0}",ablation/q4_no_crossbar/q4/paper_q4_n10_s960011/metrics.json
ablation,q4_no_crossbar,q4,paper_q4_n10_s960012,703efdc7a86ef0638cbaa1e4565737490a0ad5e887ed7224cd42d4e47bae2adf,960012,10,True,True,10,10,645.9472894103147,6459.472894103147,4507.472894103147,1410.0,267.0,275.0,282,267,85,2327c10fd4bd5feb6d4577358d5630983ffc991afab54f10c62a33198f520f85,"{""angle_bin"": 4.0, ""conditional_range"": true, ""crossbar"": false, ""crossbar_after_dark"": false, ""crossbar_fraction"": 0.25, ""crossbar_offset"": 0.03, ""crossbar_reference"": ""latest"", ""cumulative_cap"": 2, ""cumulative_points"": 0.0, ""directional"": false, ""drop_sites"": false, ""exact_insert"": true, ""initial_reflection"": false, ""initial_rotation_span"": 1.5707963267948966, ""initial_rotation_steps"": 12, ""near_clear_distance"": 50.0, ""near_clear_radius"": 20.0, ""negative_regions"": ""disk"", ""opportunistic"": false, ""opportunistic_candidates"": 3, ""opportunistic_distance"": 650.0, ""probe_offset"": 0.25, ""radio_limit"": 12, ""route"": ""joint"", ""route_estimate"": 0.5, ""route_mode"": ""backbone"", ""scan_current_first"": true, ""search_first"": false, ""share"": true, ""share_ratio"": 0.7, ""source_bias"": 0.0, ""station_inner"": 990.0, ""station_layout"": ""8_16"", ""station_spec"": [8, 12, 995, 1864, 0], ""stop_when_found16"": true, ""trial_radius"": 40.0}",ablation/q4_no_crossbar/q4/paper_q4_n10_s960012/metrics.json
ablation,q4_no_crossbar,q4,paper_q4_n10_s960013,2d87203b18352d2c739222e5b16af035235cf6914cf5b34691e429c40916c91b,960013,10,True,True,10,10,798.4470362470348,7984.470362470348,5558.470362470357,1515.0,291.0,620.0,303,291,200,2327c10fd4bd5feb6d4577358d5630983ffc991afab54f10c62a33198f520f85,"{""angle_bin"": 4.0, ""conditional_range"": true, ""crossbar"": false, ""crossbar_after_dark"": false, ""crossbar_fraction"": 0.25, ""crossbar_offset"": 0.03, ""crossbar_reference"": ""latest"", ""cumulative_cap"": 2, ""cumulative_points"": 0.0, ""directional"": false, ""drop_sites"": false, ""exact_insert"": true, ""initial_reflection"": false, ""initial_rotation_span"": 1.5707963267948966, ""initial_rotation_steps"": 12, ""near_clear_distance"": 50.0, ""near_clear_radius"": 20.0, ""negative_regions"": ""disk"", ""opportunistic"": false, ""opportunistic_candidates"": 3, ""opportunistic_distance"": 650.0, ""probe_offset"": 0.25, ""radio_limit"": 12, ""route"": ""joint"", ""route_estimate"": 0.5, ""route_mode"": ""backbone"", ""scan_current_first"": true, ""search_first"": false, ""share"": true, ""share_ratio"": 0.7, ""source_bias"": 0.0, ""station_inner"": 990.0, ""station_layout"": ""8_16"", ""station_spec"": [8, 12, 995, 1864, 0], ""stop_when_found16"": true, ""trial_radius"": 40.0}",ablation/q4_no_crossbar/q4/paper_q4_n10_s960013/metrics.json
ablation,q4_no_crossbar,q4,paper_q4_n10_s960014,62fc1daef45c37c33faaab81b3ca9012ca0f078e7fb0911ed4ec97efddb421f1,960014,10,True,True,10,10,651.6080431366905,6516.080431366905,4656.080431366893,1350.0,259.0,251.0,270,259,77,2327c10fd4bd5feb6d4577358d5630983ffc991afab54f10c62a33198f520f85,"{""angle_bin"": 4.0, ""conditional_range"": true, ""crossbar"": false, ""crossbar_after_dark"": false, ""crossbar_fraction"": 0.25, ""crossbar_offset"": 0.03, ""crossbar_reference"": ""latest"", ""cumulative_cap"": 2, ""cumulative_points"": 0.0, ""directional"": false, ""drop_sites"": false, ""exact_insert"": true, ""initial_reflection"": false, ""initial_rotation_span"": 1.5707963267948966, ""initial_rotation_steps"": 12, ""near_clear_distance"": 50.0, ""near_clear_radius"": 20.0, ""negative_regions"": ""disk"", ""opportunistic"": false, ""opportunistic_candidates"": 3, ""opportunistic_distance"": 650.0, ""probe_offset"": 0.25, ""radio_limit"": 12, ""route"": ""joint"", ""route_estimate"": 0.5, ""route_mode"": ""backbone"", ""scan_current_first"": true, ""search_first"": false, ""share"": true, ""share_ratio"": 0.7, ""source_bias"": 0.0, ""station_inner"": 990.0, ""station_layout"": ""8_16"", ""station_spec"": [8, 12, 995, 1864, 0], ""stop_when_found16"": true, ""trial_radius"": 40.0}",ablation/q4_no_crossbar/q4/paper_q4_n10_s960014/metrics.json
ablation,q4_no_crossbar,q4,paper_q4_n10_s960015,786e0a5748501bd13da2fb5fcf82c3ac6a7ff71e1830c44e7fc76fe4ae746aa5,960015,10,True,True,10,10,594.3142760936969,5943.142760936968,4143.14276093697,1420.0,270.0,110.0,284,270,30,2327c10fd4bd5feb6d4577358d5630983ffc991afab54f10c62a33198f520f85,"{""angle_bin"": 4.0, ""conditional_range"": true, ""crossbar"": false, ""crossbar_after_dark"": false, ""crossbar_fraction"": 0.25, ""crossbar_offset"": 0.03, ""crossbar_reference"": ""latest"", ""cumulative_cap"": 2, ""cumulative_points"": 0.0, ""directional"": false, ""drop_sites"": false, ""exact_insert"": true, ""initial_reflection"": false, ""initial_rotation_span"": 1.5707963267948966, ""initial_rotation_steps"": 12, ""near_clear_distance"": 50.0, ""near_clear_radius"": 20.0, ""negative_regions"": ""disk"", ""opportunistic"": false, ""opportunistic_candidates"": 3, ""opportunistic_distance"": 650.0, ""probe_offset"": 0.25, ""radio_limit"": 12, ""route"": ""joint"", ""route_estimate"": 0.5, ""route_mode"": ""backbone"", ""scan_current_first"": true, ""search_first"": false, ""share"": true, ""share_ratio"": 0.7, ""source_bias"": 0.0, ""station_inner"": 990.0, ""station_layout"": ""8_16"", ""station_spec"": [8, 12, 995, 1864, 0], ""stop_when_found16"": true, ""trial_radius"": 40.0}",ablation/q4_no_crossbar/q4/paper_q4_n10_s960015/metrics.json
ablation,q4_no_crossbar,q4,paper_q4_n10_s960016,289739bdb664f6ba8e2416d3709159e3e5bfb90814c6d43081ebae655f341b30,960016,10,True,True,10,10,618.2454175265287,6182.454175265288,4405.454175265288,1395.0,269.0,113.0,279,269,31,2327c10fd4bd5feb6d4577358d5630983ffc991afab54f10c62a33198f520f85,"{""angle_bin"": 4.0, ""conditional_range"": true, ""crossbar"": false, ""crossbar_after_dark"": false, ""crossbar_fraction"": 0.25, ""crossbar_offset"": 0.03, ""crossbar_reference"": ""latest"", ""cumulative_cap"": 2, ""cumulative_points"": 0.0, ""directional"": false, ""drop_sites"": false, ""exact_insert"": true, ""initial_reflection"": false, ""initial_rotation_span"": 1.5707963267948966, ""initial_rotation_steps"": 12, ""near_clear_distance"": 50.0, ""near_clear_radius"": 20.0, ""negative_regions"": ""disk"", ""opportunistic"": false, ""opportunistic_candidates"": 3, ""opportunistic_distance"": 650.0, ""probe_offset"": 0.25, ""radio_limit"": 12, ""route"": ""joint"", ""route_estimate"": 0.5, ""route_mode"": ""backbone"", ""scan_current_first"": true, ""search_first"": false, ""share"": true, ""share_ratio"": 0.7, ""source_bias"": 0.0, ""station_inner"": 990.0, ""station_layout"": ""8_16"", ""station_spec"": [8, 12, 995, 1864, 0], ""stop_when_found16"": true, ""trial_radius"": 40.0}",ablation/q4_no_crossbar/q4/paper_q4_n10_s960016/metrics.json
ablation,q4_no_crossbar,q4,paper_q4_n10_s960017,8eec67759a34add255ee4e92aef60de171d284d6d00cd8815965b7338fb036e4,960017,10,True,True,10,10,633.0482704507353,6330.482704507353,4427.482704507353,1295.0,246.0,362.0,259,246,114,2327c10fd4bd5feb6d4577358d5630983ffc991afab54f10c62a33198f520f85,"{""angle_bin"": 4.0, ""conditional_range"": true, ""crossbar"": false, ""crossbar_after_dark"": false, ""crossbar_fraction"": 0.25, ""crossbar_offset"": 0.03, ""crossbar_reference"": ""latest"", ""cumulative_cap"": 2, ""cumulative_points"": 0.0, ""directional"": false, ""drop_sites"": false, ""exact_insert"": true, ""initial_reflection"": false, ""initial_rotation_span"": 1.5707963267948966, ""initial_rotation_steps"": 12, ""near_clear_distance"": 50.0, ""near_clear_radius"": 20.0, ""negative_regions"": ""disk"", ""opportunistic"": false, ""opportunistic_candidates"": 3, ""opportunistic_distance"": 650.0, ""probe_offset"": 0.25, ""radio_limit"": 12, ""route"": ""joint"", ""route_estimate"": 0.5, ""route_mode"": ""backbone"", ""scan_current_first"": true, ""search_first"": false, ""share"": true, ""share_ratio"": 0.7, ""source_bias"": 0.0, ""station_inner"": 990.0, ""station_layout"": ""8_16"", ""station_spec"": [8, 12, 995, 1864, 0], ""stop_when_found16"": true, ""trial_radius"": 40.0}",ablation/q4_no_crossbar/q4/paper_q4_n10_s960017/metrics.json
ablation,q4_no_crossbar,q4,paper_q4_n10_s960018,1147536cb66cc757feeea7b44096f960a97bf1f5905e68d35788554b1c6d15a0,960018,10,True,True,10,10,700.0922153751058,7000.9221537510575,4947.922153751057,1410.0,269.0,374.0,282,269,118,2327c10fd4bd5feb6d4577358d5630983ffc991afab54f10c62a33198f520f85,"{""angle_bin"": 4.0, ""conditional_range"": true, ""crossbar"": false, ""crossbar_after_dark"": false, ""crossbar_fraction"": 0.25, ""crossbar_offset"": 0.03, ""crossbar_reference"": ""latest"", ""cumulative_cap"": 2, ""cumulative_points"": 0.0, ""directional"": false, ""drop_sites"": false, ""exact_insert"": true, ""initial_reflection"": false, ""initial_rotation_span"": 1.5707963267948966, ""initial_rotation_steps"": 12, ""near_clear_distance"": 50.0, ""near_clear_radius"": 20.0, ""negative_regions"": ""disk"", ""opportunistic"": false, ""opportunistic_candidates"": 3, ""opportunistic_distance"": 650.0, ""probe_offset"": 0.25, ""radio_limit"": 12, ""route"": ""joint"", ""route_estimate"": 0.5, ""route_mode"": ""backbone"", ""scan_current_first"": true, ""search_first"": false, ""share"": true, ""share_ratio"": 0.7, ""source_bias"": 0.0, ""station_inner"": 990.0, ""station_layout"": ""8_16"", ""station_spec"": [8, 12, 995, 1864, 0], ""stop_when_found16"": true, ""trial_radius"": 40.0}",ablation/q4_no_crossbar/q4/paper_q4_n10_s960018/metrics.json
ablation,q4_no_crossbar,q4,paper_q4_n10_s960019,cf55d3f4e09f53fbb973530d6dd48121c475c525c9101a3c94703aad60256cf0,960019,10,True,True,10,10,847.8783190781418,8478.783190781418,6025.783190781417,1425.0,276.0,752.0,285,276,244,2327c10fd4bd5feb6d4577358d5630983ffc991afab54f10c62a33198f520f85,"{""angle_bin"": 4.0, ""conditional_range"": true, ""crossbar"": false, ""crossbar_after_dark"": false, ""crossbar_fraction"": 0.25, ""crossbar_offset"": 0.03, ""crossbar_reference"": ""latest"", ""cumulative_cap"": 2, ""cumulative_points"": 0.0, ""directional"": false, ""drop_sites"": false, ""exact_insert"": true, ""initial_reflection"": false, ""initial_rotation_span"": 1.5707963267948966, ""initial_rotation_steps"": 12, ""near_clear_distance"": 50.0, ""near_clear_radius"": 20.0, ""negative_regions"": ""disk"", ""opportunistic"": false, ""opportunistic_candidates"": 3, ""opportunistic_distance"": 650.0, ""probe_offset"": 0.25, ""radio_limit"": 12, ""route"": ""joint"", ""route_estimate"": 0.5, ""route_mode"": ""backbone"", ""scan_current_first"": true, ""search_first"": false, ""share"": true, ""share_ratio"": 0.7, ""source_bias"": 0.0, ""station_inner"": 990.0, ""station_layout"": ""8_16"", ""station_spec"": [8, 12, 995, 1864, 0], ""stop_when_found16"": true, ""trial_radius"": 40.0}",ablation/q4_no_crossbar/q4/paper_q4_n10_s960019/metrics.json
ablation,q4_no_crossbar,q4,paper_q4_n16_s960040,b1005a485d954543d249bd4846074706e789f2ced4376ceda599b6fd9450b9c6,960040,16,True,True,16,16,485.4712009094826,7767.539214551722,5793.539214551719,910.0,171.0,893.0,182,171,287,2327c10fd4bd5feb6d4577358d5630983ffc991afab54f10c62a33198f520f85,"{""angle_bin"": 4.0, ""conditional_range"": true, ""crossbar"": false, ""crossbar_after_dark"": false, ""crossbar_fraction"": 0.25, ""crossbar_offset"": 0.03, ""crossbar_reference"": ""latest"", ""cumulative_cap"": 2, ""cumulative_points"": 0.0, ""directional"": false, ""drop_sites"": false, ""exact_insert"": true, ""initial_reflection"": false, ""initial_rotation_span"": 1.5707963267948966, ""initial_rotation_steps"": 12, ""near_clear_distance"": 50.0, ""near_clear_radius"": 20.0, ""negative_regions"": ""disk"", ""opportunistic"": false, ""opportunistic_candidates"": 3, ""opportunistic_distance"": 650.0, ""probe_offset"": 0.25, ""radio_limit"": 12, ""route"": ""joint"", ""route_estimate"": 0.5, ""route_mode"": ""backbone"", ""scan_current_first"": true, ""search_first"": false, ""share"": true, ""share_ratio"": 0.7, ""source_bias"": 0.0, ""station_inner"": 990.0, ""station_layout"": ""8_16"", ""station_spec"": [8, 12, 995, 1864, 0], ""stop_when_found16"": true, ""trial_radius"": 40.0}",ablation/q4_no_crossbar/q4/paper_q4_n16_s960040/metrics.json
ablation,q4_no_crossbar,q4,paper_q4_n16_s960041,d0d4eda9ee7def4375ec93a8a793883f1892eed07ac67321b1595776be4fb9b0,960041,16,True,True,16,16,451.0468827982116,7216.750124771385,5134.75012477138,1175.0,224.0,683.0,235,224,217,2327c10fd4bd5feb6d4577358d5630983ffc991afab54f10c62a33198f520f85,"{""angle_bin"": 4.0, ""conditional_range"": true, ""crossbar"": false, ""crossbar_after_dark"": false, ""crossbar_fraction"": 0.25, ""crossbar_offset"": 0.03, ""crossbar_reference"": ""latest"", ""cumulative_cap"": 2, ""cumulative_points"": 0.0, ""directional"": false, ""drop_sites"": false, ""exact_insert"": true, ""initial_reflection"": false, ""initial_rotation_span"": 1.5707963267948966, ""initial_rotation_steps"": 12, ""near_clear_distance"": 50.0, ""near_clear_radius"": 20.0, ""negative_regions"": ""disk"", ""opportunistic"": false, ""opportunistic_candidates"": 3, ""opportunistic_distance"": 650.0, ""probe_offset"": 0.25, ""radio_limit"": 12, ""route"": ""joint"", ""route_estimate"": 0.5, ""route_mode"": ""backbone"", ""scan_current_first"": true, ""search_first"": false, ""share"": true, ""share_ratio"": 0.7, ""source_bias"": 0.0, ""station_inner"": 990.0, ""station_layout"": ""8_16"", ""station_spec"": [8, 12, 995, 1864, 0], ""stop_when_found16"": true, ""trial_radius"": 40.0}",ablation/q4_no_crossbar/q4/paper_q4_n16_s960041/metrics.json
ablation,q4_no_crossbar,q4,paper_q4_n16_s960042,429d445dee31fd1076a19249d749c7bd99c77ba7636d01b14771e68c4c2d0c94,960042,16,True,True,16,16,401.796581385146,6428.745302162336,4809.745302162336,930.0,174.0,515.0,186,174,161,2327c10fd4bd5feb6d4577358d5630983ffc991afab54f10c62a33198f520f85,"{""angle_bin"": 4.0, ""conditional_range"": true, ""crossbar"": false, ""crossbar_after_dark"": false, ""crossbar_fraction"": 0.25, ""crossbar_offset"": 0.03, ""crossbar_reference"": ""latest"", ""cumulative_cap"": 2, ""cumulative_points"": 0.0, ""directional"": false, ""drop_sites"": false, ""exact_insert"": true, ""initial_reflection"": false, ""initial_rotation_span"": 1.5707963267948966, ""initial_rotation_steps"": 12, ""near_clear_distance"": 50.0, ""near_clear_radius"": 20.0, ""negative_regions"": ""disk"", ""opportunistic"": false, ""opportunistic_candidates"": 3, ""opportunistic_distance"": 650.0, ""probe_offset"": 0.25, ""radio_limit"": 12, ""route"": ""joint"", ""route_estimate"": 0.5, ""route_mode"": ""backbone"", ""scan_current_first"": true, ""search_first"": false, ""share"": true, ""share_ratio"": 0.7, ""source_bias"": 0.0, ""station_inner"": 990.0, ""station_layout"": ""8_16"", ""station_spec"": [8, 12, 995, 1864, 0], ""stop_when_found16"": true, ""trial_radius"": 40.0}",ablation/q4_no_crossbar/q4/paper_q4_n16_s960042/metrics.json
ablation,q4_no_crossbar,q4,paper_q4_n16_s960043,890edfc43be11ed9cb6673a095c3f9d1f9bd00eee552bcf025424d833eb387b8,960043,16,True,True,16,16,445.03036883640164,7120.485901382426,5235.485901382428,850.0,163.0,872.0,170,163,280,2327c10fd4bd5feb6d4577358d5630983ffc991afab54f10c62a33198f520f85,"{""angle_bin"": 4.0, ""conditional_range"": true, ""crossbar"": false, ""crossbar_after_dark"": false, ""crossbar_fraction"": 0.25, ""crossbar_offset"": 0.03, ""crossbar_reference"": ""latest"", ""cumulative_cap"": 2, ""cumulative_points"": 0.0, ""directional"": false, ""drop_sites"": false, ""exact_insert"": true, ""initial_reflection"": false, ""initial_rotation_span"": 1.5707963267948966, ""initial_rotation_steps"": 12, ""near_clear_distance"": 50.0, ""near_clear_radius"": 20.0, ""negative_regions"": ""disk"", ""opportunistic"": false, ""opportunistic_candidates"": 3, ""opportunistic_distance"": 650.0, ""probe_offset"": 0.25, ""radio_limit"": 12, ""route"": ""joint"", ""route_estimate"": 0.5, ""route_mode"": ""backbone"", ""scan_current_first"": true, ""search_first"": false, ""share"": true, ""share_ratio"": 0.7, ""source_bias"": 0.0, ""station_inner"": 990.0, ""station_layout"": ""8_16"", ""station_spec"": [8, 12, 995, 1864, 0], ""stop_when_found16"": true, ""trial_radius"": 40.0}",ablation/q4_no_crossbar/q4/paper_q4_n16_s960043/metrics.json
ablation,q4_no_crossbar,q4,paper_q4_n16_s960044,3e93ad6707a0652a9c98c415187fd78b4c12165d349d1420dd80a0573d745e09,960044,16,True,True,16,16,483.12569507906835,7730.011121265094,5603.011121265094,950.0,179.0,998.0,190,179,322,2327c10fd4bd5feb6d4577358d5630983ffc991afab54f10c62a33198f520f85,"{""angle_bin"": 4.0, ""conditional_range"": true, ""crossbar"": false, ""crossbar_after_dark"": false, ""crossbar_fraction"": 0.25, ""crossbar_offset"": 0.03, ""crossbar_reference"": ""latest"", ""cumulative_cap"": 2, ""cumulative_points"": 0.0, ""directional"": false, ""drop_sites"": false, ""exact_insert"": true, ""initial_reflection"": false, ""initial_rotation_span"": 1.5707963267948966, ""initial_rotation_steps"": 12, ""near_clear_distance"": 50.0, ""near_clear_radius"": 20.0, ""negative_regions"": ""disk"", ""opportunistic"": false, ""opportunistic_candidates"": 3, ""opportunistic_distance"": 650.0, ""probe_offset"": 0.25, ""radio_limit"": 12, ""route"": ""joint"", ""route_estimate"": 0.5, ""route_mode"": ""backbone"", ""scan_current_first"": true, ""search_first"": false, ""share"": true, ""share_ratio"": 0.7, ""source_bias"": 0.0, ""station_inner"": 990.0, ""station_layout"": ""8_16"", ""station_spec"": [8, 12, 995, 1864, 0], ""stop_when_found16"": true, ""trial_radius"": 40.0}",ablation/q4_no_crossbar/q4/paper_q4_n16_s960044/metrics.json
ablation,q4_no_crossbar,q4,paper_q4_n16_s960045,3cad5d7f229b2c51c945985233487543874251e74c0e6b296e648079d13bb7f9,960045,16,True,True,16,16,305.6517919702727,4890.428671524363,3766.4286715243634,875.0,163.0,86.0,175,163,18,2327c10fd4bd5feb6d4577358d5630983ffc991afab54f10c62a33198f520f85,"{""angle_bin"": 4.0, ""conditional_range"": true, ""crossbar"": false, ""crossbar_after_dark"": false, ""crossbar_fraction"": 0.25, ""crossbar_offset"": 0.03, ""crossbar_reference"": ""latest"", ""cumulative_cap"": 2, ""cumulative_points"": 0.0, ""directional"": false, ""drop_sites"": false, ""exact_insert"": true, ""initial_reflection"": false, ""initial_rotation_span"": 1.5707963267948966, ""initial_rotation_steps"": 12, ""near_clear_distance"": 50.0, ""near_clear_radius"": 20.0, ""negative_regions"": ""disk"", ""opportunistic"": false, ""opportunistic_candidates"": 3, ""opportunistic_distance"": 650.0, ""probe_offset"": 0.25, ""radio_limit"": 12, ""route"": ""joint"", ""route_estimate"": 0.5, ""route_mode"": ""backbone"", ""scan_current_first"": true, ""search_first"": false, ""share"": true, ""share_ratio"": 0.7, ""source_bias"": 0.0, ""station_inner"": 990.0, ""station_layout"": ""8_16"", ""station_spec"": [8, 12, 995, 1864, 0], ""stop_when_found16"": true, ""trial_radius"": 40.0}",ablation/q4_no_crossbar/q4/paper_q4_n16_s960045/metrics.json
ablation,q4_no_crossbar,q4,paper_q4_n16_s960046,7040da829ed4799b41c8235979675a92458a40cf4d2a21d36f2bd093a8fce226,960046,16,True,True,16,16,479.74187788083583,7675.870046093373,5809.870046093377,1015.0,192.0,659.0,203,192,209,2327c10fd4bd5feb6d4577358d5630983ffc991afab54f10c62a33198f520f85,"{""angle_bin"": 4.0, ""conditional_range"": true, ""crossbar"": false, ""crossbar_after_dark"": false, ""crossbar_fraction"": 0.25, ""crossbar_offset"": 0.03, ""crossbar_reference"": ""latest"", ""cumulative_cap"": 2, ""cumulative_points"": 0.0, ""directional"": false, ""drop_sites"": false, ""exact_insert"": true, ""initial_reflection"": false, ""initial_rotation_span"": 1.5707963267948966, ""initial_rotation_steps"": 12, ""near_clear_distance"": 50.0, ""near_clear_radius"": 20.0, ""negative_regions"": ""disk"", ""opportunistic"": false, ""opportunistic_candidates"": 3, ""opportunistic_distance"": 650.0, ""probe_offset"": 0.25, ""radio_limit"": 12, ""route"": ""joint"", ""route_estimate"": 0.5, ""route_mode"": ""backbone"", ""scan_current_first"": true, ""search_first"": false, ""share"": true, ""share_ratio"": 0.7, ""source_bias"": 0.0, ""station_inner"": 990.0, ""station_layout"": ""8_16"", ""station_spec"": [8, 12, 995, 1864, 0], ""stop_when_found16"": true, ""trial_radius"": 40.0}",ablation/q4_no_crossbar/q4/paper_q4_n16_s960046/metrics.json
ablation,q4_no_crossbar,q4,paper_q4_n16_s960047,f8ec8de50f5e67238ff9f26f1b06b20e5cee54a52c2ecf8e944bf4566f28650b,960047,16,True,True,16,16,315.02566289337284,5040.410606293965,3728.410606293967,650.0,123.0,539.0,130,123,169,2327c10fd4bd5feb6d4577358d5630983ffc991afab54f10c62a33198f520f85,"{""angle_bin"": 4.0, ""conditional_range"": true, ""crossbar"": false, ""crossbar_after_dark"": false, ""crossbar_fraction"": 0.25, ""crossbar_offset"": 0.03, ""crossbar_reference"": ""latest"", ""cumulative_cap"": 2, ""cumulative_points"": 0.0, ""directional"": false, ""drop_sites"": false, ""exact_insert"": true, ""initial_reflection"": false, ""initial_rotation_span"": 1.5707963267948966, ""initial_rotation_steps"": 12, ""near_clear_distance"": 50.0, ""near_clear_radius"": 20.0, ""negative_regions"": ""disk"", ""opportunistic"": false, ""opportunistic_candidates"": 3, ""opportunistic_distance"": 650.0, ""probe_offset"": 0.25, ""radio_limit"": 12, ""route"": ""joint"", ""route_estimate"": 0.5, ""route_mode"": ""backbone"", ""scan_current_first"": true, ""search_first"": false, ""share"": true, ""share_ratio"": 0.7, ""source_bias"": 0.0, ""station_inner"": 990.0, ""station_layout"": ""8_16"", ""station_spec"": [8, 12, 995, 1864, 0], ""stop_when_found16"": true, ""trial_radius"": 40.0}",ablation/q4_no_crossbar/q4/paper_q4_n16_s960047/metrics.json
ablation,q4_no_crossbar,q4,paper_q4_n16_s960048,24b3a08e1ec1170c0cddce56334844156aa2af548365a9cf4896d69405a3be74,960048,16,True,True,16,16,512.6900484835967,8203.040775737547,6103.04077573754,810.0,154.0,1136.0,162,154,368,2327c10fd4bd5feb6d4577358d5630983ffc991afab54f10c62a33198f520f85,"{""angle_bin"": 4.0, ""conditional_range"": true, ""crossbar"": false, ""crossbar_after_dark"": false, ""crossbar_fraction"": 0.25, ""crossbar_offset"": 0.03, ""crossbar_reference"": ""latest"", ""cumulative_cap"": 2, ""cumulative_points"": 0.0, ""directional"": false, ""drop_sites"": false, ""exact_insert"": true, ""initial_reflection"": false, ""initial_rotation_span"": 1.5707963267948966, ""initial_rotation_steps"": 12, ""near_clear_distance"": 50.0, ""near_clear_radius"": 20.0, ""negative_regions"": ""disk"", ""opportunistic"": false, ""opportunistic_candidates"": 3, ""opportunistic_distance"": 650.0, ""probe_offset"": 0.25, ""radio_limit"": 12, ""route"": ""joint"", ""route_estimate"": 0.5, ""route_mode"": ""backbone"", ""scan_current_first"": true, ""search_first"": false, ""share"": true, ""share_ratio"": 0.7, ""source_bias"": 0.0, ""station_inner"": 990.0, ""station_layout"": ""8_16"", ""station_spec"": [8, 12, 995, 1864, 0], ""stop_when_found16"": true, ""trial_radius"": 40.0}",ablation/q4_no_crossbar/q4/paper_q4_n16_s960048/metrics.json
ablation,q4_no_crossbar,q4,paper_q4_n16_s960049,9c98e77ebf3bc49595e283c552192c4decebf03b6eada728c4e756a916cf4043,960049,16,True,True,16,16,363.48080809387346,5815.692929501975,4375.692929501976,935.0,176.0,329.0,187,176,99,2327c10fd4bd5feb6d4577358d5630983ffc991afab54f10c62a33198f520f85,"{""angle_bin"": 4.0, ""conditional_range"": true, ""crossbar"": false, ""crossbar_after_dark"": false, ""crossbar_fraction"": 0.25, ""crossbar_offset"": 0.03, ""crossbar_reference"": ""latest"", ""cumulative_cap"": 2, ""cumulative_points"": 0.0, ""directional"": false, ""drop_sites"": false, ""exact_insert"": true, ""initial_reflection"": false, ""initial_rotation_span"": 1.5707963267948966, ""initial_rotation_steps"": 12, ""near_clear_distance"": 50.0, ""near_clear_radius"": 20.0, ""negative_regions"": ""disk"", ""opportunistic"": false, ""opportunistic_candidates"": 3, ""opportunistic_distance"": 650.0, ""probe_offset"": 0.25, ""radio_limit"": 12, ""route"": ""joint"", ""route_estimate"": 0.5, ""route_mode"": ""backbone"", ""scan_current_first"": true, ""search_first"": false, ""share"": true, ""share_ratio"": 0.7, ""source_bias"": 0.0, ""station_inner"": 990.0, ""station_layout"": ""8_16"", ""station_spec"": [8, 12, 995, 1864, 0], ""stop_when_found16"": true, ""trial_radius"": 40.0}",ablation/q4_no_crossbar/q4/paper_q4_n16_s960049/metrics.json
ablation,q4_no_crossbar,q4,paper_q4_n16_s960050,4c29da39e95a72a666d839bdfc3e2f12f3fe62af915ad74e5f93a916493ee72d,960050,16,True,True,16,16,345.0887105801683,5521.419369282693,4200.419369282697,715.0,136.0,470.0,143,136,146,2327c10fd4bd5feb6d4577358d5630983ffc991afab54f10c62a33198f520f85,"{""angle_bin"": 4.0, ""conditional_range"": true, ""crossbar"": false, ""crossbar_after_dark"": false, ""crossbar_fraction"": 0.25, ""crossbar_offset"": 0.03, ""crossbar_reference"": ""latest"", ""cumulative_cap"": 2, ""cumulative_points"": 0.0, ""directional"": false, ""drop_sites"": false, ""exact_insert"": true, ""initial_reflection"": false, ""initial_rotation_span"": 1.5707963267948966, ""initial_rotation_steps"": 12, ""near_clear_distance"": 50.0, ""near_clear_radius"": 20.0, ""negative_regions"": ""disk"", ""opportunistic"": false, ""opportunistic_candidates"": 3, ""opportunistic_distance"": 650.0, ""probe_offset"": 0.25, ""radio_limit"": 12, ""route"": ""joint"", ""route_estimate"": 0.5, ""route_mode"": ""backbone"", ""scan_current_first"": true, ""search_first"": false, ""share"": true, ""share_ratio"": 0.7, ""source_bias"": 0.0, ""station_inner"": 990.0, ""station_layout"": ""8_16"", ""station_spec"": [8, 12, 995, 1864, 0], ""stop_when_found16"": true, ""trial_radius"": 40.0}",ablation/q4_no_crossbar/q4/paper_q4_n16_s960050/metrics.json
ablation,q4_no_crossbar,q4,paper_q4_n16_s960051,3a7ba2677cfe71015289966abc8bab618fbdab5aac52bf87159b29697354bffb,960051,16,True,True,16,16,362.3208298841344,5797.133278146151,4526.133278146158,575.0,109.0,587.0,115,109,185,2327c10fd4bd5feb6d4577358d5630983ffc991afab54f10c62a33198f520f85,"{""angle_bin"": 4.0, ""conditional_range"": true, ""crossbar"": false, ""crossbar_after_dark"": false, ""crossbar_fraction"": 0.25, ""crossbar_offset"": 0.03, ""crossbar_reference"": ""latest"", ""cumulative_cap"": 2, ""cumulative_points"": 0.0, ""directional"": false, ""drop_sites"": false, ""exact_insert"": true, ""initial_reflection"": false, ""initial_rotation_span"": 1.5707963267948966, ""initial_rotation_steps"": 12, ""near_clear_distance"": 50.0, ""near_clear_radius"": 20.0, ""negative_regions"": ""disk"", ""opportunistic"": false, ""opportunistic_candidates"": 3, ""opportunistic_distance"": 650.0, ""probe_offset"": 0.25, ""radio_limit"": 12, ""route"": ""joint"", ""route_estimate"": 0.5, ""route_mode"": ""backbone"", ""scan_current_first"": true, ""search_first"": false, ""share"": true, ""share_ratio"": 0.7, ""source_bias"": 0.0, ""station_inner"": 990.0, ""station_layout"": ""8_16"", ""station_spec"": [8, 12, 995, 1864, 0], ""stop_when_found16"": true, ""trial_radius"": 40.0}",ablation/q4_no_crossbar/q4/paper_q4_n16_s960051/metrics.json
ablation,q4_no_crossbar,q4,paper_q4_n16_s960052,64efc316b5c7066cc78ffc5fa9e03f2022e248a5547a0fff712b1db67655f2eb,960052,16,True,True,16,16,441.6752028119744,7066.80324499159,5273.803244991585,965.0,187.0,641.0,193,187,203,2327c10fd4bd5feb6d4577358d5630983ffc991afab54f10c62a33198f520f85,"{""angle_bin"": 4.0, ""conditional_range"": true, ""crossbar"": false, ""crossbar_after_dark"": false, ""crossbar_fraction"": 0.25, ""crossbar_offset"": 0.03, ""crossbar_reference"": ""latest"", ""cumulative_cap"": 2, ""cumulative_points"": 0.0, ""directional"": false, ""drop_sites"": false, ""exact_insert"": true, ""initial_reflection"": false, ""initial_rotation_span"": 1.5707963267948966, ""initial_rotation_steps"": 12, ""near_clear_distance"": 50.0, ""near_clear_radius"": 20.0, ""negative_regions"": ""disk"", ""opportunistic"": false, ""opportunistic_candidates"": 3, ""opportunistic_distance"": 650.0, ""probe_offset"": 0.25, ""radio_limit"": 12, ""route"": ""joint"", ""route_estimate"": 0.5, ""route_mode"": ""backbone"", ""scan_current_first"": true, ""search_first"": false, ""share"": true, ""share_ratio"": 0.7, ""source_bias"": 0.0, ""station_inner"": 990.0, ""station_layout"": ""8_16"", ""station_spec"": [8, 12, 995, 1864, 0], ""stop_when_found16"": true, ""trial_radius"": 40.0}",ablation/q4_no_crossbar/q4/paper_q4_n16_s960052/metrics.json
ablation,q4_no_crossbar,q4,paper_q4_n16_s960053,7df246795c5f13b0c33ba6cbd4aa1c946cba1de4d90d6bd6674d2717fb8af615,960053,16,True,True,16,16,363.60083715379085,5817.613394460654,4492.613394460655,790.0,146.0,389.0,158,146,119,2327c10fd4bd5feb6d4577358d5630983ffc991afab54f10c62a33198f520f85,"{""angle_bin"": 4.0, ""conditional_range"": true, ""crossbar"": false, ""crossbar_after_dark"": false, ""crossbar_fraction"": 0.25, ""crossbar_offset"": 0.03, ""crossbar_reference"": ""latest"", ""cumulative_cap"": 2, ""cumulative_points"": 0.0, ""directional"": false, ""drop_sites"": false, ""exact_insert"": true, ""initial_reflection"": false, ""initial_rotation_span"": 1.5707963267948966, ""initial_rotation_steps"": 12, ""near_clear_distance"": 50.0, ""near_clear_radius"": 20.0, ""negative_regions"": ""disk"", ""opportunistic"": false, ""opportunistic_candidates"": 3, ""opportunistic_distance"": 650.0, ""probe_offset"": 0.25, ""radio_limit"": 12, ""route"": ""joint"", ""route_estimate"": 0.5, ""route_mode"": ""backbone"", ""scan_current_first"": true, ""search_first"": false, ""share"": true, ""share_ratio"": 0.7, ""source_bias"": 0.0, ""station_inner"": 990.0, ""station_layout"": ""8_16"", ""station_spec"": [8, 12, 995, 1864, 0], ""stop_when_found16"": true, ""trial_radius"": 40.0}",ablation/q4_no_crossbar/q4/paper_q4_n16_s960053/metrics.json
ablation,q4_no_crossbar,q4,paper_q4_n16_s960054,8206890b9b420cbaea6b693c5cf72b030d8708ed8e056c338d28b1e44d86553c,960054,16,True,True,16,16,437.19348738157447,6995.0957981051915,5309.095798105201,1060.0,201.0,425.0,212,201,131,2327c10fd4bd5feb6d4577358d5630983ffc991afab54f10c62a33198f520f85,"{""angle_bin"": 4.0, ""conditional_range"": true, ""crossbar"": false, ""crossbar_after_dark"": false, ""crossbar_fraction"": 0.25, ""crossbar_offset"": 0.03, ""crossbar_reference"": ""latest"", ""cumulative_cap"": 2, ""cumulative_points"": 0.0, ""directional"": false, ""drop_sites"": false, ""exact_insert"": true, ""initial_reflection"": false, ""initial_rotation_span"": 1.5707963267948966, ""initial_rotation_steps"": 12, ""near_clear_distance"": 50.0, ""near_clear_radius"": 20.0, ""negative_regions"": ""disk"", ""opportunistic"": false, ""opportunistic_candidates"": 3, ""opportunistic_distance"": 650.0, ""probe_offset"": 0.25, ""radio_limit"": 12, ""route"": ""joint"", ""route_estimate"": 0.5, ""route_mode"": ""backbone"", ""scan_current_first"": true, ""search_first"": false, ""share"": true, ""share_ratio"": 0.7, ""source_bias"": 0.0, ""station_inner"": 990.0, ""station_layout"": ""8_16"", ""station_spec"": [8, 12, 995, 1864, 0], ""stop_when_found16"": true, ""trial_radius"": 40.0}",ablation/q4_no_crossbar/q4/paper_q4_n16_s960054/metrics.json
ablation,q4_no_crossbar,q4,paper_q4_n16_s960055,6ff9e44e5b062ac46df867868e4bfdbce3357ab9b37f57f39768831f22daa029,960055,16,True,True,16,16,381.72931644046764,6107.669063047482,4702.669063047502,710.0,135.0,560.0,142,135,176,2327c10fd4bd5feb6d4577358d5630983ffc991afab54f10c62a33198f520f85,"{""angle_bin"": 4.0, ""conditional_range"": true, ""crossbar"": false, ""crossbar_after_dark"": false, ""crossbar_fraction"": 0.25, ""crossbar_offset"": 0.03, ""crossbar_reference"": ""latest"", ""cumulative_cap"": 2, ""cumulative_points"": 0.0, ""directional"": false, ""drop_sites"": false, ""exact_insert"": true, ""initial_reflection"": false, ""initial_rotation_span"": 1.5707963267948966, ""initial_rotation_steps"": 12, ""near_clear_distance"": 50.0, ""near_clear_radius"": 20.0, ""negative_regions"": ""disk"", ""opportunistic"": false, ""opportunistic_candidates"": 3, ""opportunistic_distance"": 650.0, ""probe_offset"": 0.25, ""radio_limit"": 12, ""route"": ""joint"", ""route_estimate"": 0.5, ""route_mode"": ""backbone"", ""scan_current_first"": true, ""search_first"": false, ""share"": true, ""share_ratio"": 0.7, ""source_bias"": 0.0, ""station_inner"": 990.0, ""station_layout"": ""8_16"", ""station_spec"": [8, 12, 995, 1864, 0], ""stop_when_found16"": true, ""trial_radius"": 40.0}",ablation/q4_no_crossbar/q4/paper_q4_n16_s960055/metrics.json
ablation,q4_no_crossbar,q4,paper_q4_n16_s960056,6b2792b601130b0b46aa97b1ac0735656b2418610783d47c53cab64564495da2,960056,16,True,True,16,16,334.85068106403793,5357.610897024607,4155.610897024609,760.0,146.0,296.0,152,146,88,2327c10fd4bd5feb6d4577358d5630983ffc991afab54f10c62a33198f520f85,"{""angle_bin"": 4.0, ""conditional_range"": true, ""crossbar"": false, ""crossbar_after_dark"": false, ""crossbar_fraction"": 0.25, ""crossbar_offset"": 0.03, ""crossbar_reference"": ""latest"", ""cumulative_cap"": 2, ""cumulative_points"": 0.0, ""directional"": false, ""drop_sites"": false, ""exact_insert"": true, ""initial_reflection"": false, ""initial_rotation_span"": 1.5707963267948966, ""initial_rotation_steps"": 12, ""near_clear_distance"": 50.0, ""near_clear_radius"": 20.0, ""negative_regions"": ""disk"", ""opportunistic"": false, ""opportunistic_candidates"": 3, ""opportunistic_distance"": 650.0, ""probe_offset"": 0.25, ""radio_limit"": 12, ""route"": ""joint"", ""route_estimate"": 0.5, ""route_mode"": ""backbone"", ""scan_current_first"": true, ""search_first"": false, ""share"": true, ""share_ratio"": 0.7, ""source_bias"": 0.0, ""station_inner"": 990.0, ""station_layout"": ""8_16"", ""station_spec"": [8, 12, 995, 1864, 0], ""stop_when_found16"": true, ""trial_radius"": 40.0}",ablation/q4_no_crossbar/q4/paper_q4_n16_s960056/metrics.json
ablation,q4_no_crossbar,q4,paper_q4_n16_s960057,6c60a413ad3c5d739c953deb475923dd63ed809d6227e8d1925f0cd9b6100136,960057,16,True,True,16,16,473.0065173786505,7568.104278058408,5808.104278058409,1010.0,190.0,560.0,202,190,176,2327c10fd4bd5feb6d4577358d5630983ffc991afab54f10c62a33198f520f85,"{""angle_bin"": 4.0, ""conditional_range"": true, ""crossbar"": false, ""crossbar_after_dark"": false, ""crossbar_fraction"": 0.25, ""crossbar_offset"": 0.03, ""crossbar_reference"": ""latest"", ""cumulative_cap"": 2, ""cumulative_points"": 0.0, ""directional"": false, ""drop_sites"": false, ""exact_insert"": true, ""initial_reflection"": false, ""initial_rotation_span"": 1.5707963267948966, ""initial_rotation_steps"": 12, ""near_clear_distance"": 50.0, ""near_clear_radius"": 20.0, ""negative_regions"": ""disk"", ""opportunistic"": false, ""opportunistic_candidates"": 3, ""opportunistic_distance"": 650.0, ""probe_offset"": 0.25, ""radio_limit"": 12, ""route"": ""joint"", ""route_estimate"": 0.5, ""route_mode"": ""backbone"", ""scan_current_first"": true, ""search_first"": false, ""share"": true, ""share_ratio"": 0.7, ""source_bias"": 0.0, ""station_inner"": 990.0, ""station_layout"": ""8_16"", ""station_spec"": [8, 12, 995, 1864, 0], ""stop_when_found16"": true, ""trial_radius"": 40.0}",ablation/q4_no_crossbar/q4/paper_q4_n16_s960057/metrics.json
ablation,q4_no_crossbar,q4,paper_q4_n16_s960058,0694e76cf04a8b334687d6f66c3b8e5bd22fee936abafbcd9aed87fab9ea8753,960058,16,True,True,16,16,331.09121190621846,5297.459390499495,4109.459390499498,880.0,168.0,140.0,176,168,36,2327c10fd4bd5feb6d4577358d5630983ffc991afab54f10c62a33198f520f85,"{""angle_bin"": 4.0, ""conditional_range"": true, ""crossbar"": false, ""crossbar_after_dark"": false, ""crossbar_fraction"": 0.25, ""crossbar_offset"": 0.03, ""crossbar_reference"": ""latest"", ""cumulative_cap"": 2, ""cumulative_points"": 0.0, ""directional"": false, ""drop_sites"": false, ""exact_insert"": true, ""initial_reflection"": false, ""initial_rotation_span"": 1.5707963267948966, ""initial_rotation_steps"": 12, ""near_clear_distance"": 50.0, ""near_clear_radius"": 20.0, ""negative_regions"": ""disk"", ""opportunistic"": false, ""opportunistic_candidates"": 3, ""opportunistic_distance"": 650.0, ""probe_offset"": 0.25, ""radio_limit"": 12, ""route"": ""joint"", ""route_estimate"": 0.5, ""route_mode"": ""backbone"", ""scan_current_first"": true, ""search_first"": false, ""share"": true, ""share_ratio"": 0.7, ""source_bias"": 0.0, ""station_inner"": 990.0, ""station_layout"": ""8_16"", ""station_spec"": [8, 12, 995, 1864, 0], ""stop_when_found16"": true, ""trial_radius"": 40.0}",ablation/q4_no_crossbar/q4/paper_q4_n16_s960058/metrics.json
ablation,q4_no_crossbar,q4,paper_q4_n16_s960059,05cc90bed98c2e255fab9f8178fbf5b2a553268aabc778715431067900d5c20d,960059,16,True,True,16,16,449.17954225074726,7186.872676011956,5532.872676011925,795.0,155.0,704.0,159,155,224,2327c10fd4bd5feb6d4577358d5630983ffc991afab54f10c62a33198f520f85,"{""angle_bin"": 4.0, ""conditional_range"": true, ""crossbar"": false, ""crossbar_after_dark"": false, ""crossbar_fraction"": 0.25, ""crossbar_offset"": 0.03, ""crossbar_reference"": ""latest"", ""cumulative_cap"": 2, ""cumulative_points"": 0.0, ""directional"": false, ""drop_sites"": false, ""exact_insert"": true, ""initial_reflection"": false, ""initial_rotation_span"": 1.5707963267948966, ""initial_rotation_steps"": 12, ""near_clear_distance"": 50.0, ""near_clear_radius"": 20.0, ""negative_regions"": ""disk"", ""opportunistic"": false, ""opportunistic_candidates"": 3, ""opportunistic_distance"": 650.0, ""probe_offset"": 0.25, ""radio_limit"": 12, ""route"": ""joint"", ""route_estimate"": 0.5, ""route_mode"": ""backbone"", ""scan_current_first"": true, ""search_first"": false, ""share"": true, ""share_ratio"": 0.7, ""source_bias"": 0.0, ""station_inner"": 990.0, ""station_layout"": ""8_16"", ""station_spec"": [8, 12, 995, 1864, 0], ""stop_when_found16"": true, ""trial_radius"": 40.0}",ablation/q4_no_crossbar/q4/paper_q4_n16_s960059/metrics.json
ablation,q4_no_exact_insertion,q4,paper_q4_n10_s960000,921ea355b3d9146956f61f4ae430d6b93f1e70cdd84e26d3abe69cad19bef54c,960000,10,True,True,10,10,616.2958664818664,6162.958664818663,4295.958664818663,1525.0,289.0,53.0,305,289,11,eeabe25b14dcbabfdfd2275f2923671f5c37d0d560e0657d59ba503c6b0a5dc9,"{""angle_bin"": 4.0, ""conditional_range"": true, ""crossbar"": true, ""crossbar_after_dark"": false, ""crossbar_fraction"": 0.25, ""crossbar_offset"": 0.03, ""crossbar_reference"": ""latest"", ""cumulative_cap"": 2, ""cumulative_points"": 0.0, ""directional"": false, ""drop_sites"": false, ""exact_insert"": false, ""initial_reflection"": false, ""initial_rotation_span"": 1.5707963267948966, ""initial_rotation_steps"": 12, ""near_clear_distance"": 50.0, ""near_clear_radius"": 20.0, ""negative_regions"": ""disk"", ""opportunistic"": false, ""opportunistic_candidates"": 3, ""opportunistic_distance"": 650.0, ""probe_offset"": 0.25, ""radio_limit"": 12, ""route"": ""joint"", ""route_estimate"": 0.5, ""route_mode"": ""backbone"", ""scan_current_first"": true, ""search_first"": false, ""share"": true, ""share_ratio"": 0.7, ""source_bias"": 0.0, ""station_inner"": 990.0, ""station_layout"": ""8_16"", ""station_spec"": [8, 12, 995, 1864, 0], ""stop_when_found16"": true, ""trial_radius"": 40.0}",ablation/q4_no_exact_insertion/q4/paper_q4_n10_s960000/metrics.json
ablation,q4_no_exact_insertion,q4,paper_q4_n10_s960001,3c2d90f667bad6974cdf0e248fab341486a301486b771273f764547f2751f8cb,960001,10,True,True,10,10,618.7717769262034,6187.717769262034,4318.717769262035,1530.0,289.0,50.0,306,289,10,eeabe25b14dcbabfdfd2275f2923671f5c37d0d560e0657d59ba503c6b0a5dc9,"{""angle_bin"": 4.0, ""conditional_range"": true, ""crossbar"": true, ""crossbar_after_dark"": false, ""crossbar_fraction"": 0.25, ""crossbar_offset"": 0.03, ""crossbar_reference"": ""latest"", ""cumulative_cap"": 2, ""cumulative_points"": 0.0, ""directional"": false, ""drop_sites"": false, ""exact_insert"": false, ""initial_reflection"": false, ""initial_rotation_span"": 1.5707963267948966, ""initial_rotation_steps"": 12, ""near_clear_distance"": 50.0, ""near_clear_radius"": 20.0, ""negative_regions"": ""disk"", ""opportunistic"": false, ""opportunistic_candidates"": 3, ""opportunistic_distance"": 650.0, ""probe_offset"": 0.25, ""radio_limit"": 12, ""route"": ""joint"", ""route_estimate"": 0.5, ""route_mode"": ""backbone"", ""scan_current_first"": true, ""search_first"": false, ""share"": true, ""share_ratio"": 0.7, ""source_bias"": 0.0, ""station_inner"": 990.0, ""station_layout"": ""8_16"", ""station_spec"": [8, 12, 995, 1864, 0], ""stop_when_found16"": true, ""trial_radius"": 40.0}",ablation/q4_no_exact_insertion/q4/paper_q4_n10_s960001/metrics.json
ablation,q4_no_exact_insertion,q4,paper_q4_n10_s960002,4b89a8df99cafd241c47e55af9f95a54b1ee9ea5e16fe7130e2b7163c9f09d32,960002,10,True,True,10,10,563.7497472242784,5637.497472242784,3919.4974722427846,1400.0,262.0,56.0,280,262,12,eeabe25b14dcbabfdfd2275f2923671f5c37d0d560e0657d59ba503c6b0a5dc9,"{""angle_bin"": 4.0, ""conditional_range"": true, ""crossbar"": true, ""crossbar_after_dark"": false, ""crossbar_fraction"": 0.25, ""crossbar_offset"": 0.03, ""crossbar_reference"": ""latest"", ""cumulative_cap"": 2, ""cumulative_points"": 0.0, ""directional"": false, ""drop_sites"": false, ""exact_insert"": false, ""initial_reflection"": false, ""initial_rotation_span"": 1.5707963267948966, ""initial_rotation_steps"": 12, ""near_clear_distance"": 50.0, ""near_clear_radius"": 20.0, ""negative_regions"": ""disk"", ""opportunistic"": false, ""opportunistic_candidates"": 3, ""opportunistic_distance"": 650.0, ""probe_offset"": 0.25, ""radio_limit"": 12, ""route"": ""joint"", ""route_estimate"": 0.5, ""route_mode"": ""backbone"", ""scan_current_first"": true, ""search_first"": false, ""share"": true, ""share_ratio"": 0.7, ""source_bias"": 0.0, ""station_inner"": 990.0, ""station_layout"": ""8_16"", ""station_spec"": [8, 12, 995, 1864, 0], ""stop_when_found16"": true, ""trial_radius"": 40.0}",ablation/q4_no_exact_insertion/q4/paper_q4_n10_s960002/metrics.json
ablation,q4_no_exact_insertion,q4,paper_q4_n10_s960003,d5ee7b8cfe10c43ea185cc639804aae71d411b01ee1540fbc540be5e6fa22c0a,960003,10,True,True,10,10,556.5005085466586,5565.005085466586,3933.005085466586,1325.0,254.0,53.0,265,254,11,eeabe25b14dcbabfdfd2275f2923671f5c37d0d560e0657d59ba503c6b0a5dc9,"{""angle_bin"": 4.0, ""conditional_range"": true, ""crossbar"": true, ""crossbar_after_dark"": false, ""crossbar_fraction"": 0.25, ""crossbar_offset"": 0.03, ""crossbar_reference"": ""latest"", ""cumulative_cap"": 2, ""cumulative_points"": 0.0, ""directional"": false, ""drop_sites"": false, ""exact_insert"": false, ""initial_reflection"": false, ""initial_rotation_span"": 1.5707963267948966, ""initial_rotation_steps"": 12, ""near_clear_distance"": 50.0, ""near_clear_radius"": 20.0, ""negative_regions"": ""disk"", ""opportunistic"": false, ""opportunistic_candidates"": 3, ""opportunistic_distance"": 650.0, ""probe_offset"": 0.25, ""radio_limit"": 12, ""route"": ""joint"", ""route_estimate"": 0.5, ""route_mode"": ""backbone"", ""scan_current_first"": true, ""search_first"": false, ""share"": true, ""share_ratio"": 0.7, ""source_bias"": 0.0, ""station_inner"": 990.0, ""station_layout"": ""8_16"", ""station_spec"": [8, 12, 995, 1864, 0], ""stop_when_found16"": true, ""trial_radius"": 40.0}",ablation/q4_no_exact_insertion/q4/paper_q4_n10_s960003/metrics.json
ablation,q4_no_exact_insertion,q4,paper_q4_n10_s960004,1f988b31cf831af5aa25ce187ed6e54272d6b1871772eaa9bb115b1b6d726bd2,960004,10,True,True,10,10,575.8486781255233,5758.486781255233,4008.4867812552347,1425.0,266.0,59.0,285,266,13,eeabe25b14dcbabfdfd2275f2923671f5c37d0d560e0657d59ba503c6b0a5dc9,"{""angle_bin"": 4.0, ""conditional_range"": true, ""crossbar"": true, ""crossbar_after_dark"": false, ""crossbar_fraction"": 0.25, ""crossbar_offset"": 0.03, ""crossbar_reference"": ""latest"", ""cumulative_cap"": 2, ""cumulative_points"": 0.0, ""directional"": false, ""drop_sites"": false, ""exact_insert"": false, ""initial_reflection"": false, ""initial_rotation_span"": 1.5707963267948966, ""initial_rotation_steps"": 12, ""near_clear_distance"": 50.0, ""near_clear_radius"": 20.0, ""negative_regions"": ""disk"", ""opportunistic"": false, ""opportunistic_candidates"": 3, ""opportunistic_distance"": 650.0, ""probe_offset"": 0.25, ""radio_limit"": 12, ""route"": ""joint"", ""route_estimate"": 0.5, ""route_mode"": ""backbone"", ""scan_current_first"": true, ""search_first"": false, ""share"": true, ""share_ratio"": 0.7, ""source_bias"": 0.0, ""station_inner"": 990.0, ""station_layout"": ""8_16"", ""station_spec"": [8, 12, 995, 1864, 0], ""stop_when_found16"": true, ""trial_radius"": 40.0}",ablation/q4_no_exact_insertion/q4/paper_q4_n10_s960004/metrics.json
ablation,q4_no_exact_insertion,q4,paper_q4_n10_s960005,36aded449d8bbfeb55636622cc59a5b1dfcbc8fcf60b6079d88a2a6a4db548bd,960005,10,True,True,10,10,625.7732530203161,6257.732530203161,4432.732530203162,1495.0,280.0,50.0,299,280,10,eeabe25b14dcbabfdfd2275f2923671f5c37d0d560e0657d59ba503c6b0a5dc9,"{""angle_bin"": 4.0, ""conditional_range"": true, ""crossbar"": true, ""crossbar_after_dark"": false, ""crossbar_fraction"": 0.25, ""crossbar_offset"": 0.03, ""crossbar_reference"": ""latest"", ""cumulative_cap"": 2, ""cumulative_points"": 0.0, ""directional"": false, ""drop_sites"": false, ""exact_insert"": false, ""initial_reflection"": false, ""initial_rotation_span"": 1.5707963267948966, ""initial_rotation_steps"": 12, ""near_clear_distance"": 50.0, ""near_clear_radius"": 20.0, ""negative_regions"": ""disk"", ""opportunistic"": false, ""opportunistic_candidates"": 3, ""opportunistic_distance"": 650.0, ""probe_offset"": 0.25, ""radio_limit"": 12, ""route"": ""joint"", ""route_estimate"": 0.5, ""route_mode"": ""backbone"", ""scan_current_first"": true, ""search_first"": false, ""share"": true, ""share_ratio"": 0.7, ""source_bias"": 0.0, ""station_inner"": 990.0, ""station_layout"": ""8_16"", ""station_spec"": [8, 12, 995, 1864, 0], ""stop_when_found16"": true, ""trial_radius"": 40.0}",ablation/q4_no_exact_insertion/q4/paper_q4_n10_s960005/metrics.json
ablation,q4_no_exact_insertion,q4,paper_q4_n10_s960006,c7754a55042641796f5da3b168928bb8ff738fbb0d2e2e310b4d1fb86d611e47,960006,10,True,True,10,10,566.9233381553933,5669.233381553932,3880.2333815539323,1455.0,281.0,53.0,291,281,11,eeabe25b14dcbabfdfd2275f2923671f5c37d0d560e0657d59ba503c6b0a5dc9,"{""angle_bin"": 4.0, ""conditional_range"": true, ""crossbar"": true, ""crossbar_after_dark"": false, ""crossbar_fraction"": 0.25, ""crossbar_offset"": 0.03, ""crossbar_reference"": ""latest"", ""cumulative_cap"": 2, ""cumulative_points"": 0.0, ""directional"": false, ""drop_sites"": false, ""exact_insert"": false, ""initial_reflection"": false, ""initial_rotation_span"": 1.5707963267948966, ""initial_rotation_steps"": 12, ""near_clear_distance"": 50.0, ""near_clear_radius"": 20.0, ""negative_regions"": ""disk"", ""opportunistic"": false, ""opportunistic_candidates"": 3, ""opportunistic_distance"": 650.0, ""probe_offset"": 0.25, ""radio_limit"": 12, ""route"": ""joint"", ""route_estimate"": 0.5, ""route_mode"": ""backbone"", ""scan_current_first"": true, ""search_first"": false, ""share"": true, ""share_ratio"": 0.7, ""source_bias"": 0.0, ""station_inner"": 990.0, ""station_layout"": ""8_16"", ""station_spec"": [8, 12, 995, 1864, 0], ""stop_when_found16"": true, ""trial_radius"": 40.0}",ablation/q4_no_exact_insertion/q4/paper_q4_n10_s960006/metrics.json
ablation,q4_no_exact_insertion,q4,paper_q4_n10_s960007,c5089d6ba525d50783481797dc61d8eadaf230536dbac78f493ed66526ca66f3,960007,10,True,True,10,10,643.2647210137787,6432.647210137788,4644.647210137787,1455.0,274.0,59.0,291,274,13,eeabe25b14dcbabfdfd2275f2923671f5c37d0d560e0657d59ba503c6b0a5dc9,"{""angle_bin"": 4.0, ""conditional_range"": true, ""crossbar"": true, ""crossbar_after_dark"": false, ""crossbar_fraction"": 0.25, ""crossbar_offset"": 0.03, ""crossbar_reference"": ""latest"", ""cumulative_cap"": 2, ""cumulative_points"": 0.0, ""directional"": false, ""drop_sites"": false, ""exact_insert"": false, ""initial_reflection"": false, ""initial_rotation_span"": 1.5707963267948966, ""initial_rotation_steps"": 12, ""near_clear_distance"": 50.0, ""near_clear_radius"": 20.0, ""negative_regions"": ""disk"", ""opportunistic"": false, ""opportunistic_candidates"": 3, ""opportunistic_distance"": 650.0, ""probe_offset"": 0.25, ""radio_limit"": 12, ""route"": ""joint"", ""route_estimate"": 0.5, ""route_mode"": ""backbone"", ""scan_current_first"": true, ""search_first"": false, ""share"": true, ""share_ratio"": 0.7, ""source_bias"": 0.0, ""station_inner"": 990.0, ""station_layout"": ""8_16"", ""station_spec"": [8, 12, 995, 1864, 0], ""stop_when_found16"": true, ""trial_radius"": 40.0}",ablation/q4_no_exact_insertion/q4/paper_q4_n10_s960007/metrics.json
ablation,q4_no_exact_insertion,q4,paper_q4_n10_s960008,a50200084bba6ca5d833b6999a3601288c4f3dd93878e69d939e923b69cc679b,960008,10,True,True,10,10,574.5684063838329,5745.684063838329,3952.684063838328,1460.0,283.0,50.0,292,283,10,eeabe25b14dcbabfdfd2275f2923671f5c37d0d560e0657d59ba503c6b0a5dc9,"{""angle_bin"": 4.0, ""conditional_range"": true, ""crossbar"": true, ""crossbar_after_dark"": false, ""crossbar_fraction"": 0.25, ""crossbar_offset"": 0.03, ""crossbar_reference"": ""latest"", ""cumulative_cap"": 2, ""cumulative_points"": 0.0, ""directional"": false, ""drop_sites"": false, ""exact_insert"": false, ""initial_reflection"": false, ""initial_rotation_span"": 1.5707963267948966, ""initial_rotation_steps"": 12, ""near_clear_distance"": 50.0, ""near_clear_radius"": 20.0, ""negative_regions"": ""disk"", ""opportunistic"": false, ""opportunistic_candidates"": 3, ""opportunistic_distance"": 650.0, ""probe_offset"": 0.25, ""radio_limit"": 12, ""route"": ""joint"", ""route_estimate"": 0.5, ""route_mode"": ""backbone"", ""scan_current_first"": true, ""search_first"": false, ""share"": true, ""share_ratio"": 0.7, ""source_bias"": 0.0, ""station_inner"": 990.0, ""station_layout"": ""8_16"", ""station_spec"": [8, 12, 995, 1864, 0], ""stop_when_found16"": true, ""trial_radius"": 40.0}",ablation/q4_no_exact_insertion/q4/paper_q4_n10_s960008/metrics.json
ablation,q4_no_exact_insertion,q4,paper_q4_n10_s960009,8e49a81d41852454f8fdbe13137b9782a07dbf23b608ccb0e8f1778d9e0256a4,960009,10,True,True,10,10,606.3969728713143,6063.969728713143,4223.969728713144,1500.0,287.0,53.0,300,287,11,eeabe25b14dcbabfdfd2275f2923671f5c37d0d560e0657d59ba503c6b0a5dc9,"{""angle_bin"": 4.0, ""conditional_range"": true, ""crossbar"": true, ""crossbar_after_dark"": false, ""crossbar_fraction"": 0.25, ""crossbar_offset"": 0.03, ""crossbar_reference"": ""latest"", ""cumulative_cap"": 2, ""cumulative_points"": 0.0, ""directional"": false, ""drop_sites"": false, ""exact_insert"": false, ""initial_reflection"": false, ""initial_rotation_span"": 1.5707963267948966, ""initial_rotation_steps"": 12, ""near_clear_distance"": 50.0, ""near_clear_radius"": 20.0, ""negative_regions"": ""disk"", ""opportunistic"": false, ""opportunistic_candidates"": 3, ""opportunistic_distance"": 650.0, ""probe_offset"": 0.25, ""radio_limit"": 12, ""route"": ""joint"", ""route_estimate"": 0.5, ""route_mode"": ""backbone"", ""scan_current_first"": true, ""search_first"": false, ""share"": true, ""share_ratio"": 0.7, ""source_bias"": 0.0, ""station_inner"": 990.0, ""station_layout"": ""8_16"", ""station_spec"": [8, 12, 995, 1864, 0], ""stop_when_found16"": true, ""trial_radius"": 40.0}",ablation/q4_no_exact_insertion/q4/paper_q4_n10_s960009/metrics.json
ablation,q4_no_exact_insertion,q4,paper_q4_n10_s960010,d1a4e53a0b827ae62d623b532b77ab5d10c17699e4e4d6eb7f02f22fd4ed50eb,960010,10,True,True,10,10,561.0610443444559,5610.61044344456,3915.610443444559,1370.0,263.0,62.0,274,263,14,eeabe25b14dcbabfdfd2275f2923671f5c37d0d560e0657d59ba503c6b0a5dc9,"{""angle_bin"": 4.0, ""conditional_range"": true, ""crossbar"": true, ""crossbar_after_dark"": false, ""crossbar_fraction"": 0.25, ""crossbar_offset"": 0.03, ""crossbar_reference"": ""latest"", ""cumulative_cap"": 2, ""cumulative_points"": 0.0, ""directional"": false, ""drop_sites"": false, ""exact_insert"": false, ""initial_reflection"": false, ""initial_rotation_span"": 1.5707963267948966, ""initial_rotation_steps"": 12, ""near_clear_distance"": 50.0, ""near_clear_radius"": 20.0, ""negative_regions"": ""disk"", ""opportunistic"": false, ""opportunistic_candidates"": 3, ""opportunistic_distance"": 650.0, ""probe_offset"": 0.25, ""radio_limit"": 12, ""route"": ""joint"", ""route_estimate"": 0.5, ""route_mode"": ""backbone"", ""scan_current_first"": true, ""search_first"": false, ""share"": true, ""share_ratio"": 0.7, ""source_bias"": 0.0, ""station_inner"": 990.0, ""station_layout"": ""8_16"", ""station_spec"": [8, 12, 995, 1864, 0], ""stop_when_found16"": true, ""trial_radius"": 40.0}",ablation/q4_no_exact_insertion/q4/paper_q4_n10_s960010/metrics.json
ablation,q4_no_exact_insertion,q4,paper_q4_n10_s960011,766d81fe94af0b07461fadce21001d3498e149dd464251863bbf8dd6544f916c,960011,10,True,True,10,10,568.5299265401127,5685.299265401127,3990.2992654011264,1380.0,262.0,53.0,276,262,11,eeabe25b14dcbabfdfd2275f2923671f5c37d0d560e0657d59ba503c6b0a5dc9,"{""angle_bin"": 4.0, ""conditional_range"": true, ""crossbar"": true, ""crossbar_after_dark"": false, ""crossbar_fraction"": 0.25, ""crossbar_offset"": 0.03, ""crossbar_reference"": ""latest"", ""cumulative_cap"": 2, ""cumulative_points"": 0.0, ""directional"": false, ""drop_sites"": false, ""exact_insert"": false, ""initial_reflection"": false, ""initial_rotation_span"": 1.5707963267948966, ""initial_rotation_steps"": 12, ""near_clear_distance"": 50.0, ""near_clear_radius"": 20.0, ""negative_regions"": ""disk"", ""opportunistic"": false, ""opportunistic_candidates"": 3, ""opportunistic_distance"": 650.0, ""probe_offset"": 0.25, ""radio_limit"": 12, ""route"": ""joint"", ""route_estimate"": 0.5, ""route_mode"": ""backbone"", ""scan_current_first"": true, ""search_first"": false, ""share"": true, ""share_ratio"": 0.7, ""source_bias"": 0.0, ""station_inner"": 990.0, ""station_layout"": ""8_16"", ""station_spec"": [8, 12, 995, 1864, 0], ""stop_when_found16"": true, ""trial_radius"": 40.0}",ablation/q4_no_exact_insertion/q4/paper_q4_n10_s960011/metrics.json
ablation,q4_no_exact_insertion,q4,paper_q4_n10_s960012,703efdc7a86ef0638cbaa1e4565737490a0ad5e887ed7224cd42d4e47bae2adf,960012,10,True,True,10,10,572.5972329048537,5725.972329048537,3947.9723290485395,1455.0,273.0,50.0,291,273,10,eeabe25b14dcbabfdfd2275f2923671f5c37d0d560e0657d59ba503c6b0a5dc9,"{""angle_bin"": 4.0, ""conditional_range"": true, ""crossbar"": true, ""crossbar_after_dark"": false, ""crossbar_fraction"": 0.25, ""crossbar_offset"": 0.03, ""crossbar_reference"": ""latest"", ""cumulative_cap"": 2, ""cumulative_points"": 0.0, ""directional"": false, ""drop_sites"": false, ""exact_insert"": false, ""initial_reflection"": false, ""initial_rotation_span"": 1.5707963267948966, ""initial_rotation_steps"": 12, ""near_clear_distance"": 50.0, ""near_clear_radius"": 20.0, ""negative_regions"": ""disk"", ""opportunistic"": false, ""opportunistic_candidates"": 3, ""opportunistic_distance"": 650.0, ""probe_offset"": 0.25, ""radio_limit"": 12, ""route"": ""joint"", ""route_estimate"": 0.5, ""route_mode"": ""backbone"", ""scan_current_first"": true, ""search_first"": false, ""share"": true, ""share_ratio"": 0.7, ""source_bias"": 0.0, ""station_inner"": 990.0, ""station_layout"": ""8_16"", ""station_spec"": [8, 12, 995, 1864, 0], ""stop_when_found16"": true, ""trial_radius"": 40.0}",ablation/q4_no_exact_insertion/q4/paper_q4_n10_s960012/metrics.json
ablation,q4_no_exact_insertion,q4,paper_q4_n10_s960013,2d87203b18352d2c739222e5b16af035235cf6914cf5b34691e429c40916c91b,960013,10,True,True,10,10,643.1209205135234,6431.209205135234,4470.209205135233,1605.0,303.0,53.0,321,303,11,eeabe25b14dcbabfdfd2275f2923671f5c37d0d560e0657d59ba503c6b0a5dc9,"{""angle_bin"": 4.0, ""conditional_range"": true, ""crossbar"": true, ""crossbar_after_dark"": false, ""crossbar_fraction"": 0.25, ""crossbar_offset"": 0.03, ""crossbar_reference"": ""latest"", ""cumulative_cap"": 2, ""cumulative_points"": 0.0, ""directional"": false, ""drop_sites"": false, ""exact_insert"": false, ""initial_reflection"": false, ""initial_rotation_span"": 1.5707963267948966, ""initial_rotation_steps"": 12, ""near_clear_distance"": 50.0, ""near_clear_radius"": 20.0, ""negative_regions"": ""disk"", ""opportunistic"": false, ""opportunistic_candidates"": 3, ""opportunistic_distance"": 650.0, ""probe_offset"": 0.25, ""radio_limit"": 12, ""route"": ""joint"", ""route_estimate"": 0.5, ""route_mode"": ""backbone"", ""scan_current_first"": true, ""search_first"": false, ""share"": true, ""share_ratio"": 0.7, ""source_bias"": 0.0, ""station_inner"": 990.0, ""station_layout"": ""8_16"", ""station_spec"": [8, 12, 995, 1864, 0], ""stop_when_found16"": true, ""trial_radius"": 40.0}",ablation/q4_no_exact_insertion/q4/paper_q4_n10_s960013/metrics.json
ablation,q4_no_exact_insertion,q4,paper_q4_n10_s960014,62fc1daef45c37c33faaab81b3ca9012ca0f078e7fb0911ed4ec97efddb421f1,960014,10,True,True,10,10,587.5962474224325,5875.962474224325,4226.962474224324,1345.0,254.0,50.0,269,254,10,eeabe25b14dcbabfdfd2275f2923671f5c37d0d560e0657d59ba503c6b0a5dc9,"{""angle_bin"": 4.0, ""conditional_range"": true, ""crossbar"": true, ""crossbar_after_dark"": false, ""crossbar_fraction"": 0.25, ""crossbar_offset"": 0.03, ""crossbar_reference"": ""latest"", ""cumulative_cap"": 2, ""cumulative_points"": 0.0, ""directional"": false, ""drop_sites"": false, ""exact_insert"": false, ""initial_reflection"": false, ""initial_rotation_span"": 1.5707963267948966, ""initial_rotation_steps"": 12, ""near_clear_distance"": 50.0, ""near_clear_radius"": 20.0, ""negative_regions"": ""disk"", ""opportunistic"": false, ""opportunistic_candidates"": 3, ""opportunistic_distance"": 650.0, ""probe_offset"": 0.25, ""radio_limit"": 12, ""route"": ""joint"", ""route_estimate"": 0.5, ""route_mode"": ""backbone"", ""scan_current_first"": true, ""search_first"": false, ""share"": true, ""share_ratio"": 0.7, ""source_bias"": 0.0, ""station_inner"": 990.0, ""station_layout"": ""8_16"", ""station_spec"": [8, 12, 995, 1864, 0], ""stop_when_found16"": true, ""trial_radius"": 40.0}",ablation/q4_no_exact_insertion/q4/paper_q4_n10_s960014/metrics.json
ablation,q4_no_exact_insertion,q4,paper_q4_n10_s960015,786e0a5748501bd13da2fb5fcf82c3ac6a7ff71e1830c44e7fc76fe4ae746aa5,960015,10,True,True,10,10,570.0608256139965,5700.608256139964,3926.6082561399658,1440.0,269.0,65.0,288,269,15,eeabe25b14dcbabfdfd2275f2923671f5c37d0d560e0657d59ba503c6b0a5dc9,"{""angle_bin"": 4.0, ""conditional_range"": true, ""crossbar"": true, ""crossbar_after_dark"": false, ""crossbar_fraction"": 0.25, ""crossbar_offset"": 0.03, ""crossbar_reference"": ""latest"", ""cumulative_cap"": 2, ""cumulative_points"": 0.0, ""directional"": false, ""drop_sites"": false, ""exact_insert"": false, ""initial_reflection"": false, ""initial_rotation_span"": 1.5707963267948966, ""initial_rotation_steps"": 12, ""near_clear_distance"": 50.0, ""near_clear_radius"": 20.0, ""negative_regions"": ""disk"", ""opportunistic"": false, ""opportunistic_candidates"": 3, ""opportunistic_distance"": 650.0, ""probe_offset"": 0.25, ""radio_limit"": 12, ""route"": ""joint"", ""route_estimate"": 0.5, ""route_mode"": ""backbone"", ""scan_current_first"": true, ""search_first"": false, ""share"": true, ""share_ratio"": 0.7, ""source_bias"": 0.0, ""station_inner"": 990.0, ""station_layout"": ""8_16"", ""station_spec"": [8, 12, 995, 1864, 0], ""stop_when_found16"": true, ""trial_radius"": 40.0}",ablation/q4_no_exact_insertion/q4/paper_q4_n10_s960015/metrics.json
ablation,q4_no_exact_insertion,q4,paper_q4_n10_s960016,289739bdb664f6ba8e2416d3709159e3e5bfb90814c6d43081ebae655f341b30,960016,10,True,True,10,10,585.6240058247214,5856.240058247214,4146.240058247213,1390.0,267.0,53.0,278,267,11,eeabe25b14dcbabfdfd2275f2923671f5c37d0d560e0657d59ba503c6b0a5dc9,"{""angle_bin"": 4.0, ""conditional_range"": true, ""crossbar"": true, ""crossbar_after_dark"": false, ""crossbar_fraction"": 0.25, ""crossbar_offset"": 0.03, ""crossbar_reference"": ""latest"", ""cumulative_cap"": 2, ""cumulative_points"": 0.0, ""directional"": false, ""drop_sites"": false, ""exact_insert"": false, ""initial_reflection"": false, ""initial_rotation_span"": 1.5707963267948966, ""initial_rotation_steps"": 12, ""near_clear_distance"": 50.0, ""near_clear_radius"": 20.0, ""negative_regions"": ""disk"", ""opportunistic"": false, ""opportunistic_candidates"": 3, ""opportunistic_distance"": 650.0, ""probe_offset"": 0.25, ""radio_limit"": 12, ""route"": ""joint"", ""route_estimate"": 0.5, ""route_mode"": ""backbone"", ""scan_current_first"": true, ""search_first"": false, ""share"": true, ""share_ratio"": 0.7, ""source_bias"": 0.0, ""station_inner"": 990.0, ""station_layout"": ""8_16"", ""station_spec"": [8, 12, 995, 1864, 0], ""stop_when_found16"": true, ""trial_radius"": 40.0}",ablation/q4_no_exact_insertion/q4/paper_q4_n10_s960016/metrics.json
ablation,q4_no_exact_insertion,q4,paper_q4_n10_s960017,8eec67759a34add255ee4e92aef60de171d284d6d00cd8815965b7338fb036e4,960017,10,True,True,10,10,552.4628754785329,5524.628754785328,3910.6287547853276,1315.0,249.0,50.0,263,249,10,eeabe25b14dcbabfdfd2275f2923671f5c37d0d560e0657d59ba503c6b0a5dc9,"{""angle_bin"": 4.0, ""conditional_range"": true, ""crossbar"": true, ""crossbar_after_dark"": false, ""crossbar_fraction"": 0.25, ""crossbar_offset"": 0.03, ""crossbar_reference"": ""latest"", ""cumulative_cap"": 2, ""cumulative_points"": 0.0, ""directional"": false, ""drop_sites"": false, ""exact_insert"": false, ""initial_reflection"": false, ""initial_rotation_span"": 1.5707963267948966, ""initial_rotation_steps"": 12, ""near_clear_distance"": 50.0, ""near_clear_radius"": 20.0, ""negative_regions"": ""disk"", ""opportunistic"": false, ""opportunistic_candidates"": 3, ""opportunistic_distance"": 650.0, ""probe_offset"": 0.25, ""radio_limit"": 12, ""route"": ""joint"", ""route_estimate"": 0.5, ""route_mode"": ""backbone"", ""scan_current_first"": true, ""search_first"": false, ""share"": true, ""share_ratio"": 0.7, ""source_bias"": 0.0, ""station_inner"": 990.0, ""station_layout"": ""8_16"", ""station_spec"": [8, 12, 995, 1864, 0], ""stop_when_found16"": true, ""trial_radius"": 40.0}",ablation/q4_no_exact_insertion/q4/paper_q4_n10_s960017/metrics.json
ablation,q4_no_exact_insertion,q4,paper_q4_n10_s960018,1147536cb66cc757feeea7b44096f960a97bf1f5905e68d35788554b1c6d15a0,960018,10,True,True,10,10,605.9265091674672,6059.2650916746725,4271.2650916746725,1465.0,273.0,50.0,293,273,10,eeabe25b14dcbabfdfd2275f2923671f5c37d0d560e0657d59ba503c6b0a5dc9,"{""angle_bin"": 4.0, ""conditional_range"": true, ""crossbar"": true, ""crossbar_after_dark"": false, ""crossbar_fraction"": 0.25, ""crossbar_offset"": 0.03, ""crossbar_reference"": ""latest"", ""cumulative_cap"": 2, ""cumulative_points"": 0.0, ""directional"": false, ""drop_sites"": false, ""exact_insert"": false, ""initial_reflection"": false, ""initial_rotation_span"": 1.5707963267948966, ""initial_rotation_steps"": 12, ""near_clear_distance"": 50.0, ""near_clear_radius"": 20.0, ""negative_regions"": ""disk"", ""opportunistic"": false, ""opportunistic_candidates"": 3, ""opportunistic_distance"": 650.0, ""probe_offset"": 0.25, ""radio_limit"": 12, ""route"": ""joint"", ""route_estimate"": 0.5, ""route_mode"": ""backbone"", ""scan_current_first"": true, ""search_first"": false, ""share"": true, ""share_ratio"": 0.7, ""source_bias"": 0.0, ""station_inner"": 990.0, ""station_layout"": ""8_16"", ""station_spec"": [8, 12, 995, 1864, 0], ""stop_when_found16"": true, ""trial_radius"": 40.0}",ablation/q4_no_exact_insertion/q4/paper_q4_n10_s960018/metrics.json
ablation,q4_no_exact_insertion,q4,paper_q4_n10_s960019,cf55d3f4e09f53fbb973530d6dd48121c475c525c9101a3c94703aad60256cf0,960019,10,True,True,10,10,612.6068205806915,6126.068205806915,4317.068205806916,1475.0,278.0,56.0,295,278,12,eeabe25b14dcbabfdfd2275f2923671f5c37d0d560e0657d59ba503c6b0a5dc9,"{""angle_bin"": 4.0, ""conditional_range"": true, ""crossbar"": true, ""crossbar_after_dark"": false, ""crossbar_fraction"": 0.25, ""crossbar_offset"": 0.03, ""crossbar_reference"": ""latest"", ""cumulative_cap"": 2, ""cumulative_points"": 0.0, ""directional"": false, ""drop_sites"": false, ""exact_insert"": false, ""initial_reflection"": false, ""initial_rotation_span"": 1.5707963267948966, ""initial_rotation_steps"": 12, ""near_clear_distance"": 50.0, ""near_clear_radius"": 20.0, ""negative_regions"": ""disk"", ""opportunistic"": false, ""opportunistic_candidates"": 3, ""opportunistic_distance"": 650.0, ""probe_offset"": 0.25, ""radio_limit"": 12, ""route"": ""joint"", ""route_estimate"": 0.5, ""route_mode"": ""backbone"", ""scan_current_first"": true, ""search_first"": false, ""share"": true, ""share_ratio"": 0.7, ""source_bias"": 0.0, ""station_inner"": 990.0, ""station_layout"": ""8_16"", ""station_spec"": [8, 12, 995, 1864, 0], ""stop_when_found16"": true, ""trial_radius"": 40.0}",ablation/q4_no_exact_insertion/q4/paper_q4_n10_s960019/metrics.json
ablation,q4_no_exact_insertion,q4,paper_q4_n16_s960040,b1005a485d954543d249bd4846074706e789f2ced4376ceda599b6fd9450b9c6,960040,16,True,True,16,16,347.5842975185501,5561.348760296802,4322.348760296802,985.0,174.0,80.0,197,174,16,eeabe25b14dcbabfdfd2275f2923671f5c37d0d560e0657d59ba503c6b0a5dc9,"{""angle_bin"": 4.0, ""conditional_range"": true, ""crossbar"": true, ""crossbar_after_dark"": false, ""crossbar_fraction"": 0.25, ""crossbar_offset"": 0.03, ""crossbar_reference"": ""latest"", ""cumulative_cap"": 2, ""cumulative_points"": 0.0, ""directional"": false, ""drop_sites"": false, ""exact_insert"": false, ""initial_reflection"": false, ""initial_rotation_span"": 1.5707963267948966, ""initial_rotation_steps"": 12, ""near_clear_distance"": 50.0, ""near_clear_radius"": 20.0, ""negative_regions"": ""disk"", ""opportunistic"": false, ""opportunistic_candidates"": 3, ""opportunistic_distance"": 650.0, ""probe_offset"": 0.25, ""radio_limit"": 12, ""route"": ""joint"", ""route_estimate"": 0.5, ""route_mode"": ""backbone"", ""scan_current_first"": true, ""search_first"": false, ""share"": true, ""share_ratio"": 0.7, ""source_bias"": 0.0, ""station_inner"": 990.0, ""station_layout"": ""8_16"", ""station_spec"": [8, 12, 995, 1864, 0], ""stop_when_found16"": true, ""trial_radius"": 40.0}",ablation/q4_no_exact_insertion/q4/paper_q4_n16_s960040/metrics.json
ablation,q4_no_exact_insertion,q4,paper_q4_n16_s960041,d0d4eda9ee7def4375ec93a8a793883f1892eed07ac67321b1595776be4fb9b0,960041,16,True,True,16,16,352.2248233892627,5635.597174228204,4102.597174228205,1225.0,225.0,83.0,245,225,17,eeabe25b14dcbabfdfd2275f2923671f5c37d0d560e0657d59ba503c6b0a5dc9,"{""angle_bin"": 4.0, ""conditional_range"": true, ""crossbar"": true, ""crossbar_after_dark"": false, ""crossbar_fraction"": 0.25, ""crossbar_offset"": 0.03, ""crossbar_reference"": ""latest"", ""cumulative_cap"": 2, ""cumulative_points"": 0.0, ""directional"": false, ""drop_sites"": false, ""exact_insert"": false, ""initial_reflection"": false, ""initial_rotation_span"": 1.5707963267948966, ""initial_rotation_steps"": 12, ""near_clear_distance"": 50.0, ""near_clear_radius"": 20.0, ""negative_regions"": ""disk"", ""opportunistic"": false, ""opportunistic_candidates"": 3, ""opportunistic_distance"": 650.0, ""probe_offset"": 0.25, ""radio_limit"": 12, ""route"": ""joint"", ""route_estimate"": 0.5, ""route_mode"": ""backbone"", ""scan_current_first"": true, ""search_first"": false, ""share"": true, ""share_ratio"": 0.7, ""source_bias"": 0.0, ""station_inner"": 990.0, ""station_layout"": ""8_16"", ""station_spec"": [8, 12, 995, 1864, 0], ""stop_when_found16"": true, ""trial_radius"": 40.0}",ablation/q4_no_exact_insertion/q4/paper_q4_n16_s960041/metrics.json
ablation,q4_no_exact_insertion,q4,paper_q4_n16_s960042,429d445dee31fd1076a19249d749c7bd99c77ba7636d01b14771e68c4c2d0c94,960042,16,True,True,16,16,317.7587859228601,5084.140574765762,3881.140574765759,945.0,172.0,86.0,189,172,18,eeabe25b14dcbabfdfd2275f2923671f5c37d0d560e0657d59ba503c6b0a5dc9,"{""angle_bin"": 4.0, ""conditional_range"": true, ""crossbar"": true, ""crossbar_after_dark"": false, ""crossbar_fraction"": 0.25, ""crossbar_offset"": 0.03, ""crossbar_reference"": ""latest"", ""cumulative_cap"": 2, ""cumulative_points"": 0.0, ""directional"": false, ""drop_sites"": false, ""exact_insert"": false, ""initial_reflection"": false, ""initial_rotation_span"": 1.5707963267948966, ""initial_rotation_steps"": 12, ""near_clear_distance"": 50.0, ""near_clear_radius"": 20.0, ""negative_regions"": ""disk"", ""opportunistic"": false, ""opportunistic_candidates"": 3, ""opportunistic_distance"": 650.0, ""probe_offset"": 0.25, ""radio_limit"": 12, ""route"": ""joint"", ""route_estimate"": 0.5, ""route_mode"": ""backbone"", ""scan_current_first"": true, ""search_first"": false, ""share"": true, ""share_ratio"": 0.7, ""source_bias"": 0.0, ""station_inner"": 990.0, ""station_layout"": ""8_16"", ""station_spec"": [8, 12, 995, 1864, 0], ""stop_when_found16"": true, ""trial_radius"": 40.0}",ablation/q4_no_exact_insertion/q4/paper_q4_n16_s960042/metrics.json
ablation,q4_no_exact_insertion,q4,paper_q4_n16_s960043,890edfc43be11ed9cb6673a095c3f9d1f9bd00eee552bcf025424d833eb387b8,960043,16,True,True,16,16,325.1634027200633,5202.614443521013,4075.614443521011,875.0,160.0,92.0,175,160,20,eeabe25b14dcbabfdfd2275f2923671f5c37d0d560e0657d59ba503c6b0a5dc9,"{""angle_bin"": 4.0, ""conditional_range"": true, ""crossbar"": true, ""crossbar_after_dark"": false, ""crossbar_fraction"": 0.25, ""crossbar_offset"": 0.03, ""crossbar_reference"": ""latest"", ""cumulative_cap"": 2, ""cumulative_points"": 0.0, ""directional"": false, ""drop_sites"": false, ""exact_insert"": false, ""initial_reflection"": false, ""initial_rotation_span"": 1.5707963267948966, ""initial_rotation_steps"": 12, ""near_clear_distance"": 50.0, ""near_clear_radius"": 20.0, ""negative_regions"": ""disk"", ""opportunistic"": false, ""opportunistic_candidates"": 3, ""opportunistic_distance"": 650.0, ""probe_offset"": 0.25, ""radio_limit"": 12, ""route"": ""joint"", ""route_estimate"": 0.5, ""route_mode"": ""backbone"", ""scan_current_first"": true, ""search_first"": false, ""share"": true, ""share_ratio"": 0.7, ""source_bias"": 0.0, ""station_inner"": 990.0, ""station_layout"": ""8_16"", ""station_spec"": [8, 12, 995, 1864, 0], ""stop_when_found16"": true, ""trial_radius"": 40.0}",ablation/q4_no_exact_insertion/q4/paper_q4_n16_s960043/metrics.json
ablation,q4_no_exact_insertion,q4,paper_q4_n16_s960044,3e93ad6707a0652a9c98c415187fd78b4c12165d349d1420dd80a0573d745e09,960044,16,True,True,16,16,351.0880326339496,5617.408522143193,4296.408522143194,1050.0,191.0,80.0,210,191,16,eeabe25b14dcbabfdfd2275f2923671f5c37d0d560e0657d59ba503c6b0a5dc9,"{""angle_bin"": 4.0, ""conditional_range"": true, ""crossbar"": true, ""crossbar_after_dark"": false, ""crossbar_fraction"": 0.25, ""crossbar_offset"": 0.03, ""crossbar_reference"": ""latest"", ""cumulative_cap"": 2, ""cumulative_points"": 0.0, ""directional"": false, ""drop_sites"": false, ""exact_insert"": false, ""initial_reflection"": false, ""initial_rotation_span"": 1.5707963267948966, ""initial_rotation_steps"": 12, ""near_clear_distance"": 50.0, ""near_clear_radius"": 20.0, ""negative_regions"": ""disk"", ""opportunistic"": false, ""opportunistic_candidates"": 3, ""opportunistic_distance"": 650.0, ""probe_offset"": 0.25, ""radio_limit"": 12, ""route"": ""joint"", ""route_estimate"": 0.5, ""route_mode"": ""backbone"", ""scan_current_first"": true, ""search_first"": false, ""share"": true, ""share_ratio"": 0.7, ""source_bias"": 0.0, ""station_inner"": 990.0, ""station_layout"": ""8_16"", ""station_spec"": [8, 12, 995, 1864, 0], ""stop_when_found16"": true, ""trial_radius"": 40.0}",ablation/q4_no_exact_insertion/q4/paper_q4_n16_s960044/metrics.json
ablation,q4_no_exact_insertion,q4,paper_q4_n16_s960045,3cad5d7f229b2c51c945985233487543874251e74c0e6b296e648079d13bb7f9,960045,16,True,True,16,16,304.7938497299366,4876.7015956789855,3753.7015956789874,880.0,163.0,80.0,176,163,16,eeabe25b14dcbabfdfd2275f2923671f5c37d0d560e0657d59ba503c6b0a5dc9,"{""angle_bin"": 4.0, ""conditional_range"": true, ""crossbar"": true, ""crossbar_after_dark"": false, ""crossbar_fraction"": 0.25, ""crossbar_offset"": 0.03, ""crossbar_reference"": ""latest"", ""cumulative_cap"": 2, ""cumulative_points"": 0.0, ""directional"": false, ""drop_sites"": false, ""exact_insert"": false, ""initial_reflection"": false, ""initial_rotation_span"": 1.5707963267948966, ""initial_rotation_steps"": 12, ""near_clear_distance"": 50.0, ""near_clear_radius"": 20.0, ""negative_regions"": ""disk"", ""opportunistic"": false, ""opportunistic_candidates"": 3, ""opportunistic_distance"": 650.0, ""probe_offset"": 0.25, ""radio_limit"": 12, ""route"": ""joint"", ""route_estimate"": 0.5, ""route_mode"": ""backbone"", ""scan_current_first"": true, ""search_first"": false, ""share"": true, ""share_ratio"": 0.7, ""source_bias"": 0.0, ""station_inner"": 990.0, ""station_layout"": ""8_16"", ""station_spec"": [8, 12, 995, 1864, 0], ""stop_when_found16"": true, ""trial_radius"": 40.0}",ablation/q4_no_exact_insertion/q4/paper_q4_n16_s960045/metrics.json
ablation,q4_no_exact_insertion,q4,paper_q4_n16_s960046,7040da829ed4799b41c8235979675a92458a40cf4d2a21d36f2bd093a8fce226,960046,16,True,True,16,16,345.115762813306,5521.852205012896,4189.852205012897,1055.0,194.0,83.0,211,194,17,eeabe25b14dcbabfdfd2275f2923671f5c37d0d560e0657d59ba503c6b0a5dc9,"{""angle_bin"": 4.0, ""conditional_range"": true, ""crossbar"": true, ""crossbar_after_dark"": false, ""crossbar_fraction"": 0.25, ""crossbar_offset"": 0.03, ""crossbar_reference"": ""latest"", ""cumulative_cap"": 2, ""cumulative_points"": 0.0, ""directional"": false, ""drop_sites"": false, ""exact_insert"": false, ""initial_reflection"": false, ""initial_rotation_span"": 1.5707963267948966, ""initial_rotation_steps"": 12, ""near_clear_distance"": 50.0, ""near_clear_radius"": 20.0, ""negative_regions"": ""disk"", ""opportunistic"": false, ""opportunistic_candidates"": 3, ""opportunistic_distance"": 650.0, ""probe_offset"": 0.25, ""radio_limit"": 12, ""route"": ""joint"", ""route_estimate"": 0.5, ""route_mode"": ""backbone"", ""scan_current_first"": true, ""search_first"": false, ""share"": true, ""share_ratio"": 0.7, ""source_bias"": 0.0, ""station_inner"": 990.0, ""station_layout"": ""8_16"", ""station_spec"": [8, 12, 995, 1864, 0], ""stop_when_found16"": true, ""trial_radius"": 40.0}",ablation/q4_no_exact_insertion/q4/paper_q4_n16_s960046/metrics.json
ablation,q4_no_exact_insertion,q4,paper_q4_n16_s960047,f8ec8de50f5e67238ff9f26f1b06b20e5cee54a52c2ecf8e944bf4566f28650b,960047,16,True,True,16,16,275.29940650891183,4404.790504142589,3494.7905041425893,690.0,125.0,95.0,138,125,21,eeabe25b14dcbabfdfd2275f2923671f5c37d0d560e0657d59ba503c6b0a5dc9,"{""angle_bin"": 4.0, ""conditional_range"": true, ""crossbar"": true, ""crossbar_after_dark"": false, ""crossbar_fraction"": 0.25, ""crossbar_offset"": 0.03, ""crossbar_reference"": ""latest"", ""cumulative_cap"": 2, ""cumulative_points"": 0.0, ""directional"": false, ""drop_sites"": false, ""exact_insert"": false, ""initial_reflection"": false, ""initial_rotation_span"": 1.5707963267948966, ""initial_rotation_steps"": 12, ""near_clear_distance"": 50.0, ""near_clear_radius"": 20.0, ""negative_regions"": ""disk"", ""opportunistic"": false, ""opportunistic_candidates"": 3, ""opportunistic_distance"": 650.0, ""probe_offset"": 0.25, ""radio_limit"": 12, ""route"": ""joint"", ""route_estimate"": 0.5, ""route_mode"": ""backbone"", ""scan_current_first"": true, ""search_first"": false, ""share"": true, ""share_ratio"": 0.7, ""source_bias"": 0.0, ""station_inner"": 990.0, ""station_layout"": ""8_16"", ""station_spec"": [8, 12, 995, 1864, 0], ""stop_when_found16"": true, ""trial_radius"": 40.0}",ablation/q4_no_exact_insertion/q4/paper_q4_n16_s960047/metrics.json
ablation,q4_no_exact_insertion,q4,paper_q4_n16_s960048,24b3a08e1ec1170c0cddce56334844156aa2af548365a9cf4896d69405a3be74,960048,16,True,True,16,16,343.86986468449345,5501.917834951895,4356.917834951897,895.0,158.0,92.0,179,158,20,eeabe25b14dcbabfdfd2275f2923671f5c37d0d560e0657d59ba503c6b0a5dc9,"{""angle_bin"": 4.0, ""conditional_range"": true, ""crossbar"": true, ""crossbar_after_dark"": false, ""crossbar_fraction"": 0.25, ""crossbar_offset"": 0.03, ""crossbar_reference"": ""latest"", ""cumulative_cap"": 2, ""cumulative_points"": 0.0, ""directional"": false, ""drop_sites"": false, ""exact_insert"": false, ""initial_reflection"": false, ""initial_rotation_span"": 1.5707963267948966, ""initial_rotation_steps"": 12, ""near_clear_distance"": 50.0, ""near_clear_radius"": 20.0, ""negative_regions"": ""disk"", ""opportunistic"": false, ""opportunistic_candidates"": 3, ""opportunistic_distance"": 650.0, ""probe_offset"": 0.25, ""radio_limit"": 12, ""route"": ""joint"", ""route_estimate"": 0.5, ""route_mode"": ""backbone"", ""scan_current_first"": true, ""search_first"": false, ""share"": true, ""share_ratio"": 0.7, ""source_bias"": 0.0, ""station_inner"": 990.0, ""station_layout"": ""8_16"", ""station_spec"": [8, 12, 995, 1864, 0], ""stop_when_found16"": true, ""trial_radius"": 40.0}",ablation/q4_no_exact_insertion/q4/paper_q4_n16_s960048/metrics.json
ablation,q4_no_exact_insertion,q4,paper_q4_n16_s960049,9c98e77ebf3bc49595e283c552192c4decebf03b6eada728c4e756a916cf4043,960049,16,True,True,16,16,329.6635454687567,5274.616727500107,4038.616727500109,980.0,173.0,83.0,196,173,17,eeabe25b14dcbabfdfd2275f2923671f5c37d0d560e0657d59ba503c6b0a5dc9,"{""angle_bin"": 4.0, ""conditional_range"": true, ""crossbar"": true, ""crossbar_after_dark"": false, ""crossbar_fraction"": 0.25, ""crossbar_offset"": 0.03, ""crossbar_reference"": ""latest"", ""cumulative_cap"": 2, ""cumulative_points"": 0.0, ""directional"": false, ""drop_sites"": false, ""exact_insert"": false, ""initial_reflection"": false, ""initial_rotation_span"": 1.5707963267948966, ""initial_rotation_steps"": 12, ""near_clear_distance"": 50.0, ""near_clear_radius"": 20.0, ""negative_regions"": ""disk"", ""opportunistic"": false, ""opportunistic_candidates"": 3, ""opportunistic_distance"": 650.0, ""probe_offset"": 0.25, ""radio_limit"": 12, ""route"": ""joint"", ""route_estimate"": 0.5, ""route_mode"": ""backbone"", ""scan_current_first"": true, ""search_first"": false, ""share"": true, ""share_ratio"": 0.7, ""source_bias"": 0.0, ""station_inner"": 990.0, ""station_layout"": ""8_16"", ""station_spec"": [8, 12, 995, 1864, 0], ""stop_when_found16"": true, ""trial_radius"": 40.0}",ablation/q4_no_exact_insertion/q4/paper_q4_n16_s960049/metrics.json
ablation,q4_no_exact_insertion,q4,paper_q4_n16_s960050,4c29da39e95a72a666d839bdfc3e2f12f3fe62af915ad74e5f93a916493ee72d,960050,16,True,True,16,16,262.15718902498,4194.51502439968,3229.515024399681,740.0,133.0,92.0,148,133,20,eeabe25b14dcbabfdfd2275f2923671f5c37d0d560e0657d59ba503c6b0a5dc9,"{""angle_bin"": 4.0, ""conditional_range"": true, ""crossbar"": true, ""crossbar_after_dark"": false, ""crossbar_fraction"": 0.25, ""crossbar_offset"": 0.03, ""crossbar_reference"": ""latest"", ""cumulative_cap"": 2, ""cumulative_points"": 0.0, ""directional"": false, ""drop_sites"": false, ""exact_insert"": false, ""initial_reflection"": false, ""initial_rotation_span"": 1.5707963267948966, ""initial_rotation_steps"": 12, ""near_clear_distance"": 50.0, ""near_clear_radius"": 20.0, ""negative_regions"": ""disk"", ""opportunistic"": false, ""opportunistic_candidates"": 3, ""opportunistic_distance"": 650.0, ""probe_offset"": 0.25, ""radio_limit"": 12, ""route"": ""joint"", ""route_estimate"": 0.5, ""route_mode"": ""backbone"", ""scan_current_first"": true, ""search_first"": false, ""share"": true, ""share_ratio"": 0.7, ""source_bias"": 0.0, ""station_inner"": 990.0, ""station_layout"": ""8_16"", ""station_spec"": [8, 12, 995, 1864, 0], ""stop_when_found16"": true, ""trial_radius"": 40.0}",ablation/q4_no_exact_insertion/q4/paper_q4_n16_s960050/metrics.json
ablation,q4_no_exact_insertion,q4,paper_q4_n16_s960051,3a7ba2677cfe71015289966abc8bab618fbdab5aac52bf87159b29697354bffb,960051,16,True,True,16,16,258.8682190233157,4141.891504373051,3390.8915043730512,560.0,108.0,83.0,112,108,17,eeabe25b14dcbabfdfd2275f2923671f5c37d0d560e0657d59ba503c6b0a5dc9,"{""angle_bin"": 4.0, ""conditional_range"": true, ""crossbar"": true, ""crossbar_after_dark"": false, ""crossbar_fraction"": 0.25, ""crossbar_offset"": 0.03, ""crossbar_reference"": ""latest"", ""cumulative_cap"": 2, ""cumulative_points"": 0.0, ""directional"": false, ""drop_sites"": false, ""exact_insert"": false, ""initial_reflection"": false, ""initial_rotation_span"": 1.5707963267948966, ""initial_rotation_steps"": 12, ""near_clear_distance"": 50.0, ""near_clear_radius"": 20.0, ""negative_regions"": ""disk"", ""opportunistic"": false, ""opportunistic_candidates"": 3, ""opportunistic_distance"": 650.0, ""probe_offset"": 0.25, ""radio_limit"": 12, ""route"": ""joint"", ""route_estimate"": 0.5, ""route_mode"": ""backbone"", ""scan_current_first"": true, ""search_first"": false, ""share"": true, ""share_ratio"": 0.7, ""source_bias"": 0.0, ""station_inner"": 990.0, ""station_layout"": ""8_16"", ""station_spec"": [8, 12, 995, 1864, 0], ""stop_when_found16"": true, ""trial_radius"": 40.0}",ablation/q4_no_exact_insertion/q4/paper_q4_n16_s960051/metrics.json
ablation,q4_no_exact_insertion,q4,paper_q4_n16_s960052,64efc316b5c7066cc78ffc5fa9e03f2022e248a5547a0fff712b1db67655f2eb,960052,16,True,True,16,16,346.7381720700576,5547.810753120922,4259.810753120921,1010.0,189.0,89.0,202,189,19,eeabe25b14dcbabfdfd2275f2923671f5c37d0d560e0657d59ba503c6b0a5dc9,"{""angle_bin"": 4.0, ""conditional_range"": true, ""crossbar"": true, ""crossbar_after_dark"": false, ""crossbar_fraction"": 0.25, ""crossbar_offset"": 0.03, ""crossbar_reference"": ""latest"", ""cumulative_cap"": 2, ""cumulative_points"": 0.0, ""directional"": false, ""drop_sites"": false, ""exact_insert"": false, ""initial_reflection"": false, ""initial_rotation_span"": 1.5707963267948966, ""initial_rotation_steps"": 12, ""near_clear_distance"": 50.0, ""near_clear_radius"": 20.0, ""negative_regions"": ""disk"", ""opportunistic"": false, ""opportunistic_candidates"": 3, ""opportunistic_distance"": 650.0, ""probe_offset"": 0.25, ""radio_limit"": 12, ""route"": ""joint"", ""route_estimate"": 0.5, ""route_mode"": ""backbone"", ""scan_current_first"": true, ""search_first"": false, ""share"": true, ""share_ratio"": 0.7, ""source_bias"": 0.0, ""station_inner"": 990.0, ""station_layout"": ""8_16"", ""station_spec"": [8, 12, 995, 1864, 0], ""stop_when_found16"": true, ""trial_radius"": 40.0}",ablation/q4_no_exact_insertion/q4/paper_q4_n16_s960052/metrics.json
ablation,q4_no_exact_insertion,q4,paper_q4_n16_s960053,7df246795c5f13b0c33ba6cbd4aa1c946cba1de4d90d6bd6674d2717fb8af615,960053,16,True,True,16,16,330.41998191148764,5286.719710583802,4179.719710583805,870.0,157.0,80.0,174,157,16,eeabe25b14dcbabfdfd2275f2923671f5c37d0d560e0657d59ba503c6b0a5dc9,"{""angle_bin"": 4.0, ""conditional_range"": true, ""crossbar"": true, ""crossbar_after_dark"": false, ""crossbar_fraction"": 0.25, ""crossbar_offset"": 0.03, ""crossbar_reference"": ""latest"", ""cumulative_cap"": 2, ""cumulative_points"": 0.0, ""directional"": false, ""drop_sites"": false, ""exact_insert"": false, ""initial_reflection"": false, ""initial_rotation_span"": 1.5707963267948966, ""initial_rotation_steps"": 12, ""near_clear_distance"": 50.0, ""near_clear_radius"": 20.0, ""negative_regions"": ""disk"", ""opportunistic"": false, ""opportunistic_candidates"": 3, ""opportunistic_distance"": 650.0, ""probe_offset"": 0.25, ""radio_limit"": 12, ""route"": ""joint"", ""route_estimate"": 0.5, ""route_mode"": ""backbone"", ""scan_current_first"": true, ""search_first"": false, ""share"": true, ""share_ratio"": 0.7, ""source_bias"": 0.0, ""station_inner"": 990.0, ""station_layout"": ""8_16"", ""station_spec"": [8, 12, 995, 1864, 0], ""stop_when_found16"": true, ""trial_radius"": 40.0}",ablation/q4_no_exact_insertion/q4/paper_q4_n16_s960053/metrics.json
ablation,q4_no_exact_insertion,q4,paper_q4_n16_s960054,8206890b9b420cbaea6b693c5cf72b030d8708ed8e056c338d28b1e44d86553c,960054,16,True,True,16,16,342.7580592334154,5484.128947734646,4084.1289477346486,1115.0,205.0,80.0,223,205,16,eeabe25b14dcbabfdfd2275f2923671f5c37d0d560e0657d59ba503c6b0a5dc9,"{""angle_bin"": 4.0, ""conditional_range"": true, ""crossbar"": true, ""crossbar_after_dark"": false, ""crossbar_fraction"": 0.25, ""crossbar_offset"": 0.03, ""crossbar_reference"": ""latest"", ""cumulative_cap"": 2, ""cumulative_points"": 0.0, ""directional"": false, ""drop_sites"": false, ""exact_insert"": false, ""initial_reflection"": false, ""initial_rotation_span"": 1.5707963267948966, ""initial_rotation_steps"": 12, ""near_clear_distance"": 50.0, ""near_clear_radius"": 20.0, ""negative_regions"": ""disk"", ""opportunistic"": false, ""opportunistic_candidates"": 3, ""opportunistic_distance"": 650.0, ""probe_offset"": 0.25, ""radio_limit"": 12, ""route"": ""joint"", ""route_estimate"": 0.5, ""route_mode"": ""backbone"", ""scan_current_first"": true, ""search_first"": false, ""share"": true, ""share_ratio"": 0.7, ""source_bias"": 0.0, ""station_inner"": 990.0, ""station_layout"": ""8_16"", ""station_spec"": [8, 12, 995, 1864, 0], ""stop_when_found16"": true, ""trial_radius"": 40.0}",ablation/q4_no_exact_insertion/q4/paper_q4_n16_s960054/metrics.json
ablation,q4_no_exact_insertion,q4,paper_q4_n16_s960055,6ff9e44e5b062ac46df867868e4bfdbce3357ab9b37f57f39768831f22daa029,960055,16,True,True,16,16,295.8024683518045,4732.839493628872,3768.8394936288723,740.0,135.0,89.0,148,135,19,eeabe25b14dcbabfdfd2275f2923671f5c37d0d560e0657d59ba503c6b0a5dc9,"{""angle_bin"": 4.0, ""conditional_range"": true, ""crossbar"": true, ""crossbar_after_dark"": false, ""crossbar_fraction"": 0.25, ""crossbar_offset"": 0.03, ""crossbar_reference"": ""latest"", ""cumulative_cap"": 2, ""cumulative_points"": 0.0, ""directional"": false, ""drop_sites"": false, ""exact_insert"": false, ""initial_reflection"": false, ""initial_rotation_span"": 1.5707963267948966, ""initial_rotation_steps"": 12, ""near_clear_distance"": 50.0, ""near_clear_radius"": 20.0, ""negative_regions"": ""disk"", ""opportunistic"": false, ""opportunistic_candidates"": 3, ""opportunistic_distance"": 650.0, ""probe_offset"": 0.25, ""radio_limit"": 12, ""route"": ""joint"", ""route_estimate"": 0.5, ""route_mode"": ""backbone"", ""scan_current_first"": true, ""search_first"": false, ""share"": true, ""share_ratio"": 0.7, ""source_bias"": 0.0, ""station_inner"": 990.0, ""station_layout"": ""8_16"", ""station_spec"": [8, 12, 995, 1864, 0], ""stop_when_found16"": true, ""trial_radius"": 40.0}",ablation/q4_no_exact_insertion/q4/paper_q4_n16_s960055/metrics.json
ablation,q4_no_exact_insertion,q4,paper_q4_n16_s960056,6b2792b601130b0b46aa97b1ac0735656b2418610783d47c53cab64564495da2,960056,16,True,True,16,16,289.6831547900041,4634.9304766400655,3630.9304766400655,755.0,145.0,104.0,151,145,24,eeabe25b14dcbabfdfd2275f2923671f5c37d0d560e0657d59ba503c6b0a5dc9,"{""angle_bin"": 4.0, ""conditional_range"": true, ""crossbar"": true, ""crossbar_after_dark"": false, ""crossbar_fraction"": 0.25, ""crossbar_offset"": 0.03, ""crossbar_reference"": ""latest"", ""cumulative_cap"": 2, ""cumulative_points"": 0.0, ""directional"": false, ""drop_sites"": false, ""exact_insert"": false, ""initial_reflection"": false, ""initial_rotation_span"": 1.5707963267948966, ""initial_rotation_steps"": 12, ""near_clear_distance"": 50.0, ""near_clear_radius"": 20.0, ""negative_regions"": ""disk"", ""opportunistic"": false, ""opportunistic_candidates"": 3, ""opportunistic_distance"": 650.0, ""probe_offset"": 0.25, ""radio_limit"": 12, ""route"": ""joint"", ""route_estimate"": 0.5, ""route_mode"": ""backbone"", ""scan_current_first"": true, ""search_first"": false, ""share"": true, ""share_ratio"": 0.7, ""source_bias"": 0.0, ""station_inner"": 990.0, ""station_layout"": ""8_16"", ""station_spec"": [8, 12, 995, 1864, 0], ""stop_when_found16"": true, ""trial_radius"": 40.0}",ablation/q4_no_exact_insertion/q4/paper_q4_n16_s960056/metrics.json
ablation,q4_no_exact_insertion,q4,paper_q4_n16_s960057,6c60a413ad3c5d739c953deb475923dd63ed809d6227e8d1925f0cd9b6100136,960057,16,True,True,16,16,358.1215308527257,5729.944493643611,4441.944493643611,1020.0,185.0,83.0,204,185,17,eeabe25b14dcbabfdfd2275f2923671f5c37d0d560e0657d59ba503c6b0a5dc9,"{""angle_bin"": 4.0, ""conditional_range"": true, ""crossbar"": true, ""crossbar_after_dark"": false, ""crossbar_fraction"": 0.25, ""crossbar_offset"": 0.03, ""crossbar_reference"": ""latest"", ""cumulative_cap"": 2, ""cumulative_points"": 0.0, ""directional"": false, ""drop_sites"": false, ""exact_insert"": false, ""initial_reflection"": false, ""initial_rotation_span"": 1.5707963267948966, ""initial_rotation_steps"": 12, ""near_clear_distance"": 50.0, ""near_clear_radius"": 20.0, ""negative_regions"": ""disk"", ""opportunistic"": false, ""opportunistic_candidates"": 3, ""opportunistic_distance"": 650.0, ""probe_offset"": 0.25, ""radio_limit"": 12, ""route"": ""joint"", ""route_estimate"": 0.5, ""route_mode"": ""backbone"", ""scan_current_first"": true, ""search_first"": false, ""share"": true, ""share_ratio"": 0.7, ""source_bias"": 0.0, ""station_inner"": 990.0, ""station_layout"": ""8_16"", ""station_spec"": [8, 12, 995, 1864, 0], ""stop_when_found16"": true, ""trial_radius"": 40.0}",ablation/q4_no_exact_insertion/q4/paper_q4_n16_s960057/metrics.json
ablation,q4_no_exact_insertion,q4,paper_q4_n16_s960058,0694e76cf04a8b334687d6f66c3b8e5bd22fee936abafbcd9aed87fab9ea8753,960058,16,True,True,16,16,311.6937585269345,4987.100136430952,3829.1001364309523,905.0,167.0,86.0,181,167,18,eeabe25b14dcbabfdfd2275f2923671f5c37d0d560e0657d59ba503c6b0a5dc9,"{""angle_bin"": 4.0, ""conditional_range"": true, ""crossbar"": true, ""crossbar_after_dark"": false, ""crossbar_fraction"": 0.25, ""crossbar_offset"": 0.03, ""crossbar_reference"": ""latest"", ""cumulative_cap"": 2, ""cumulative_points"": 0.0, ""directional"": false, ""drop_sites"": false, ""exact_insert"": false, ""initial_reflection"": false, ""initial_rotation_span"": 1.5707963267948966, ""initial_rotation_steps"": 12, ""near_clear_distance"": 50.0, ""near_clear_radius"": 20.0, ""negative_regions"": ""disk"", ""opportunistic"": false, ""opportunistic_candidates"": 3, ""opportunistic_distance"": 650.0, ""probe_offset"": 0.25, ""radio_limit"": 12, ""route"": ""joint"", ""route_estimate"": 0.5, ""route_mode"": ""backbone"", ""scan_current_first"": true, ""search_first"": false, ""share"": true, ""share_ratio"": 0.7, ""source_bias"": 0.0, ""station_inner"": 990.0, ""station_layout"": ""8_16"", ""station_spec"": [8, 12, 995, 1864, 0], ""stop_when_found16"": true, ""trial_radius"": 40.0}",ablation/q4_no_exact_insertion/q4/paper_q4_n16_s960058/metrics.json
ablation,q4_no_exact_insertion,q4,paper_q4_n16_s960059,05cc90bed98c2e255fab9f8178fbf5b2a553268aabc778715431067900d5c20d,960059,16,True,True,16,16,314.4791524837166,5031.666439739465,3947.6664397394657,845.0,159.0,80.0,169,159,16,eeabe25b14dcbabfdfd2275f2923671f5c37d0d560e0657d59ba503c6b0a5dc9,"{""angle_bin"": 4.0, ""conditional_range"": true, ""crossbar"": true, ""crossbar_after_dark"": false, ""crossbar_fraction"": 0.25, ""crossbar_offset"": 0.03, ""crossbar_reference"": ""latest"", ""cumulative_cap"": 2, ""cumulative_points"": 0.0, ""directional"": false, ""drop_sites"": false, ""exact_insert"": false, ""initial_reflection"": false, ""initial_rotation_span"": 1.5707963267948966, ""initial_rotation_steps"": 12, ""near_clear_distance"": 50.0, ""near_clear_radius"": 20.0, ""negative_regions"": ""disk"", ""opportunistic"": false, ""opportunistic_candidates"": 3, ""opportunistic_distance"": 650.0, ""probe_offset"": 0.25, ""radio_limit"": 12, ""route"": ""joint"", ""route_estimate"": 0.5, ""route_mode"": ""backbone"", ""scan_current_first"": true, ""search_first"": false, ""share"": true, ""share_ratio"": 0.7, ""source_bias"": 0.0, ""station_inner"": 990.0, ""station_layout"": ""8_16"", ""station_spec"": [8, 12, 995, 1864, 0], ""stop_when_found16"": true, ""trial_radius"": 40.0}",ablation/q4_no_exact_insertion/q4/paper_q4_n16_s960059/metrics.json
ablation,q4_no_negative_update,q4,paper_q4_n10_s960000,921ea355b3d9146956f61f4ae430d6b93f1e70cdd84e26d3abe69cad19bef54c,960000,10,True,True,10,10,619.5291314994017,6195.291314994018,4328.291314994016,1525.0,289.0,53.0,305,289,11,6adba235a4d3c46e1b9c824d784c448fd3f05fe97a70d469e80ff61e9d690ed6,"{""angle_bin"": 4.0, ""conditional_range"": true, ""crossbar"": true, ""crossbar_after_dark"": false, ""crossbar_fraction"": 0.25, ""crossbar_offset"": 0.03, ""crossbar_reference"": ""latest"", ""cumulative_cap"": 2, ""cumulative_points"": 0.0, ""directional"": false, ""drop_sites"": false, ""exact_insert"": true, ""initial_reflection"": false, ""initial_rotation_span"": 1.5707963267948966, ""initial_rotation_steps"": 12, ""near_clear_distance"": 50.0, ""near_clear_radius"": 20.0, ""negative_regions"": false, ""opportunistic"": false, ""opportunistic_candidates"": 3, ""opportunistic_distance"": 650.0, ""probe_offset"": 0.25, ""radio_limit"": 12, ""route"": ""joint"", ""route_estimate"": 0.5, ""route_mode"": ""backbone"", ""scan_current_first"": true, ""search_first"": false, ""share"": true, ""share_ratio"": 0.7, ""source_bias"": 0.0, ""station_inner"": 990.0, ""station_layout"": ""8_16"", ""station_spec"": [8, 12, 995, 1864, 0], ""stop_when_found16"": true, ""trial_radius"": 40.0}",ablation/q4_no_negative_update/q4/paper_q4_n10_s960000/metrics.json
ablation,q4_no_negative_update,q4,paper_q4_n10_s960001,3c2d90f667bad6974cdf0e248fab341486a301486b771273f764547f2751f8cb,960001,10,True,True,10,10,611.3494901025755,6113.494901025755,4249.494901025756,1525.0,289.0,50.0,305,289,10,6adba235a4d3c46e1b9c824d784c448fd3f05fe97a70d469e80ff61e9d690ed6,"{""angle_bin"": 4.0, ""conditional_range"": true, ""crossbar"": true, ""crossbar_after_dark"": false, ""crossbar_fraction"": 0.25, ""crossbar_offset"": 0.03, ""crossbar_reference"": ""latest"", ""cumulative_cap"": 2, ""cumulative_points"": 0.0, ""directional"": false, ""drop_sites"": false, ""exact_insert"": true, ""initial_reflection"": false, ""initial_rotation_span"": 1.5707963267948966, ""initial_rotation_steps"": 12, ""near_clear_distance"": 50.0, ""near_clear_radius"": 20.0, ""negative_regions"": false, ""opportunistic"": false, ""opportunistic_candidates"": 3, ""opportunistic_distance"": 650.0, ""probe_offset"": 0.25, ""radio_limit"": 12, ""route"": ""joint"", ""route_estimate"": 0.5, ""route_mode"": ""backbone"", ""scan_current_first"": true, ""search_first"": false, ""share"": true, ""share_ratio"": 0.7, ""source_bias"": 0.0, ""station_inner"": 990.0, ""station_layout"": ""8_16"", ""station_spec"": [8, 12, 995, 1864, 0], ""stop_when_found16"": true, ""trial_radius"": 40.0}",ablation/q4_no_negative_update/q4/paper_q4_n10_s960001/metrics.json
ablation,q4_no_negative_update,q4,paper_q4_n10_s960002,4b89a8df99cafd241c47e55af9f95a54b1ee9ea5e16fe7130e2b7163c9f09d32,960002,10,True,True,10,10,563.7497472242784,5637.497472242784,3919.4974722427846,1400.0,262.0,56.0,280,262,12,6adba235a4d3c46e1b9c824d784c448fd3f05fe97a70d469e80ff61e9d690ed6,"{""angle_bin"": 4.0, ""conditional_range"": true, ""crossbar"": true, ""crossbar_after_dark"": false, ""crossbar_fraction"": 0.25, ""crossbar_offset"": 0.03, ""crossbar_reference"": ""latest"", ""cumulative_cap"": 2, ""cumulative_points"": 0.0, ""directional"": false, ""drop_sites"": false, ""exact_insert"": true, ""initial_reflection"": false, ""initial_rotation_span"": 1.5707963267948966, ""initial_rotation_steps"": 12, ""near_clear_distance"": 50.0, ""near_clear_radius"": 20.0, ""negative_regions"": false, ""opportunistic"": false, ""opportunistic_candidates"": 3, ""opportunistic_distance"": 650.0, ""probe_offset"": 0.25, ""radio_limit"": 12, ""route"": ""joint"", ""route_estimate"": 0.5, ""route_mode"": ""backbone"", ""scan_current_first"": true, ""search_first"": false, ""share"": true, ""share_ratio"": 0.7, ""source_bias"": 0.0, ""station_inner"": 990.0, ""station_layout"": ""8_16"", ""station_spec"": [8, 12, 995, 1864, 0], ""stop_when_found16"": true, ""trial_radius"": 40.0}",ablation/q4_no_negative_update/q4/paper_q4_n10_s960002/metrics.json
ablation,q4_no_negative_update,q4,paper_q4_n10_s960003,d5ee7b8cfe10c43ea185cc639804aae71d411b01ee1540fbc540be5e6fa22c0a,960003,10,True,True,10,10,556.5005085466586,5565.005085466586,3933.005085466586,1325.0,254.0,53.0,265,254,11,6adba235a4d3c46e1b9c824d784c448fd3f05fe97a70d469e80ff61e9d690ed6,"{""angle_bin"": 4.0, ""conditional_range"": true, ""crossbar"": true, ""crossbar_after_dark"": false, ""crossbar_fraction"": 0.25, ""crossbar_offset"": 0.03, ""crossbar_reference"": ""latest"", ""cumulative_cap"": 2, ""cumulative_points"": 0.0, ""directional"": false, ""drop_sites"": false, ""exact_insert"": true, ""initial_reflection"": false, ""initial_rotation_span"": 1.5707963267948966, ""initial_rotation_steps"": 12, ""near_clear_distance"": 50.0, ""near_clear_radius"": 20.0, ""negative_regions"": false, ""opportunistic"": false, ""opportunistic_candidates"": 3, ""opportunistic_distance"": 650.0, ""probe_offset"": 0.25, ""radio_limit"": 12, ""route"": ""joint"", ""route_estimate"": 0.5, ""route_mode"": ""backbone"", ""scan_current_first"": true, ""search_first"": false, ""share"": true, ""share_ratio"": 0.7, ""source_bias"": 0.0, ""station_inner"": 990.0, ""station_layout"": ""8_16"", ""station_spec"": [8, 12, 995, 1864, 0], ""stop_when_found16"": true, ""trial_radius"": 40.0}",ablation/q4_no_negative_update/q4/paper_q4_n10_s960003/metrics.json
ablation,q4_no_negative_update,q4,paper_q4_n10_s960004,1f988b31cf831af5aa25ce187ed6e54272d6b1871772eaa9bb115b1b6d726bd2,960004,10,True,True,10,10,575.8486781255233,5758.486781255233,4008.4867812552347,1425.0,266.0,59.0,285,266,13,6adba235a4d3c46e1b9c824d784c448fd3f05fe97a70d469e80ff61e9d690ed6,"{""angle_bin"": 4.0, ""conditional_range"": true, ""crossbar"": true, ""crossbar_after_dark"": false, ""crossbar_fraction"": 0.25, ""crossbar_offset"": 0.03, ""crossbar_reference"": ""latest"", ""cumulative_cap"": 2, ""cumulative_points"": 0.0, ""directional"": false, ""drop_sites"": false, ""exact_insert"": true, ""initial_reflection"": false, ""initial_rotation_span"": 1.5707963267948966, ""initial_rotation_steps"": 12, ""near_clear_distance"": 50.0, ""near_clear_radius"": 20.0, ""negative_regions"": false, ""opportunistic"": false, ""opportunistic_candidates"": 3, ""opportunistic_distance"": 650.0, ""probe_offset"": 0.25, ""radio_limit"": 12, ""route"": ""joint"", ""route_estimate"": 0.5, ""route_mode"": ""backbone"", ""scan_current_first"": true, ""search_first"": false, ""share"": true, ""share_ratio"": 0.7, ""source_bias"": 0.0, ""station_inner"": 990.0, ""station_layout"": ""8_16"", ""station_spec"": [8, 12, 995, 1864, 0], ""stop_when_found16"": true, ""trial_radius"": 40.0}",ablation/q4_no_negative_update/q4/paper_q4_n10_s960004/metrics.json
ablation,q4_no_negative_update,q4,paper_q4_n10_s960005,36aded449d8bbfeb55636622cc59a5b1dfcbc8fcf60b6079d88a2a6a4db548bd,960005,10,True,True,10,10,624.831033637751,6248.310336377511,4433.310336377512,1485.0,280.0,50.0,297,280,10,6adba235a4d3c46e1b9c824d784c448fd3f05fe97a70d469e80ff61e9d690ed6,"{""angle_bin"": 4.0, ""conditional_range"": true, ""crossbar"": true, ""crossbar_after_dark"": false, ""crossbar_fraction"": 0.25, ""crossbar_offset"": 0.03, ""crossbar_reference"": ""latest"", ""cumulative_cap"": 2, ""cumulative_points"": 0.0, ""directional"": false, ""drop_sites"": false, ""exact_insert"": true, ""initial_reflection"": false, ""initial_rotation_span"": 1.5707963267948966, ""initial_rotation_steps"": 12, ""near_clear_distance"": 50.0, ""near_clear_radius"": 20.0, ""negative_regions"": false, ""opportunistic"": false, ""opportunistic_candidates"": 3, ""opportunistic_distance"": 650.0, ""probe_offset"": 0.25, ""radio_limit"": 12, ""route"": ""joint"", ""route_estimate"": 0.5, ""route_mode"": ""backbone"", ""scan_current_first"": true, ""search_first"": false, ""share"": true, ""share_ratio"": 0.7, ""source_bias"": 0.0, ""station_inner"": 990.0, ""station_layout"": ""8_16"", ""station_spec"": [8, 12, 995, 1864, 0], ""stop_when_found16"": true, ""trial_radius"": 40.0}",ablation/q4_no_negative_update/q4/paper_q4_n10_s960005/metrics.json
ablation,q4_no_negative_update,q4,paper_q4_n10_s960006,c7754a55042641796f5da3b168928bb8ff738fbb0d2e2e310b4d1fb86d611e47,960006,10,True,True,10,10,566.9233381553933,5669.233381553932,3880.2333815539323,1455.0,281.0,53.0,291,281,11,6adba235a4d3c46e1b9c824d784c448fd3f05fe97a70d469e80ff61e9d690ed6,"{""angle_bin"": 4.0, ""conditional_range"": true, ""crossbar"": true, ""crossbar_after_dark"": false, ""crossbar_fraction"": 0.25, ""crossbar_offset"": 0.03, ""crossbar_reference"": ""latest"", ""cumulative_cap"": 2, ""cumulative_points"": 0.0, ""directional"": false, ""drop_sites"": false, ""exact_insert"": true, ""initial_reflection"": false, ""initial_rotation_span"": 1.5707963267948966, ""initial_rotation_steps"": 12, ""near_clear_distance"": 50.0, ""near_clear_radius"": 20.0, ""negative_regions"": false, ""opportunistic"": false, ""opportunistic_candidates"": 3, ""opportunistic_distance"": 650.0, ""probe_offset"": 0.25, ""radio_limit"": 12, ""route"": ""joint"", ""route_estimate"": 0.5, ""route_mode"": ""backbone"", ""scan_current_first"": true, ""search_first"": false, ""share"": true, ""share_ratio"": 0.7, ""source_bias"": 0.0, ""station_inner"": 990.0, ""station_layout"": ""8_16"", ""station_spec"": [8, 12, 995, 1864, 0], ""stop_when_found16"": true, ""trial_radius"": 40.0}",ablation/q4_no_negative_update/q4/paper_q4_n10_s960006/metrics.json
ablation,q4_no_negative_update,q4,paper_q4_n10_s960007,c5089d6ba525d50783481797dc61d8eadaf230536dbac78f493ed66526ca66f3,960007,10,True,True,10,10,642.5884767506761,6425.884767506762,4642.884767506761,1450.0,274.0,59.0,290,274,13,6adba235a4d3c46e1b9c824d784c448fd3f05fe97a70d469e80ff61e9d690ed6,"{""angle_bin"": 4.0, ""conditional_range"": true, ""crossbar"": true, ""crossbar_after_dark"": false, ""crossbar_fraction"": 0.25, ""crossbar_offset"": 0.03, ""crossbar_reference"": ""latest"", ""cumulative_cap"": 2, ""cumulative_points"": 0.0, ""directional"": false, ""drop_sites"": false, ""exact_insert"": true, ""initial_reflection"": false, ""initial_rotation_span"": 1.5707963267948966, ""initial_rotation_steps"": 12, ""near_clear_distance"": 50.0, ""near_clear_radius"": 20.0, ""negative_regions"": false, ""opportunistic"": false, ""opportunistic_candidates"": 3, ""opportunistic_distance"": 650.0, ""probe_offset"": 0.25, ""radio_limit"": 12, ""route"": ""joint"", ""route_estimate"": 0.5, ""route_mode"": ""backbone"", ""scan_current_first"": true, ""search_first"": false, ""share"": true, ""share_ratio"": 0.7, ""source_bias"": 0.0, ""station_inner"": 990.0, ""station_layout"": ""8_16"", ""station_spec"": [8, 12, 995, 1864, 0], ""stop_when_found16"": true, ""trial_radius"": 40.0}",ablation/q4_no_negative_update/q4/paper_q4_n10_s960007/metrics.json
ablation,q4_no_negative_update,q4,paper_q4_n10_s960008,a50200084bba6ca5d833b6999a3601288c4f3dd93878e69d939e923b69cc679b,960008,10,True,True,10,10,574.5684063838329,5745.684063838329,3952.684063838328,1460.0,283.0,50.0,292,283,10,6adba235a4d3c46e1b9c824d784c448fd3f05fe97a70d469e80ff61e9d690ed6,"{""angle_bin"": 4.0, ""conditional_range"": true, ""crossbar"": true, ""crossbar_after_dark"": false, ""crossbar_fraction"": 0.25, ""crossbar_offset"": 0.03, ""crossbar_reference"": ""latest"", ""cumulative_cap"": 2, ""cumulative_points"": 0.0, ""directional"": false, ""drop_sites"": false, ""exact_insert"": true, ""initial_reflection"": false, ""initial_rotation_span"": 1.5707963267948966, ""initial_rotation_steps"": 12, ""near_clear_distance"": 50.0, ""near_clear_radius"": 20.0, ""negative_regions"": false, ""opportunistic"": false, ""opportunistic_candidates"": 3, ""opportunistic_distance"": 650.0, ""probe_offset"": 0.25, ""radio_limit"": 12, ""route"": ""joint"", ""route_estimate"": 0.5, ""route_mode"": ""backbone"", ""scan_current_first"": true, ""search_first"": false, ""share"": true, ""share_ratio"": 0.7, ""source_bias"": 0.0, ""station_inner"": 990.0, ""station_layout"": ""8_16"", ""station_spec"": [8, 12, 995, 1864, 0], ""stop_when_found16"": true, ""trial_radius"": 40.0}",ablation/q4_no_negative_update/q4/paper_q4_n10_s960008/metrics.json
ablation,q4_no_negative_update,q4,paper_q4_n10_s960009,8e49a81d41852454f8fdbe13137b9782a07dbf23b608ccb0e8f1778d9e0256a4,960009,10,True,True,10,10,606.3969728713143,6063.969728713143,4223.969728713144,1500.0,287.0,53.0,300,287,11,6adba235a4d3c46e1b9c824d784c448fd3f05fe97a70d469e80ff61e9d690ed6,"{""angle_bin"": 4.0, ""conditional_range"": true, ""crossbar"": true, ""crossbar_after_dark"": false, ""crossbar_fraction"": 0.25, ""crossbar_offset"": 0.03, ""crossbar_reference"": ""latest"", ""cumulative_cap"": 2, ""cumulative_points"": 0.0, ""directional"": false, ""drop_sites"": false, ""exact_insert"": true, ""initial_reflection"": false, ""initial_rotation_span"": 1.5707963267948966, ""initial_rotation_steps"": 12, ""near_clear_distance"": 50.0, ""near_clear_radius"": 20.0, ""negative_regions"": false, ""opportunistic"": false, ""opportunistic_candidates"": 3, ""opportunistic_distance"": 650.0, ""probe_offset"": 0.25, ""radio_limit"": 12, ""route"": ""joint"", ""route_estimate"": 0.5, ""route_mode"": ""backbone"", ""scan_current_first"": true, ""search_first"": false, ""share"": true, ""share_ratio"": 0.7, ""source_bias"": 0.0, ""station_inner"": 990.0, ""station_layout"": ""8_16"", ""station_spec"": [8, 12, 995, 1864, 0], ""stop_when_found16"": true, ""trial_radius"": 40.0}",ablation/q4_no_negative_update/q4/paper_q4_n10_s960009/metrics.json
ablation,q4_no_negative_update,q4,paper_q4_n10_s960010,d1a4e53a0b827ae62d623b532b77ab5d10c17699e4e4d6eb7f02f22fd4ed50eb,960010,10,True,True,10,10,561.0610443444559,5610.61044344456,3915.610443444559,1370.0,263.0,62.0,274,263,14,6adba235a4d3c46e1b9c824d784c448fd3f05fe97a70d469e80ff61e9d690ed6,"{""angle_bin"": 4.0, ""conditional_range"": true, ""crossbar"": true, ""crossbar_after_dark"": false, ""crossbar_fraction"": 0.25, ""crossbar_offset"": 0.03, ""crossbar_reference"": ""latest"", ""cumulative_cap"": 2, ""cumulative_points"": 0.0, ""directional"": false, ""drop_sites"": false, ""exact_insert"": true, ""initial_reflection"": false, ""initial_rotation_span"": 1.5707963267948966, ""initial_rotation_steps"": 12, ""near_clear_distance"": 50.0, ""near_clear_radius"": 20.0, ""negative_regions"": false, ""opportunistic"": false, ""opportunistic_candidates"": 3, ""opportunistic_distance"": 650.0, ""probe_offset"": 0.25, ""radio_limit"": 12, ""route"": ""joint"", ""route_estimate"": 0.5, ""route_mode"": ""backbone"", ""scan_current_first"": true, ""search_first"": false, ""share"": true, ""share_ratio"": 0.7, ""source_bias"": 0.0, ""station_inner"": 990.0, ""station_layout"": ""8_16"", ""station_spec"": [8, 12, 995, 1864, 0], ""stop_when_found16"": true, ""trial_radius"": 40.0}",ablation/q4_no_negative_update/q4/paper_q4_n10_s960010/metrics.json
ablation,q4_no_negative_update,q4,paper_q4_n10_s960011,766d81fe94af0b07461fadce21001d3498e149dd464251863bbf8dd6544f916c,960011,10,True,True,10,10,567.7699205136619,5677.699205136619,3989.6992051366183,1375.0,260.0,53.0,275,260,11,6adba235a4d3c46e1b9c824d784c448fd3f05fe97a70d469e80ff61e9d690ed6,"{""angle_bin"": 4.0, ""conditional_range"": true, ""crossbar"": true, ""crossbar_after_dark"": false, ""crossbar_fraction"": 0.25, ""crossbar_offset"": 0.03, ""crossbar_reference"": ""latest"", ""cumulative_cap"": 2, ""cumulative_points"": 0.0, ""directional"": false, ""drop_sites"": false, ""exact_insert"": true, ""initial_reflection"": false, ""initial_rotation_span"": 1.5707963267948966, ""initial_rotation_steps"": 12, ""near_clear_distance"": 50.0, ""near_clear_radius"": 20.0, ""negative_regions"": false, ""opportunistic"": false, ""opportunistic_candidates"": 3, ""opportunistic_distance"": 650.0, ""probe_offset"": 0.25, ""radio_limit"": 12, ""route"": ""joint"", ""route_estimate"": 0.5, ""route_mode"": ""backbone"", ""scan_current_first"": true, ""search_first"": false, ""share"": true, ""share_ratio"": 0.7, ""source_bias"": 0.0, ""station_inner"": 990.0, ""station_layout"": ""8_16"", ""station_spec"": [8, 12, 995, 1864, 0], ""stop_when_found16"": true, ""trial_radius"": 40.0}",ablation/q4_no_negative_update/q4/paper_q4_n10_s960011/metrics.json
ablation,q4_no_negative_update,q4,paper_q4_n10_s960012,703efdc7a86ef0638cbaa1e4565737490a0ad5e887ed7224cd42d4e47bae2adf,960012,10,True,True,10,10,586.613784441022,5866.137844410219,4094.137844410221,1445.0,274.0,53.0,289,274,11,6adba235a4d3c46e1b9c824d784c448fd3f05fe97a70d469e80ff61e9d690ed6,"{""angle_bin"": 4.0, ""conditional_range"": true, ""crossbar"": true, ""crossbar_after_dark"": false, ""crossbar_fraction"": 0.25, ""crossbar_offset"": 0.03, ""crossbar_reference"": ""latest"", ""cumulative_cap"": 2, ""cumulative_points"": 0.0, ""directional"": false, ""drop_sites"": false, ""exact_insert"": true, ""initial_reflection"": false, ""initial_rotation_span"": 1.5707963267948966, ""initial_rotation_steps"": 12, ""near_clear_distance"": 50.0, ""near_clear_radius"": 20.0, ""negative_regions"": false, ""opportunistic"": false, ""opportunistic_candidates"": 3, ""opportunistic_distance"": 650.0, ""probe_offset"": 0.25, ""radio_limit"": 12, ""route"": ""joint"", ""route_estimate"": 0.5, ""route_mode"": ""backbone"", ""scan_current_first"": true, ""search_first"": false, ""share"": true, ""share_ratio"": 0.7, ""source_bias"": 0.0, ""station_inner"": 990.0, ""station_layout"": ""8_16"", ""station_spec"": [8, 12, 995, 1864, 0], ""stop_when_found16"": true, ""trial_radius"": 40.0}",ablation/q4_no_negative_update/q4/paper_q4_n10_s960012/metrics.json
ablation,q4_no_negative_update,q4,paper_q4_n10_s960013,2d87203b18352d2c739222e5b16af035235cf6914cf5b34691e429c40916c91b,960013,10,True,True,10,10,640.0998676292089,6400.998676292089,4445.998676292087,1600.0,302.0,53.0,320,302,11,6adba235a4d3c46e1b9c824d784c448fd3f05fe97a70d469e80ff61e9d690ed6,"{""angle_bin"": 4.0, ""conditional_range"": true, ""crossbar"": true, ""crossbar_after_dark"": false, ""crossbar_fraction"": 0.25, ""crossbar_offset"": 0.03, ""crossbar_reference"": ""latest"", ""cumulative_cap"": 2, ""cumulative_points"": 0.0, ""directional"": false, ""drop_sites"": false, ""exact_insert"": true, ""initial_reflection"": false, ""initial_rotation_span"": 1.5707963267948966, ""initial_rotation_steps"": 12, ""near_clear_distance"": 50.0, ""near_clear_radius"": 20.0, ""negative_regions"": false, ""opportunistic"": false, ""opportunistic_candidates"": 3, ""opportunistic_distance"": 650.0, ""probe_offset"": 0.25, ""radio_limit"": 12, ""route"": ""joint"", ""route_estimate"": 0.5, ""route_mode"": ""backbone"", ""scan_current_first"": true, ""search_first"": false, ""share"": true, ""share_ratio"": 0.7, ""source_bias"": 0.0, ""station_inner"": 990.0, ""station_layout"": ""8_16"", ""station_spec"": [8, 12, 995, 1864, 0], ""stop_when_found16"": true, ""trial_radius"": 40.0}",ablation/q4_no_negative_update/q4/paper_q4_n10_s960013/metrics.json
ablation,q4_no_negative_update,q4,paper_q4_n10_s960014,62fc1daef45c37c33faaab81b3ca9012ca0f078e7fb0911ed4ec97efddb421f1,960014,10,True,True,10,10,583.816829927191,5838.16829927191,4176.16829927191,1355.0,257.0,50.0,271,257,10,6adba235a4d3c46e1b9c824d784c448fd3f05fe97a70d469e80ff61e9d690ed6,"{""angle_bin"": 4.0, ""conditional_range"": true, ""crossbar"": true, ""crossbar_after_dark"": false, ""crossbar_fraction"": 0.25, ""crossbar_offset"": 0.03, ""crossbar_reference"": ""latest"", ""cumulative_cap"": 2, ""cumulative_points"": 0.0, ""directional"": false, ""drop_sites"": false, ""exact_insert"": true, ""initial_reflection"": false, ""initial_rotation_span"": 1.5707963267948966, ""initial_rotation_steps"": 12, ""near_clear_distance"": 50.0, ""near_clear_radius"": 20.0, ""negative_regions"": false, ""opportunistic"": false, ""opportunistic_candidates"": 3, ""opportunistic_distance"": 650.0, ""probe_offset"": 0.25, ""radio_limit"": 12, ""route"": ""joint"", ""route_estimate"": 0.5, ""route_mode"": ""backbone"", ""scan_current_first"": true, ""search_first"": false, ""share"": true, ""share_ratio"": 0.7, ""source_bias"": 0.0, ""station_inner"": 990.0, ""station_layout"": ""8_16"", ""station_spec"": [8, 12, 995, 1864, 0], ""stop_when_found16"": true, ""trial_radius"": 40.0}",ablation/q4_no_negative_update/q4/paper_q4_n10_s960014/metrics.json
ablation,q4_no_negative_update,q4,paper_q4_n10_s960015,786e0a5748501bd13da2fb5fcf82c3ac6a7ff71e1830c44e7fc76fe4ae746aa5,960015,10,True,True,10,10,584.0070063283722,5840.070063283722,4051.0700632837247,1455.0,269.0,65.0,291,269,15,6adba235a4d3c46e1b9c824d784c448fd3f05fe97a70d469e80ff61e9d690ed6,"{""angle_bin"": 4.0, ""conditional_range"": true, ""crossbar"": true, ""crossbar_after_dark"": false, ""crossbar_fraction"": 0.25, ""crossbar_offset"": 0.03, ""crossbar_reference"": ""latest"", ""cumulative_cap"": 2, ""cumulative_points"": 0.0, ""directional"": false, ""drop_sites"": false, ""exact_insert"": true, ""initial_reflection"": false, ""initial_rotation_span"": 1.5707963267948966, ""initial_rotation_steps"": 12, ""near_clear_distance"": 50.0, ""near_clear_radius"": 20.0, ""negative_regions"": false, ""opportunistic"": false, ""opportunistic_candidates"": 3, ""opportunistic_distance"": 650.0, ""probe_offset"": 0.25, ""radio_limit"": 12, ""route"": ""joint"", ""route_estimate"": 0.5, ""route_mode"": ""backbone"", ""scan_current_first"": true, ""search_first"": false, ""share"": true, ""share_ratio"": 0.7, ""source_bias"": 0.0, ""station_inner"": 990.0, ""station_layout"": ""8_16"", ""station_spec"": [8, 12, 995, 1864, 0], ""stop_when_found16"": true, ""trial_radius"": 40.0}",ablation/q4_no_negative_update/q4/paper_q4_n10_s960015/metrics.json
ablation,q4_no_negative_update,q4,paper_q4_n10_s960016,289739bdb664f6ba8e2416d3709159e3e5bfb90814c6d43081ebae655f341b30,960016,10,True,True,10,10,586.0097432508691,5860.097432508691,4146.09743250869,1395.0,269.0,50.0,279,269,10,6adba235a4d3c46e1b9c824d784c448fd3f05fe97a70d469e80ff61e9d690ed6,"{""angle_bin"": 4.0, ""conditional_range"": true, ""crossbar"": true, ""crossbar_after_dark"": false, ""crossbar_fraction"": 0.25, ""crossbar_offset"": 0.03, ""crossbar_reference"": ""latest"", ""cumulative_cap"": 2, ""cumulative_points"": 0.0, ""directional"": false, ""drop_sites"": false, ""exact_insert"": true, ""initial_reflection"": false, ""initial_rotation_span"": 1.5707963267948966, ""initial_rotation_steps"": 12, ""near_clear_distance"": 50.0, ""near_clear_radius"": 20.0, ""negative_regions"": false, ""opportunistic"": false, ""opportunistic_candidates"": 3, ""opportunistic_distance"": 650.0, ""probe_offset"": 0.25, ""radio_limit"": 12, ""route"": ""joint"", ""route_estimate"": 0.5, ""route_mode"": ""backbone"", ""scan_current_first"": true, ""search_first"": false, ""share"": true, ""share_ratio"": 0.7, ""source_bias"": 0.0, ""station_inner"": 990.0, ""station_layout"": ""8_16"", ""station_spec"": [8, 12, 995, 1864, 0], ""stop_when_found16"": true, ""trial_radius"": 40.0}",ablation/q4_no_negative_update/q4/paper_q4_n10_s960016/metrics.json
ablation,q4_no_negative_update,q4,paper_q4_n10_s960017,8eec67759a34add255ee4e92aef60de171d284d6d00cd8815965b7338fb036e4,960017,10,True,True,10,10,552.4628754785329,5524.628754785328,3910.6287547853276,1315.0,249.0,50.0,263,249,10,6adba235a4d3c46e1b9c824d784c448fd3f05fe97a70d469e80ff61e9d690ed6,"{""angle_bin"": 4.0, ""conditional_range"": true, ""crossbar"": true, ""crossbar_after_dark"": false, ""crossbar_fraction"": 0.25, ""crossbar_offset"": 0.03, ""crossbar_reference"": ""latest"", ""cumulative_cap"": 2, ""cumulative_points"": 0.0, ""directional"": false, ""drop_sites"": false, ""exact_insert"": true, ""initial_reflection"": false, ""initial_rotation_span"": 1.5707963267948966, ""initial_rotation_steps"": 12, ""near_clear_distance"": 50.0, ""near_clear_radius"": 20.0, ""negative_regions"": false, ""opportunistic"": false, ""opportunistic_candidates"": 3, ""opportunistic_distance"": 650.0, ""probe_offset"": 0.25, ""radio_limit"": 12, ""route"": ""joint"", ""route_estimate"": 0.5, ""route_mode"": ""backbone"", ""scan_current_first"": true, ""search_first"": false, ""share"": true, ""share_ratio"": 0.7, ""source_bias"": 0.0, ""station_inner"": 990.0, ""station_layout"": ""8_16"", ""station_spec"": [8, 12, 995, 1864, 0], ""stop_when_found16"": true, ""trial_radius"": 40.0}",ablation/q4_no_negative_update/q4/paper_q4_n10_s960017/metrics.json
ablation,q4_no_negative_update,q4,paper_q4_n10_s960018,1147536cb66cc757feeea7b44096f960a97bf1f5905e68d35788554b1c6d15a0,960018,10,True,True,10,10,605.9265091674672,6059.2650916746725,4271.2650916746725,1465.0,273.0,50.0,293,273,10,6adba235a4d3c46e1b9c824d784c448fd3f05fe97a70d469e80ff61e9d690ed6,"{""angle_bin"": 4.0, ""conditional_range"": true, ""crossbar"": true, ""crossbar_after_dark"": false, ""crossbar_fraction"": 0.25, ""crossbar_offset"": 0.03, ""crossbar_reference"": ""latest"", ""cumulative_cap"": 2, ""cumulative_points"": 0.0, ""directional"": false, ""drop_sites"": false, ""exact_insert"": true, ""initial_reflection"": false, ""initial_rotation_span"": 1.5707963267948966, ""initial_rotation_steps"": 12, ""near_clear_distance"": 50.0, ""near_clear_radius"": 20.0, ""negative_regions"": false, ""opportunistic"": false, ""opportunistic_candidates"": 3, ""opportunistic_distance"": 650.0, ""probe_offset"": 0.25, ""radio_limit"": 12, ""route"": ""joint"", ""route_estimate"": 0.5, ""route_mode"": ""backbone"", ""scan_current_first"": true, ""search_first"": false, ""share"": true, ""share_ratio"": 0.7, ""source_bias"": 0.0, ""station_inner"": 990.0, ""station_layout"": ""8_16"", ""station_spec"": [8, 12, 995, 1864, 0], ""stop_when_found16"": true, ""trial_radius"": 40.0}",ablation/q4_no_negative_update/q4/paper_q4_n10_s960018/metrics.json
ablation,q4_no_negative_update,q4,paper_q4_n10_s960019,cf55d3f4e09f53fbb973530d6dd48121c475c525c9101a3c94703aad60256cf0,960019,10,True,True,10,10,613.0309266061695,6130.309266061695,4319.309266061695,1480.0,278.0,53.0,296,278,11,6adba235a4d3c46e1b9c824d784c448fd3f05fe97a70d469e80ff61e9d690ed6,"{""angle_bin"": 4.0, ""conditional_range"": true, ""crossbar"": true, ""crossbar_after_dark"": false, ""crossbar_fraction"": 0.25, ""crossbar_offset"": 0.03, ""crossbar_reference"": ""latest"", ""cumulative_cap"": 2, ""cumulative_points"": 0.0, ""directional"": false, ""drop_sites"": false, ""exact_insert"": true, ""initial_reflection"": false, ""initial_rotation_span"": 1.5707963267948966, ""initial_rotation_steps"": 12, ""near_clear_distance"": 50.0, ""near_clear_radius"": 20.0, ""negative_regions"": false, ""opportunistic"": false, ""opportunistic_candidates"": 3, ""opportunistic_distance"": 650.0, ""probe_offset"": 0.25, ""radio_limit"": 12, ""route"": ""joint"", ""route_estimate"": 0.5, ""route_mode"": ""backbone"", ""scan_current_first"": true, ""search_first"": false, ""share"": true, ""share_ratio"": 0.7, ""source_bias"": 0.0, ""station_inner"": 990.0, ""station_layout"": ""8_16"", ""station_spec"": [8, 12, 995, 1864, 0], ""stop_when_found16"": true, ""trial_radius"": 40.0}",ablation/q4_no_negative_update/q4/paper_q4_n10_s960019/metrics.json
ablation,q4_no_negative_update,q4,paper_q4_n16_s960040,b1005a485d954543d249bd4846074706e789f2ced4376ceda599b6fd9450b9c6,960040,16,True,True,16,16,346.29606617517953,5540.7370588028725,4303.7370588028725,985.0,172.0,80.0,197,172,16,6adba235a4d3c46e1b9c824d784c448fd3f05fe97a70d469e80ff61e9d690ed6,"{""angle_bin"": 4.0, ""conditional_range"": true, ""crossbar"": true, ""crossbar_after_dark"": false, ""crossbar_fraction"": 0.25, ""crossbar_offset"": 0.03, ""crossbar_reference"": ""latest"", ""cumulative_cap"": 2, ""cumulative_points"": 0.0, ""directional"": false, ""drop_sites"": false, ""exact_insert"": true, ""initial_reflection"": false, ""initial_rotation_span"": 1.5707963267948966, ""initial_rotation_steps"": 12, ""near_clear_distance"": 50.0, ""near_clear_radius"": 20.0, ""negative_regions"": false, ""opportunistic"": false, ""opportunistic_candidates"": 3, ""opportunistic_distance"": 650.0, ""probe_offset"": 0.25, ""radio_limit"": 12, ""route"": ""joint"", ""route_estimate"": 0.5, ""route_mode"": ""backbone"", ""scan_current_first"": true, ""search_first"": false, ""share"": true, ""share_ratio"": 0.7, ""source_bias"": 0.0, ""station_inner"": 990.0, ""station_layout"": ""8_16"", ""station_spec"": [8, 12, 995, 1864, 0], ""stop_when_found16"": true, ""trial_radius"": 40.0}",ablation/q4_no_negative_update/q4/paper_q4_n16_s960040/metrics.json
ablation,q4_no_negative_update,q4,paper_q4_n16_s960041,d0d4eda9ee7def4375ec93a8a793883f1892eed07ac67321b1595776be4fb9b0,960041,16,True,True,16,16,360.8369399514975,5773.39103922396,4244.39103922396,1215.0,225.0,89.0,243,225,19,6adba235a4d3c46e1b9c824d784c448fd3f05fe97a70d469e80ff61e9d690ed6,"{""angle_bin"": 4.0, ""conditional_range"": true, ""crossbar"": true, ""crossbar_after_dark"": false, ""crossbar_fraction"": 0.25, ""crossbar_offset"": 0.03, ""crossbar_reference"": ""latest"", ""cumulative_cap"": 2, ""cumulative_points"": 0.0, ""directional"": false, ""drop_sites"": false, ""exact_insert"": true, ""initial_reflection"": false, ""initial_rotation_span"": 1.5707963267948966, ""initial_rotation_steps"": 12, ""near_clear_distance"": 50.0, ""near_clear_radius"": 20.0, ""negative_regions"": false, ""opportunistic"": false, ""opportunistic_candidates"": 3, ""opportunistic_distance"": 650.0, ""probe_offset"": 0.25, ""radio_limit"": 12, ""route"": ""joint"", ""route_estimate"": 0.5, ""route_mode"": ""backbone"", ""scan_current_first"": true, ""search_first"": false, ""share"": true, ""share_ratio"": 0.7, ""source_bias"": 0.0, ""station_inner"": 990.0, ""station_layout"": ""8_16"", ""station_spec"": [8, 12, 995, 1864, 0], ""stop_when_found16"": true, ""trial_radius"": 40.0}",ablation/q4_no_negative_update/q4/paper_q4_n16_s960041/metrics.json
ablation,q4_no_negative_update,q4,paper_q4_n16_s960042,429d445dee31fd1076a19249d749c7bd99c77ba7636d01b14771e68c4c2d0c94,960042,16,True,True,16,16,317.7587859228601,5084.140574765762,3881.140574765759,945.0,172.0,86.0,189,172,18,6adba235a4d3c46e1b9c824d784c448fd3f05fe97a70d469e80ff61e9d690ed6,"{""angle_bin"": 4.0, ""conditional_range"": true, ""crossbar"": true, ""crossbar_after_dark"": false, ""crossbar_fraction"": 0.25, ""crossbar_offset"": 0.03, ""crossbar_reference"": ""latest"", ""cumulative_cap"": 2, ""cumulative_points"": 0.0, ""directional"": false, ""drop_sites"": false, ""exact_insert"": true, ""initial_reflection"": false, ""initial_rotation_span"": 1.5707963267948966, ""initial_rotation_steps"": 12, ""near_clear_distance"": 50.0, ""near_clear_radius"": 20.0, ""negative_regions"": false, ""opportunistic"": false, ""opportunistic_candidates"": 3, ""opportunistic_distance"": 650.0, ""probe_offset"": 0.25, ""radio_limit"": 12, ""route"": ""joint"", ""route_estimate"": 0.5, ""route_mode"": ""backbone"", ""scan_current_first"": true, ""search_first"": false, ""share"": true, ""share_ratio"": 0.7, ""source_bias"": 0.0, ""station_inner"": 990.0, ""station_layout"": ""8_16"", ""station_spec"": [8, 12, 995, 1864, 0], ""stop_when_found16"": true, ""trial_radius"": 40.0}",ablation/q4_no_negative_update/q4/paper_q4_n16_s960042/metrics.json
ablation,q4_no_negative_update,q4,paper_q4_n16_s960043,890edfc43be11ed9cb6673a095c3f9d1f9bd00eee552bcf025424d833eb387b8,960043,16,True,True,16,16,326.1923804943335,5219.078087909336,4034.078087909337,930.0,166.0,89.0,186,166,19,6adba235a4d3c46e1b9c824d784c448fd3f05fe97a70d469e80ff61e9d690ed6,"{""angle_bin"": 4.0, ""conditional_range"": true, ""crossbar"": true, ""crossbar_after_dark"": false, ""crossbar_fraction"": 0.25, ""crossbar_offset"": 0.03, ""crossbar_reference"": ""latest"", ""cumulative_cap"": 2, ""cumulative_points"": 0.0, ""directional"": false, ""drop_sites"": false, ""exact_insert"": true, ""initial_reflection"": false, ""initial_rotation_span"": 1.5707963267948966, ""initial_rotation_steps"": 12, ""near_clear_distance"": 50.0, ""near_clear_radius"": 20.0, ""negative_regions"": false, ""opportunistic"": false, ""opportunistic_candidates"": 3, ""opportunistic_distance"": 650.0, ""probe_offset"": 0.25, ""radio_limit"": 12, ""route"": ""joint"", ""route_estimate"": 0.5, ""route_mode"": ""backbone"", ""scan_current_first"": true, ""search_first"": false, ""share"": true, ""share_ratio"": 0.7, ""source_bias"": 0.0, ""station_inner"": 990.0, ""station_layout"": ""8_16"", ""station_spec"": [8, 12, 995, 1864, 0], ""stop_when_found16"": true, ""trial_radius"": 40.0}",ablation/q4_no_negative_update/q4/paper_q4_n16_s960043/metrics.json
ablation,q4_no_negative_update,q4,paper_q4_n16_s960044,3e93ad6707a0652a9c98c415187fd78b4c12165d349d1420dd80a0573d745e09,960044,16,True,True,16,16,342.75252479949086,5484.040396791854,4155.040396791854,1060.0,189.0,80.0,212,189,16,6adba235a4d3c46e1b9c824d784c448fd3f05fe97a70d469e80ff61e9d690ed6,"{""angle_bin"": 4.0, ""conditional_range"": true, ""crossbar"": true, ""crossbar_after_dark"": false, ""crossbar_fraction"": 0.25, ""crossbar_offset"": 0.03, ""crossbar_reference"": ""latest"", ""cumulative_cap"": 2, ""cumulative_points"": 0.0, ""directional"": false, ""drop_sites"": false, ""exact_insert"": true, ""initial_reflection"": false, ""initial_rotation_span"": 1.5707963267948966, ""initial_rotation_steps"": 12, ""near_clear_distance"": 50.0, ""near_clear_radius"": 20.0, ""negative_regions"": false, ""opportunistic"": false, ""opportunistic_candidates"": 3, ""opportunistic_distance"": 650.0, ""probe_offset"": 0.25, ""radio_limit"": 12, ""route"": ""joint"", ""route_estimate"": 0.5, ""route_mode"": ""backbone"", ""scan_current_first"": true, ""search_first"": false, ""share"": true, ""share_ratio"": 0.7, ""source_bias"": 0.0, ""station_inner"": 990.0, ""station_layout"": ""8_16"", ""station_spec"": [8, 12, 995, 1864, 0], ""stop_when_found16"": true, ""trial_radius"": 40.0}",ablation/q4_no_negative_update/q4/paper_q4_n16_s960044/metrics.json
ablation,q4_no_negative_update,q4,paper_q4_n16_s960045,3cad5d7f229b2c51c945985233487543874251e74c0e6b296e648079d13bb7f9,960045,16,True,True,16,16,304.79384972993665,4876.701595678986,3753.701595678988,880.0,163.0,80.0,176,163,16,6adba235a4d3c46e1b9c824d784c448fd3f05fe97a70d469e80ff61e9d690ed6,"{""angle_bin"": 4.0, ""conditional_range"": true, ""crossbar"": true, ""crossbar_after_dark"": false, ""crossbar_fraction"": 0.25, ""crossbar_offset"": 0.03, ""crossbar_reference"": ""latest"", ""cumulative_cap"": 2, ""cumulative_points"": 0.0, ""directional"": false, ""drop_sites"": false, ""exact_insert"": true, ""initial_reflection"": false, ""initial_rotation_span"": 1.5707963267948966, ""initial_rotation_steps"": 12, ""near_clear_distance"": 50.0, ""near_clear_radius"": 20.0, ""negative_regions"": false, ""opportunistic"": false, ""opportunistic_candidates"": 3, ""opportunistic_distance"": 650.0, ""probe_offset"": 0.25, ""radio_limit"": 12, ""route"": ""joint"", ""route_estimate"": 0.5, ""route_mode"": ""backbone"", ""scan_current_first"": true, ""search_first"": false, ""share"": true, ""share_ratio"": 0.7, ""source_bias"": 0.0, ""station_inner"": 990.0, ""station_layout"": ""8_16"", ""station_spec"": [8, 12, 995, 1864, 0], ""stop_when_found16"": true, ""trial_radius"": 40.0}",ablation/q4_no_negative_update/q4/paper_q4_n16_s960045/metrics.json
ablation,q4_no_negative_update,q4,paper_q4_n16_s960046,7040da829ed4799b41c8235979675a92458a40cf4d2a21d36f2bd093a8fce226,960046,16,True,True,16,16,349.61229332411483,5593.796693185837,4248.796693185838,1065.0,194.0,86.0,213,194,18,6adba235a4d3c46e1b9c824d784c448fd3f05fe97a70d469e80ff61e9d690ed6,"{""angle_bin"": 4.0, ""conditional_range"": true, ""crossbar"": true, ""crossbar_after_dark"": false, ""crossbar_fraction"": 0.25, ""crossbar_offset"": 0.03, ""crossbar_reference"": ""latest"", ""cumulative_cap"": 2, ""cumulative_points"": 0.0, ""directional"": false, ""drop_sites"": false, ""exact_insert"": true, ""initial_reflection"": false, ""initial_rotation_span"": 1.5707963267948966, ""initial_rotation_steps"": 12, ""near_clear_distance"": 50.0, ""near_clear_radius"": 20.0, ""negative_regions"": false, ""opportunistic"": false, ""opportunistic_candidates"": 3, ""opportunistic_distance"": 650.0, ""probe_offset"": 0.25, ""radio_limit"": 12, ""route"": ""joint"", ""route_estimate"": 0.5, ""route_mode"": ""backbone"", ""scan_current_first"": true, ""search_first"": false, ""share"": true, ""share_ratio"": 0.7, ""source_bias"": 0.0, ""station_inner"": 990.0, ""station_layout"": ""8_16"", ""station_spec"": [8, 12, 995, 1864, 0], ""stop_when_found16"": true, ""trial_radius"": 40.0}",ablation/q4_no_negative_update/q4/paper_q4_n16_s960046/metrics.json
ablation,q4_no_negative_update,q4,paper_q4_n16_s960047,f8ec8de50f5e67238ff9f26f1b06b20e5cee54a52c2ecf8e944bf4566f28650b,960047,16,True,True,16,16,267.04926405140276,4272.788224822444,3374.788224822444,685.0,124.0,89.0,137,124,19,6adba235a4d3c46e1b9c824d784c448fd3f05fe97a70d469e80ff61e9d690ed6,"{""angle_bin"": 4.0, ""conditional_range"": true, ""crossbar"": true, ""crossbar_after_dark"": false, ""crossbar_fraction"": 0.25, ""crossbar_offset"": 0.03, ""crossbar_reference"": ""latest"", ""cumulative_cap"": 2, ""cumulative_points"": 0.0, ""directional"": false, ""drop_sites"": false, ""exact_insert"": true, ""initial_reflection"": false, ""initial_rotation_span"": 1.5707963267948966, ""initial_rotation_steps"": 12, ""near_clear_distance"": 50.0, ""near_clear_radius"": 20.0, ""negative_regions"": false, ""opportunistic"": false, ""opportunistic_candidates"": 3, ""opportunistic_distance"": 650.0, ""probe_offset"": 0.25, ""radio_limit"": 12, ""route"": ""joint"", ""route_estimate"": 0.5, ""route_mode"": ""backbone"", ""scan_current_first"": true, ""search_first"": false, ""share"": true, ""share_ratio"": 0.7, ""source_bias"": 0.0, ""station_inner"": 990.0, ""station_layout"": ""8_16"", ""station_spec"": [8, 12, 995, 1864, 0], ""stop_when_found16"": true, ""trial_radius"": 40.0}",ablation/q4_no_negative_update/q4/paper_q4_n16_s960047/metrics.json
ablation,q4_no_negative_update,q4,paper_q4_n16_s960048,24b3a08e1ec1170c0cddce56334844156aa2af548365a9cf4896d69405a3be74,960048,16,True,True,16,16,339.72981316051494,5435.677010568239,4290.677010568243,905.0,157.0,83.0,181,157,17,6adba235a4d3c46e1b9c824d784c448fd3f05fe97a70d469e80ff61e9d690ed6,"{""angle_bin"": 4.0, ""conditional_range"": true, ""crossbar"": true, ""crossbar_after_dark"": false, ""crossbar_fraction"": 0.25, ""crossbar_offset"": 0.03, ""crossbar_reference"": ""latest"", ""cumulative_cap"": 2, ""cumulative_points"": 0.0, ""directional"": false, ""drop_sites"": false, ""exact_insert"": true, ""initial_reflection"": false, ""initial_rotation_span"": 1.5707963267948966, ""initial_rotation_steps"": 12, ""near_clear_distance"": 50.0, ""near_clear_radius"": 20.0, ""negative_regions"": false, ""opportunistic"": false, ""opportunistic_candidates"": 3, ""opportunistic_distance"": 650.0, ""probe_offset"": 0.25, ""radio_limit"": 12, ""route"": ""joint"", ""route_estimate"": 0.5, ""route_mode"": ""backbone"", ""scan_current_first"": true, ""search_first"": false, ""share"": true, ""share_ratio"": 0.7, ""source_bias"": 0.0, ""station_inner"": 990.0, ""station_layout"": ""8_16"", ""station_spec"": [8, 12, 995, 1864, 0], ""stop_when_found16"": true, ""trial_radius"": 40.0}",ablation/q4_no_negative_update/q4/paper_q4_n16_s960048/metrics.json
ablation,q4_no_negative_update,q4,paper_q4_n16_s960049,9c98e77ebf3bc49595e283c552192c4decebf03b6eada728c4e756a916cf4043,960049,16,True,True,16,16,327.9040036847942,5246.464058956707,4004.4640589567093,985.0,174.0,83.0,197,174,17,6adba235a4d3c46e1b9c824d784c448fd3f05fe97a70d469e80ff61e9d690ed6,"{""angle_bin"": 4.0, ""conditional_range"": true, ""crossbar"": true, ""crossbar_after_dark"": false, ""crossbar_fraction"": 0.25, ""crossbar_offset"": 0.03, ""crossbar_reference"": ""latest"", ""cumulative_cap"": 2, ""cumulative_points"": 0.0, ""directional"": false, ""drop_sites"": false, ""exact_insert"": true, ""initial_reflection"": false, ""initial_rotation_span"": 1.5707963267948966, ""initial_rotation_steps"": 12, ""near_clear_distance"": 50.0, ""near_clear_radius"": 20.0, ""negative_regions"": false, ""opportunistic"": false, ""opportunistic_candidates"": 3, ""opportunistic_distance"": 650.0, ""probe_offset"": 0.25, ""radio_limit"": 12, ""route"": ""joint"", ""route_estimate"": 0.5, ""route_mode"": ""backbone"", ""scan_current_first"": true, ""search_first"": false, ""share"": true, ""share_ratio"": 0.7, ""source_bias"": 0.0, ""station_inner"": 990.0, ""station_layout"": ""8_16"", ""station_spec"": [8, 12, 995, 1864, 0], ""stop_when_found16"": true, ""trial_radius"": 40.0}",ablation/q4_no_negative_update/q4/paper_q4_n16_s960049/metrics.json
ablation,q4_no_negative_update,q4,paper_q4_n16_s960050,4c29da39e95a72a666d839bdfc3e2f12f3fe62af915ad74e5f93a916493ee72d,960050,16,True,True,16,16,262.15718902498,4194.51502439968,3229.515024399681,740.0,133.0,92.0,148,133,20,6adba235a4d3c46e1b9c824d784c448fd3f05fe97a70d469e80ff61e9d690ed6,"{""angle_bin"": 4.0, ""conditional_range"": true, ""crossbar"": true, ""crossbar_after_dark"": false, ""crossbar_fraction"": 0.25, ""crossbar_offset"": 0.03, ""crossbar_reference"": ""latest"", ""cumulative_cap"": 2, ""cumulative_points"": 0.0, ""directional"": false, ""drop_sites"": false, ""exact_insert"": true, ""initial_reflection"": false, ""initial_rotation_span"": 1.5707963267948966, ""initial_rotation_steps"": 12, ""near_clear_distance"": 50.0, ""near_clear_radius"": 20.0, ""negative_regions"": false, ""opportunistic"": false, ""opportunistic_candidates"": 3, ""opportunistic_distance"": 650.0, ""probe_offset"": 0.25, ""radio_limit"": 12, ""route"": ""joint"", ""route_estimate"": 0.5, ""route_mode"": ""backbone"", ""scan_current_first"": true, ""search_first"": false, ""share"": true, ""share_ratio"": 0.7, ""source_bias"": 0.0, ""station_inner"": 990.0, ""station_layout"": ""8_16"", ""station_spec"": [8, 12, 995, 1864, 0], ""stop_when_found16"": true, ""trial_radius"": 40.0}",ablation/q4_no_negative_update/q4/paper_q4_n16_s960050/metrics.json
ablation,q4_no_negative_update,q4,paper_q4_n16_s960051,3a7ba2677cfe71015289966abc8bab618fbdab5aac52bf87159b29697354bffb,960051,16,True,True,16,16,245.28552718940392,3924.5684350304628,3169.5684350304628,565.0,107.0,83.0,113,107,17,6adba235a4d3c46e1b9c824d784c448fd3f05fe97a70d469e80ff61e9d690ed6,"{""angle_bin"": 4.0, ""conditional_range"": true, ""crossbar"": true, ""crossbar_after_dark"": false, ""crossbar_fraction"": 0.25, ""crossbar_offset"": 0.03, ""crossbar_reference"": ""latest"", ""cumulative_cap"": 2, ""cumulative_points"": 0.0, ""directional"": false, ""drop_sites"": false, ""exact_insert"": true, ""initial_reflection"": false, ""initial_rotation_span"": 1.5707963267948966, ""initial_rotation_steps"": 12, ""near_clear_distance"": 50.0, ""near_clear_radius"": 20.0, ""negative_regions"": false, ""opportunistic"": false, ""opportunistic_candidates"": 3, ""opportunistic_distance"": 650.0, ""probe_offset"": 0.25, ""radio_limit"": 12, ""route"": ""joint"", ""route_estimate"": 0.5, ""route_mode"": ""backbone"", ""scan_current_first"": true, ""search_first"": false, ""share"": true, ""share_ratio"": 0.7, ""source_bias"": 0.0, ""station_inner"": 990.0, ""station_layout"": ""8_16"", ""station_spec"": [8, 12, 995, 1864, 0], ""stop_when_found16"": true, ""trial_radius"": 40.0}",ablation/q4_no_negative_update/q4/paper_q4_n16_s960051/metrics.json
ablation,q4_no_negative_update,q4,paper_q4_n16_s960052,64efc316b5c7066cc78ffc5fa9e03f2022e248a5547a0fff712b1db67655f2eb,960052,16,True,True,16,16,354.20760017949175,5667.321602871868,4364.321602871868,1025.0,189.0,89.0,205,189,19,6adba235a4d3c46e1b9c824d784c448fd3f05fe97a70d469e80ff61e9d690ed6,"{""angle_bin"": 4.0, ""conditional_range"": true, ""crossbar"": true, ""crossbar_after_dark"": false, ""crossbar_fraction"": 0.25, ""crossbar_offset"": 0.03, ""crossbar_reference"": ""latest"", ""cumulative_cap"": 2, ""cumulative_points"": 0.0, ""directional"": false, ""drop_sites"": false, ""exact_insert"": true, ""initial_reflection"": false, ""initial_rotation_span"": 1.5707963267948966, ""initial_rotation_steps"": 12, ""near_clear_distance"": 50.0, ""near_clear_radius"": 20.0, ""negative_regions"": false, ""opportunistic"": false, ""opportunistic_candidates"": 3, ""opportunistic_distance"": 650.0, ""probe_offset"": 0.25, ""radio_limit"": 12, ""route"": ""joint"", ""route_estimate"": 0.5, ""route_mode"": ""backbone"", ""scan_current_first"": true, ""search_first"": false, ""share"": true, ""share_ratio"": 0.7, ""source_bias"": 0.0, ""station_inner"": 990.0, ""station_layout"": ""8_16"", ""station_spec"": [8, 12, 995, 1864, 0], ""stop_when_found16"": true, ""trial_radius"": 40.0}",ablation/q4_no_negative_update/q4/paper_q4_n16_s960052/metrics.json
ablation,q4_no_negative_update,q4,paper_q4_n16_s960053,7df246795c5f13b0c33ba6cbd4aa1c946cba1de4d90d6bd6674d2717fb8af615,960053,16,True,True,16,16,325.71545978033004,5211.447356485281,4100.447356485282,875.0,156.0,80.0,175,156,16,6adba235a4d3c46e1b9c824d784c448fd3f05fe97a70d469e80ff61e9d690ed6,"{""angle_bin"": 4.0, ""conditional_range"": true, ""crossbar"": true, ""crossbar_after_dark"": false, ""crossbar_fraction"": 0.25, ""crossbar_offset"": 0.03, ""crossbar_reference"": ""latest"", ""cumulative_cap"": 2, ""cumulative_points"": 0.0, ""directional"": false, ""drop_sites"": false, ""exact_insert"": true, ""initial_reflection"": false, ""initial_rotation_span"": 1.5707963267948966, ""initial_rotation_steps"": 12, ""near_clear_distance"": 50.0, ""near_clear_radius"": 20.0, ""negative_regions"": false, ""opportunistic"": false, ""opportunistic_candidates"": 3, ""opportunistic_distance"": 650.0, ""probe_offset"": 0.25, ""radio_limit"": 12, ""route"": ""joint"", ""route_estimate"": 0.5, ""route_mode"": ""backbone"", ""scan_current_first"": true, ""search_first"": false, ""share"": true, ""share_ratio"": 0.7, ""source_bias"": 0.0, ""station_inner"": 990.0, ""station_layout"": ""8_16"", ""station_spec"": [8, 12, 995, 1864, 0], ""stop_when_found16"": true, ""trial_radius"": 40.0}",ablation/q4_no_negative_update/q4/paper_q4_n16_s960053/metrics.json
ablation,q4_no_negative_update,q4,paper_q4_n16_s960054,8206890b9b420cbaea6b693c5cf72b030d8708ed8e056c338d28b1e44d86553c,960054,16,True,True,16,16,343.5154651581691,5496.2474425307055,4098.247442530707,1110.0,205.0,83.0,222,205,17,6adba235a4d3c46e1b9c824d784c448fd3f05fe97a70d469e80ff61e9d690ed6,"{""angle_bin"": 4.0, ""conditional_range"": true, ""crossbar"": true, ""crossbar_after_dark"": false, ""crossbar_fraction"": 0.25, ""crossbar_offset"": 0.03, ""crossbar_reference"": ""latest"", ""cumulative_cap"": 2, ""cumulative_points"": 0.0, ""directional"": false, ""drop_sites"": false, ""exact_insert"": true, ""initial_reflection"": false, ""initial_rotation_span"": 1.5707963267948966, ""initial_rotation_steps"": 12, ""near_clear_distance"": 50.0, ""near_clear_radius"": 20.0, ""negative_regions"": false, ""opportunistic"": false, ""opportunistic_candidates"": 3, ""opportunistic_distance"": 650.0, ""probe_offset"": 0.25, ""radio_limit"": 12, ""route"": ""joint"", ""route_estimate"": 0.5, ""route_mode"": ""backbone"", ""scan_current_first"": true, ""search_first"": false, ""share"": true, ""share_ratio"": 0.7, ""source_bias"": 0.0, ""station_inner"": 990.0, ""station_layout"": ""8_16"", ""station_spec"": [8, 12, 995, 1864, 0], ""stop_when_found16"": true, ""trial_radius"": 40.0}",ablation/q4_no_negative_update/q4/paper_q4_n16_s960054/metrics.json
ablation,q4_no_negative_update,q4,paper_q4_n16_s960055,6ff9e44e5b062ac46df867868e4bfdbce3357ab9b37f57f39768831f22daa029,960055,16,True,True,16,16,295.8024683518045,4732.839493628872,3768.8394936288723,740.0,135.0,89.0,148,135,19,6adba235a4d3c46e1b9c824d784c448fd3f05fe97a70d469e80ff61e9d690ed6,"{""angle_bin"": 4.0, ""conditional_range"": true, ""crossbar"": true, ""crossbar_after_dark"": false, ""crossbar_fraction"": 0.25, ""crossbar_offset"": 0.03, ""crossbar_reference"": ""latest"", ""cumulative_cap"": 2, ""cumulative_points"": 0.0, ""directional"": false, ""drop_sites"": false, ""exact_insert"": true, ""initial_reflection"": false, ""initial_rotation_span"": 1.5707963267948966, ""initial_rotation_steps"": 12, ""near_clear_distance"": 50.0, ""near_clear_radius"": 20.0, ""negative_regions"": false, ""opportunistic"": false, ""opportunistic_candidates"": 3, ""opportunistic_distance"": 650.0, ""probe_offset"": 0.25, ""radio_limit"": 12, ""route"": ""joint"", ""route_estimate"": 0.5, ""route_mode"": ""backbone"", ""scan_current_first"": true, ""search_first"": false, ""share"": true, ""share_ratio"": 0.7, ""source_bias"": 0.0, ""station_inner"": 990.0, ""station_layout"": ""8_16"", ""station_spec"": [8, 12, 995, 1864, 0], ""stop_when_found16"": true, ""trial_radius"": 40.0}",ablation/q4_no_negative_update/q4/paper_q4_n16_s960055/metrics.json
ablation,q4_no_negative_update,q4,paper_q4_n16_s960056,6b2792b601130b0b46aa97b1ac0735656b2418610783d47c53cab64564495da2,960056,16,True,True,16,16,289.75806254445416,4636.129000711267,3632.1290007112666,755.0,145.0,104.0,151,145,24,6adba235a4d3c46e1b9c824d784c448fd3f05fe97a70d469e80ff61e9d690ed6,"{""angle_bin"": 4.0, ""conditional_range"": true, ""crossbar"": true, ""crossbar_after_dark"": false, ""crossbar_fraction"": 0.25, ""crossbar_offset"": 0.03, ""crossbar_reference"": ""latest"", ""cumulative_cap"": 2, ""cumulative_points"": 0.0, ""directional"": false, ""drop_sites"": false, ""exact_insert"": true, ""initial_reflection"": false, ""initial_rotation_span"": 1.5707963267948966, ""initial_rotation_steps"": 12, ""near_clear_distance"": 50.0, ""near_clear_radius"": 20.0, ""negative_regions"": false, ""opportunistic"": false, ""opportunistic_candidates"": 3, ""opportunistic_distance"": 650.0, ""probe_offset"": 0.25, ""radio_limit"": 12, ""route"": ""joint"", ""route_estimate"": 0.5, ""route_mode"": ""backbone"", ""scan_current_first"": true, ""search_first"": false, ""share"": true, ""share_ratio"": 0.7, ""source_bias"": 0.0, ""station_inner"": 990.0, ""station_layout"": ""8_16"", ""station_spec"": [8, 12, 995, 1864, 0], ""stop_when_found16"": true, ""trial_radius"": 40.0}",ablation/q4_no_negative_update/q4/paper_q4_n16_s960056/metrics.json
ablation,q4_no_negative_update,q4,paper_q4_n16_s960057,6c60a413ad3c5d739c953deb475923dd63ed809d6227e8d1925f0cd9b6100136,960057,16,True,True,16,16,353.4715175390992,5655.544280625587,4361.544280625587,1025.0,186.0,83.0,205,186,17,6adba235a4d3c46e1b9c824d784c448fd3f05fe97a70d469e80ff61e9d690ed6,"{""angle_bin"": 4.0, ""conditional_range"": true, ""crossbar"": true, ""crossbar_after_dark"": false, ""crossbar_fraction"": 0.25, ""crossbar_offset"": 0.03, ""crossbar_reference"": ""latest"", ""cumulative_cap"": 2, ""cumulative_points"": 0.0, ""directional"": false, ""drop_sites"": false, ""exact_insert"": true, ""initial_reflection"": false, ""initial_rotation_span"": 1.5707963267948966, ""initial_rotation_steps"": 12, ""near_clear_distance"": 50.0, ""near_clear_radius"": 20.0, ""negative_regions"": false, ""opportunistic"": false, ""opportunistic_candidates"": 3, ""opportunistic_distance"": 650.0, ""probe_offset"": 0.25, ""radio_limit"": 12, ""route"": ""joint"", ""route_estimate"": 0.5, ""route_mode"": ""backbone"", ""scan_current_first"": true, ""search_first"": false, ""share"": true, ""share_ratio"": 0.7, ""source_bias"": 0.0, ""station_inner"": 990.0, ""station_layout"": ""8_16"", ""station_spec"": [8, 12, 995, 1864, 0], ""stop_when_found16"": true, ""trial_radius"": 40.0}",ablation/q4_no_negative_update/q4/paper_q4_n16_s960057/metrics.json
ablation,q4_no_negative_update,q4,paper_q4_n16_s960058,0694e76cf04a8b334687d6f66c3b8e5bd22fee936abafbcd9aed87fab9ea8753,960058,16,True,True,16,16,308.698873770335,4939.18198032536,3788.1819803253607,900.0,168.0,83.0,180,168,17,6adba235a4d3c46e1b9c824d784c448fd3f05fe97a70d469e80ff61e9d690ed6,"{""angle_bin"": 4.0, ""conditional_range"": true, ""crossbar"": true, ""crossbar_after_dark"": false, ""crossbar_fraction"": 0.25, ""crossbar_offset"": 0.03, ""crossbar_reference"": ""latest"", ""cumulative_cap"": 2, ""cumulative_points"": 0.0, ""directional"": false, ""drop_sites"": false, ""exact_insert"": true, ""initial_reflection"": false, ""initial_rotation_span"": 1.5707963267948966, ""initial_rotation_steps"": 12, ""near_clear_distance"": 50.0, ""near_clear_radius"": 20.0, ""negative_regions"": false, ""opportunistic"": false, ""opportunistic_candidates"": 3, ""opportunistic_distance"": 650.0, ""probe_offset"": 0.25, ""radio_limit"": 12, ""route"": ""joint"", ""route_estimate"": 0.5, ""route_mode"": ""backbone"", ""scan_current_first"": true, ""search_first"": false, ""share"": true, ""share_ratio"": 0.7, ""source_bias"": 0.0, ""station_inner"": 990.0, ""station_layout"": ""8_16"", ""station_spec"": [8, 12, 995, 1864, 0], ""stop_when_found16"": true, ""trial_radius"": 40.0}",ablation/q4_no_negative_update/q4/paper_q4_n16_s960058/metrics.json
ablation,q4_no_negative_update,q4,paper_q4_n16_s960059,05cc90bed98c2e255fab9f8178fbf5b2a553268aabc778715431067900d5c20d,960059,16,True,True,16,16,307.94499520852906,4927.119923336465,3838.1199233364646,850.0,156.0,83.0,170,156,17,6adba235a4d3c46e1b9c824d784c448fd3f05fe97a70d469e80ff61e9d690ed6,"{""angle_bin"": 4.0, ""conditional_range"": true, ""crossbar"": true, ""crossbar_after_dark"": false, ""crossbar_fraction"": 0.25, ""crossbar_offset"": 0.03, ""crossbar_reference"": ""latest"", ""cumulative_cap"": 2, ""cumulative_points"": 0.0, ""directional"": false, ""drop_sites"": false, ""exact_insert"": true, ""initial_reflection"": false, ""initial_rotation_span"": 1.5707963267948966, ""initial_rotation_steps"": 12, ""near_clear_distance"": 50.0, ""near_clear_radius"": 20.0, ""negative_regions"": false, ""opportunistic"": false, ""opportunistic_candidates"": 3, ""opportunistic_distance"": 650.0, ""probe_offset"": 0.25, ""radio_limit"": 12, ""route"": ""joint"", ""route_estimate"": 0.5, ""route_mode"": ""backbone"", ""scan_current_first"": true, ""search_first"": false, ""share"": true, ""share_ratio"": 0.7, ""source_bias"": 0.0, ""station_inner"": 990.0, ""station_layout"": ""8_16"", ""station_spec"": [8, 12, 995, 1864, 0], ""stop_when_found16"": true, ""trial_radius"": 40.0}",ablation/q4_no_negative_update/q4/paper_q4_n16_s960059/metrics.json
ablation,q4_no_rotation,q4,paper_q4_n10_s960000,921ea355b3d9146956f61f4ae430d6b93f1e70cdd84e26d3abe69cad19bef54c,960000,10,True,True,10,10,604.7186244103439,6047.186244103439,4201.18624410344,1505.0,288.0,53.0,301,288,11,719e963966652c1df35a09e9625e49263f49dfebbcbc1b7610eeea42ea970306,"{""angle_bin"": 4.0, ""conditional_range"": true, ""crossbar"": true, ""crossbar_after_dark"": false, ""crossbar_fraction"": 0.25, ""crossbar_offset"": 0.03, ""crossbar_reference"": ""latest"", ""cumulative_cap"": 2, ""cumulative_points"": 0.0, ""directional"": false, ""drop_sites"": false, ""exact_insert"": true, ""initial_reflection"": false, ""initial_rotation_span"": 1.5707963267948966, ""initial_rotation_steps"": 0, ""near_clear_distance"": 50.0, ""near_clear_radius"": 20.0, ""negative_regions"": ""disk"", ""opportunistic"": false, ""opportunistic_candidates"": 3, ""opportunistic_distance"": 650.0, ""probe_offset"": 0.25, ""radio_limit"": 12, ""route"": ""joint"", ""route_estimate"": 0.5, ""route_mode"": ""backbone"", ""scan_current_first"": true, ""search_first"": false, ""share"": true, ""share_ratio"": 0.7, ""source_bias"": 0.0, ""station_inner"": 990.0, ""station_layout"": ""8_16"", ""station_spec"": [8, 12, 995, 1864, 0], ""stop_when_found16"": true, ""trial_radius"": 40.0}",ablation/q4_no_rotation/q4/paper_q4_n10_s960000/metrics.json
ablation,q4_no_rotation,q4,paper_q4_n10_s960001,3c2d90f667bad6974cdf0e248fab341486a301486b771273f764547f2751f8cb,960001,10,True,True,10,10,601.8300025832933,6018.300025832933,4136.300025832933,1540.0,292.0,50.0,308,292,10,719e963966652c1df35a09e9625e49263f49dfebbcbc1b7610eeea42ea970306,"{""angle_bin"": 4.0, ""conditional_range"": true, ""crossbar"": true, ""crossbar_after_dark"": false, ""crossbar_fraction"": 0.25, ""crossbar_offset"": 0.03, ""crossbar_reference"": ""latest"", ""cumulative_cap"": 2, ""cumulative_points"": 0.0, ""directional"": false, ""drop_sites"": false, ""exact_insert"": true, ""initial_reflection"": false, ""initial_rotation_span"": 1.5707963267948966, ""initial_rotation_steps"": 0, ""near_clear_distance"": 50.0, ""near_clear_radius"": 20.0, ""negative_regions"": ""disk"", ""opportunistic"": false, ""opportunistic_candidates"": 3, ""opportunistic_distance"": 650.0, ""probe_offset"": 0.25, ""radio_limit"": 12, ""route"": ""joint"", ""route_estimate"": 0.5, ""route_mode"": ""backbone"", ""scan_current_first"": true, ""search_first"": false, ""share"": true, ""share_ratio"": 0.7, ""source_bias"": 0.0, ""station_inner"": 990.0, ""station_layout"": ""8_16"", ""station_spec"": [8, 12, 995, 1864, 0], ""stop_when_found16"": true, ""trial_radius"": 40.0}",ablation/q4_no_rotation/q4/paper_q4_n10_s960001/metrics.json
ablation,q4_no_rotation,q4,paper_q4_n10_s960002,4b89a8df99cafd241c47e55af9f95a54b1ee9ea5e16fe7130e2b7163c9f09d32,960002,10,True,True,10,10,562.5788118006458,5625.788118006458,3897.788118006459,1410.0,262.0,56.0,282,262,12,719e963966652c1df35a09e9625e49263f49dfebbcbc1b7610eeea42ea970306,"{""angle_bin"": 4.0, ""conditional_range"": true, ""crossbar"": true, ""crossbar_after_dark"": false, ""crossbar_fraction"": 0.25, ""crossbar_offset"": 0.03, ""crossbar_reference"": ""latest"", ""cumulative_cap"": 2, ""cumulative_points"": 0.0, ""directional"": false, ""drop_sites"": false, ""exact_insert"": true, ""initial_reflection"": false, ""initial_rotation_span"": 1.5707963267948966, ""initial_rotation_steps"": 0, ""near_clear_distance"": 50.0, ""near_clear_radius"": 20.0, ""negative_regions"": ""disk"", ""opportunistic"": false, ""opportunistic_candidates"": 3, ""opportunistic_distance"": 650.0, ""probe_offset"": 0.25, ""radio_limit"": 12, ""route"": ""joint"", ""route_estimate"": 0.5, ""route_mode"": ""backbone"", ""scan_current_first"": true, ""search_first"": false, ""share"": true, ""share_ratio"": 0.7, ""source_bias"": 0.0, ""station_inner"": 990.0, ""station_layout"": ""8_16"", ""station_spec"": [8, 12, 995, 1864, 0], ""stop_when_found16"": true, ""trial_radius"": 40.0}",ablation/q4_no_rotation/q4/paper_q4_n10_s960002/metrics.json
ablation,q4_no_rotation,q4,paper_q4_n10_s960003,d5ee7b8cfe10c43ea185cc639804aae71d411b01ee1540fbc540be5e6fa22c0a,960003,10,True,True,10,10,581.3953410389746,5813.953410389746,4178.953410389744,1330.0,255.0,50.0,266,255,10,719e963966652c1df35a09e9625e49263f49dfebbcbc1b7610eeea42ea970306,"{""angle_bin"": 4.0, ""conditional_range"": true, ""crossbar"": true, ""crossbar_after_dark"": false, ""crossbar_fraction"": 0.25, ""crossbar_offset"": 0.03, ""crossbar_reference"": ""latest"", ""cumulative_cap"": 2, ""cumulative_points"": 0.0, ""directional"": false, ""drop_sites"": false, ""exact_insert"": true, ""initial_reflection"": false, ""initial_rotation_span"": 1.5707963267948966, ""initial_rotation_steps"": 0, ""near_clear_distance"": 50.0, ""near_clear_radius"": 20.0, ""negative_regions"": ""disk"", ""opportunistic"": false, ""opportunistic_candidates"": 3, ""opportunistic_distance"": 650.0, ""probe_offset"": 0.25, ""radio_limit"": 12, ""route"": ""joint"", ""route_estimate"": 0.5, ""route_mode"": ""backbone"", ""scan_current_first"": true, ""search_first"": false, ""share"": true, ""share_ratio"": 0.7, ""source_bias"": 0.0, ""station_inner"": 990.0, ""station_layout"": ""8_16"", ""station_spec"": [8, 12, 995, 1864, 0], ""stop_when_found16"": true, ""trial_radius"": 40.0}",ablation/q4_no_rotation/q4/paper_q4_n10_s960003/metrics.json
ablation,q4_no_rotation,q4,paper_q4_n10_s960004,1f988b31cf831af5aa25ce187ed6e54272d6b1871772eaa9bb115b1b6d726bd2,960004,10,True,True,10,10,593.431456477029,5934.3145647702895,4192.314564770291,1415.0,265.0,62.0,283,265,14,719e963966652c1df35a09e9625e49263f49dfebbcbc1b7610eeea42ea970306,"{""angle_bin"": 4.0, ""conditional_range"": true, ""crossbar"": true, ""crossbar_after_dark"": false, ""crossbar_fraction"": 0.25, ""crossbar_offset"": 0.03, ""crossbar_reference"": ""latest"", ""cumulative_cap"": 2, ""cumulative_points"": 0.0, ""directional"": false, ""drop_sites"": false, ""exact_insert"": true, ""initial_reflection"": false, ""initial_rotation_span"": 1.5707963267948966, ""initial_rotation_steps"": 0, ""near_clear_distance"": 50.0, ""near_clear_radius"": 20.0, ""negative_regions"": ""disk"", ""opportunistic"": false, ""opportunistic_candidates"": 3, ""opportunistic_distance"": 650.0, ""probe_offset"": 0.25, ""radio_limit"": 12, ""route"": ""joint"", ""route_estimate"": 0.5, ""route_mode"": ""backbone"", ""scan_current_first"": true, ""search_first"": false, ""share"": true, ""share_ratio"": 0.7, ""source_bias"": 0.0, ""station_inner"": 990.0, ""station_layout"": ""8_16"", ""station_spec"": [8, 12, 995, 1864, 0], ""stop_when_found16"": true, ""trial_radius"": 40.0}",ablation/q4_no_rotation/q4/paper_q4_n10_s960004/metrics.json
ablation,q4_no_rotation,q4,paper_q4_n10_s960005,36aded449d8bbfeb55636622cc59a5b1dfcbc8fcf60b6079d88a2a6a4db548bd,960005,10,True,True,10,10,621.3783024924626,6213.783024924625,4459.783024924625,1430.0,271.0,53.0,286,271,11,719e963966652c1df35a09e9625e49263f49dfebbcbc1b7610eeea42ea970306,"{""angle_bin"": 4.0, ""conditional_range"": true, ""crossbar"": true, ""crossbar_after_dark"": false, ""crossbar_fraction"": 0.25, ""crossbar_offset"": 0.03, ""crossbar_reference"": ""latest"", ""cumulative_cap"": 2, ""cumulative_points"": 0.0, ""directional"": false, ""drop_sites"": false, ""exact_insert"": true, ""initial_reflection"": false, ""initial_rotation_span"": 1.5707963267948966, ""initial_rotation_steps"": 0, ""near_clear_distance"": 50.0, ""near_clear_radius"": 20.0, ""negative_regions"": ""disk"", ""opportunistic"": false, ""opportunistic_candidates"": 3, ""opportunistic_distance"": 650.0, ""probe_offset"": 0.25, ""radio_limit"": 12, ""route"": ""joint"", ""route_estimate"": 0.5, ""route_mode"": ""backbone"", ""scan_current_first"": true, ""search_first"": false, ""share"": true, ""share_ratio"": 0.7, ""source_bias"": 0.0, ""station_inner"": 990.0, ""station_layout"": ""8_16"", ""station_spec"": [8, 12, 995, 1864, 0], ""stop_when_found16"": true, ""trial_radius"": 40.0}",ablation/q4_no_rotation/q4/paper_q4_n10_s960005/metrics.json
ablation,q4_no_rotation,q4,paper_q4_n10_s960006,c7754a55042641796f5da3b168928bb8ff738fbb0d2e2e310b4d1fb86d611e47,960006,10,True,True,10,10,598.5371337650336,5985.371337650336,4193.371337650337,1455.0,284.0,53.0,291,284,11,719e963966652c1df35a09e9625e49263f49dfebbcbc1b7610eeea42ea970306,"{""angle_bin"": 4.0, ""conditional_range"": true, ""crossbar"": true, ""crossbar_after_dark"": false, ""crossbar_fraction"": 0.25, ""crossbar_offset"": 0.03, ""crossbar_reference"": ""latest"", ""cumulative_cap"": 2, ""cumulative_points"": 0.0, ""directional"": false, ""drop_sites"": false, ""exact_insert"": true, ""initial_reflection"": false, ""initial_rotation_span"": 1.5707963267948966, ""initial_rotation_steps"": 0, ""near_clear_distance"": 50.0, ""near_clear_radius"": 20.0, ""negative_regions"": ""disk"", ""opportunistic"": false, ""opportunistic_candidates"": 3, ""opportunistic_distance"": 650.0, ""probe_offset"": 0.25, ""radio_limit"": 12, ""route"": ""joint"", ""route_estimate"": 0.5, ""route_mode"": ""backbone"", ""scan_current_first"": true, ""search_first"": false, ""share"": true, ""share_ratio"": 0.7, ""source_bias"": 0.0, ""station_inner"": 990.0, ""station_layout"": ""8_16"", ""station_spec"": [8, 12, 995, 1864, 0], ""stop_when_found16"": true, ""trial_radius"": 40.0}",ablation/q4_no_rotation/q4/paper_q4_n10_s960006/metrics.json
ablation,q4_no_rotation,q4,paper_q4_n10_s960007,c5089d6ba525d50783481797dc61d8eadaf230536dbac78f493ed66526ca66f3,960007,10,True,True,10,10,618.3434735887206,6183.4347358872055,4430.434735887205,1430.0,267.0,56.0,286,267,12,719e963966652c1df35a09e9625e49263f49dfebbcbc1b7610eeea42ea970306,"{""angle_bin"": 4.0, ""conditional_range"": true, ""crossbar"": true, ""crossbar_after_dark"": false, ""crossbar_fraction"": 0.25, ""crossbar_offset"": 0.03, ""crossbar_reference"": ""latest"", ""cumulative_cap"": 2, ""cumulative_points"": 0.0, ""directional"": false, ""drop_sites"": false, ""exact_insert"": true, ""initial_reflection"": false, ""initial_rotation_span"": 1.5707963267948966, ""initial_rotation_steps"": 0, ""near_clear_distance"": 50.0, ""near_clear_radius"": 20.0, ""negative_regions"": ""disk"", ""opportunistic"": false, ""opportunistic_candidates"": 3, ""opportunistic_distance"": 650.0, ""probe_offset"": 0.25, ""radio_limit"": 12, ""route"": ""joint"", ""route_estimate"": 0.5, ""route_mode"": ""backbone"", ""scan_current_first"": true, ""search_first"": false, ""share"": true, ""share_ratio"": 0.7, ""source_bias"": 0.0, ""station_inner"": 990.0, ""station_layout"": ""8_16"", ""station_spec"": [8, 12, 995, 1864, 0], ""stop_when_found16"": true, ""trial_radius"": 40.0}",ablation/q4_no_rotation/q4/paper_q4_n10_s960007/metrics.json
ablation,q4_no_rotation,q4,paper_q4_n10_s960008,a50200084bba6ca5d833b6999a3601288c4f3dd93878e69d939e923b69cc679b,960008,10,True,True,10,10,590.772361871886,5907.72361871886,4014.7236187188587,1545.0,295.0,53.0,309,295,11,719e963966652c1df35a09e9625e49263f49dfebbcbc1b7610eeea42ea970306,"{""angle_bin"": 4.0, ""conditional_range"": true, ""crossbar"": true, ""crossbar_after_dark"": false, ""crossbar_fraction"": 0.25, ""crossbar_offset"": 0.03, ""crossbar_reference"": ""latest"", ""cumulative_cap"": 2, ""cumulative_points"": 0.0, ""directional"": false, ""drop_sites"": false, ""exact_insert"": true, ""initial_reflection"": false, ""initial_rotation_span"": 1.5707963267948966, ""initial_rotation_steps"": 0, ""near_clear_distance"": 50.0, ""near_clear_radius"": 20.0, ""negative_regions"": ""disk"", ""opportunistic"": false, ""opportunistic_candidates"": 3, ""opportunistic_distance"": 650.0, ""probe_offset"": 0.25, ""radio_limit"": 12, ""route"": ""joint"", ""route_estimate"": 0.5, ""route_mode"": ""backbone"", ""scan_current_first"": true, ""search_first"": false, ""share"": true, ""share_ratio"": 0.7, ""source_bias"": 0.0, ""station_inner"": 990.0, ""station_layout"": ""8_16"", ""station_spec"": [8, 12, 995, 1864, 0], ""stop_when_found16"": true, ""trial_radius"": 40.0}",ablation/q4_no_rotation/q4/paper_q4_n10_s960008/metrics.json
ablation,q4_no_rotation,q4,paper_q4_n10_s960009,8e49a81d41852454f8fdbe13137b9782a07dbf23b608ccb0e8f1778d9e0256a4,960009,10,True,True,10,10,591.7111957555256,5917.111957555257,4165.111957555258,1425.0,271.0,56.0,285,271,12,719e963966652c1df35a09e9625e49263f49dfebbcbc1b7610eeea42ea970306,"{""angle_bin"": 4.0, ""conditional_range"": true, ""crossbar"": true, ""crossbar_after_dark"": false, ""crossbar_fraction"": 0.25, ""crossbar_offset"": 0.03, ""crossbar_reference"": ""latest"", ""cumulative_cap"": 2, ""cumulative_points"": 0.0, ""directional"": false, ""drop_sites"": false, ""exact_insert"": true, ""initial_reflection"": false, ""initial_rotation_span"": 1.5707963267948966, ""initial_rotation_steps"": 0, ""near_clear_distance"": 50.0, ""near_clear_radius"": 20.0, ""negative_regions"": ""disk"", ""opportunistic"": false, ""opportunistic_candidates"": 3, ""opportunistic_distance"": 650.0, ""probe_offset"": 0.25, ""radio_limit"": 12, ""route"": ""joint"", ""route_estimate"": 0.5, ""route_mode"": ""backbone"", ""scan_current_first"": true, ""search_first"": false, ""share"": true, ""share_ratio"": 0.7, ""source_bias"": 0.0, ""station_inner"": 990.0, ""station_layout"": ""8_16"", ""station_spec"": [8, 12, 995, 1864, 0], ""stop_when_found16"": true, ""trial_radius"": 40.0}",ablation/q4_no_rotation/q4/paper_q4_n10_s960009/metrics.json
ablation,q4_no_rotation,q4,paper_q4_n10_s960010,d1a4e53a0b827ae62d623b532b77ab5d10c17699e4e4d6eb7f02f22fd4ed50eb,960010,10,True,True,10,10,551.6909790020475,5516.909790020475,3853.9097900204747,1350.0,257.0,56.0,270,257,12,719e963966652c1df35a09e9625e49263f49dfebbcbc1b7610eeea42ea970306,"{""angle_bin"": 4.0, ""conditional_range"": true, ""crossbar"": true, ""crossbar_after_dark"": false, ""crossbar_fraction"": 0.25, ""crossbar_offset"": 0.03, ""crossbar_reference"": ""latest"", ""cumulative_cap"": 2, ""cumulative_points"": 0.0, ""directional"": false, ""drop_sites"": false, ""exact_insert"": true, ""initial_reflection"": false, ""initial_rotation_span"": 1.5707963267948966, ""initial_rotation_steps"": 0, ""near_clear_distance"": 50.0, ""near_clear_radius"": 20.0, ""negative_regions"": ""disk"", ""opportunistic"": false, ""opportunistic_candidates"": 3, ""opportunistic_distance"": 650.0, ""probe_offset"": 0.25, ""radio_limit"": 12, ""route"": ""joint"", ""route_estimate"": 0.5, ""route_mode"": ""backbone"", ""scan_current_first"": true, ""search_first"": false, ""share"": true, ""share_ratio"": 0.7, ""source_bias"": 0.0, ""station_inner"": 990.0, ""station_layout"": ""8_16"", ""station_spec"": [8, 12, 995, 1864, 0], ""stop_when_found16"": true, ""trial_radius"": 40.0}",ablation/q4_no_rotation/q4/paper_q4_n10_s960010/metrics.json
ablation,q4_no_rotation,q4,paper_q4_n10_s960011,766d81fe94af0b07461fadce21001d3498e149dd464251863bbf8dd6544f916c,960011,10,True,True,10,10,567.2590410891111,5672.590410891111,3994.590410891111,1370.0,258.0,50.0,274,258,10,719e963966652c1df35a09e9625e49263f49dfebbcbc1b7610eeea42ea970306,"{""angle_bin"": 4.0, ""conditional_range"": true, ""crossbar"": true, ""crossbar_after_dark"": false, ""crossbar_fraction"": 0.25, ""crossbar_offset"": 0.03, ""crossbar_reference"": ""latest"", ""cumulative_cap"": 2, ""cumulative_points"": 0.0, ""directional"": false, ""drop_sites"": false, ""exact_insert"": true, ""initial_reflection"": false, ""initial_rotation_span"": 1.5707963267948966, ""initial_rotation_steps"": 0, ""near_clear_distance"": 50.0, ""near_clear_radius"": 20.0, ""negative_regions"": ""disk"", ""opportunistic"": false, ""opportunistic_candidates"": 3, ""opportunistic_distance"": 650.0, ""probe_offset"": 0.25, ""radio_limit"": 12, ""route"": ""joint"", ""route_estimate"": 0.5, ""route_mode"": ""backbone"", ""scan_current_first"": true, ""search_first"": false, ""share"": true, ""share_ratio"": 0.7, ""source_bias"": 0.0, ""station_inner"": 990.0, ""station_layout"": ""8_16"", ""station_spec"": [8, 12, 995, 1864, 0], ""stop_when_found16"": true, ""trial_radius"": 40.0}",ablation/q4_no_rotation/q4/paper_q4_n10_s960011/metrics.json
ablation,q4_no_rotation,q4,paper_q4_n10_s960012,703efdc7a86ef0638cbaa1e4565737490a0ad5e887ed7224cd42d4e47bae2adf,960012,10,True,True,10,10,586.203111348443,5862.0311134844305,4067.031113484429,1460.0,279.0,56.0,292,279,12,719e963966652c1df35a09e9625e49263f49dfebbcbc1b7610eeea42ea970306,"{""angle_bin"": 4.0, ""conditional_range"": true, ""crossbar"": true, ""crossbar_after_dark"": false, ""crossbar_fraction"": 0.25, ""crossbar_offset"": 0.03, ""crossbar_reference"": ""latest"", ""cumulative_cap"": 2, ""cumulative_points"": 0.0, ""directional"": false, ""drop_sites"": false, ""exact_insert"": true, ""initial_reflection"": false, ""initial_rotation_span"": 1.5707963267948966, ""initial_rotation_steps"": 0, ""near_clear_distance"": 50.0, ""near_clear_radius"": 20.0, ""negative_regions"": ""disk"", ""opportunistic"": false, ""opportunistic_candidates"": 3, ""opportunistic_distance"": 650.0, ""probe_offset"": 0.25, ""radio_limit"": 12, ""route"": ""joint"", ""route_estimate"": 0.5, ""route_mode"": ""backbone"", ""scan_current_first"": true, ""search_first"": false, ""share"": true, ""share_ratio"": 0.7, ""source_bias"": 0.0, ""station_inner"": 990.0, ""station_layout"": ""8_16"", ""station_spec"": [8, 12, 995, 1864, 0], ""stop_when_found16"": true, ""trial_radius"": 40.0}",ablation/q4_no_rotation/q4/paper_q4_n10_s960012/metrics.json
ablation,q4_no_rotation,q4,paper_q4_n10_s960013,2d87203b18352d2c739222e5b16af035235cf6914cf5b34691e429c40916c91b,960013,10,True,True,10,10,647.5609545719511,6475.6095457195115,4481.609545719512,1635.0,303.0,56.0,327,303,12,719e963966652c1df35a09e9625e49263f49dfebbcbc1b7610eeea42ea970306,"{""angle_bin"": 4.0, ""conditional_range"": true, ""crossbar"": true, ""crossbar_after_dark"": false, ""crossbar_fraction"": 0.25, ""crossbar_offset"": 0.03, ""crossbar_reference"": ""latest"", ""cumulative_cap"": 2, ""cumulative_points"": 0.0, ""directional"": false, ""drop_sites"": false, ""exact_insert"": true, ""initial_reflection"": false, ""initial_rotation_span"": 1.5707963267948966, ""initial_rotation_steps"": 0, ""near_clear_distance"": 50.0, ""near_clear_radius"": 20.0, ""negative_regions"": ""disk"", ""opportunistic"": false, ""opportunistic_candidates"": 3, ""opportunistic_distance"": 650.0, ""probe_offset"": 0.25, ""radio_limit"": 12, ""route"": ""joint"", ""route_estimate"": 0.5, ""route_mode"": ""backbone"", ""scan_current_first"": true, ""search_first"": false, ""share"": true, ""share_ratio"": 0.7, ""source_bias"": 0.0, ""station_inner"": 990.0, ""station_layout"": ""8_16"", ""station_spec"": [8, 12, 995, 1864, 0], ""stop_when_found16"": true, ""trial_radius"": 40.0}",ablation/q4_no_rotation/q4/paper_q4_n10_s960013/metrics.json
ablation,q4_no_rotation,q4,paper_q4_n10_s960014,62fc1daef45c37c33faaab81b3ca9012ca0f078e7fb0911ed4ec97efddb421f1,960014,10,True,True,10,10,568.1423685762143,5681.423685762143,4015.4236857621436,1355.0,258.0,53.0,271,258,11,719e963966652c1df35a09e9625e49263f49dfebbcbc1b7610eeea42ea970306,"{""angle_bin"": 4.0, ""conditional_range"": true, ""crossbar"": true, ""crossbar_after_dark"": false, ""crossbar_fraction"": 0.25, ""crossbar_offset"": 0.03, ""crossbar_reference"": ""latest"", ""cumulative_cap"": 2, ""cumulative_points"": 0.0, ""directional"": false, ""drop_sites"": false, ""exact_insert"": true, ""initial_reflection"": false, ""initial_rotation_span"": 1.5707963267948966, ""initial_rotation_steps"": 0, ""near_clear_distance"": 50.0, ""near_clear_radius"": 20.0, ""negative_regions"": ""disk"", ""opportunistic"": false, ""opportunistic_candidates"": 3, ""opportunistic_distance"": 650.0, ""probe_offset"": 0.25, ""radio_limit"": 12, ""route"": ""joint"", ""route_estimate"": 0.5, ""route_mode"": ""backbone"", ""scan_current_first"": true, ""search_first"": false, ""share"": true, ""share_ratio"": 0.7, ""source_bias"": 0.0, ""station_inner"": 990.0, ""station_layout"": ""8_16"", ""station_spec"": [8, 12, 995, 1864, 0], ""stop_when_found16"": true, ""trial_radius"": 40.0}",ablation/q4_no_rotation/q4/paper_q4_n10_s960014/metrics.json
ablation,q4_no_rotation,q4,paper_q4_n10_s960015,786e0a5748501bd13da2fb5fcf82c3ac6a7ff71e1830c44e7fc76fe4ae746aa5,960015,10,True,True,10,10,559.8409974605863,5598.409974605864,3909.4099746058646,1375.0,261.0,53.0,275,261,11,719e963966652c1df35a09e9625e49263f49dfebbcbc1b7610eeea42ea970306,"{""angle_bin"": 4.0, ""conditional_range"": true, ""crossbar"": true, ""crossbar_after_dark"": false, ""crossbar_fraction"": 0.25, ""crossbar_offset"": 0.03, ""crossbar_reference"": ""latest"", ""cumulative_cap"": 2, ""cumulative_points"": 0.0, ""directional"": false, ""drop_sites"": false, ""exact_insert"": true, ""initial_reflection"": false, ""initial_rotation_span"": 1.5707963267948966, ""initial_rotation_steps"": 0, ""near_clear_distance"": 50.0, ""near_clear_radius"": 20.0, ""negative_regions"": ""disk"", ""opportunistic"": false, ""opportunistic_candidates"": 3, ""opportunistic_distance"": 650.0, ""probe_offset"": 0.25, ""radio_limit"": 12, ""route"": ""joint"", ""route_estimate"": 0.5, ""route_mode"": ""backbone"", ""scan_current_first"": true, ""search_first"": false, ""share"": true, ""share_ratio"": 0.7, ""source_bias"": 0.0, ""station_inner"": 990.0, ""station_layout"": ""8_16"", ""station_spec"": [8, 12, 995, 1864, 0], ""stop_when_found16"": true, ""trial_radius"": 40.0}",ablation/q4_no_rotation/q4/paper_q4_n10_s960015/metrics.json
ablation,q4_no_rotation,q4,paper_q4_n10_s960016,289739bdb664f6ba8e2416d3709159e3e5bfb90814c6d43081ebae655f341b30,960016,10,True,True,10,10,586.0097432508691,5860.097432508691,4146.09743250869,1395.0,269.0,50.0,279,269,10,719e963966652c1df35a09e9625e49263f49dfebbcbc1b7610eeea42ea970306,"{""angle_bin"": 4.0, ""conditional_range"": true, ""crossbar"": true, ""crossbar_after_dark"": false, ""crossbar_fraction"": 0.25, ""crossbar_offset"": 0.03, ""crossbar_reference"": ""latest"", ""cumulative_cap"": 2, ""cumulative_points"": 0.0, ""directional"": false, ""drop_sites"": false, ""exact_insert"": true, ""initial_reflection"": false, ""initial_rotation_span"": 1.5707963267948966, ""initial_rotation_steps"": 0, ""near_clear_distance"": 50.0, ""near_clear_radius"": 20.0, ""negative_regions"": ""disk"", ""opportunistic"": false, ""opportunistic_candidates"": 3, ""opportunistic_distance"": 650.0, ""probe_offset"": 0.25, ""radio_limit"": 12, ""route"": ""joint"", ""route_estimate"": 0.5, ""route_mode"": ""backbone"", ""scan_current_first"": true, ""search_first"": false, ""share"": true, ""share_ratio"": 0.7, ""source_bias"": 0.0, ""station_inner"": 990.0, ""station_layout"": ""8_16"", ""station_spec"": [8, 12, 995, 1864, 0], ""stop_when_found16"": true, ""trial_radius"": 40.0}",ablation/q4_no_rotation/q4/paper_q4_n10_s960016/metrics.json
ablation,q4_no_rotation,q4,paper_q4_n10_s960017,8eec67759a34add255ee4e92aef60de171d284d6d00cd8815965b7338fb036e4,960017,10,True,True,10,10,569.2001784736225,5692.001784736225,4068.0017847362255,1320.0,251.0,53.0,264,251,11,719e963966652c1df35a09e9625e49263f49dfebbcbc1b7610eeea42ea970306,"{""angle_bin"": 4.0, ""conditional_range"": true, ""crossbar"": true, ""crossbar_after_dark"": false, ""crossbar_fraction"": 0.25, ""crossbar_offset"": 0.03, ""crossbar_reference"": ""latest"", ""cumulative_cap"": 2, ""cumulative_points"": 0.0, ""directional"": false, ""drop_sites"": false, ""exact_insert"": true, ""initial_reflection"": false, ""initial_rotation_span"": 1.5707963267948966, ""initial_rotation_steps"": 0, ""near_clear_distance"": 50.0, ""near_clear_radius"": 20.0, ""negative_regions"": ""disk"", ""opportunistic"": false, ""opportunistic_candidates"": 3, ""opportunistic_distance"": 650.0, ""probe_offset"": 0.25, ""radio_limit"": 12, ""route"": ""joint"", ""route_estimate"": 0.5, ""route_mode"": ""backbone"", ""scan_current_first"": true, ""search_first"": false, ""share"": true, ""share_ratio"": 0.7, ""source_bias"": 0.0, ""station_inner"": 990.0, ""station_layout"": ""8_16"", ""station_spec"": [8, 12, 995, 1864, 0], ""stop_when_found16"": true, ""trial_radius"": 40.0}",ablation/q4_no_rotation/q4/paper_q4_n10_s960017/metrics.json
ablation,q4_no_rotation,q4,paper_q4_n10_s960018,1147536cb66cc757feeea7b44096f960a97bf1f5905e68d35788554b1c6d15a0,960018,10,True,True,10,10,605.9265091674672,6059.2650916746725,4271.2650916746725,1465.0,273.0,50.0,293,273,10,719e963966652c1df35a09e9625e49263f49dfebbcbc1b7610eeea42ea970306,"{""angle_bin"": 4.0, ""conditional_range"": true, ""crossbar"": true, ""crossbar_after_dark"": false, ""crossbar_fraction"": 0.25, ""crossbar_offset"": 0.03, ""crossbar_reference"": ""latest"", ""cumulative_cap"": 2, ""cumulative_points"": 0.0, ""directional"": false, ""drop_sites"": false, ""exact_insert"": true, ""initial_reflection"": false, ""initial_rotation_span"": 1.5707963267948966, ""initial_rotation_steps"": 0, ""near_clear_distance"": 50.0, ""near_clear_radius"": 20.0, ""negative_regions"": ""disk"", ""opportunistic"": false, ""opportunistic_candidates"": 3, ""opportunistic_distance"": 650.0, ""probe_offset"": 0.25, ""radio_limit"": 12, ""route"": ""joint"", ""route_estimate"": 0.5, ""route_mode"": ""backbone"", ""scan_current_first"": true, ""search_first"": false, ""share"": true, ""share_ratio"": 0.7, ""source_bias"": 0.0, ""station_inner"": 990.0, ""station_layout"": ""8_16"", ""station_spec"": [8, 12, 995, 1864, 0], ""stop_when_found16"": true, ""trial_radius"": 40.0}",ablation/q4_no_rotation/q4/paper_q4_n10_s960018/metrics.json
ablation,q4_no_rotation,q4,paper_q4_n10_s960019,cf55d3f4e09f53fbb973530d6dd48121c475c525c9101a3c94703aad60256cf0,960019,10,True,True,10,10,637.8816732632432,6378.816732632432,4550.816732632433,1500.0,278.0,50.0,300,278,10,719e963966652c1df35a09e9625e49263f49dfebbcbc1b7610eeea42ea970306,"{""angle_bin"": 4.0, ""conditional_range"": true, ""crossbar"": true, ""crossbar_after_dark"": false, ""crossbar_fraction"": 0.25, ""crossbar_offset"": 0.03, ""crossbar_reference"": ""latest"", ""cumulative_cap"": 2, ""cumulative_points"": 0.0, ""directional"": false, ""drop_sites"": false, ""exact_insert"": true, ""initial_reflection"": false, ""initial_rotation_span"": 1.5707963267948966, ""initial_rotation_steps"": 0, ""near_clear_distance"": 50.0, ""near_clear_radius"": 20.0, ""negative_regions"": ""disk"", ""opportunistic"": false, ""opportunistic_candidates"": 3, ""opportunistic_distance"": 650.0, ""probe_offset"": 0.25, ""radio_limit"": 12, ""route"": ""joint"", ""route_estimate"": 0.5, ""route_mode"": ""backbone"", ""scan_current_first"": true, ""search_first"": false, ""share"": true, ""share_ratio"": 0.7, ""source_bias"": 0.0, ""station_inner"": 990.0, ""station_layout"": ""8_16"", ""station_spec"": [8, 12, 995, 1864, 0], ""stop_when_found16"": true, ""trial_radius"": 40.0}",ablation/q4_no_rotation/q4/paper_q4_n10_s960019/metrics.json
ablation,q4_no_rotation,q4,paper_q4_n16_s960040,b1005a485d954543d249bd4846074706e789f2ced4376ceda599b6fd9450b9c6,960040,16,True,True,16,16,361.57311270155384,5785.169803224861,4575.169803224861,950.0,174.0,86.0,190,174,18,719e963966652c1df35a09e9625e49263f49dfebbcbc1b7610eeea42ea970306,"{""angle_bin"": 4.0, ""conditional_range"": true, ""crossbar"": true, ""crossbar_after_dark"": false, ""crossbar_fraction"": 0.25, ""crossbar_offset"": 0.03, ""crossbar_reference"": ""latest"", ""cumulative_cap"": 2, ""cumulative_points"": 0.0, ""directional"": false, ""drop_sites"": false, ""exact_insert"": true, ""initial_reflection"": false, ""initial_rotation_span"": 1.5707963267948966, ""initial_rotation_steps"": 0, ""near_clear_distance"": 50.0, ""near_clear_radius"": 20.0, ""negative_regions"": ""disk"", ""opportunistic"": false, ""opportunistic_candidates"": 3, ""opportunistic_distance"": 650.0, ""probe_offset"": 0.25, ""radio_limit"": 12, ""route"": ""joint"", ""route_estimate"": 0.5, ""route_mode"": ""backbone"", ""scan_current_first"": true, ""search_first"": false, ""share"": true, ""share_ratio"": 0.7, ""source_bias"": 0.0, ""station_inner"": 990.0, ""station_layout"": ""8_16"", ""station_spec"": [8, 12, 995, 1864, 0], ""stop_when_found16"": true, ""trial_radius"": 40.0}",ablation/q4_no_rotation/q4/paper_q4_n16_s960040/metrics.json
ablation,q4_no_rotation,q4,paper_q4_n16_s960041,d0d4eda9ee7def4375ec93a8a793883f1892eed07ac67321b1595776be4fb9b0,960041,16,True,True,16,16,360.5925921686216,5769.4814746979455,4240.4814746979455,1215.0,225.0,89.0,243,225,19,719e963966652c1df35a09e9625e49263f49dfebbcbc1b7610eeea42ea970306,"{""angle_bin"": 4.0, ""conditional_range"": true, ""crossbar"": true, ""crossbar_after_dark"": false, ""crossbar_fraction"": 0.25, ""crossbar_offset"": 0.03, ""crossbar_reference"": ""latest"", ""cumulative_cap"": 2, ""cumulative_points"": 0.0, ""directional"": false, ""drop_sites"": false, ""exact_insert"": true, ""initial_reflection"": false, ""initial_rotation_span"": 1.5707963267948966, ""initial_rotation_steps"": 0, ""near_clear_distance"": 50.0, ""near_clear_radius"": 20.0, ""negative_regions"": ""disk"", ""opportunistic"": false, ""opportunistic_candidates"": 3, ""opportunistic_distance"": 650.0, ""probe_offset"": 0.25, ""radio_limit"": 12, ""route"": ""joint"", ""route_estimate"": 0.5, ""route_mode"": ""backbone"", ""scan_current_first"": true, ""search_first"": false, ""share"": true, ""share_ratio"": 0.7, ""source_bias"": 0.0, ""station_inner"": 990.0, ""station_layout"": ""8_16"", ""station_spec"": [8, 12, 995, 1864, 0], ""stop_when_found16"": true, ""trial_radius"": 40.0}",ablation/q4_no_rotation/q4/paper_q4_n16_s960041/metrics.json
ablation,q4_no_rotation,q4,paper_q4_n16_s960042,429d445dee31fd1076a19249d749c7bd99c77ba7636d01b14771e68c4c2d0c94,960042,16,True,True,16,16,240.10247501575745,3841.639600252119,2946.639600252119,685.0,130.0,80.0,137,130,16,719e963966652c1df35a09e9625e49263f49dfebbcbc1b7610eeea42ea970306,"{""angle_bin"": 4.0, ""conditional_range"": true, ""crossbar"": true, ""crossbar_after_dark"": false, ""crossbar_fraction"": 0.25, ""crossbar_offset"": 0.03, ""crossbar_reference"": ""latest"", ""cumulative_cap"": 2, ""cumulative_points"": 0.0, ""directional"": false, ""drop_sites"": false, ""exact_insert"": true, ""initial_reflection"": false, ""initial_rotation_span"": 1.5707963267948966, ""initial_rotation_steps"": 0, ""near_clear_distance"": 50.0, ""near_clear_radius"": 20.0, ""negative_regions"": ""disk"", ""opportunistic"": false, ""opportunistic_candidates"": 3, ""opportunistic_distance"": 650.0, ""probe_offset"": 0.25, ""radio_limit"": 12, ""route"": ""joint"", ""route_estimate"": 0.5, ""route_mode"": ""backbone"", ""scan_current_first"": true, ""search_first"": false, ""share"": true, ""share_ratio"": 0.7, ""source_bias"": 0.0, ""station_inner"": 990.0, ""station_layout"": ""8_16"", ""station_spec"": [8, 12, 995, 1864, 0], ""stop_when_found16"": true, ""trial_radius"": 40.0}",ablation/q4_no_rotation/q4/paper_q4_n16_s960042/metrics.json
ablation,q4_no_rotation,q4,paper_q4_n16_s960043,890edfc43be11ed9cb6673a095c3f9d1f9bd00eee552bcf025424d833eb387b8,960043,16,True,True,16,16,314.5714402206275,5033.14304353004,3861.143043530039,920.0,166.0,86.0,184,166,18,719e963966652c1df35a09e9625e49263f49dfebbcbc1b7610eeea42ea970306,"{""angle_bin"": 4.0, ""conditional_range"": true, ""crossbar"": true, ""crossbar_after_dark"": false, ""crossbar_fraction"": 0.25, ""crossbar_offset"": 0.03, ""crossbar_reference"": ""latest"", ""cumulative_cap"": 2, ""cumulative_points"": 0.0, ""directional"": false, ""drop_sites"": false, ""exact_insert"": true, ""initial_reflection"": false, ""initial_rotation_span"": 1.5707963267948966, ""initial_rotation_steps"": 0, ""near_clear_distance"": 50.0, ""near_clear_radius"": 20.0, ""negative_regions"": ""disk"", ""opportunistic"": false, ""opportunistic_candidates"": 3, ""opportunistic_distance"": 650.0, ""probe_offset"": 0.25, ""radio_limit"": 12, ""route"": ""joint"", ""route_estimate"": 0.5, ""route_mode"": ""backbone"", ""scan_current_first"": true, ""search_first"": false, ""share"": true, ""share_ratio"": 0.7, ""source_bias"": 0.0, ""station_inner"": 990.0, ""station_layout"": ""8_16"", ""station_spec"": [8, 12, 995, 1864, 0], ""stop_when_found16"": true, ""trial_radius"": 40.0}",ablation/q4_no_rotation/q4/paper_q4_n16_s960043/metrics.json
ablation,q4_no_rotation,q4,paper_q4_n16_s960044,3e93ad6707a0652a9c98c415187fd78b4c12165d349d1420dd80a0573d745e09,960044,16,True,True,16,16,363.0266554143305,5808.426486629288,4465.426486629289,1065.0,195.0,83.0,213,195,17,719e963966652c1df35a09e9625e49263f49dfebbcbc1b7610eeea42ea970306,"{""angle_bin"": 4.0, ""conditional_range"": true, ""crossbar"": true, ""crossbar_after_dark"": false, ""crossbar_fraction"": 0.25, ""crossbar_offset"": 0.03, ""crossbar_reference"": ""latest"", ""cumulative_cap"": 2, ""cumulative_points"": 0.0, ""directional"": false, ""drop_sites"": false, ""exact_insert"": true, ""initial_reflection"": false, ""initial_rotation_span"": 1.5707963267948966, ""initial_rotation_steps"": 0, ""near_clear_distance"": 50.0, ""near_clear_radius"": 20.0, ""negative_regions"": ""disk"", ""opportunistic"": false, ""opportunistic_candidates"": 3, ""opportunistic_distance"": 650.0, ""probe_offset"": 0.25, ""radio_limit"": 12, ""route"": ""joint"", ""route_estimate"": 0.5, ""route_mode"": ""backbone"", ""scan_current_first"": true, ""search_first"": false, ""share"": true, ""share_ratio"": 0.7, ""source_bias"": 0.0, ""station_inner"": 990.0, ""station_layout"": ""8_16"", ""station_spec"": [8, 12, 995, 1864, 0], ""stop_when_found16"": true, ""trial_radius"": 40.0}",ablation/q4_no_rotation/q4/paper_q4_n16_s960044/metrics.json
ablation,q4_no_rotation,q4,paper_q4_n16_s960045,3cad5d7f229b2c51c945985233487543874251e74c0e6b296e648079d13bb7f9,960045,16,True,True,16,16,334.086546276569,5345.384740425104,4257.384740425104,850.0,155.0,83.0,170,155,17,719e963966652c1df35a09e9625e49263f49dfebbcbc1b7610eeea42ea970306,"{""angle_bin"": 4.0, ""conditional_range"": true, ""crossbar"": true, ""crossbar_after_dark"": false, ""crossbar_fraction"": 0.25, ""crossbar_offset"": 0.03, ""crossbar_reference"": ""latest"", ""cumulative_cap"": 2, ""cumulative_points"": 0.0, ""directional"": false, ""drop_sites"": false, ""exact_insert"": true, ""initial_reflection"": false, ""initial_rotation_span"": 1.5707963267948966, ""initial_rotation_steps"": 0, ""near_clear_distance"": 50.0, ""near_clear_radius"": 20.0, ""negative_regions"": ""disk"", ""opportunistic"": false, ""opportunistic_candidates"": 3, ""opportunistic_distance"": 650.0, ""probe_offset"": 0.25, ""radio_limit"": 12, ""route"": ""joint"", ""route_estimate"": 0.5, ""route_mode"": ""backbone"", ""scan_current_first"": true, ""search_first"": false, ""share"": true, ""share_ratio"": 0.7, ""source_bias"": 0.0, ""station_inner"": 990.0, ""station_layout"": ""8_16"", ""station_spec"": [8, 12, 995, 1864, 0], ""stop_when_found16"": true, ""trial_radius"": 40.0}",ablation/q4_no_rotation/q4/paper_q4_n16_s960045/metrics.json
ablation,q4_no_rotation,q4,paper_q4_n16_s960046,7040da829ed4799b41c8235979675a92458a40cf4d2a21d36f2bd093a8fce226,960046,16,True,True,16,16,359.85521323022977,5757.683411683676,4317.683411683678,1145.0,215.0,80.0,229,215,16,719e963966652c1df35a09e9625e49263f49dfebbcbc1b7610eeea42ea970306,"{""angle_bin"": 4.0, ""conditional_range"": true, ""crossbar"": true, ""crossbar_after_dark"": false, ""crossbar_fraction"": 0.25, ""crossbar_offset"": 0.03, ""crossbar_reference"": ""latest"", ""cumulative_cap"": 2, ""cumulative_points"": 0.0, ""directional"": false, ""drop_sites"": false, ""exact_insert"": true, ""initial_reflection"": false, ""initial_rotation_span"": 1.5707963267948966, ""initial_rotation_steps"": 0, ""near_clear_distance"": 50.0, ""near_clear_radius"": 20.0, ""negative_regions"": ""disk"", ""opportunistic"": false, ""opportunistic_candidates"": 3, ""opportunistic_distance"": 650.0, ""probe_offset"": 0.25, ""radio_limit"": 12, ""route"": ""joint"", ""route_estimate"": 0.5, ""route_mode"": ""backbone"", ""scan_current_first"": true, ""search_first"": false, ""share"": true, ""share_ratio"": 0.7, ""source_bias"": 0.0, ""station_inner"": 990.0, ""station_layout"": ""8_16"", ""station_spec"": [8, 12, 995, 1864, 0], ""stop_when_found16"": true, ""trial_radius"": 40.0}",ablation/q4_no_rotation/q4/paper_q4_n16_s960046/metrics.json
ablation,q4_no_rotation,q4,paper_q4_n16_s960047,f8ec8de50f5e67238ff9f26f1b06b20e5cee54a52c2ecf8e944bf4566f28650b,960047,16,True,True,16,16,264.28822067291793,4228.611530766687,3317.6115307666864,695.0,127.0,89.0,139,127,19,719e963966652c1df35a09e9625e49263f49dfebbcbc1b7610eeea42ea970306,"{""angle_bin"": 4.0, ""conditional_range"": true, ""crossbar"": true, ""crossbar_after_dark"": false, ""crossbar_fraction"": 0.25, ""crossbar_offset"": 0.03, ""crossbar_reference"": ""latest"", ""cumulative_cap"": 2, ""cumulative_points"": 0.0, ""directional"": false, ""drop_sites"": false, ""exact_insert"": true, ""initial_reflection"": false, ""initial_rotation_span"": 1.5707963267948966, ""initial_rotation_steps"": 0, ""near_clear_distance"": 50.0, ""near_clear_radius"": 20.0, ""negative_regions"": ""disk"", ""opportunistic"": false, ""opportunistic_candidates"": 3, ""opportunistic_distance"": 650.0, ""probe_offset"": 0.25, ""radio_limit"": 12, ""route"": ""joint"", ""route_estimate"": 0.5, ""route_mode"": ""backbone"", ""scan_current_first"": true, ""search_first"": false, ""share"": true, ""share_ratio"": 0.7, ""source_bias"": 0.0, ""station_inner"": 990.0, ""station_layout"": ""8_16"", ""station_spec"": [8, 12, 995, 1864, 0], ""stop_when_found16"": true, ""trial_radius"": 40.0}",ablation/q4_no_rotation/q4/paper_q4_n16_s960047/metrics.json
ablation,q4_no_rotation,q4,paper_q4_n16_s960048,24b3a08e1ec1170c0cddce56334844156aa2af548365a9cf4896d69405a3be74,960048,16,True,True,16,16,327.3903744801475,5238.24599168236,4073.245991682361,915.0,170.0,80.0,183,170,16,719e963966652c1df35a09e9625e49263f49dfebbcbc1b7610eeea42ea970306,"{""angle_bin"": 4.0, ""conditional_range"": true, ""crossbar"": true, ""crossbar_after_dark"": false, ""crossbar_fraction"": 0.25, ""crossbar_offset"": 0.03, ""crossbar_reference"": ""latest"", ""cumulative_cap"": 2, ""cumulative_points"": 0.0, ""directional"": false, ""drop_sites"": false, ""exact_insert"": true, ""initial_reflection"": false, ""initial_rotation_span"": 1.5707963267948966, ""initial_rotation_steps"": 0, ""near_clear_distance"": 50.0, ""near_clear_radius"": 20.0, ""negative_regions"": ""disk"", ""opportunistic"": false, ""opportunistic_candidates"": 3, ""opportunistic_distance"": 650.0, ""probe_offset"": 0.25, ""radio_limit"": 12, ""route"": ""joint"", ""route_estimate"": 0.5, ""route_mode"": ""backbone"", ""scan_current_first"": true, ""search_first"": false, ""share"": true, ""share_ratio"": 0.7, ""source_bias"": 0.0, ""station_inner"": 990.0, ""station_layout"": ""8_16"", ""station_spec"": [8, 12, 995, 1864, 0], ""stop_when_found16"": true, ""trial_radius"": 40.0}",ablation/q4_no_rotation/q4/paper_q4_n16_s960048/metrics.json
ablation,q4_no_rotation,q4,paper_q4_n16_s960049,9c98e77ebf3bc49595e283c552192c4decebf03b6eada728c4e756a916cf4043,960049,16,True,True,16,16,247.0403842859843,3952.6461485757486,3058.6461485757486,685.0,126.0,83.0,137,126,17,719e963966652c1df35a09e9625e49263f49dfebbcbc1b7610eeea42ea970306,"{""angle_bin"": 4.0, ""conditional_range"": true, ""crossbar"": true, ""crossbar_after_dark"": false, ""crossbar_fraction"": 0.25, ""crossbar_offset"": 0.03, ""crossbar_reference"": ""latest"", ""cumulative_cap"": 2, ""cumulative_points"": 0.0, ""directional"": false, ""drop_sites"": false, ""exact_insert"": true, ""initial_reflection"": false, ""initial_rotation_span"": 1.5707963267948966, ""initial_rotation_steps"": 0, ""near_clear_distance"": 50.0, ""near_clear_radius"": 20.0, ""negative_regions"": ""disk"", ""opportunistic"": false, ""opportunistic_candidates"": 3, ""opportunistic_distance"": 650.0, ""probe_offset"": 0.25, ""radio_limit"": 12, ""route"": ""joint"", ""route_estimate"": 0.5, ""route_mode"": ""backbone"", ""scan_current_first"": true, ""search_first"": false, ""share"": true, ""share_ratio"": 0.7, ""source_bias"": 0.0, ""station_inner"": 990.0, ""station_layout"": ""8_16"", ""station_spec"": [8, 12, 995, 1864, 0], ""stop_when_found16"": true, ""trial_radius"": 40.0}",ablation/q4_no_rotation/q4/paper_q4_n16_s960049/metrics.json
ablation,q4_no_rotation,q4,paper_q4_n16_s960050,4c29da39e95a72a666d839bdfc3e2f12f3fe62af915ad74e5f93a916493ee72d,960050,16,True,True,16,16,291.82245696904874,4669.15931150478,3620.1593115047804,805.0,149.0,95.0,161,149,21,719e963966652c1df35a09e9625e49263f49dfebbcbc1b7610eeea42ea970306,"{""angle_bin"": 4.0, ""conditional_range"": true, ""crossbar"": true, ""crossbar_after_dark"": false, ""crossbar_fraction"": 0.25, ""crossbar_offset"": 0.03, ""crossbar_reference"": ""latest"", ""cumulative_cap"": 2, ""cumulative_points"": 0.0, ""directional"": false, ""drop_sites"": false, ""exact_insert"": true, ""initial_reflection"": false, ""initial_rotation_span"": 1.5707963267948966, ""initial_rotation_steps"": 0, ""near_clear_distance"": 50.0, ""near_clear_radius"": 20.0, ""negative_regions"": ""disk"", ""opportunistic"": false, ""opportunistic_candidates"": 3, ""opportunistic_distance"": 650.0, ""probe_offset"": 0.25, ""radio_limit"": 12, ""route"": ""joint"", ""route_estimate"": 0.5, ""route_mode"": ""backbone"", ""scan_current_first"": true, ""search_first"": false, ""share"": true, ""share_ratio"": 0.7, ""source_bias"": 0.0, ""station_inner"": 990.0, ""station_layout"": ""8_16"", ""station_spec"": [8, 12, 995, 1864, 0], ""stop_when_found16"": true, ""trial_radius"": 40.0}",ablation/q4_no_rotation/q4/paper_q4_n16_s960050/metrics.json
ablation,q4_no_rotation,q4,paper_q4_n16_s960051,3a7ba2677cfe71015289966abc8bab618fbdab5aac52bf87159b29697354bffb,960051,16,True,True,16,16,240.17143434070877,3842.7429494513403,3085.7429494513403,570.0,101.0,86.0,114,101,18,719e963966652c1df35a09e9625e49263f49dfebbcbc1b7610eeea42ea970306,"{""angle_bin"": 4.0, ""conditional_range"": true, ""crossbar"": true, ""crossbar_after_dark"": false, ""crossbar_fraction"": 0.25, ""crossbar_offset"": 0.03, ""crossbar_reference"": ""latest"", ""cumulative_cap"": 2, ""cumulative_points"": 0.0, ""directional"": false, ""drop_sites"": false, ""exact_insert"": true, ""initial_reflection"": false, ""initial_rotation_span"": 1.5707963267948966, ""initial_rotation_steps"": 0, ""near_clear_distance"": 50.0, ""near_clear_radius"": 20.0, ""negative_regions"": ""disk"", ""opportunistic"": false, ""opportunistic_candidates"": 3, ""opportunistic_distance"": 650.0, ""probe_offset"": 0.25, ""radio_limit"": 12, ""route"": ""joint"", ""route_estimate"": 0.5, ""route_mode"": ""backbone"", ""scan_current_first"": true, ""search_first"": false, ""share"": true, ""share_ratio"": 0.7, ""source_bias"": 0.0, ""station_inner"": 990.0, ""station_layout"": ""8_16"", ""station_spec"": [8, 12, 995, 1864, 0], ""stop_when_found16"": true, ""trial_radius"": 40.0}",ablation/q4_no_rotation/q4/paper_q4_n16_s960051/metrics.json
ablation,q4_no_rotation,q4,paper_q4_n16_s960052,64efc316b5c7066cc78ffc5fa9e03f2022e248a5547a0fff712b1db67655f2eb,960052,16,True,True,16,16,363.151494012008,5810.423904192128,4523.423904192128,1000.0,183.0,104.0,200,183,24,719e963966652c1df35a09e9625e49263f49dfebbcbc1b7610eeea42ea970306,"{""angle_bin"": 4.0, ""conditional_range"": true, ""crossbar"": true, ""crossbar_after_dark"": false, ""crossbar_fraction"": 0.25, ""crossbar_offset"": 0.03, ""crossbar_reference"": ""latest"", ""cumulative_cap"": 2, ""cumulative_points"": 0.0, ""directional"": false, ""drop_sites"": false, ""exact_insert"": true, ""initial_reflection"": false, ""initial_rotation_span"": 1.5707963267948966, ""initial_rotation_steps"": 0, ""near_clear_distance"": 50.0, ""near_clear_radius"": 20.0, ""negative_regions"": ""disk"", ""opportunistic"": false, ""opportunistic_candidates"": 3, ""opportunistic_distance"": 650.0, ""probe_offset"": 0.25, ""radio_limit"": 12, ""route"": ""joint"", ""route_estimate"": 0.5, ""route_mode"": ""backbone"", ""scan_current_first"": true, ""search_first"": false, ""share"": true, ""share_ratio"": 0.7, ""source_bias"": 0.0, ""station_inner"": 990.0, ""station_layout"": ""8_16"", ""station_spec"": [8, 12, 995, 1864, 0], ""stop_when_found16"": true, ""trial_radius"": 40.0}",ablation/q4_no_rotation/q4/paper_q4_n16_s960052/metrics.json
ablation,q4_no_rotation,q4,paper_q4_n16_s960053,7df246795c5f13b0c33ba6cbd4aa1c946cba1de4d90d6bd6674d2717fb8af615,960053,16,True,True,16,16,307.65044983206764,4922.407197313082,3728.4071973130817,940.0,171.0,83.0,188,171,17,719e963966652c1df35a09e9625e49263f49dfebbcbc1b7610eeea42ea970306,"{""angle_bin"": 4.0, ""conditional_range"": true, ""crossbar"": true, ""crossbar_after_dark"": false, ""crossbar_fraction"": 0.25, ""crossbar_offset"": 0.03, ""crossbar_reference"": ""latest"", ""cumulative_cap"": 2, ""cumulative_points"": 0.0, ""directional"": false, ""drop_sites"": false, ""exact_insert"": true, ""initial_reflection"": false, ""initial_rotation_span"": 1.5707963267948966, ""initial_rotation_steps"": 0, ""near_clear_distance"": 50.0, ""near_clear_radius"": 20.0, ""negative_regions"": ""disk"", ""opportunistic"": false, ""opportunistic_candidates"": 3, ""opportunistic_distance"": 650.0, ""probe_offset"": 0.25, ""radio_limit"": 12, ""route"": ""joint"", ""route_estimate"": 0.5, ""route_mode"": ""backbone"", ""scan_current_first"": true, ""search_first"": false, ""share"": true, ""share_ratio"": 0.7, ""source_bias"": 0.0, ""station_inner"": 990.0, ""station_layout"": ""8_16"", ""station_spec"": [8, 12, 995, 1864, 0], ""stop_when_found16"": true, ""trial_radius"": 40.0}",ablation/q4_no_rotation/q4/paper_q4_n16_s960053/metrics.json
ablation,q4_no_rotation,q4,paper_q4_n16_s960054,8206890b9b420cbaea6b693c5cf72b030d8708ed8e056c338d28b1e44d86553c,960054,16,True,True,16,16,351.79337886089866,5628.6940617743785,4178.694061774379,1150.0,214.0,86.0,230,214,18,719e963966652c1df35a09e9625e49263f49dfebbcbc1b7610eeea42ea970306,"{""angle_bin"": 4.0, ""conditional_range"": true, ""crossbar"": true, ""crossbar_after_dark"": false, ""crossbar_fraction"": 0.25, ""crossbar_offset"": 0.03, ""crossbar_reference"": ""latest"", ""cumulative_cap"": 2, ""cumulative_points"": 0.0, ""directional"": false, ""drop_sites"": false, ""exact_insert"": true, ""initial_reflection"": false, ""initial_rotation_span"": 1.5707963267948966, ""initial_rotation_steps"": 0, ""near_clear_distance"": 50.0, ""near_clear_radius"": 20.0, ""negative_regions"": ""disk"", ""opportunistic"": false, ""opportunistic_candidates"": 3, ""opportunistic_distance"": 650.0, ""probe_offset"": 0.25, ""radio_limit"": 12, ""route"": ""joint"", ""route_estimate"": 0.5, ""route_mode"": ""backbone"", ""scan_current_first"": true, ""search_first"": false, ""share"": true, ""share_ratio"": 0.7, ""source_bias"": 0.0, ""station_inner"": 990.0, ""station_layout"": ""8_16"", ""station_spec"": [8, 12, 995, 1864, 0], ""stop_when_found16"": true, ""trial_radius"": 40.0}",ablation/q4_no_rotation/q4/paper_q4_n16_s960054/metrics.json
ablation,q4_no_rotation,q4,paper_q4_n16_s960055,6ff9e44e5b062ac46df867868e4bfdbce3357ab9b37f57f39768831f22daa029,960055,16,True,True,16,16,308.2999986240797,4932.799977985275,3900.7999779852726,800.0,143.0,89.0,160,143,19,719e963966652c1df35a09e9625e49263f49dfebbcbc1b7610eeea42ea970306,"{""angle_bin"": 4.0, ""conditional_range"": true, ""crossbar"": true, ""crossbar_after_dark"": false, ""crossbar_fraction"": 0.25, ""crossbar_offset"": 0.03, ""crossbar_reference"": ""latest"", ""cumulative_cap"": 2, ""cumulative_points"": 0.0, ""directional"": false, ""drop_sites"": false, ""exact_insert"": true, ""initial_reflection"": false, ""initial_rotation_span"": 1.5707963267948966, ""initial_rotation_steps"": 0, ""near_clear_distance"": 50.0, ""near_clear_radius"": 20.0, ""negative_regions"": ""disk"", ""opportunistic"": false, ""opportunistic_candidates"": 3, ""opportunistic_distance"": 650.0, ""probe_offset"": 0.25, ""radio_limit"": 12, ""route"": ""joint"", ""route_estimate"": 0.5, ""route_mode"": ""backbone"", ""scan_current_first"": true, ""search_first"": false, ""share"": true, ""share_ratio"": 0.7, ""source_bias"": 0.0, ""station_inner"": 990.0, ""station_layout"": ""8_16"", ""station_spec"": [8, 12, 995, 1864, 0], ""stop_when_found16"": true, ""trial_radius"": 40.0}",ablation/q4_no_rotation/q4/paper_q4_n16_s960055/metrics.json
ablation,q4_no_rotation,q4,paper_q4_n16_s960056,6b2792b601130b0b46aa97b1ac0735656b2418610783d47c53cab64564495da2,960056,16,True,True,16,16,310.11946431710805,4961.911429073729,3858.911429073729,840.0,159.0,104.0,168,159,24,719e963966652c1df35a09e9625e49263f49dfebbcbc1b7610eeea42ea970306,"{""angle_bin"": 4.0, ""conditional_range"": true, ""crossbar"": true, ""crossbar_after_dark"": false, ""crossbar_fraction"": 0.25, ""crossbar_offset"": 0.03, ""crossbar_reference"": ""latest"", ""cumulative_cap"": 2, ""cumulative_points"": 0.0, ""directional"": false, ""drop_sites"": false, ""exact_insert"": true, ""initial_reflection"": false, ""initial_rotation_span"": 1.5707963267948966, ""initial_rotation_steps"": 0, ""near_clear_distance"": 50.0, ""near_clear_radius"": 20.0, ""negative_regions"": ""disk"", ""opportunistic"": false, ""opportunistic_candidates"": 3, ""opportunistic_distance"": 650.0, ""probe_offset"": 0.25, ""radio_limit"": 12, ""route"": ""joint"", ""route_estimate"": 0.5, ""route_mode"": ""backbone"", ""scan_current_first"": true, ""search_first"": false, ""share"": true, ""share_ratio"": 0.7, ""source_bias"": 0.0, ""station_inner"": 990.0, ""station_layout"": ""8_16"", ""station_spec"": [8, 12, 995, 1864, 0], ""stop_when_found16"": true, ""trial_radius"": 40.0}",ablation/q4_no_rotation/q4/paper_q4_n16_s960056/metrics.json
ablation,q4_no_rotation,q4,paper_q4_n16_s960057,6c60a413ad3c5d739c953deb475923dd63ed809d6227e8d1925f0cd9b6100136,960057,16,True,True,16,16,344.8081627409018,5516.930603854429,4236.930603854429,1010.0,184.0,86.0,202,184,18,719e963966652c1df35a09e9625e49263f49dfebbcbc1b7610eeea42ea970306,"{""angle_bin"": 4.0, ""conditional_range"": true, ""crossbar"": true, ""crossbar_after_dark"": false, ""crossbar_fraction"": 0.25, ""crossbar_offset"": 0.03, ""crossbar_reference"": ""latest"", ""cumulative_cap"": 2, ""cumulative_points"": 0.0, ""directional"": false, ""drop_sites"": false, ""exact_insert"": true, ""initial_reflection"": false, ""initial_rotation_span"": 1.5707963267948966, ""initial_rotation_steps"": 0, ""near_clear_distance"": 50.0, ""near_clear_radius"": 20.0, ""negative_regions"": ""disk"", ""opportunistic"": false, ""opportunistic_candidates"": 3, ""opportunistic_distance"": 650.0, ""probe_offset"": 0.25, ""radio_limit"": 12, ""route"": ""joint"", ""route_estimate"": 0.5, ""route_mode"": ""backbone"", ""scan_current_first"": true, ""search_first"": false, ""share"": true, ""share_ratio"": 0.7, ""source_bias"": 0.0, ""station_inner"": 990.0, ""station_layout"": ""8_16"", ""station_spec"": [8, 12, 995, 1864, 0], ""stop_when_found16"": true, ""trial_radius"": 40.0}",ablation/q4_no_rotation/q4/paper_q4_n16_s960057/metrics.json
ablation,q4_no_rotation,q4,paper_q4_n16_s960058,0694e76cf04a8b334687d6f66c3b8e5bd22fee936abafbcd9aed87fab9ea8753,960058,16,True,True,16,16,343.56396360747266,5497.0234177195625,4243.023417719561,990.0,181.0,83.0,198,181,17,719e963966652c1df35a09e9625e49263f49dfebbcbc1b7610eeea42ea970306,"{""angle_bin"": 4.0, ""conditional_range"": true, ""crossbar"": true, ""crossbar_after_dark"": false, ""crossbar_fraction"": 0.25, ""crossbar_offset"": 0.03, ""crossbar_reference"": ""latest"", ""cumulative_cap"": 2, ""cumulative_points"": 0.0, ""directional"": false, ""drop_sites"": false, ""exact_insert"": true, ""initial_reflection"": false, ""initial_rotation_span"": 1.5707963267948966, ""initial_rotation_steps"": 0, ""near_clear_distance"": 50.0, ""near_clear_radius"": 20.0, ""negative_regions"": ""disk"", ""opportunistic"": false, ""opportunistic_candidates"": 3, ""opportunistic_distance"": 650.0, ""probe_offset"": 0.25, ""radio_limit"": 12, ""route"": ""joint"", ""route_estimate"": 0.5, ""route_mode"": ""backbone"", ""scan_current_first"": true, ""search_first"": false, ""share"": true, ""share_ratio"": 0.7, ""source_bias"": 0.0, ""station_inner"": 990.0, ""station_layout"": ""8_16"", ""station_spec"": [8, 12, 995, 1864, 0], ""stop_when_found16"": true, ""trial_radius"": 40.0}",ablation/q4_no_rotation/q4/paper_q4_n16_s960058/metrics.json
ablation,q4_no_rotation,q4,paper_q4_n16_s960059,05cc90bed98c2e255fab9f8178fbf5b2a553268aabc778715431067900d5c20d,960059,16,True,True,16,16,278.0297081235182,4448.4753299762915,3440.4753299762915,780.0,142.0,86.0,156,142,18,719e963966652c1df35a09e9625e49263f49dfebbcbc1b7610eeea42ea970306,"{""angle_bin"": 4.0, ""conditional_range"": true, ""crossbar"": true, ""crossbar_after_dark"": false, ""crossbar_fraction"": 0.25, ""crossbar_offset"": 0.03, ""crossbar_reference"": ""latest"", ""cumulative_cap"": 2, ""cumulative_points"": 0.0, ""directional"": false, ""drop_sites"": false, ""exact_insert"": true, ""initial_reflection"": false, ""initial_rotation_span"": 1.5707963267948966, ""initial_rotation_steps"": 0, ""near_clear_distance"": 50.0, ""near_clear_radius"": 20.0, ""negative_regions"": ""disk"", ""opportunistic"": false, ""opportunistic_candidates"": 3, ""opportunistic_distance"": 650.0, ""probe_offset"": 0.25, ""radio_limit"": 12, ""route"": ""joint"", ""route_estimate"": 0.5, ""route_mode"": ""backbone"", ""scan_current_first"": true, ""search_first"": false, ""share"": true, ""share_ratio"": 0.7, ""source_bias"": 0.0, ""station_inner"": 990.0, ""station_layout"": ""8_16"", ""station_spec"": [8, 12, 995, 1864, 0], ""stop_when_found16"": true, ""trial_radius"": 40.0}",ablation/q4_no_rotation/q4/paper_q4_n16_s960059/metrics.json
ablation,q4_no_trial_clear,q4,paper_q4_n10_s960000,921ea355b3d9146956f61f4ae430d6b93f1e70cdd84e26d3abe69cad19bef54c,960000,10,True,True,10,10,620.3111910164612,6203.111910164612,4310.111910164613,1550.0,293.0,50.0,310,293,10,6e52ea47c0222778a919655110fe909840a1d0bf95861ecbd0d05be09df303a1,"{""angle_bin"": 4.0, ""conditional_range"": true, ""crossbar"": true, ""crossbar_after_dark"": false, ""crossbar_fraction"": 0.25, ""crossbar_offset"": 0.03, ""crossbar_reference"": ""latest"", ""cumulative_cap"": 2, ""cumulative_points"": 0.0, ""directional"": false, ""drop_sites"": false, ""exact_insert"": true, ""initial_reflection"": false, ""initial_rotation_span"": 1.5707963267948966, ""initial_rotation_steps"": 12, ""near_clear_distance"": 50.0, ""near_clear_radius"": 20.0, ""negative_regions"": ""disk"", ""opportunistic"": false, ""opportunistic_candidates"": 3, ""opportunistic_distance"": 650.0, ""probe_offset"": 0.25, ""radio_limit"": 12, ""route"": ""joint"", ""route_estimate"": 0.5, ""route_mode"": ""backbone"", ""scan_current_first"": true, ""search_first"": false, ""share"": true, ""share_ratio"": 0.7, ""source_bias"": 0.0, ""station_inner"": 990.0, ""station_layout"": ""8_16"", ""station_spec"": [8, 12, 995, 1864, 0], ""stop_when_found16"": true, ""trial_radius"": 0}",ablation/q4_no_trial_clear/q4/paper_q4_n10_s960000/metrics.json
ablation,q4_no_trial_clear,q4,paper_q4_n10_s960001,3c2d90f667bad6974cdf0e248fab341486a301486b771273f764547f2751f8cb,960001,10,True,True,10,10,615.1883966527347,6151.883966527347,4256.883966527349,1555.0,290.0,50.0,311,290,10,6e52ea47c0222778a919655110fe909840a1d0bf95861ecbd0d05be09df303a1,"{""angle_bin"": 4.0, ""conditional_range"": true, ""crossbar"": true, ""crossbar_after_dark"": false, ""crossbar_fraction"": 0.25, ""crossbar_offset"": 0.03, ""crossbar_reference"": ""latest"", ""cumulative_cap"": 2, ""cumulative_points"": 0.0, ""directional"": false, ""drop_sites"": false, ""exact_insert"": true, ""initial_reflection"": false, ""initial_rotation_span"": 1.5707963267948966, ""initial_rotation_steps"": 12, ""near_clear_distance"": 50.0, ""near_clear_radius"": 20.0, ""negative_regions"": ""disk"", ""opportunistic"": false, ""opportunistic_candidates"": 3, ""opportunistic_distance"": 650.0, ""probe_offset"": 0.25, ""radio_limit"": 12, ""route"": ""joint"", ""route_estimate"": 0.5, ""route_mode"": ""backbone"", ""scan_current_first"": true, ""search_first"": false, ""share"": true, ""share_ratio"": 0.7, ""source_bias"": 0.0, ""station_inner"": 990.0, ""station_layout"": ""8_16"", ""station_spec"": [8, 12, 995, 1864, 0], ""stop_when_found16"": true, ""trial_radius"": 0}",ablation/q4_no_trial_clear/q4/paper_q4_n10_s960001/metrics.json
ablation,q4_no_trial_clear,q4,paper_q4_n10_s960002,4b89a8df99cafd241c47e55af9f95a54b1ee9ea5e16fe7130e2b7163c9f09d32,960002,10,True,True,10,10,564.7388099705615,5647.388099705616,3914.3880997056153,1420.0,263.0,50.0,284,263,10,6e52ea47c0222778a919655110fe909840a1d0bf95861ecbd0d05be09df303a1,"{""angle_bin"": 4.0, ""conditional_range"": true, ""crossbar"": true, ""crossbar_after_dark"": false, ""crossbar_fraction"": 0.25, ""crossbar_offset"": 0.03, ""crossbar_reference"": ""latest"", ""cumulative_cap"": 2, ""cumulative_points"": 0.0, ""directional"": false, ""drop_sites"": false, ""exact_insert"": true, ""initial_reflection"": false, ""initial_rotation_span"": 1.5707963267948966, ""initial_rotation_steps"": 12, ""near_clear_distance"": 50.0, ""near_clear_radius"": 20.0, ""negative_regions"": ""disk"", ""opportunistic"": false, ""opportunistic_candidates"": 3, ""opportunistic_distance"": 650.0, ""probe_offset"": 0.25, ""radio_limit"": 12, ""route"": ""joint"", ""route_estimate"": 0.5, ""route_mode"": ""backbone"", ""scan_current_first"": true, ""search_first"": false, ""share"": true, ""share_ratio"": 0.7, ""source_bias"": 0.0, ""station_inner"": 990.0, ""station_layout"": ""8_16"", ""station_spec"": [8, 12, 995, 1864, 0], ""stop_when_found16"": true, ""trial_radius"": 0}",ablation/q4_no_trial_clear/q4/paper_q4_n10_s960002/metrics.json
ablation,q4_no_trial_clear,q4,paper_q4_n10_s960003,d5ee7b8cfe10c43ea185cc639804aae71d411b01ee1540fbc540be5e6fa22c0a,960003,10,True,True,10,10,559.09969064153,5590.996906415299,3944.9969064153,1340.0,256.0,50.0,268,256,10,6e52ea47c0222778a919655110fe909840a1d0bf95861ecbd0d05be09df303a1,"{""angle_bin"": 4.0, ""conditional_range"": true, ""crossbar"": true, ""crossbar_after_dark"": false, ""crossbar_fraction"": 0.25, ""crossbar_offset"": 0.03, ""crossbar_reference"": ""latest"", ""cumulative_cap"": 2, ""cumulative_points"": 0.0, ""directional"": false, ""drop_sites"": false, ""exact_insert"": true, ""initial_reflection"": false, ""initial_rotation_span"": 1.5707963267948966, ""initial_rotation_steps"": 12, ""near_clear_distance"": 50.0, ""near_clear_radius"": 20.0, ""negative_regions"": ""disk"", ""opportunistic"": false, ""opportunistic_candidates"": 3, ""opportunistic_distance"": 650.0, ""probe_offset"": 0.25, ""radio_limit"": 12, ""route"": ""joint"", ""route_estimate"": 0.5, ""route_mode"": ""backbone"", ""scan_current_first"": true, ""search_first"": false, ""share"": true, ""share_ratio"": 0.7, ""source_bias"": 0.0, ""station_inner"": 990.0, ""station_layout"": ""8_16"", ""station_spec"": [8, 12, 995, 1864, 0], ""stop_when_found16"": true, ""trial_radius"": 0}",ablation/q4_no_trial_clear/q4/paper_q4_n10_s960003/metrics.json
ablation,q4_no_trial_clear,q4,paper_q4_n10_s960004,1f988b31cf831af5aa25ce187ed6e54272d6b1871772eaa9bb115b1b6d726bd2,960004,10,True,True,10,10,578.5833377310485,5785.833377310485,4018.833377310486,1450.0,267.0,50.0,290,267,10,6e52ea47c0222778a919655110fe909840a1d0bf95861ecbd0d05be09df303a1,"{""angle_bin"": 4.0, ""conditional_range"": true, ""crossbar"": true, ""crossbar_after_dark"": false, ""crossbar_fraction"": 0.25, ""crossbar_offset"": 0.03, ""crossbar_reference"": ""latest"", ""cumulative_cap"": 2, ""cumulative_points"": 0.0, ""directional"": false, ""drop_sites"": false, ""exact_insert"": true, ""initial_reflection"": false, ""initial_rotation_span"": 1.5707963267948966, ""initial_rotation_steps"": 12, ""near_clear_distance"": 50.0, ""near_clear_radius"": 20.0, ""negative_regions"": ""disk"", ""opportunistic"": false, ""opportunistic_candidates"": 3, ""opportunistic_distance"": 650.0, ""probe_offset"": 0.25, ""radio_limit"": 12, ""route"": ""joint"", ""route_estimate"": 0.5, ""route_mode"": ""backbone"", ""scan_current_first"": true, ""search_first"": false, ""share"": true, ""share_ratio"": 0.7, ""source_bias"": 0.0, ""station_inner"": 990.0, ""station_layout"": ""8_16"", ""station_spec"": [8, 12, 995, 1864, 0], ""stop_when_found16"": true, ""trial_radius"": 0}",ablation/q4_no_trial_clear/q4/paper_q4_n10_s960004/metrics.json
ablation,q4_no_trial_clear,q4,paper_q4_n10_s960005,36aded449d8bbfeb55636622cc59a5b1dfcbc8fcf60b6079d88a2a6a4db548bd,960005,10,True,True,10,10,627.2726732127951,6272.7267321279505,4432.726732127951,1510.0,280.0,50.0,302,280,10,6e52ea47c0222778a919655110fe909840a1d0bf95861ecbd0d05be09df303a1,"{""angle_bin"": 4.0, ""conditional_range"": true, ""crossbar"": true, ""crossbar_after_dark"": false, ""crossbar_fraction"": 0.25, ""crossbar_offset"": 0.03, ""crossbar_reference"": ""latest"", ""cumulative_cap"": 2, ""cumulative_points"": 0.0, ""directional"": false, ""drop_sites"": false, ""exact_insert"": true, ""initial_reflection"": false, ""initial_rotation_span"": 1.5707963267948966, ""initial_rotation_steps"": 12, ""near_clear_distance"": 50.0, ""near_clear_radius"": 20.0, ""negative_regions"": ""disk"", ""opportunistic"": false, ""opportunistic_candidates"": 3, ""opportunistic_distance"": 650.0, ""probe_offset"": 0.25, ""radio_limit"": 12, ""route"": ""joint"", ""route_estimate"": 0.5, ""route_mode"": ""backbone"", ""scan_current_first"": true, ""search_first"": false, ""share"": true, ""share_ratio"": 0.7, ""source_bias"": 0.0, ""station_inner"": 990.0, ""station_layout"": ""8_16"", ""station_spec"": [8, 12, 995, 1864, 0], ""stop_when_found16"": true, ""trial_radius"": 0}",ablation/q4_no_trial_clear/q4/paper_q4_n10_s960005/metrics.json
ablation,q4_no_trial_clear,q4,paper_q4_n10_s960006,c7754a55042641796f5da3b168928bb8ff738fbb0d2e2e310b4d1fb86d611e47,960006,10,True,True,10,10,571.111323916983,5711.11323916983,3899.1132391698293,1480.0,282.0,50.0,296,282,10,6e52ea47c0222778a919655110fe909840a1d0bf95861ecbd0d05be09df303a1,"{""angle_bin"": 4.0, ""conditional_range"": true, ""crossbar"": true, ""crossbar_after_dark"": false, ""crossbar_fraction"": 0.25, ""crossbar_offset"": 0.03, ""crossbar_reference"": ""latest"", ""cumulative_cap"": 2, ""cumulative_points"": 0.0, ""directional"": false, ""drop_sites"": false, ""exact_insert"": true, ""initial_reflection"": false, ""initial_rotation_span"": 1.5707963267948966, ""initial_rotation_steps"": 12, ""near_clear_distance"": 50.0, ""near_clear_radius"": 20.0, ""negative_regions"": ""disk"", ""opportunistic"": false, ""opportunistic_candidates"": 3, ""opportunistic_distance"": 650.0, ""probe_offset"": 0.25, ""radio_limit"": 12, ""route"": ""joint"", ""route_estimate"": 0.5, ""route_mode"": ""backbone"", ""scan_current_first"": true, ""search_first"": false, ""share"": true, ""share_ratio"": 0.7, ""source_bias"": 0.0, ""station_inner"": 990.0, ""station_layout"": ""8_16"", ""station_spec"": [8, 12, 995, 1864, 0], ""stop_when_found16"": true, ""trial_radius"": 0}",ablation/q4_no_trial_clear/q4/paper_q4_n10_s960006/metrics.json
ablation,q4_no_trial_clear,q4,paper_q4_n10_s960007,c5089d6ba525d50783481797dc61d8eadaf230536dbac78f493ed66526ca66f3,960007,10,True,True,10,10,645.440646571115,6454.40646571115,4643.40646571115,1485.0,276.0,50.0,297,276,10,6e52ea47c0222778a919655110fe909840a1d0bf95861ecbd0d05be09df303a1,"{""angle_bin"": 4.0, ""conditional_range"": true, ""crossbar"": true, ""crossbar_after_dark"": false, ""crossbar_fraction"": 0.25, ""crossbar_offset"": 0.03, ""crossbar_reference"": ""latest"", ""cumulative_cap"": 2, ""cumulative_points"": 0.0, ""directional"": false, ""drop_sites"": false, ""exact_insert"": true, ""initial_reflection"": false, ""initial_rotation_span"": 1.5707963267948966, ""initial_rotation_steps"": 12, ""near_clear_distance"": 50.0, ""near_clear_radius"": 20.0, ""negative_regions"": ""disk"", ""opportunistic"": false, ""opportunistic_candidates"": 3, ""opportunistic_distance"": 650.0, ""probe_offset"": 0.25, ""radio_limit"": 12, ""route"": ""joint"", ""route_estimate"": 0.5, ""route_mode"": ""backbone"", ""scan_current_first"": true, ""search_first"": false, ""share"": true, ""share_ratio"": 0.7, ""source_bias"": 0.0, ""station_inner"": 990.0, ""station_layout"": ""8_16"", ""station_spec"": [8, 12, 995, 1864, 0], ""stop_when_found16"": true, ""trial_radius"": 0}",ablation/q4_no_trial_clear/q4/paper_q4_n10_s960007/metrics.json
ablation,q4_no_trial_clear,q4,paper_q4_n10_s960008,a50200084bba6ca5d833b6999a3601288c4f3dd93878e69d939e923b69cc679b,960008,10,True,True,10,10,580.2453412174772,5802.453412174772,3972.453412174771,1490.0,290.0,50.0,298,290,10,6e52ea47c0222778a919655110fe909840a1d0bf95861ecbd0d05be09df303a1,"{""angle_bin"": 4.0, ""conditional_range"": true, ""crossbar"": true, ""crossbar_after_dark"": false, ""crossbar_fraction"": 0.25, ""crossbar_offset"": 0.03, ""crossbar_reference"": ""latest"", ""cumulative_cap"": 2, ""cumulative_points"": 0.0, ""directional"": false, ""drop_sites"": false, ""exact_insert"": true, ""initial_reflection"": false, ""initial_rotation_span"": 1.5707963267948966, ""initial_rotation_steps"": 12, ""near_clear_distance"": 50.0, ""near_clear_radius"": 20.0, ""negative_regions"": ""disk"", ""opportunistic"": false, ""opportunistic_candidates"": 3, ""opportunistic_distance"": 650.0, ""probe_offset"": 0.25, ""radio_limit"": 12, ""route"": ""joint"", ""route_estimate"": 0.5, ""route_mode"": ""backbone"", ""scan_current_first"": true, ""search_first"": false, ""share"": true, ""share_ratio"": 0.7, ""source_bias"": 0.0, ""station_inner"": 990.0, ""station_layout"": ""8_16"", ""station_spec"": [8, 12, 995, 1864, 0], ""stop_when_found16"": true, ""trial_radius"": 0}",ablation/q4_no_trial_clear/q4/paper_q4_n10_s960008/metrics.json
ablation,q4_no_trial_clear,q4,paper_q4_n10_s960009,8e49a81d41852454f8fdbe13137b9782a07dbf23b608ccb0e8f1778d9e0256a4,960009,10,True,True,10,10,608.838188451781,6088.381884517809,4218.381884517809,1530.0,290.0,50.0,306,290,10,6e52ea47c0222778a919655110fe909840a1d0bf95861ecbd0d05be09df303a1,"{""angle_bin"": 4.0, ""conditional_range"": true, ""crossbar"": true, ""crossbar_after_dark"": false, ""crossbar_fraction"": 0.25, ""crossbar_offset"": 0.03, ""crossbar_reference"": ""latest"", ""cumulative_cap"": 2, ""cumulative_points"": 0.0, ""directional"": false, ""drop_sites"": false, ""exact_insert"": true, ""initial_reflection"": false, ""initial_rotation_span"": 1.5707963267948966, ""initial_rotation_steps"": 12, ""near_clear_distance"": 50.0, ""near_clear_radius"": 20.0, ""negative_regions"": ""disk"", ""opportunistic"": false, ""opportunistic_candidates"": 3, ""opportunistic_distance"": 650.0, ""probe_offset"": 0.25, ""radio_limit"": 12, ""route"": ""joint"", ""route_estimate"": 0.5, ""route_mode"": ""backbone"", ""scan_current_first"": true, ""search_first"": false, ""share"": true, ""share_ratio"": 0.7, ""source_bias"": 0.0, ""station_inner"": 990.0, ""station_layout"": ""8_16"", ""station_spec"": [8, 12, 995, 1864, 0], ""stop_when_found16"": true, ""trial_radius"": 0}",ablation/q4_no_trial_clear/q4/paper_q4_n10_s960009/metrics.json
ablation,q4_no_trial_clear,q4,paper_q4_n10_s960010,d1a4e53a0b827ae62d623b532b77ab5d10c17699e4e4d6eb7f02f22fd4ed50eb,960010,10,True,True,10,10,566.2640157906752,5662.640157906752,3961.640157906754,1390.0,261.0,50.0,278,261,10,6e52ea47c0222778a919655110fe909840a1d0bf95861ecbd0d05be09df303a1,"{""angle_bin"": 4.0, ""conditional_range"": true, ""crossbar"": true, ""crossbar_after_dark"": false, ""crossbar_fraction"": 0.25, ""crossbar_offset"": 0.03, ""crossbar_reference"": ""latest"", ""cumulative_cap"": 2, ""cumulative_points"": 0.0, ""directional"": false, ""drop_sites"": false, ""exact_insert"": true, ""initial_reflection"": false, ""initial_rotation_span"": 1.5707963267948966, ""initial_rotation_steps"": 12, ""near_clear_distance"": 50.0, ""near_clear_radius"": 20.0, ""negative_regions"": ""disk"", ""opportunistic"": false, ""opportunistic_candidates"": 3, ""opportunistic_distance"": 650.0, ""probe_offset"": 0.25, ""radio_limit"": 12, ""route"": ""joint"", ""route_estimate"": 0.5, ""route_mode"": ""backbone"", ""scan_current_first"": true, ""search_first"": false, ""share"": true, ""share_ratio"": 0.7, ""source_bias"": 0.0, ""station_inner"": 990.0, ""station_layout"": ""8_16"", ""station_spec"": [8, 12, 995, 1864, 0], ""stop_when_found16"": true, ""trial_radius"": 0}",ablation/q4_no_trial_clear/q4/paper_q4_n10_s960010/metrics.json
ablation,q4_no_trial_clear,q4,paper_q4_n10_s960011,766d81fe94af0b07461fadce21001d3498e149dd464251863bbf8dd6544f916c,960011,10,True,True,10,10,577.1955560815394,5771.955560815394,4015.955560815395,1440.0,266.0,50.0,288,266,10,6e52ea47c0222778a919655110fe909840a1d0bf95861ecbd0d05be09df303a1,"{""angle_bin"": 4.0, ""conditional_range"": true, ""crossbar"": true, ""crossbar_after_dark"": false, ""crossbar_fraction"": 0.25, ""crossbar_offset"": 0.03, ""crossbar_reference"": ""latest"", ""cumulative_cap"": 2, ""cumulative_points"": 0.0, ""directional"": false, ""drop_sites"": false, ""exact_insert"": true, ""initial_reflection"": false, ""initial_rotation_span"": 1.5707963267948966, ""initial_rotation_steps"": 12, ""near_clear_distance"": 50.0, ""near_clear_radius"": 20.0, ""negative_regions"": ""disk"", ""opportunistic"": false, ""opportunistic_candidates"": 3, ""opportunistic_distance"": 650.0, ""probe_offset"": 0.25, ""radio_limit"": 12, ""route"": ""joint"", ""route_estimate"": 0.5, ""route_mode"": ""backbone"", ""scan_current_first"": true, ""search_first"": false, ""share"": true, ""share_ratio"": 0.7, ""source_bias"": 0.0, ""station_inner"": 990.0, ""station_layout"": ""8_16"", ""station_spec"": [8, 12, 995, 1864, 0], ""stop_when_found16"": true, ""trial_radius"": 0}",ablation/q4_no_trial_clear/q4/paper_q4_n10_s960011/metrics.json
ablation,q4_no_trial_clear,q4,paper_q4_n10_s960012,703efdc7a86ef0638cbaa1e4565737490a0ad5e887ed7224cd42d4e47bae2adf,960012,10,True,True,10,10,590.0080340768749,5900.080340768749,4105.080340768751,1470.0,275.0,50.0,294,275,10,6e52ea47c0222778a919655110fe909840a1d0bf95861ecbd0d05be09df303a1,"{""angle_bin"": 4.0, ""conditional_range"": true, ""crossbar"": true, ""crossbar_after_dark"": false, ""crossbar_fraction"": 0.25, ""crossbar_offset"": 0.03, ""crossbar_reference"": ""latest"", ""cumulative_cap"": 2, ""cumulative_points"": 0.0, ""directional"": false, ""drop_sites"": false, ""exact_insert"": true, ""initial_reflection"": false, ""initial_rotation_span"": 1.5707963267948966, ""initial_rotation_steps"": 12, ""near_clear_distance"": 50.0, ""near_clear_radius"": 20.0, ""negative_regions"": ""disk"", ""opportunistic"": false, ""opportunistic_candidates"": 3, ""opportunistic_distance"": 650.0, ""probe_offset"": 0.25, ""radio_limit"": 12, ""route"": ""joint"", ""route_estimate"": 0.5, ""route_mode"": ""backbone"", ""scan_current_first"": true, ""search_first"": false, ""share"": true, ""share_ratio"": 0.7, ""source_bias"": 0.0, ""station_inner"": 990.0, ""station_layout"": ""8_16"", ""station_spec"": [8, 12, 995, 1864, 0], ""stop_when_found16"": true, ""trial_radius"": 0}",ablation/q4_no_trial_clear/q4/paper_q4_n10_s960012/metrics.json
ablation,q4_no_trial_clear,q4,paper_q4_n10_s960013,2d87203b18352d2c739222e5b16af035235cf6914cf5b34691e429c40916c91b,960013,10,True,True,10,10,641.3521416856539,6413.521416856539,4450.521416856537,1610.0,303.0,50.0,322,303,10,6e52ea47c0222778a919655110fe909840a1d0bf95861ecbd0d05be09df303a1,"{""angle_bin"": 4.0, ""conditional_range"": true, ""crossbar"": true, ""crossbar_after_dark"": false, ""crossbar_fraction"": 0.25, ""crossbar_offset"": 0.03, ""crossbar_reference"": ""latest"", ""cumulative_cap"": 2, ""cumulative_points"": 0.0, ""directional"": false, ""drop_sites"": false, ""exact_insert"": true, ""initial_reflection"": false, ""initial_rotation_span"": 1.5707963267948966, ""initial_rotation_steps"": 12, ""near_clear_distance"": 50.0, ""near_clear_radius"": 20.0, ""negative_regions"": ""disk"", ""opportunistic"": false, ""opportunistic_candidates"": 3, ""opportunistic_distance"": 650.0, ""probe_offset"": 0.25, ""radio_limit"": 12, ""route"": ""joint"", ""route_estimate"": 0.5, ""route_mode"": ""backbone"", ""scan_current_first"": true, ""search_first"": false, ""share"": true, ""share_ratio"": 0.7, ""source_bias"": 0.0, ""station_inner"": 990.0, ""station_layout"": ""8_16"", ""station_spec"": [8, 12, 995, 1864, 0], ""stop_when_found16"": true, ""trial_radius"": 0}",ablation/q4_no_trial_clear/q4/paper_q4_n10_s960013/metrics.json
ablation,q4_no_trial_clear,q4,paper_q4_n10_s960014,62fc1daef45c37c33faaab81b3ca9012ca0f078e7fb0911ed4ec97efddb421f1,960014,10,True,True,10,10,586.4938700074897,5864.938700074897,4190.938700074897,1365.0,259.0,50.0,273,259,10,6e52ea47c0222778a919655110fe909840a1d0bf95861ecbd0d05be09df303a1,"{""angle_bin"": 4.0, ""conditional_range"": true, ""crossbar"": true, ""crossbar_after_dark"": false, ""crossbar_fraction"": 0.25, ""crossbar_offset"": 0.03, ""crossbar_reference"": ""latest"", ""cumulative_cap"": 2, ""cumulative_points"": 0.0, ""directional"": false, ""drop_sites"": false, ""exact_insert"": true, ""initial_reflection"": false, ""initial_rotation_span"": 1.5707963267948966, ""initial_rotation_steps"": 12, ""near_clear_distance"": 50.0, ""near_clear_radius"": 20.0, ""negative_regions"": ""disk"", ""opportunistic"": false, ""opportunistic_candidates"": 3, ""opportunistic_distance"": 650.0, ""probe_offset"": 0.25, ""radio_limit"": 12, ""route"": ""joint"", ""route_estimate"": 0.5, ""route_mode"": ""backbone"", ""scan_current_first"": true, ""search_first"": false, ""share"": true, ""share_ratio"": 0.7, ""source_bias"": 0.0, ""station_inner"": 990.0, ""station_layout"": ""8_16"", ""station_spec"": [8, 12, 995, 1864, 0], ""stop_when_found16"": true, ""trial_radius"": 0}",ablation/q4_no_trial_clear/q4/paper_q4_n10_s960014/metrics.json
ablation,q4_no_trial_clear,q4,paper_q4_n10_s960015,786e0a5748501bd13da2fb5fcf82c3ac6a7ff71e1830c44e7fc76fe4ae746aa5,960015,10,True,True,10,10,571.9833842410646,5719.833842410646,3920.833842410645,1475.0,274.0,50.0,295,274,10,6e52ea47c0222778a919655110fe909840a1d0bf95861ecbd0d05be09df303a1,"{""angle_bin"": 4.0, ""conditional_range"": true, ""crossbar"": true, ""crossbar_after_dark"": false, ""crossbar_fraction"": 0.25, ""crossbar_offset"": 0.03, ""crossbar_reference"": ""latest"", ""cumulative_cap"": 2, ""cumulative_points"": 0.0, ""directional"": false, ""drop_sites"": false, ""exact_insert"": true, ""initial_reflection"": false, ""initial_rotation_span"": 1.5707963267948966, ""initial_rotation_steps"": 12, ""near_clear_distance"": 50.0, ""near_clear_radius"": 20.0, ""negative_regions"": ""disk"", ""opportunistic"": false, ""opportunistic_candidates"": 3, ""opportunistic_distance"": 650.0, ""probe_offset"": 0.25, ""radio_limit"": 12, ""route"": ""joint"", ""route_estimate"": 0.5, ""route_mode"": ""backbone"", ""scan_current_first"": true, ""search_first"": false, ""share"": true, ""share_ratio"": 0.7, ""source_bias"": 0.0, ""station_inner"": 990.0, ""station_layout"": ""8_16"", ""station_spec"": [8, 12, 995, 1864, 0], ""stop_when_found16"": true, ""trial_radius"": 0}",ablation/q4_no_trial_clear/q4/paper_q4_n10_s960015/metrics.json
ablation,q4_no_trial_clear,q4,paper_q4_n10_s960016,289739bdb664f6ba8e2416d3709159e3e5bfb90814c6d43081ebae655f341b30,960016,10,True,True,10,10,587.7710257144703,5877.710257144703,4148.7102571447,1410.0,269.0,50.0,282,269,10,6e52ea47c0222778a919655110fe909840a1d0bf95861ecbd0d05be09df303a1,"{""angle_bin"": 4.0, ""conditional_range"": true, ""crossbar"": true, ""crossbar_after_dark"": false, ""crossbar_fraction"": 0.25, ""crossbar_offset"": 0.03, ""crossbar_reference"": ""latest"", ""cumulative_cap"": 2, ""cumulative_points"": 0.0, ""directional"": false, ""drop_sites"": false, ""exact_insert"": true, ""initial_reflection"": false, ""initial_rotation_span"": 1.5707963267948966, ""initial_rotation_steps"": 12, ""near_clear_distance"": 50.0, ""near_clear_radius"": 20.0, ""negative_regions"": ""disk"", ""opportunistic"": false, ""opportunistic_candidates"": 3, ""opportunistic_distance"": 650.0, ""probe_offset"": 0.25, ""radio_limit"": 12, ""route"": ""joint"", ""route_estimate"": 0.5, ""route_mode"": ""backbone"", ""scan_current_first"": true, ""search_first"": false, ""share"": true, ""share_ratio"": 0.7, ""source_bias"": 0.0, ""station_inner"": 990.0, ""station_layout"": ""8_16"", ""station_spec"": [8, 12, 995, 1864, 0], ""stop_when_found16"": true, ""trial_radius"": 0}",ablation/q4_no_trial_clear/q4/paper_q4_n10_s960016/metrics.json
ablation,q4_no_trial_clear,q4,paper_q4_n10_s960017,8eec67759a34add255ee4e92aef60de171d284d6d00cd8815965b7338fb036e4,960017,10,True,True,10,10,554.5900814039375,5545.900814039374,3914.9008140393744,1330.0,251.0,50.0,266,251,10,6e52ea47c0222778a919655110fe909840a1d0bf95861ecbd0d05be09df303a1,"{""angle_bin"": 4.0, ""conditional_range"": true, ""crossbar"": true, ""crossbar_after_dark"": false, ""crossbar_fraction"": 0.25, ""crossbar_offset"": 0.03, ""crossbar_reference"": ""latest"", ""cumulative_cap"": 2, ""cumulative_points"": 0.0, ""directional"": false, ""drop_sites"": false, ""exact_insert"": true, ""initial_reflection"": false, ""initial_rotation_span"": 1.5707963267948966, ""initial_rotation_steps"": 12, ""near_clear_distance"": 50.0, ""near_clear_radius"": 20.0, ""negative_regions"": ""disk"", ""opportunistic"": false, ""opportunistic_candidates"": 3, ""opportunistic_distance"": 650.0, ""probe_offset"": 0.25, ""radio_limit"": 12, ""route"": ""joint"", ""route_estimate"": 0.5, ""route_mode"": ""backbone"", ""scan_current_first"": true, ""search_first"": false, ""share"": true, ""share_ratio"": 0.7, ""source_bias"": 0.0, ""station_inner"": 990.0, ""station_layout"": ""8_16"", ""station_spec"": [8, 12, 995, 1864, 0], ""stop_when_found16"": true, ""trial_radius"": 0}",ablation/q4_no_trial_clear/q4/paper_q4_n10_s960017/metrics.json
ablation,q4_no_trial_clear,q4,paper_q4_n10_s960018,1147536cb66cc757feeea7b44096f960a97bf1f5905e68d35788554b1c6d15a0,960018,10,True,True,10,10,609.9254436832406,6099.254436832406,4277.254436832404,1495.0,277.0,50.0,299,277,10,6e52ea47c0222778a919655110fe909840a1d0bf95861ecbd0d05be09df303a1,"{""angle_bin"": 4.0, ""conditional_range"": true, ""crossbar"": true, ""crossbar_after_dark"": false, ""crossbar_fraction"": 0.25, ""crossbar_offset"": 0.03, ""crossbar_reference"": ""latest"", ""cumulative_cap"": 2, ""cumulative_points"": 0.0, ""directional"": false, ""drop_sites"": false, ""exact_insert"": true, ""initial_reflection"": false, ""initial_rotation_span"": 1.5707963267948966, ""initial_rotation_steps"": 12, ""near_clear_distance"": 50.0, ""near_clear_radius"": 20.0, ""negative_regions"": ""disk"", ""opportunistic"": false, ""opportunistic_candidates"": 3, ""opportunistic_distance"": 650.0, ""probe_offset"": 0.25, ""radio_limit"": 12, ""route"": ""joint"", ""route_estimate"": 0.5, ""route_mode"": ""backbone"", ""scan_current_first"": true, ""search_first"": false, ""share"": true, ""share_ratio"": 0.7, ""source_bias"": 0.0, ""station_inner"": 990.0, ""station_layout"": ""8_16"", ""station_spec"": [8, 12, 995, 1864, 0], ""stop_when_found16"": true, ""trial_radius"": 0}",ablation/q4_no_trial_clear/q4/paper_q4_n10_s960018/metrics.json
ablation,q4_no_trial_clear,q4,paper_q4_n10_s960019,cf55d3f4e09f53fbb973530d6dd48121c475c525c9101a3c94703aad60256cf0,960019,10,True,True,10,10,615.7335273396276,6157.335273396276,4329.335273396276,1500.0,278.0,50.0,300,278,10,6e52ea47c0222778a919655110fe909840a1d0bf95861ecbd0d05be09df303a1,"{""angle_bin"": 4.0, ""conditional_range"": true, ""crossbar"": true, ""crossbar_after_dark"": false, ""crossbar_fraction"": 0.25, ""crossbar_offset"": 0.03, ""crossbar_reference"": ""latest"", ""cumulative_cap"": 2, ""cumulative_points"": 0.0, ""directional"": false, ""drop_sites"": false, ""exact_insert"": true, ""initial_reflection"": false, ""initial_rotation_span"": 1.5707963267948966, ""initial_rotation_steps"": 12, ""near_clear_distance"": 50.0, ""near_clear_radius"": 20.0, ""negative_regions"": ""disk"", ""opportunistic"": false, ""opportunistic_candidates"": 3, ""opportunistic_distance"": 650.0, ""probe_offset"": 0.25, ""radio_limit"": 12, ""route"": ""joint"", ""route_estimate"": 0.5, ""route_mode"": ""backbone"", ""scan_current_first"": true, ""search_first"": false, ""share"": true, ""share_ratio"": 0.7, ""source_bias"": 0.0, ""station_inner"": 990.0, ""station_layout"": ""8_16"", ""station_spec"": [8, 12, 995, 1864, 0], ""stop_when_found16"": true, ""trial_radius"": 0}",ablation/q4_no_trial_clear/q4/paper_q4_n10_s960019/metrics.json
ablation,q4_no_trial_clear,q4,paper_q4_n16_s960040,b1005a485d954543d249bd4846074706e789f2ced4376ceda599b6fd9450b9c6,960040,16,True,True,16,16,348.6204075952714,5577.926521524342,4312.926521524342,1010.0,175.0,80.0,202,175,16,6e52ea47c0222778a919655110fe909840a1d0bf95861ecbd0d05be09df303a1,"{""angle_bin"": 4.0, ""conditional_range"": true, ""crossbar"": true, ""crossbar_after_dark"": false, ""crossbar_fraction"": 0.25, ""crossbar_offset"": 0.03, ""crossbar_reference"": ""latest"", ""cumulative_cap"": 2, ""cumulative_points"": 0.0, ""directional"": false, ""drop_sites"": false, ""exact_insert"": true, ""initial_reflection"": false, ""initial_rotation_span"": 1.5707963267948966, ""initial_rotation_steps"": 12, ""near_clear_distance"": 50.0, ""near_clear_radius"": 20.0, ""negative_regions"": ""disk"", ""opportunistic"": false, ""opportunistic_candidates"": 3, ""opportunistic_distance"": 650.0, ""probe_offset"": 0.25, ""radio_limit"": 12, ""route"": ""joint"", ""route_estimate"": 0.5, ""route_mode"": ""backbone"", ""scan_current_first"": true, ""search_first"": false, ""share"": true, ""share_ratio"": 0.7, ""source_bias"": 0.0, ""station_inner"": 990.0, ""station_layout"": ""8_16"", ""station_spec"": [8, 12, 995, 1864, 0], ""stop_when_found16"": true, ""trial_radius"": 0}",ablation/q4_no_trial_clear/q4/paper_q4_n16_s960040/metrics.json
ablation,q4_no_trial_clear,q4,paper_q4_n16_s960041,d0d4eda9ee7def4375ec93a8a793883f1892eed07ac67321b1595776be4fb9b0,960041,16,True,True,16,16,364.9045405637986,5838.472649020778,4253.472649020779,1275.0,230.0,80.0,255,230,16,6e52ea47c0222778a919655110fe909840a1d0bf95861ecbd0d05be09df303a1,"{""angle_bin"": 4.0, ""conditional_range"": true, ""crossbar"": true, ""crossbar_after_dark"": false, ""crossbar_fraction"": 0.25, ""crossbar_offset"": 0.03, ""crossbar_reference"": ""latest"", ""cumulative_cap"": 2, ""cumulative_points"": 0.0, ""directional"": false, ""drop_sites"": false, ""exact_insert"": true, ""initial_reflection"": false, ""initial_rotation_span"": 1.5707963267948966, ""initial_rotation_steps"": 12, ""near_clear_distance"": 50.0, ""near_clear_radius"": 20.0, ""negative_regions"": ""disk"", ""opportunistic"": false, ""opportunistic_candidates"": 3, ""opportunistic_distance"": 650.0, ""probe_offset"": 0.25, ""radio_limit"": 12, ""route"": ""joint"", ""route_estimate"": 0.5, ""route_mode"": ""backbone"", ""scan_current_first"": true, ""search_first"": false, ""share"": true, ""share_ratio"": 0.7, ""source_bias"": 0.0, ""station_inner"": 990.0, ""station_layout"": ""8_16"", ""station_spec"": [8, 12, 995, 1864, 0], ""stop_when_found16"": true, ""trial_radius"": 0}",ablation/q4_no_trial_clear/q4/paper_q4_n16_s960041/metrics.json
ablation,q4_no_trial_clear,q4,paper_q4_n16_s960042,429d445dee31fd1076a19249d749c7bd99c77ba7636d01b14771e68c4c2d0c94,960042,16,True,True,16,16,317.17794028682897,5074.8470445892635,3865.8470445892617,955.0,174.0,80.0,191,174,16,6e52ea47c0222778a919655110fe909840a1d0bf95861ecbd0d05be09df303a1,"{""angle_bin"": 4.0, ""conditional_range"": true, ""crossbar"": true, ""crossbar_after_dark"": false, ""crossbar_fraction"": 0.25, ""crossbar_offset"": 0.03, ""crossbar_reference"": ""latest"", ""cumulative_cap"": 2, ""cumulative_points"": 0.0, ""directional"": false, ""drop_sites"": false, ""exact_insert"": true, ""initial_reflection"": false, ""initial_rotation_span"": 1.5707963267948966, ""initial_rotation_steps"": 12, ""near_clear_distance"": 50.0, ""near_clear_radius"": 20.0, ""negative_regions"": ""disk"", ""opportunistic"": false, ""opportunistic_candidates"": 3, ""opportunistic_distance"": 650.0, ""probe_offset"": 0.25, ""radio_limit"": 12, ""route"": ""joint"", ""route_estimate"": 0.5, ""route_mode"": ""backbone"", ""scan_current_first"": true, ""search_first"": false, ""share"": true, ""share_ratio"": 0.7, ""source_bias"": 0.0, ""station_inner"": 990.0, ""station_layout"": ""8_16"", ""station_spec"": [8, 12, 995, 1864, 0], ""stop_when_found16"": true, ""trial_radius"": 0}",ablation/q4_no_trial_clear/q4/paper_q4_n16_s960042/metrics.json
ablation,q4_no_trial_clear,q4,paper_q4_n16_s960043,890edfc43be11ed9cb6673a095c3f9d1f9bd00eee552bcf025424d833eb387b8,960043,16,True,True,16,16,326.7854663514653,5228.567461623445,4025.5674616234464,955.0,168.0,80.0,191,168,16,6e52ea47c0222778a919655110fe909840a1d0bf95861ecbd0d05be09df303a1,"{""angle_bin"": 4.0, ""conditional_range"": true, ""crossbar"": true, ""crossbar_after_dark"": false, ""crossbar_fraction"": 0.25, ""crossbar_offset"": 0.03, ""crossbar_reference"": ""latest"", ""cumulative_cap"": 2, ""cumulative_points"": 0.0, ""directional"": false, ""drop_sites"": false, ""exact_insert"": true, ""initial_reflection"": false, ""initial_rotation_span"": 1.5707963267948966, ""initial_rotation_steps"": 12, ""near_clear_distance"": 50.0, ""near_clear_radius"": 20.0, ""negative_regions"": ""disk"", ""opportunistic"": false, ""opportunistic_candidates"": 3, ""opportunistic_distance"": 650.0, ""probe_offset"": 0.25, ""radio_limit"": 12, ""route"": ""joint"", ""route_estimate"": 0.5, ""route_mode"": ""backbone"", ""scan_current_first"": true, ""search_first"": false, ""share"": true, ""share_ratio"": 0.7, ""source_bias"": 0.0, ""station_inner"": 990.0, ""station_layout"": ""8_16"", ""station_spec"": [8, 12, 995, 1864, 0], ""stop_when_found16"": true, ""trial_radius"": 0}",ablation/q4_no_trial_clear/q4/paper_q4_n16_s960043/metrics.json
ablation,q4_no_trial_clear,q4,paper_q4_n16_s960044,3e93ad6707a0652a9c98c415187fd78b4c12165d349d1420dd80a0573d745e09,960044,16,True,True,16,16,345.1130944893711,5521.809511829938,4169.809511829938,1080.0,192.0,80.0,216,192,16,6e52ea47c0222778a919655110fe909840a1d0bf95861ecbd0d05be09df303a1,"{""angle_bin"": 4.0, ""conditional_range"": true, ""crossbar"": true, ""crossbar_after_dark"": false, ""crossbar_fraction"": 0.25, ""crossbar_offset"": 0.03, ""crossbar_reference"": ""latest"", ""cumulative_cap"": 2, ""cumulative_points"": 0.0, ""directional"": false, ""drop_sites"": false, ""exact_insert"": true, ""initial_reflection"": false, ""initial_rotation_span"": 1.5707963267948966, ""initial_rotation_steps"": 12, ""near_clear_distance"": 50.0, ""near_clear_radius"": 20.0, ""negative_regions"": ""disk"", ""opportunistic"": false, ""opportunistic_candidates"": 3, ""opportunistic_distance"": 650.0, ""probe_offset"": 0.25, ""radio_limit"": 12, ""route"": ""joint"", ""route_estimate"": 0.5, ""route_mode"": ""backbone"", ""scan_current_first"": true, ""search_first"": false, ""share"": true, ""share_ratio"": 0.7, ""source_bias"": 0.0, ""station_inner"": 990.0, ""station_layout"": ""8_16"", ""station_spec"": [8, 12, 995, 1864, 0], ""stop_when_found16"": true, ""trial_radius"": 0}",ablation/q4_no_trial_clear/q4/paper_q4_n16_s960044/metrics.json
ablation,q4_no_trial_clear,q4,paper_q4_n16_s960045,3cad5d7f229b2c51c945985233487543874251e74c0e6b296e648079d13bb7f9,960045,16,True,True,16,16,309.9001873462806,4958.402997540489,3778.40299754049,930.0,170.0,80.0,186,170,16,6e52ea47c0222778a919655110fe909840a1d0bf95861ecbd0d05be09df303a1,"{""angle_bin"": 4.0, ""conditional_range"": true, ""crossbar"": true, ""crossbar_after_dark"": false, ""crossbar_fraction"": 0.25, ""crossbar_offset"": 0.03, ""crossbar_reference"": ""latest"", ""cumulative_cap"": 2, ""cumulative_points"": 0.0, ""directional"": false, ""drop_sites"": false, ""exact_insert"": true, ""initial_reflection"": false, ""initial_rotation_span"": 1.5707963267948966, ""initial_rotation_steps"": 12, ""near_clear_distance"": 50.0, ""near_clear_radius"": 20.0, ""negative_regions"": ""disk"", ""opportunistic"": false, ""opportunistic_candidates"": 3, ""opportunistic_distance"": 650.0, ""probe_offset"": 0.25, ""radio_limit"": 12, ""route"": ""joint"", ""route_estimate"": 0.5, ""route_mode"": ""backbone"", ""scan_current_first"": true, ""search_first"": false, ""share"": true, ""share_ratio"": 0.7, ""source_bias"": 0.0, ""station_inner"": 990.0, ""station_layout"": ""8_16"", ""station_spec"": [8, 12, 995, 1864, 0], ""stop_when_found16"": true, ""trial_radius"": 0}",ablation/q4_no_trial_clear/q4/paper_q4_n16_s960045/metrics.json
ablation,q4_no_trial_clear,q4,paper_q4_n16_s960046,7040da829ed4799b41c8235979675a92458a40cf4d2a21d36f2bd093a8fce226,960046,16,True,True,16,16,346.1005608234007,5537.608973174411,4188.608973174413,1070.0,199.0,80.0,214,199,16,6e52ea47c0222778a919655110fe909840a1d0bf95861ecbd0d05be09df303a1,"{""angle_bin"": 4.0, ""conditional_range"": true, ""crossbar"": true, ""crossbar_after_dark"": false, ""crossbar_fraction"": 0.25, ""crossbar_offset"": 0.03, ""crossbar_reference"": ""latest"", ""cumulative_cap"": 2, ""cumulative_points"": 0.0, ""directional"": false, ""drop_sites"": false, ""exact_insert"": true, ""initial_reflection"": false, ""initial_rotation_span"": 1.5707963267948966, ""initial_rotation_steps"": 12, ""near_clear_distance"": 50.0, ""near_clear_radius"": 20.0, ""negative_regions"": ""disk"", ""opportunistic"": false, ""opportunistic_candidates"": 3, ""opportunistic_distance"": 650.0, ""probe_offset"": 0.25, ""radio_limit"": 12, ""route"": ""joint"", ""route_estimate"": 0.5, ""route_mode"": ""backbone"", ""scan_current_first"": true, ""search_first"": false, ""share"": true, ""share_ratio"": 0.7, ""source_bias"": 0.0, ""station_inner"": 990.0, ""station_layout"": ""8_16"", ""station_spec"": [8, 12, 995, 1864, 0], ""stop_when_found16"": true, ""trial_radius"": 0}",ablation/q4_no_trial_clear/q4/paper_q4_n16_s960046/metrics.json
ablation,q4_no_trial_clear,q4,paper_q4_n16_s960047,f8ec8de50f5e67238ff9f26f1b06b20e5cee54a52c2ecf8e944bf4566f28650b,960047,16,True,True,16,16,270.5546365113963,4328.874184182341,3383.874184182342,735.0,130.0,80.0,147,130,16,6e52ea47c0222778a919655110fe909840a1d0bf95861ecbd0d05be09df303a1,"{""angle_bin"": 4.0, ""conditional_range"": true, ""crossbar"": true, ""crossbar_after_dark"": false, ""crossbar_fraction"": 0.25, ""crossbar_offset"": 0.03, ""crossbar_reference"": ""latest"", ""cumulative_cap"": 2, ""cumulative_points"": 0.0, ""directional"": false, ""drop_sites"": false, ""exact_insert"": true, ""initial_reflection"": false, ""initial_rotation_span"": 1.5707963267948966, ""initial_rotation_steps"": 12, ""near_clear_distance"": 50.0, ""near_clear_radius"": 20.0, ""negative_regions"": ""disk"", ""opportunistic"": false, ""opportunistic_candidates"": 3, ""opportunistic_distance"": 650.0, ""probe_offset"": 0.25, ""radio_limit"": 12, ""route"": ""joint"", ""route_estimate"": 0.5, ""route_mode"": ""backbone"", ""scan_current_first"": true, ""search_first"": false, ""share"": true, ""share_ratio"": 0.7, ""source_bias"": 0.0, ""station_inner"": 990.0, ""station_layout"": ""8_16"", ""station_spec"": [8, 12, 995, 1864, 0], ""stop_when_found16"": true, ""trial_radius"": 0}",ablation/q4_no_trial_clear/q4/paper_q4_n16_s960047/metrics.json
ablation,q4_no_trial_clear,q4,paper_q4_n16_s960048,24b3a08e1ec1170c0cddce56334844156aa2af548365a9cf4896d69405a3be74,960048,16,True,True,16,16,344.1729728399934,5506.7675654398945,4328.767565439897,940.0,158.0,80.0,188,158,16,6e52ea47c0222778a919655110fe909840a1d0bf95861ecbd0d05be09df303a1,"{""angle_bin"": 4.0, ""conditional_range"": true, ""crossbar"": true, ""crossbar_after_dark"": false, ""crossbar_fraction"": 0.25, ""crossbar_offset"": 0.03, ""crossbar_reference"": ""latest"", ""cumulative_cap"": 2, ""cumulative_points"": 0.0, ""directional"": false, ""drop_sites"": false, ""exact_insert"": true, ""initial_reflection"": false, ""initial_rotation_span"": 1.5707963267948966, ""initial_rotation_steps"": 12, ""near_clear_distance"": 50.0, ""near_clear_radius"": 20.0, ""negative_regions"": ""disk"", ""opportunistic"": false, ""opportunistic_candidates"": 3, ""opportunistic_distance"": 650.0, ""probe_offset"": 0.25, ""radio_limit"": 12, ""route"": ""joint"", ""route_estimate"": 0.5, ""route_mode"": ""backbone"", ""scan_current_first"": true, ""search_first"": false, ""share"": true, ""share_ratio"": 0.7, ""source_bias"": 0.0, ""station_inner"": 990.0, ""station_layout"": ""8_16"", ""station_spec"": [8, 12, 995, 1864, 0], ""stop_when_found16"": true, ""trial_radius"": 0}",ablation/q4_no_trial_clear/q4/paper_q4_n16_s960048/metrics.json
ablation,q4_no_trial_clear,q4,paper_q4_n16_s960049,9c98e77ebf3bc49595e283c552192c4decebf03b6eada728c4e756a916cf4043,960049,16,True,True,16,16,327.42344275123315,5238.7750840197305,3961.7750840197323,1020.0,177.0,80.0,204,177,16,6e52ea47c0222778a919655110fe909840a1d0bf95861ecbd0d05be09df303a1,"{""angle_bin"": 4.0, ""conditional_range"": true, ""crossbar"": true, ""crossbar_after_dark"": false, ""crossbar_fraction"": 0.25, ""crossbar_offset"": 0.03, ""crossbar_reference"": ""latest"", ""cumulative_cap"": 2, ""cumulative_points"": 0.0, ""directional"": false, ""drop_sites"": false, ""exact_insert"": true, ""initial_reflection"": false, ""initial_rotation_span"": 1.5707963267948966, ""initial_rotation_steps"": 12, ""near_clear_distance"": 50.0, ""near_clear_radius"": 20.0, ""negative_regions"": ""disk"", ""opportunistic"": false, ""opportunistic_candidates"": 3, ""opportunistic_distance"": 650.0, ""probe_offset"": 0.25, ""radio_limit"": 12, ""route"": ""joint"", ""route_estimate"": 0.5, ""route_mode"": ""backbone"", ""scan_current_first"": true, ""search_first"": false, ""share"": true, ""share_ratio"": 0.7, ""source_bias"": 0.0, ""station_inner"": 990.0, ""station_layout"": ""8_16"", ""station_spec"": [8, 12, 995, 1864, 0], ""stop_when_found16"": true, ""trial_radius"": 0}",ablation/q4_no_trial_clear/q4/paper_q4_n16_s960049/metrics.json
ablation,q4_no_trial_clear,q4,paper_q4_n16_s960050,4c29da39e95a72a666d839bdfc3e2f12f3fe62af915ad74e5f93a916493ee72d,960050,16,True,True,16,16,264.3752375361004,4230.003800577607,3224.003800577606,790.0,136.0,80.0,158,136,16,6e52ea47c0222778a919655110fe909840a1d0bf95861ecbd0d05be09df303a1,"{""angle_bin"": 4.0, ""conditional_range"": true, ""crossbar"": true, ""crossbar_after_dark"": false, ""crossbar_fraction"": 0.25, ""crossbar_offset"": 0.03, ""crossbar_reference"": ""latest"", ""cumulative_cap"": 2, ""cumulative_points"": 0.0, ""directional"": false, ""drop_sites"": false, ""exact_insert"": true, ""initial_reflection"": false, ""initial_rotation_span"": 1.5707963267948966, ""initial_rotation_steps"": 12, ""near_clear_distance"": 50.0, ""near_clear_radius"": 20.0, ""negative_regions"": ""disk"", ""opportunistic"": false, ""opportunistic_candidates"": 3, ""opportunistic_distance"": 650.0, ""probe_offset"": 0.25, ""radio_limit"": 12, ""route"": ""joint"", ""route_estimate"": 0.5, ""route_mode"": ""backbone"", ""scan_current_first"": true, ""search_first"": false, ""share"": true, ""share_ratio"": 0.7, ""source_bias"": 0.0, ""station_inner"": 990.0, ""station_layout"": ""8_16"", ""station_spec"": [8, 12, 995, 1864, 0], ""stop_when_found16"": true, ""trial_radius"": 0}",ablation/q4_no_trial_clear/q4/paper_q4_n16_s960050/metrics.json
ablation,q4_no_trial_clear,q4,paper_q4_n16_s960051,3a7ba2677cfe71015289966abc8bab618fbdab5aac52bf87159b29697354bffb,960051,16,True,True,16,16,248.6862219721182,3978.9795515538913,3182.9795515538913,605.0,111.0,80.0,121,111,16,6e52ea47c0222778a919655110fe909840a1d0bf95861ecbd0d05be09df303a1,"{""angle_bin"": 4.0, ""conditional_range"": true, ""crossbar"": true, ""crossbar_after_dark"": false, ""crossbar_fraction"": 0.25, ""crossbar_offset"": 0.03, ""crossbar_reference"": ""latest"", ""cumulative_cap"": 2, ""cumulative_points"": 0.0, ""directional"": false, ""drop_sites"": false, ""exact_insert"": true, ""initial_reflection"": false, ""initial_rotation_span"": 1.5707963267948966, ""initial_rotation_steps"": 12, ""near_clear_distance"": 50.0, ""near_clear_radius"": 20.0, ""negative_regions"": ""disk"", ""opportunistic"": false, ""opportunistic_candidates"": 3, ""opportunistic_distance"": 650.0, ""probe_offset"": 0.25, ""radio_limit"": 12, ""route"": ""joint"", ""route_estimate"": 0.5, ""route_mode"": ""backbone"", ""scan_current_first"": true, ""search_first"": false, ""share"": true, ""share_ratio"": 0.7, ""source_bias"": 0.0, ""station_inner"": 990.0, ""station_layout"": ""8_16"", ""station_spec"": [8, 12, 995, 1864, 0], ""stop_when_found16"": true, ""trial_radius"": 0}",ablation/q4_no_trial_clear/q4/paper_q4_n16_s960051/metrics.json
ablation,q4_no_trial_clear,q4,paper_q4_n16_s960052,64efc316b5c7066cc78ffc5fa9e03f2022e248a5547a0fff712b1db67655f2eb,960052,16,True,True,16,16,348.2607093535023,5572.171349656037,4241.171349656038,1060.0,191.0,80.0,212,191,16,6e52ea47c0222778a919655110fe909840a1d0bf95861ecbd0d05be09df303a1,"{""angle_bin"": 4.0, ""conditional_range"": true, ""crossbar"": true, ""crossbar_after_dark"": false, ""crossbar_fraction"": 0.25, ""crossbar_offset"": 0.03, ""crossbar_reference"": ""latest"", ""cumulative_cap"": 2, ""cumulative_points"": 0.0, ""directional"": false, ""drop_sites"": false, ""exact_insert"": true, ""initial_reflection"": false, ""initial_rotation_span"": 1.5707963267948966, ""initial_rotation_steps"": 12, ""near_clear_distance"": 50.0, ""near_clear_radius"": 20.0, ""negative_regions"": ""disk"", ""opportunistic"": false, ""opportunistic_candidates"": 3, ""opportunistic_distance"": 650.0, ""probe_offset"": 0.25, ""radio_limit"": 12, ""route"": ""joint"", ""route_estimate"": 0.5, ""route_mode"": ""backbone"", ""scan_current_first"": true, ""search_first"": false, ""share"": true, ""share_ratio"": 0.7, ""source_bias"": 0.0, ""station_inner"": 990.0, ""station_layout"": ""8_16"", ""station_spec"": [8, 12, 995, 1864, 0], ""stop_when_found16"": true, ""trial_radius"": 0}",ablation/q4_no_trial_clear/q4/paper_q4_n16_s960052/metrics.json
ablation,q4_no_trial_clear,q4,paper_q4_n16_s960053,7df246795c5f13b0c33ba6cbd4aa1c946cba1de4d90d6bd6674d2717fb8af615,960053,16,True,True,16,16,330.1339710604124,5282.143536966599,4116.1435369666,925.0,161.0,80.0,185,161,16,6e52ea47c0222778a919655110fe909840a1d0bf95861ecbd0d05be09df303a1,"{""angle_bin"": 4.0, ""conditional_range"": true, ""crossbar"": true, ""crossbar_after_dark"": false, ""crossbar_fraction"": 0.25, ""crossbar_offset"": 0.03, ""crossbar_reference"": ""latest"", ""cumulative_cap"": 2, ""cumulative_points"": 0.0, ""directional"": false, ""drop_sites"": false, ""exact_insert"": true, ""initial_reflection"": false, ""initial_rotation_span"": 1.5707963267948966, ""initial_rotation_steps"": 12, ""near_clear_distance"": 50.0, ""near_clear_radius"": 20.0, ""negative_regions"": ""disk"", ""opportunistic"": false, ""opportunistic_candidates"": 3, ""opportunistic_distance"": 650.0, ""probe_offset"": 0.25, ""radio_limit"": 12, ""route"": ""joint"", ""route_estimate"": 0.5, ""route_mode"": ""backbone"", ""scan_current_first"": true, ""search_first"": false, ""share"": true, ""share_ratio"": 0.7, ""source_bias"": 0.0, ""station_inner"": 990.0, ""station_layout"": ""8_16"", ""station_spec"": [8, 12, 995, 1864, 0], ""stop_when_found16"": true, ""trial_radius"": 0}",ablation/q4_no_trial_clear/q4/paper_q4_n16_s960053/metrics.json
ablation,q4_no_trial_clear,q4,paper_q4_n16_s960054,8206890b9b420cbaea6b693c5cf72b030d8708ed8e056c338d28b1e44d86553c,960054,16,True,True,16,16,345.3011265800153,5524.818025280245,4092.8180252802476,1145.0,207.0,80.0,229,207,16,6e52ea47c0222778a919655110fe909840a1d0bf95861ecbd0d05be09df303a1,"{""angle_bin"": 4.0, ""conditional_range"": true, ""crossbar"": true, ""crossbar_after_dark"": false, ""crossbar_fraction"": 0.25, ""crossbar_offset"": 0.03, ""crossbar_reference"": ""latest"", ""cumulative_cap"": 2, ""cumulative_points"": 0.0, ""directional"": false, ""drop_sites"": false, ""exact_insert"": true, ""initial_reflection"": false, ""initial_rotation_span"": 1.5707963267948966, ""initial_rotation_steps"": 12, ""near_clear_distance"": 50.0, ""near_clear_radius"": 20.0, ""negative_regions"": ""disk"", ""opportunistic"": false, ""opportunistic_candidates"": 3, ""opportunistic_distance"": 650.0, ""probe_offset"": 0.25, ""radio_limit"": 12, ""route"": ""joint"", ""route_estimate"": 0.5, ""route_mode"": ""backbone"", ""scan_current_first"": true, ""search_first"": false, ""share"": true, ""share_ratio"": 0.7, ""source_bias"": 0.0, ""station_inner"": 990.0, ""station_layout"": ""8_16"", ""station_spec"": [8, 12, 995, 1864, 0], ""stop_when_found16"": true, ""trial_radius"": 0}",ablation/q4_no_trial_clear/q4/paper_q4_n16_s960054/metrics.json
ablation,q4_no_trial_clear,q4,paper_q4_n16_s960055,6ff9e44e5b062ac46df867868e4bfdbce3357ab9b37f57f39768831f22daa029,960055,16,True,True,16,16,301.511979561646,4824.191672986336,3792.191672986336,810.0,142.0,80.0,162,142,16,6e52ea47c0222778a919655110fe909840a1d0bf95861ecbd0d05be09df303a1,"{""angle_bin"": 4.0, ""conditional_range"": true, ""crossbar"": true, ""crossbar_after_dark"": false, ""crossbar_fraction"": 0.25, ""crossbar_offset"": 0.03, ""crossbar_reference"": ""latest"", ""cumulative_cap"": 2, ""cumulative_points"": 0.0, ""directional"": false, ""drop_sites"": false, ""exact_insert"": true, ""initial_reflection"": false, ""initial_rotation_span"": 1.5707963267948966, ""initial_rotation_steps"": 12, ""near_clear_distance"": 50.0, ""near_clear_radius"": 20.0, ""negative_regions"": ""disk"", ""opportunistic"": false, ""opportunistic_candidates"": 3, ""opportunistic_distance"": 650.0, ""probe_offset"": 0.25, ""radio_limit"": 12, ""route"": ""joint"", ""route_estimate"": 0.5, ""route_mode"": ""backbone"", ""scan_current_first"": true, ""search_first"": false, ""share"": true, ""share_ratio"": 0.7, ""source_bias"": 0.0, ""station_inner"": 990.0, ""station_layout"": ""8_16"", ""station_spec"": [8, 12, 995, 1864, 0], ""stop_when_found16"": true, ""trial_radius"": 0}",ablation/q4_no_trial_clear/q4/paper_q4_n16_s960055/metrics.json
ablation,q4_no_trial_clear,q4,paper_q4_n16_s960056,6b2792b601130b0b46aa97b1ac0735656b2418610783d47c53cab64564495da2,960056,16,True,True,16,16,291.93263737856176,4670.922198056988,3624.922198056988,815.0,151.0,80.0,163,151,16,6e52ea47c0222778a919655110fe909840a1d0bf95861ecbd0d05be09df303a1,"{""angle_bin"": 4.0, ""conditional_range"": true, ""crossbar"": true, ""crossbar_after_dark"": false, ""crossbar_fraction"": 0.25, ""crossbar_offset"": 0.03, ""crossbar_reference"": ""latest"", ""cumulative_cap"": 2, ""cumulative_points"": 0.0, ""directional"": false, ""drop_sites"": false, ""exact_insert"": true, ""initial_reflection"": false, ""initial_rotation_span"": 1.5707963267948966, ""initial_rotation_steps"": 12, ""near_clear_distance"": 50.0, ""near_clear_radius"": 20.0, ""negative_regions"": ""disk"", ""opportunistic"": false, ""opportunistic_candidates"": 3, ""opportunistic_distance"": 650.0, ""probe_offset"": 0.25, ""radio_limit"": 12, ""route"": ""joint"", ""route_estimate"": 0.5, ""route_mode"": ""backbone"", ""scan_current_first"": true, ""search_first"": false, ""share"": true, ""share_ratio"": 0.7, ""source_bias"": 0.0, ""station_inner"": 990.0, ""station_layout"": ""8_16"", ""station_spec"": [8, 12, 995, 1864, 0], ""stop_when_found16"": true, ""trial_radius"": 0}",ablation/q4_no_trial_clear/q4/paper_q4_n16_s960056/metrics.json
ablation,q4_no_trial_clear,q4,paper_q4_n16_s960057,6c60a413ad3c5d739c953deb475923dd63ed809d6227e8d1925f0cd9b6100136,960057,16,True,True,16,16,356.383938710769,5702.143019372304,4366.143019372304,1070.0,186.0,80.0,214,186,16,6e52ea47c0222778a919655110fe909840a1d0bf95861ecbd0d05be09df303a1,"{""angle_bin"": 4.0, ""conditional_range"": true, ""crossbar"": true, ""crossbar_after_dark"": false, ""crossbar_fraction"": 0.25, ""crossbar_offset"": 0.03, ""crossbar_reference"": ""latest"", ""cumulative_cap"": 2, ""cumulative_points"": 0.0, ""directional"": false, ""drop_sites"": false, ""exact_insert"": true, ""initial_reflection"": false, ""initial_rotation_span"": 1.5707963267948966, ""initial_rotation_steps"": 12, ""near_clear_distance"": 50.0, ""near_clear_radius"": 20.0, ""negative_regions"": ""disk"", ""opportunistic"": false, ""opportunistic_candidates"": 3, ""opportunistic_distance"": 650.0, ""probe_offset"": 0.25, ""radio_limit"": 12, ""route"": ""joint"", ""route_estimate"": 0.5, ""route_mode"": ""backbone"", ""scan_current_first"": true, ""search_first"": false, ""share"": true, ""share_ratio"": 0.7, ""source_bias"": 0.0, ""station_inner"": 990.0, ""station_layout"": ""8_16"", ""station_spec"": [8, 12, 995, 1864, 0], ""stop_when_found16"": true, ""trial_radius"": 0}",ablation/q4_no_trial_clear/q4/paper_q4_n16_s960057/metrics.json
ablation,q4_no_trial_clear,q4,paper_q4_n16_s960058,0694e76cf04a8b334687d6f66c3b8e5bd22fee936abafbcd9aed87fab9ea8753,960058,16,True,True,16,16,311.9995887647702,4991.993420236323,3801.993420236323,940.0,170.0,80.0,188,170,16,6e52ea47c0222778a919655110fe909840a1d0bf95861ecbd0d05be09df303a1,"{""angle_bin"": 4.0, ""conditional_range"": true, ""crossbar"": true, ""crossbar_after_dark"": false, ""crossbar_fraction"": 0.25, ""crossbar_offset"": 0.03, ""crossbar_reference"": ""latest"", ""cumulative_cap"": 2, ""cumulative_points"": 0.0, ""directional"": false, ""drop_sites"": false, ""exact_insert"": true, ""initial_reflection"": false, ""initial_rotation_span"": 1.5707963267948966, ""initial_rotation_steps"": 12, ""near_clear_distance"": 50.0, ""near_clear_radius"": 20.0, ""negative_regions"": ""disk"", ""opportunistic"": false, ""opportunistic_candidates"": 3, ""opportunistic_distance"": 650.0, ""probe_offset"": 0.25, ""radio_limit"": 12, ""route"": ""joint"", ""route_estimate"": 0.5, ""route_mode"": ""backbone"", ""scan_current_first"": true, ""search_first"": false, ""share"": true, ""share_ratio"": 0.7, ""source_bias"": 0.0, ""station_inner"": 990.0, ""station_layout"": ""8_16"", ""station_spec"": [8, 12, 995, 1864, 0], ""stop_when_found16"": true, ""trial_radius"": 0}",ablation/q4_no_trial_clear/q4/paper_q4_n16_s960058/metrics.json
ablation,q4_no_trial_clear,q4,paper_q4_n16_s960059,05cc90bed98c2e255fab9f8178fbf5b2a553268aabc778715431067900d5c20d,960059,16,True,True,16,16,310.1792430925513,4962.867889480821,3841.867889480819,880.0,161.0,80.0,176,161,16,6e52ea47c0222778a919655110fe909840a1d0bf95861ecbd0d05be09df303a1,"{""angle_bin"": 4.0, ""conditional_range"": true, ""crossbar"": true, ""crossbar_after_dark"": false, ""crossbar_fraction"": 0.25, ""crossbar_offset"": 0.03, ""crossbar_reference"": ""latest"", ""cumulative_cap"": 2, ""cumulative_points"": 0.0, ""directional"": false, ""drop_sites"": false, ""exact_insert"": true, ""initial_reflection"": false, ""initial_rotation_span"": 1.5707963267948966, ""initial_rotation_steps"": 12, ""near_clear_distance"": 50.0, ""near_clear_radius"": 20.0, ""negative_regions"": ""disk"", ""opportunistic"": false, ""opportunistic_candidates"": 3, ""opportunistic_distance"": 650.0, ""probe_offset"": 0.25, ""radio_limit"": 12, ""route"": ""joint"", ""route_estimate"": 0.5, ""route_mode"": ""backbone"", ""scan_current_first"": true, ""search_first"": false, ""share"": true, ""share_ratio"": 0.7, ""source_bias"": 0.0, ""station_inner"": 990.0, ""station_layout"": ""8_16"", ""station_spec"": [8, 12, 995, 1864, 0], ""stop_when_found16"": true, ""trial_radius"": 0}",ablation/q4_no_trial_clear/q4/paper_q4_n16_s960059/metrics.json
