kind,variant_id,question,case_id,case_hash,case_seed,source_count,accepted,verifier_all_ok,cleared_count,sources_total,t_per_source_s,T_total_virtual,T_move,T_measure,T_switch,T_clear,n_measures,n_switches,n_clear_attempts,parameter_sha256,parameters_json,metrics_path
tuning,q3_planning_radius_1000,q3,paper_q3_n13_s950020,70903a6bfebcaa4b096857a60679307ae6d82a3c041b5aa4ae2b70a05a39aa70,950020,13,True,True,13,13,228.0343288908139,2964.4462755805807,2231.4462755805807,560.0,108.0,65.0,112,108,13,9d2fc229d086153d5f5dab8e0fa137fe33e397cfa583d7296e43ab3172d7f953,"{""advance"": 0.25, ""arc_scan"": 0, ""commit"": false, ""estimate"": ""circle"", ""exact_positive"": false, ""info_points"": false, ""offset"": 0.1, ""planning_radius"": 1000, ""probe"": 250, ""probe_count"": 1, ""rotation"": 0.0, ""route_mode"": ""joint"", ""share_at_search"": true, ""share_during"": false, ""share_ratio"": 0.7, ""site_bonus"": 0.0, ""site_passes"": 1, ""sweep_advance"": 0.0, ""trial_limit"": 12, ""trial_radius"": 40, ""unknown_scan"": false}",tuning/q3_planning_radius_1000/q3/paper_q3_n13_s950020/metrics.json
tuning,q3_planning_radius_1000,q3,paper_q3_n13_s950021,eb5d84fdb59eaaf9c36ff84feb35cf2ded44221b5089617ef57c0ecb4d7f8e9f,950021,13,True,True,13,13,201.11242334978925,2614.4615035472602,1931.4615035472602,510.0,99.0,74.0,102,99,16,9d2fc229d086153d5f5dab8e0fa137fe33e397cfa583d7296e43ab3172d7f953,"{""advance"": 0.25, ""arc_scan"": 0, ""commit"": false, ""estimate"": ""circle"", ""exact_positive"": false, ""info_points"": false, ""offset"": 0.1, ""planning_radius"": 1000, ""probe"": 250, ""probe_count"": 1, ""rotation"": 0.0, ""route_mode"": ""joint"", ""share_at_search"": true, ""share_during"": false, ""share_ratio"": 0.7, ""site_bonus"": 0.0, ""site_passes"": 1, ""sweep_advance"": 0.0, ""trial_limit"": 12, ""trial_radius"": 40, ""unknown_scan"": false}",tuning/q3_planning_radius_1000/q3/paper_q3_n13_s950021/metrics.json
tuning,q3_planning_radius_1000,q3,paper_q3_n13_s950022,0d75e310c9bf1eeb0b68ee8d82ba0f1570d7caf28c78a6bf4fd90640531c6107,950022,13,True,True,13,13,231.5201074723764,3009.761397140893,2261.7613971408928,570.0,110.0,68.0,114,110,14,9d2fc229d086153d5f5dab8e0fa137fe33e397cfa583d7296e43ab3172d7f953,"{""advance"": 0.25, ""arc_scan"": 0, ""commit"": false, ""estimate"": ""circle"", ""exact_positive"": false, ""info_points"": false, ""offset"": 0.1, ""planning_radius"": 1000, ""probe"": 250, ""probe_count"": 1, ""rotation"": 0.0, ""route_mode"": ""joint"", ""share_at_search"": true, ""share_during"": false, ""share_ratio"": 0.7, ""site_bonus"": 0.0, ""site_passes"": 1, ""sweep_advance"": 0.0, ""trial_limit"": 12, ""trial_radius"": 40, ""unknown_scan"": false}",tuning/q3_planning_radius_1000/q3/paper_q3_n13_s950022/metrics.json
tuning,q3_planning_radius_1000,q3,paper_q3_n13_s950023,fe2eab14b6758d61a682e3f930a899279e395f680cfd064f33bf6bc6eff1f72d,950023,13,True,True,13,13,232.8981399507193,3027.675819359351,2306.6758193593505,545.0,105.0,71.0,109,105,15,9d2fc229d086153d5f5dab8e0fa137fe33e397cfa583d7296e43ab3172d7f953,"{""advance"": 0.25, ""arc_scan"": 0, ""commit"": false, ""estimate"": ""circle"", ""exact_positive"": false, ""info_points"": false, ""offset"": 0.1, ""planning_radius"": 1000, ""probe"": 250, ""probe_count"": 1, ""rotation"": 0.0, ""route_mode"": ""joint"", ""share_at_search"": true, ""share_during"": false, ""share_ratio"": 0.7, ""site_bonus"": 0.0, ""site_passes"": 1, ""sweep_advance"": 0.0, ""trial_limit"": 12, ""trial_radius"": 40, ""unknown_scan"": false}",tuning/q3_planning_radius_1000/q3/paper_q3_n13_s950023/metrics.json
tuning,q3_planning_radius_1000,q3,paper_q3_n13_s950024,fb69bbba3213a340a8a3e636f1f3cec6137ad3809b541867d67c46a205e9333c,950024,13,True,True,13,13,221.5953934392095,2880.7401147097235,2184.7401147097235,525.0,100.0,71.0,105,100,15,9d2fc229d086153d5f5dab8e0fa137fe33e397cfa583d7296e43ab3172d7f953,"{""advance"": 0.25, ""arc_scan"": 0, ""commit"": false, ""estimate"": ""circle"", ""exact_positive"": false, ""info_points"": false, ""offset"": 0.1, ""planning_radius"": 1000, ""probe"": 250, ""probe_count"": 1, ""rotation"": 0.0, ""route_mode"": ""joint"", ""share_at_search"": true, ""share_during"": false, ""share_ratio"": 0.7, ""site_bonus"": 0.0, ""site_passes"": 1, ""sweep_advance"": 0.0, ""trial_limit"": 12, ""trial_radius"": 40, ""unknown_scan"": false}",tuning/q3_planning_radius_1000/q3/paper_q3_n13_s950024/metrics.json
tuning,q3_planning_radius_1000,q3,paper_q3_n13_s950025,1ba92005a53f040c7a946c834e2f50455ebf773d06c969461550db1e8d62ed16,950025,13,True,True,13,13,214.2094718133815,2784.7231335739593,2079.7231335739593,540.0,100.0,65.0,108,100,13,9d2fc229d086153d5f5dab8e0fa137fe33e397cfa583d7296e43ab3172d7f953,"{""advance"": 0.25, ""arc_scan"": 0, ""commit"": false, ""estimate"": ""circle"", ""exact_positive"": false, ""info_points"": false, ""offset"": 0.1, ""planning_radius"": 1000, ""probe"": 250, ""probe_count"": 1, ""rotation"": 0.0, ""route_mode"": ""joint"", ""share_at_search"": true, ""share_during"": false, ""share_ratio"": 0.7, ""site_bonus"": 0.0, ""site_passes"": 1, ""sweep_advance"": 0.0, ""trial_limit"": 12, ""trial_radius"": 40, ""unknown_scan"": false}",tuning/q3_planning_radius_1000/q3/paper_q3_n13_s950025/metrics.json
tuning,q3_planning_radius_1000,q3,paper_q3_n13_s950026,cf57e3a436e6a22d8dd064312a321d0aaad781db2d9ea775c6db634bb6d5051d,950026,13,True,True,13,13,226.88375002912406,2949.4887503786126,2183.4887503786135,585.0,110.0,71.0,117,110,15,9d2fc229d086153d5f5dab8e0fa137fe33e397cfa583d7296e43ab3172d7f953,"{""advance"": 0.25, ""arc_scan"": 0, ""commit"": false, ""estimate"": ""circle"", ""exact_positive"": false, ""info_points"": false, ""offset"": 0.1, ""planning_radius"": 1000, ""probe"": 250, ""probe_count"": 1, ""rotation"": 0.0, ""route_mode"": ""joint"", ""share_at_search"": true, ""share_during"": false, ""share_ratio"": 0.7, ""site_bonus"": 0.0, ""site_passes"": 1, ""sweep_advance"": 0.0, ""trial_limit"": 12, ""trial_radius"": 40, ""unknown_scan"": false}",tuning/q3_planning_radius_1000/q3/paper_q3_n13_s950026/metrics.json
tuning,q3_planning_radius_1000,q3,paper_q3_n13_s950027,a8aec3feeca6bcf07d63a6305b6d779421822d47f61de17364a0c57468a559ad,950027,13,True,True,13,13,243.50337837912272,3165.5439189285953,2395.5439189285958,590.0,109.0,71.0,118,109,15,9d2fc229d086153d5f5dab8e0fa137fe33e397cfa583d7296e43ab3172d7f953,"{""advance"": 0.25, ""arc_scan"": 0, ""commit"": false, ""estimate"": ""circle"", ""exact_positive"": false, ""info_points"": false, ""offset"": 0.1, ""planning_radius"": 1000, ""probe"": 250, ""probe_count"": 1, ""rotation"": 0.0, ""route_mode"": ""joint"", ""share_at_search"": true, ""share_during"": false, ""share_ratio"": 0.7, ""site_bonus"": 0.0, ""site_passes"": 1, ""sweep_advance"": 0.0, ""trial_limit"": 12, ""trial_radius"": 40, ""unknown_scan"": false}",tuning/q3_planning_radius_1000/q3/paper_q3_n13_s950027/metrics.json
tuning,q3_planning_radius_1000,q3,paper_q3_n13_s950028,9b342acbb9254d3046ce702ec0945ff7d4a70f85b4f65c0623c4396731b26cba,950028,13,True,True,13,13,219.5896661899321,2854.6656604691175,2124.6656604691166,560.0,105.0,65.0,112,105,13,9d2fc229d086153d5f5dab8e0fa137fe33e397cfa583d7296e43ab3172d7f953,"{""advance"": 0.25, ""arc_scan"": 0, ""commit"": false, ""estimate"": ""circle"", ""exact_positive"": false, ""info_points"": false, ""offset"": 0.1, ""planning_radius"": 1000, ""probe"": 250, ""probe_count"": 1, ""rotation"": 0.0, ""route_mode"": ""joint"", ""share_at_search"": true, ""share_during"": false, ""share_ratio"": 0.7, ""site_bonus"": 0.0, ""site_passes"": 1, ""sweep_advance"": 0.0, ""trial_limit"": 12, ""trial_radius"": 40, ""unknown_scan"": false}",tuning/q3_planning_radius_1000/q3/paper_q3_n13_s950028/metrics.json
tuning,q3_planning_radius_1000,q3,paper_q3_n13_s950029,5d5188ceb7e1d95c186f04db045638fee53dfb1b16ca90f136fbd3edff28b62b,950029,13,True,True,13,13,212.4309801492541,2761.6027419403035,2031.6027419403035,555.0,107.0,68.0,111,107,14,9d2fc229d086153d5f5dab8e0fa137fe33e397cfa583d7296e43ab3172d7f953,"{""advance"": 0.25, ""arc_scan"": 0, ""commit"": false, ""estimate"": ""circle"", ""exact_positive"": false, ""info_points"": false, ""offset"": 0.1, ""planning_radius"": 1000, ""probe"": 250, ""probe_count"": 1, ""rotation"": 0.0, ""route_mode"": ""joint"", ""share_at_search"": true, ""share_during"": false, ""share_ratio"": 0.7, ""site_bonus"": 0.0, ""site_passes"": 1, ""sweep_advance"": 0.0, ""trial_limit"": 12, ""trial_radius"": 40, ""unknown_scan"": false}",tuning/q3_planning_radius_1000/q3/paper_q3_n13_s950029/metrics.json
tuning,q3_planning_radius_1500,q3,paper_q3_n13_s950020,70903a6bfebcaa4b096857a60679307ae6d82a3c041b5aa4ae2b70a05a39aa70,950020,13,True,True,13,13,232.80830176286457,3026.5079229172393,2278.5079229172393,570.0,110.0,68.0,114,110,14,4729540c1c31a4320ee95e5aab56cd5e3b982a41422bc81fe25c88ff0ce01d88,"{""advance"": 0.25, ""arc_scan"": 0, ""commit"": false, ""estimate"": ""circle"", ""exact_positive"": false, ""info_points"": false, ""offset"": 0.1, ""planning_radius"": 1500, ""probe"": 250, ""probe_count"": 1, ""rotation"": 0.0, ""route_mode"": ""joint"", ""share_at_search"": true, ""share_during"": false, ""share_ratio"": 0.7, ""site_bonus"": 0.0, ""site_passes"": 1, ""sweep_advance"": 0.0, ""trial_limit"": 12, ""trial_radius"": 40, ""unknown_scan"": false}",tuning/q3_planning_radius_1500/q3/paper_q3_n13_s950020/metrics.json
tuning,q3_planning_radius_1500,q3,paper_q3_n13_s950021,eb5d84fdb59eaaf9c36ff84feb35cf2ded44221b5089617ef57c0ecb4d7f8e9f,950021,13,True,True,13,13,201.11242334978925,2614.4615035472602,1931.4615035472602,510.0,99.0,74.0,102,99,16,4729540c1c31a4320ee95e5aab56cd5e3b982a41422bc81fe25c88ff0ce01d88,"{""advance"": 0.25, ""arc_scan"": 0, ""commit"": false, ""estimate"": ""circle"", ""exact_positive"": false, ""info_points"": false, ""offset"": 0.1, ""planning_radius"": 1500, ""probe"": 250, ""probe_count"": 1, ""rotation"": 0.0, ""route_mode"": ""joint"", ""share_at_search"": true, ""share_during"": false, ""share_ratio"": 0.7, ""site_bonus"": 0.0, ""site_passes"": 1, ""sweep_advance"": 0.0, ""trial_limit"": 12, ""trial_radius"": 40, ""unknown_scan"": false}",tuning/q3_planning_radius_1500/q3/paper_q3_n13_s950021/metrics.json
tuning,q3_planning_radius_1500,q3,paper_q3_n13_s950022,0d75e310c9bf1eeb0b68ee8d82ba0f1570d7caf28c78a6bf4fd90640531c6107,950022,13,True,True,13,13,231.5201074723764,3009.761397140893,2261.7613971408928,570.0,110.0,68.0,114,110,14,4729540c1c31a4320ee95e5aab56cd5e3b982a41422bc81fe25c88ff0ce01d88,"{""advance"": 0.25, ""arc_scan"": 0, ""commit"": false, ""estimate"": ""circle"", ""exact_positive"": false, ""info_points"": false, ""offset"": 0.1, ""planning_radius"": 1500, ""probe"": 250, ""probe_count"": 1, ""rotation"": 0.0, ""route_mode"": ""joint"", ""share_at_search"": true, ""share_during"": false, ""share_ratio"": 0.7, ""site_bonus"": 0.0, ""site_passes"": 1, ""sweep_advance"": 0.0, ""trial_limit"": 12, ""trial_radius"": 40, ""unknown_scan"": false}",tuning/q3_planning_radius_1500/q3/paper_q3_n13_s950022/metrics.json
tuning,q3_planning_radius_1500,q3,paper_q3_n13_s950023,fe2eab14b6758d61a682e3f930a899279e395f680cfd064f33bf6bc6eff1f72d,950023,13,True,True,13,13,232.89813995071967,3027.6758193593555,2306.6758193593555,545.0,105.0,71.0,109,105,15,4729540c1c31a4320ee95e5aab56cd5e3b982a41422bc81fe25c88ff0ce01d88,"{""advance"": 0.25, ""arc_scan"": 0, ""commit"": false, ""estimate"": ""circle"", ""exact_positive"": false, ""info_points"": false, ""offset"": 0.1, ""planning_radius"": 1500, ""probe"": 250, ""probe_count"": 1, ""rotation"": 0.0, ""route_mode"": ""joint"", ""share_at_search"": true, ""share_during"": false, ""share_ratio"": 0.7, ""site_bonus"": 0.0, ""site_passes"": 1, ""sweep_advance"": 0.0, ""trial_limit"": 12, ""trial_radius"": 40, ""unknown_scan"": false}",tuning/q3_planning_radius_1500/q3/paper_q3_n13_s950023/metrics.json
tuning,q3_planning_radius_1500,q3,paper_q3_n13_s950024,fb69bbba3213a340a8a3e636f1f3cec6137ad3809b541867d67c46a205e9333c,950024,13,True,True,13,13,216.01090706262056,2808.1417918140673,2095.1417918140683,545.0,103.0,65.0,109,103,13,4729540c1c31a4320ee95e5aab56cd5e3b982a41422bc81fe25c88ff0ce01d88,"{""advance"": 0.25, ""arc_scan"": 0, ""commit"": false, ""estimate"": ""circle"", ""exact_positive"": false, ""info_points"": false, ""offset"": 0.1, ""planning_radius"": 1500, ""probe"": 250, ""probe_count"": 1, ""rotation"": 0.0, ""route_mode"": ""joint"", ""share_at_search"": true, ""share_during"": false, ""share_ratio"": 0.7, ""site_bonus"": 0.0, ""site_passes"": 1, ""sweep_advance"": 0.0, ""trial_limit"": 12, ""trial_radius"": 40, ""unknown_scan"": false}",tuning/q3_planning_radius_1500/q3/paper_q3_n13_s950024/metrics.json
tuning,q3_planning_radius_1500,q3,paper_q3_n13_s950025,1ba92005a53f040c7a946c834e2f50455ebf773d06c969461550db1e8d62ed16,950025,13,True,True,13,13,217.38740125119043,2826.0362162654756,2115.036216265476,545.0,101.0,65.0,109,101,13,4729540c1c31a4320ee95e5aab56cd5e3b982a41422bc81fe25c88ff0ce01d88,"{""advance"": 0.25, ""arc_scan"": 0, ""commit"": false, ""estimate"": ""circle"", ""exact_positive"": false, ""info_points"": false, ""offset"": 0.1, ""planning_radius"": 1500, ""probe"": 250, ""probe_count"": 1, ""rotation"": 0.0, ""route_mode"": ""joint"", ""share_at_search"": true, ""share_during"": false, ""share_ratio"": 0.7, ""site_bonus"": 0.0, ""site_passes"": 1, ""sweep_advance"": 0.0, ""trial_limit"": 12, ""trial_radius"": 40, ""unknown_scan"": false}",tuning/q3_planning_radius_1500/q3/paper_q3_n13_s950025/metrics.json
tuning,q3_planning_radius_1500,q3,paper_q3_n13_s950026,cf57e3a436e6a22d8dd064312a321d0aaad781db2d9ea775c6db634bb6d5051d,950026,13,True,True,13,13,229.39865380489397,2982.1824994636218,2261.1824994636218,545.0,105.0,71.0,109,105,15,4729540c1c31a4320ee95e5aab56cd5e3b982a41422bc81fe25c88ff0ce01d88,"{""advance"": 0.25, ""arc_scan"": 0, ""commit"": false, ""estimate"": ""circle"", ""exact_positive"": false, ""info_points"": false, ""offset"": 0.1, ""planning_radius"": 1500, ""probe"": 250, ""probe_count"": 1, ""rotation"": 0.0, ""route_mode"": ""joint"", ""share_at_search"": true, ""share_during"": false, ""share_ratio"": 0.7, ""site_bonus"": 0.0, ""site_passes"": 1, ""sweep_advance"": 0.0, ""trial_limit"": 12, ""trial_radius"": 40, ""unknown_scan"": false}",tuning/q3_planning_radius_1500/q3/paper_q3_n13_s950026/metrics.json
tuning,q3_planning_radius_1500,q3,paper_q3_n13_s950027,a8aec3feeca6bcf07d63a6305b6d779421822d47f61de17364a0c57468a559ad,950027,13,True,True,13,13,243.01393933658753,3159.1812113756378,2392.1812113756378,590.0,109.0,68.0,118,109,14,4729540c1c31a4320ee95e5aab56cd5e3b982a41422bc81fe25c88ff0ce01d88,"{""advance"": 0.25, ""arc_scan"": 0, ""commit"": false, ""estimate"": ""circle"", ""exact_positive"": false, ""info_points"": false, ""offset"": 0.1, ""planning_radius"": 1500, ""probe"": 250, ""probe_count"": 1, ""rotation"": 0.0, ""route_mode"": ""joint"", ""share_at_search"": true, ""share_during"": false, ""share_ratio"": 0.7, ""site_bonus"": 0.0, ""site_passes"": 1, ""sweep_advance"": 0.0, ""trial_limit"": 12, ""trial_radius"": 40, ""unknown_scan"": false}",tuning/q3_planning_radius_1500/q3/paper_q3_n13_s950027/metrics.json
tuning,q3_planning_radius_1500,q3,paper_q3_n13_s950028,9b342acbb9254d3046ce702ec0945ff7d4a70f85b4f65c0623c4396731b26cba,950028,13,True,True,13,13,219.5896661899321,2854.6656604691175,2124.6656604691166,560.0,105.0,65.0,112,105,13,4729540c1c31a4320ee95e5aab56cd5e3b982a41422bc81fe25c88ff0ce01d88,"{""advance"": 0.25, ""arc_scan"": 0, ""commit"": false, ""estimate"": ""circle"", ""exact_positive"": false, ""info_points"": false, ""offset"": 0.1, ""planning_radius"": 1500, ""probe"": 250, ""probe_count"": 1, ""rotation"": 0.0, ""route_mode"": ""joint"", ""share_at_search"": true, ""share_during"": false, ""share_ratio"": 0.7, ""site_bonus"": 0.0, ""site_passes"": 1, ""sweep_advance"": 0.0, ""trial_limit"": 12, ""trial_radius"": 40, ""unknown_scan"": false}",tuning/q3_planning_radius_1500/q3/paper_q3_n13_s950028/metrics.json
tuning,q3_planning_radius_1500,q3,paper_q3_n13_s950029,5d5188ceb7e1d95c186f04db045638fee53dfb1b16ca90f136fbd3edff28b62b,950029,13,True,True,13,13,212.4309801492541,2761.6027419403035,2031.602741940303,555.0,107.0,68.0,111,107,14,4729540c1c31a4320ee95e5aab56cd5e3b982a41422bc81fe25c88ff0ce01d88,"{""advance"": 0.25, ""arc_scan"": 0, ""commit"": false, ""estimate"": ""circle"", ""exact_positive"": false, ""info_points"": false, ""offset"": 0.1, ""planning_radius"": 1500, ""probe"": 250, ""probe_count"": 1, ""rotation"": 0.0, ""route_mode"": ""joint"", ""share_at_search"": true, ""share_during"": false, ""share_ratio"": 0.7, ""site_bonus"": 0.0, ""site_passes"": 1, ""sweep_advance"": 0.0, ""trial_limit"": 12, ""trial_radius"": 40, ""unknown_scan"": false}",tuning/q3_planning_radius_1500/q3/paper_q3_n13_s950029/metrics.json
tuning,q3_planning_radius_1800,q3,paper_q3_n13_s950020,70903a6bfebcaa4b096857a60679307ae6d82a3c041b5aa4ae2b70a05a39aa70,950020,13,True,True,13,13,232.9266511702046,3028.0464652126598,2280.0464652126598,570.0,110.0,68.0,114,110,14,b708c3ba317d470a0af4071b82f516905b895394cb12e38fabe3f08e9c92bc80,"{""advance"": 0.25, ""arc_scan"": 0, ""commit"": false, ""estimate"": ""circle"", ""exact_positive"": false, ""info_points"": false, ""offset"": 0.1, ""planning_radius"": 1800, ""probe"": 250, ""probe_count"": 1, ""rotation"": 0.0, ""route_mode"": ""joint"", ""share_at_search"": true, ""share_during"": false, ""share_ratio"": 0.7, ""site_bonus"": 0.0, ""site_passes"": 1, ""sweep_advance"": 0.0, ""trial_limit"": 12, ""trial_radius"": 40, ""unknown_scan"": false}",tuning/q3_planning_radius_1800/q3/paper_q3_n13_s950020/metrics.json
tuning,q3_planning_radius_1800,q3,paper_q3_n13_s950021,eb5d84fdb59eaaf9c36ff84feb35cf2ded44221b5089617ef57c0ecb4d7f8e9f,950021,13,True,True,13,13,201.1124233497882,2614.4615035472466,1931.461503547246,510.0,99.0,74.0,102,99,16,b708c3ba317d470a0af4071b82f516905b895394cb12e38fabe3f08e9c92bc80,"{""advance"": 0.25, ""arc_scan"": 0, ""commit"": false, ""estimate"": ""circle"", ""exact_positive"": false, ""info_points"": false, ""offset"": 0.1, ""planning_radius"": 1800, ""probe"": 250, ""probe_count"": 1, ""rotation"": 0.0, ""route_mode"": ""joint"", ""share_at_search"": true, ""share_during"": false, ""share_ratio"": 0.7, ""site_bonus"": 0.0, ""site_passes"": 1, ""sweep_advance"": 0.0, ""trial_limit"": 12, ""trial_radius"": 40, ""unknown_scan"": false}",tuning/q3_planning_radius_1800/q3/paper_q3_n13_s950021/metrics.json
tuning,q3_planning_radius_1800,q3,paper_q3_n13_s950022,0d75e310c9bf1eeb0b68ee8d82ba0f1570d7caf28c78a6bf4fd90640531c6107,950022,13,True,True,13,13,231.5201074723764,3009.761397140893,2261.7613971408928,570.0,110.0,68.0,114,110,14,b708c3ba317d470a0af4071b82f516905b895394cb12e38fabe3f08e9c92bc80,"{""advance"": 0.25, ""arc_scan"": 0, ""commit"": false, ""estimate"": ""circle"", ""exact_positive"": false, ""info_points"": false, ""offset"": 0.1, ""planning_radius"": 1800, ""probe"": 250, ""probe_count"": 1, ""rotation"": 0.0, ""route_mode"": ""joint"", ""share_at_search"": true, ""share_during"": false, ""share_ratio"": 0.7, ""site_bonus"": 0.0, ""site_passes"": 1, ""sweep_advance"": 0.0, ""trial_limit"": 12, ""trial_radius"": 40, ""unknown_scan"": false}",tuning/q3_planning_radius_1800/q3/paper_q3_n13_s950022/metrics.json
tuning,q3_planning_radius_1800,q3,paper_q3_n13_s950023,fe2eab14b6758d61a682e3f930a899279e395f680cfd064f33bf6bc6eff1f72d,950023,13,True,True,13,13,243.63709880156287,3167.2822844203174,2484.2822844203174,520.0,98.0,65.0,104,98,13,b708c3ba317d470a0af4071b82f516905b895394cb12e38fabe3f08e9c92bc80,"{""advance"": 0.25, ""arc_scan"": 0, ""commit"": false, ""estimate"": ""circle"", ""exact_positive"": false, ""info_points"": false, ""offset"": 0.1, ""planning_radius"": 1800, ""probe"": 250, ""probe_count"": 1, ""rotation"": 0.0, ""route_mode"": ""joint"", ""share_at_search"": true, ""share_during"": false, ""share_ratio"": 0.7, ""site_bonus"": 0.0, ""site_passes"": 1, ""sweep_advance"": 0.0, ""trial_limit"": 12, ""trial_radius"": 40, ""unknown_scan"": false}",tuning/q3_planning_radius_1800/q3/paper_q3_n13_s950023/metrics.json
tuning,q3_planning_radius_1800,q3,paper_q3_n13_s950024,fb69bbba3213a340a8a3e636f1f3cec6137ad3809b541867d67c46a205e9333c,950024,13,True,True,13,13,215.21192190102508,2797.754984713326,2109.754984713327,515.0,99.0,74.0,103,99,16,b708c3ba317d470a0af4071b82f516905b895394cb12e38fabe3f08e9c92bc80,"{""advance"": 0.25, ""arc_scan"": 0, ""commit"": false, ""estimate"": ""circle"", ""exact_positive"": false, ""info_points"": false, ""offset"": 0.1, ""planning_radius"": 1800, ""probe"": 250, ""probe_count"": 1, ""rotation"": 0.0, ""route_mode"": ""joint"", ""share_at_search"": true, ""share_during"": false, ""share_ratio"": 0.7, ""site_bonus"": 0.0, ""site_passes"": 1, ""sweep_advance"": 0.0, ""trial_limit"": 12, ""trial_radius"": 40, ""unknown_scan"": false}",tuning/q3_planning_radius_1800/q3/paper_q3_n13_s950024/metrics.json
tuning,q3_planning_radius_1800,q3,paper_q3_n13_s950025,1ba92005a53f040c7a946c834e2f50455ebf773d06c969461550db1e8d62ed16,950025,13,True,True,13,13,215.37053074428212,2799.8168996756676,2088.8168996756676,545.0,101.0,65.0,109,101,13,b708c3ba317d470a0af4071b82f516905b895394cb12e38fabe3f08e9c92bc80,"{""advance"": 0.25, ""arc_scan"": 0, ""commit"": false, ""estimate"": ""circle"", ""exact_positive"": false, ""info_points"": false, ""offset"": 0.1, ""planning_radius"": 1800, ""probe"": 250, ""probe_count"": 1, ""rotation"": 0.0, ""route_mode"": ""joint"", ""share_at_search"": true, ""share_during"": false, ""share_ratio"": 0.7, ""site_bonus"": 0.0, ""site_passes"": 1, ""sweep_advance"": 0.0, ""trial_limit"": 12, ""trial_radius"": 40, ""unknown_scan"": false}",tuning/q3_planning_radius_1800/q3/paper_q3_n13_s950025/metrics.json
tuning,q3_planning_radius_1800,q3,paper_q3_n13_s950026,cf57e3a436e6a22d8dd064312a321d0aaad781db2d9ea775c6db634bb6d5051d,950026,13,True,True,13,13,229.4627549589897,2983.0158144668662,2222.015814466867,585.0,108.0,68.0,117,108,14,b708c3ba317d470a0af4071b82f516905b895394cb12e38fabe3f08e9c92bc80,"{""advance"": 0.25, ""arc_scan"": 0, ""commit"": false, ""estimate"": ""circle"", ""exact_positive"": false, ""info_points"": false, ""offset"": 0.1, ""planning_radius"": 1800, ""probe"": 250, ""probe_count"": 1, ""rotation"": 0.0, ""route_mode"": ""joint"", ""share_at_search"": true, ""share_during"": false, ""share_ratio"": 0.7, ""site_bonus"": 0.0, ""site_passes"": 1, ""sweep_advance"": 0.0, ""trial_limit"": 12, ""trial_radius"": 40, ""unknown_scan"": false}",tuning/q3_planning_radius_1800/q3/paper_q3_n13_s950026/metrics.json
tuning,q3_planning_radius_1800,q3,paper_q3_n13_s950027,a8aec3feeca6bcf07d63a6305b6d779421822d47f61de17364a0c57468a559ad,950027,13,True,True,13,13,244.43301430799679,3177.6291860039582,2402.6291860039573,595.0,109.0,71.0,119,109,15,b708c3ba317d470a0af4071b82f516905b895394cb12e38fabe3f08e9c92bc80,"{""advance"": 0.25, ""arc_scan"": 0, ""commit"": false, ""estimate"": ""circle"", ""exact_positive"": false, ""info_points"": false, ""offset"": 0.1, ""planning_radius"": 1800, ""probe"": 250, ""probe_count"": 1, ""rotation"": 0.0, ""route_mode"": ""joint"", ""share_at_search"": true, ""share_during"": false, ""share_ratio"": 0.7, ""site_bonus"": 0.0, ""site_passes"": 1, ""sweep_advance"": 0.0, ""trial_limit"": 12, ""trial_radius"": 40, ""unknown_scan"": false}",tuning/q3_planning_radius_1800/q3/paper_q3_n13_s950027/metrics.json
tuning,q3_planning_radius_1800,q3,paper_q3_n13_s950028,9b342acbb9254d3046ce702ec0945ff7d4a70f85b4f65c0623c4396731b26cba,950028,13,True,True,13,13,219.58966618948318,2854.6656604632813,2124.665660463281,560.0,105.0,65.0,112,105,13,b708c3ba317d470a0af4071b82f516905b895394cb12e38fabe3f08e9c92bc80,"{""advance"": 0.25, ""arc_scan"": 0, ""commit"": false, ""estimate"": ""circle"", ""exact_positive"": false, ""info_points"": false, ""offset"": 0.1, ""planning_radius"": 1800, ""probe"": 250, ""probe_count"": 1, ""rotation"": 0.0, ""route_mode"": ""joint"", ""share_at_search"": true, ""share_during"": false, ""share_ratio"": 0.7, ""site_bonus"": 0.0, ""site_passes"": 1, ""sweep_advance"": 0.0, ""trial_limit"": 12, ""trial_radius"": 40, ""unknown_scan"": false}",tuning/q3_planning_radius_1800/q3/paper_q3_n13_s950028/metrics.json
tuning,q3_planning_radius_1800,q3,paper_q3_n13_s950029,5d5188ceb7e1d95c186f04db045638fee53dfb1b16ca90f136fbd3edff28b62b,950029,13,True,True,13,13,212.48329843890542,2762.2828797057705,2032.2828797057707,555.0,107.0,68.0,111,107,14,b708c3ba317d470a0af4071b82f516905b895394cb12e38fabe3f08e9c92bc80,"{""advance"": 0.25, ""arc_scan"": 0, ""commit"": false, ""estimate"": ""circle"", ""exact_positive"": false, ""info_points"": false, ""offset"": 0.1, ""planning_radius"": 1800, ""probe"": 250, ""probe_count"": 1, ""rotation"": 0.0, ""route_mode"": ""joint"", ""share_at_search"": true, ""share_during"": false, ""share_ratio"": 0.7, ""site_bonus"": 0.0, ""site_passes"": 1, ""sweep_advance"": 0.0, ""trial_limit"": 12, ""trial_radius"": 40, ""unknown_scan"": false}",tuning/q3_planning_radius_1800/q3/paper_q3_n13_s950029/metrics.json
tuning,q3_probe_150,q3,paper_q3_n13_s950020,70903a6bfebcaa4b096857a60679307ae6d82a3c041b5aa4ae2b70a05a39aa70,950020,13,True,True,13,13,233.46750126411825,3035.0775164335373,2269.0775164335373,585.0,113.0,68.0,117,113,14,388a616cba63f7b552a087ab3c3eb14b5b88bc710a18be0909ca5f3dd219590a,"{""advance"": 0.25, ""arc_scan"": 0, ""commit"": false, ""estimate"": ""circle"", ""exact_positive"": false, ""info_points"": false, ""offset"": 0.1, ""planning_radius"": 1500, ""probe"": 150, ""probe_count"": 1, ""rotation"": 0.0, ""route_mode"": ""joint"", ""share_at_search"": true, ""share_during"": false, ""share_ratio"": 0.7, ""site_bonus"": 0.0, ""site_passes"": 1, ""sweep_advance"": 0.0, ""trial_limit"": 12, ""trial_radius"": 40, ""unknown_scan"": false}",tuning/q3_probe_150/q3/paper_q3_n13_s950020/metrics.json
tuning,q3_probe_150,q3,paper_q3_n13_s950021,eb5d84fdb59eaaf9c36ff84feb35cf2ded44221b5089617ef57c0ecb4d7f8e9f,950021,13,True,True,13,13,201.01418040276087,2613.184345235891,1900.1843452358912,535.0,104.0,74.0,107,104,16,388a616cba63f7b552a087ab3c3eb14b5b88bc710a18be0909ca5f3dd219590a,"{""advance"": 0.25, ""arc_scan"": 0, ""commit"": false, ""estimate"": ""circle"", ""exact_positive"": false, ""info_points"": false, ""offset"": 0.1, ""planning_radius"": 1500, ""probe"": 150, ""probe_count"": 1, ""rotation"": 0.0, ""route_mode"": ""joint"", ""share_at_search"": true, ""share_during"": false, ""share_ratio"": 0.7, ""site_bonus"": 0.0, ""site_passes"": 1, ""sweep_advance"": 0.0, ""trial_limit"": 12, ""trial_radius"": 40, ""unknown_scan"": false}",tuning/q3_probe_150/q3/paper_q3_n13_s950021/metrics.json
tuning,q3_probe_150,q3,paper_q3_n13_s950022,0d75e310c9bf1eeb0b68ee8d82ba0f1570d7caf28c78a6bf4fd90640531c6107,950022,13,True,True,13,13,238.4232739979217,3099.502561972982,2364.502561972982,565.0,105.0,65.0,113,105,13,388a616cba63f7b552a087ab3c3eb14b5b88bc710a18be0909ca5f3dd219590a,"{""advance"": 0.25, ""arc_scan"": 0, ""commit"": false, ""estimate"": ""circle"", ""exact_positive"": false, ""info_points"": false, ""offset"": 0.1, ""planning_radius"": 1500, ""probe"": 150, ""probe_count"": 1, ""rotation"": 0.0, ""route_mode"": ""joint"", ""share_at_search"": true, ""share_during"": false, ""share_ratio"": 0.7, ""site_bonus"": 0.0, ""site_passes"": 1, ""sweep_advance"": 0.0, ""trial_limit"": 12, ""trial_radius"": 40, ""unknown_scan"": false}",tuning/q3_probe_150/q3/paper_q3_n13_s950022/metrics.json
tuning,q3_probe_150,q3,paper_q3_n13_s950023,fe2eab14b6758d61a682e3f930a899279e395f680cfd064f33bf6bc6eff1f72d,950023,13,True,True,13,13,231.87501959351013,3014.375254715632,2285.375254715632,550.0,105.0,74.0,110,105,16,388a616cba63f7b552a087ab3c3eb14b5b88bc710a18be0909ca5f3dd219590a,"{""advance"": 0.25, ""arc_scan"": 0, ""commit"": false, ""estimate"": ""circle"", ""exact_positive"": false, ""info_points"": false, ""offset"": 0.1, ""planning_radius"": 1500, ""probe"": 150, ""probe_count"": 1, ""rotation"": 0.0, ""route_mode"": ""joint"", ""share_at_search"": true, ""share_during"": false, ""share_ratio"": 0.7, ""site_bonus"": 0.0, ""site_passes"": 1, ""sweep_advance"": 0.0, ""trial_limit"": 12, ""trial_radius"": 40, ""unknown_scan"": false}",tuning/q3_probe_150/q3/paper_q3_n13_s950023/metrics.json
tuning,q3_probe_150,q3,paper_q3_n13_s950024,fb69bbba3213a340a8a3e636f1f3cec6137ad3809b541867d67c46a205e9333c,950024,13,True,True,13,13,213.75791556640468,2778.852902363261,2082.8529023632623,525.0,100.0,71.0,105,100,15,388a616cba63f7b552a087ab3c3eb14b5b88bc710a18be0909ca5f3dd219590a,"{""advance"": 0.25, ""arc_scan"": 0, ""commit"": false, ""estimate"": ""circle"", ""exact_positive"": false, ""info_points"": false, ""offset"": 0.1, ""planning_radius"": 1500, ""probe"": 150, ""probe_count"": 1, ""rotation"": 0.0, ""route_mode"": ""joint"", ""share_at_search"": true, ""share_during"": false, ""share_ratio"": 0.7, ""site_bonus"": 0.0, ""site_passes"": 1, ""sweep_advance"": 0.0, ""trial_limit"": 12, ""trial_radius"": 40, ""unknown_scan"": false}",tuning/q3_probe_150/q3/paper_q3_n13_s950024/metrics.json
tuning,q3_probe_150,q3,paper_q3_n13_s950025,1ba92005a53f040c7a946c834e2f50455ebf773d06c969461550db1e8d62ed16,950025,13,True,True,13,13,222.04688405241183,2886.609492681354,2139.6094926813535,575.0,107.0,65.0,115,107,13,388a616cba63f7b552a087ab3c3eb14b5b88bc710a18be0909ca5f3dd219590a,"{""advance"": 0.25, ""arc_scan"": 0, ""commit"": false, ""estimate"": ""circle"", ""exact_positive"": false, ""info_points"": false, ""offset"": 0.1, ""planning_radius"": 1500, ""probe"": 150, ""probe_count"": 1, ""rotation"": 0.0, ""route_mode"": ""joint"", ""share_at_search"": true, ""share_during"": false, ""share_ratio"": 0.7, ""site_bonus"": 0.0, ""site_passes"": 1, ""sweep_advance"": 0.0, ""trial_limit"": 12, ""trial_radius"": 40, ""unknown_scan"": false}",tuning/q3_probe_150/q3/paper_q3_n13_s950025/metrics.json
tuning,q3_probe_150,q3,paper_q3_n13_s950026,cf57e3a436e6a22d8dd064312a321d0aaad781db2d9ea775c6db634bb6d5051d,950026,13,True,True,13,13,245.99480020038783,3197.9324026050417,2427.9324026050417,595.0,110.0,65.0,119,110,13,388a616cba63f7b552a087ab3c3eb14b5b88bc710a18be0909ca5f3dd219590a,"{""advance"": 0.25, ""arc_scan"": 0, ""commit"": false, ""estimate"": ""circle"", ""exact_positive"": false, ""info_points"": false, ""offset"": 0.1, ""planning_radius"": 1500, ""probe"": 150, ""probe_count"": 1, ""rotation"": 0.0, ""route_mode"": ""joint"", ""share_at_search"": true, ""share_during"": false, ""share_ratio"": 0.7, ""site_bonus"": 0.0, ""site_passes"": 1, ""sweep_advance"": 0.0, ""trial_limit"": 12, ""trial_radius"": 40, ""unknown_scan"": false}",tuning/q3_probe_150/q3/paper_q3_n13_s950026/metrics.json
tuning,q3_probe_150,q3,paper_q3_n13_s950027,a8aec3feeca6bcf07d63a6305b6d779421822d47f61de17364a0c57468a559ad,950027,13,True,True,13,13,242.97356251731986,3158.6563127251584,2382.656312725159,595.0,110.0,71.0,119,110,15,388a616cba63f7b552a087ab3c3eb14b5b88bc710a18be0909ca5f3dd219590a,"{""advance"": 0.25, ""arc_scan"": 0, ""commit"": false, ""estimate"": ""circle"", ""exact_positive"": false, ""info_points"": false, ""offset"": 0.1, ""planning_radius"": 1500, ""probe"": 150, ""probe_count"": 1, ""rotation"": 0.0, ""route_mode"": ""joint"", ""share_at_search"": true, ""share_during"": false, ""share_ratio"": 0.7, ""site_bonus"": 0.0, ""site_passes"": 1, ""sweep_advance"": 0.0, ""trial_limit"": 12, ""trial_radius"": 40, ""unknown_scan"": false}",tuning/q3_probe_150/q3/paper_q3_n13_s950027/metrics.json
tuning,q3_probe_150,q3,paper_q3_n13_s950028,9b342acbb9254d3046ce702ec0945ff7d4a70f85b4f65c0623c4396731b26cba,950028,13,True,True,13,13,222.45098867983214,2891.8628528378176,2145.862852837818,575.0,106.0,65.0,115,106,13,388a616cba63f7b552a087ab3c3eb14b5b88bc710a18be0909ca5f3dd219590a,"{""advance"": 0.25, ""arc_scan"": 0, ""commit"": false, ""estimate"": ""circle"", ""exact_positive"": false, ""info_points"": false, ""offset"": 0.1, ""planning_radius"": 1500, ""probe"": 150, ""probe_count"": 1, ""rotation"": 0.0, ""route_mode"": ""joint"", ""share_at_search"": true, ""share_during"": false, ""share_ratio"": 0.7, ""site_bonus"": 0.0, ""site_passes"": 1, ""sweep_advance"": 0.0, ""trial_limit"": 12, ""trial_radius"": 40, ""unknown_scan"": false}",tuning/q3_probe_150/q3/paper_q3_n13_s950028/metrics.json
tuning,q3_probe_150,q3,paper_q3_n13_s950029,5d5188ceb7e1d95c186f04db045638fee53dfb1b16ca90f136fbd3edff28b62b,950029,13,True,True,13,13,210.904050045284,2741.752650588692,1990.7526505886926,575.0,111.0,65.0,115,111,13,388a616cba63f7b552a087ab3c3eb14b5b88bc710a18be0909ca5f3dd219590a,"{""advance"": 0.25, ""arc_scan"": 0, ""commit"": false, ""estimate"": ""circle"", ""exact_positive"": false, ""info_points"": false, ""offset"": 0.1, ""planning_radius"": 1500, ""probe"": 150, ""probe_count"": 1, ""rotation"": 0.0, ""route_mode"": ""joint"", ""share_at_search"": true, ""share_during"": false, ""share_ratio"": 0.7, ""site_bonus"": 0.0, ""site_passes"": 1, ""sweep_advance"": 0.0, ""trial_limit"": 12, ""trial_radius"": 40, ""unknown_scan"": false}",tuning/q3_probe_150/q3/paper_q3_n13_s950029/metrics.json
tuning,q3_probe_250,q3,paper_q3_n13_s950020,70903a6bfebcaa4b096857a60679307ae6d82a3c041b5aa4ae2b70a05a39aa70,950020,13,True,True,13,13,232.80830176286457,3026.5079229172393,2278.5079229172393,570.0,110.0,68.0,114,110,14,4729540c1c31a4320ee95e5aab56cd5e3b982a41422bc81fe25c88ff0ce01d88,"{""advance"": 0.25, ""arc_scan"": 0, ""commit"": false, ""estimate"": ""circle"", ""exact_positive"": false, ""info_points"": false, ""offset"": 0.1, ""planning_radius"": 1500, ""probe"": 250, ""probe_count"": 1, ""rotation"": 0.0, ""route_mode"": ""joint"", ""share_at_search"": true, ""share_during"": false, ""share_ratio"": 0.7, ""site_bonus"": 0.0, ""site_passes"": 1, ""sweep_advance"": 0.0, ""trial_limit"": 12, ""trial_radius"": 40, ""unknown_scan"": false}",tuning/q3_probe_250/q3/paper_q3_n13_s950020/metrics.json
tuning,q3_probe_250,q3,paper_q3_n13_s950021,eb5d84fdb59eaaf9c36ff84feb35cf2ded44221b5089617ef57c0ecb4d7f8e9f,950021,13,True,True,13,13,201.11242334978925,2614.4615035472602,1931.4615035472602,510.0,99.0,74.0,102,99,16,4729540c1c31a4320ee95e5aab56cd5e3b982a41422bc81fe25c88ff0ce01d88,"{""advance"": 0.25, ""arc_scan"": 0, ""commit"": false, ""estimate"": ""circle"", ""exact_positive"": false, ""info_points"": false, ""offset"": 0.1, ""planning_radius"": 1500, ""probe"": 250, ""probe_count"": 1, ""rotation"": 0.0, ""route_mode"": ""joint"", ""share_at_search"": true, ""share_during"": false, ""share_ratio"": 0.7, ""site_bonus"": 0.0, ""site_passes"": 1, ""sweep_advance"": 0.0, ""trial_limit"": 12, ""trial_radius"": 40, ""unknown_scan"": false}",tuning/q3_probe_250/q3/paper_q3_n13_s950021/metrics.json
tuning,q3_probe_250,q3,paper_q3_n13_s950022,0d75e310c9bf1eeb0b68ee8d82ba0f1570d7caf28c78a6bf4fd90640531c6107,950022,13,True,True,13,13,231.5201074723764,3009.761397140893,2261.7613971408928,570.0,110.0,68.0,114,110,14,4729540c1c31a4320ee95e5aab56cd5e3b982a41422bc81fe25c88ff0ce01d88,"{""advance"": 0.25, ""arc_scan"": 0, ""commit"": false, ""estimate"": ""circle"", ""exact_positive"": false, ""info_points"": false, ""offset"": 0.1, ""planning_radius"": 1500, ""probe"": 250, ""probe_count"": 1, ""rotation"": 0.0, ""route_mode"": ""joint"", ""share_at_search"": true, ""share_during"": false, ""share_ratio"": 0.7, ""site_bonus"": 0.0, ""site_passes"": 1, ""sweep_advance"": 0.0, ""trial_limit"": 12, ""trial_radius"": 40, ""unknown_scan"": false}",tuning/q3_probe_250/q3/paper_q3_n13_s950022/metrics.json
tuning,q3_probe_250,q3,paper_q3_n13_s950023,fe2eab14b6758d61a682e3f930a899279e395f680cfd064f33bf6bc6eff1f72d,950023,13,True,True,13,13,232.89813995071967,3027.6758193593555,2306.6758193593555,545.0,105.0,71.0,109,105,15,4729540c1c31a4320ee95e5aab56cd5e3b982a41422bc81fe25c88ff0ce01d88,"{""advance"": 0.25, ""arc_scan"": 0, ""commit"": false, ""estimate"": ""circle"", ""exact_positive"": false, ""info_points"": false, ""offset"": 0.1, ""planning_radius"": 1500, ""probe"": 250, ""probe_count"": 1, ""rotation"": 0.0, ""route_mode"": ""joint"", ""share_at_search"": true, ""share_during"": false, ""share_ratio"": 0.7, ""site_bonus"": 0.0, ""site_passes"": 1, ""sweep_advance"": 0.0, ""trial_limit"": 12, ""trial_radius"": 40, ""unknown_scan"": false}",tuning/q3_probe_250/q3/paper_q3_n13_s950023/metrics.json
tuning,q3_probe_250,q3,paper_q3_n13_s950024,fb69bbba3213a340a8a3e636f1f3cec6137ad3809b541867d67c46a205e9333c,950024,13,True,True,13,13,216.01090706262056,2808.1417918140673,2095.1417918140683,545.0,103.0,65.0,109,103,13,4729540c1c31a4320ee95e5aab56cd5e3b982a41422bc81fe25c88ff0ce01d88,"{""advance"": 0.25, ""arc_scan"": 0, ""commit"": false, ""estimate"": ""circle"", ""exact_positive"": false, ""info_points"": false, ""offset"": 0.1, ""planning_radius"": 1500, ""probe"": 250, ""probe_count"": 1, ""rotation"": 0.0, ""route_mode"": ""joint"", ""share_at_search"": true, ""share_during"": false, ""share_ratio"": 0.7, ""site_bonus"": 0.0, ""site_passes"": 1, ""sweep_advance"": 0.0, ""trial_limit"": 12, ""trial_radius"": 40, ""unknown_scan"": false}",tuning/q3_probe_250/q3/paper_q3_n13_s950024/metrics.json
tuning,q3_probe_250,q3,paper_q3_n13_s950025,1ba92005a53f040c7a946c834e2f50455ebf773d06c969461550db1e8d62ed16,950025,13,True,True,13,13,217.38740125119043,2826.0362162654756,2115.036216265476,545.0,101.0,65.0,109,101,13,4729540c1c31a4320ee95e5aab56cd5e3b982a41422bc81fe25c88ff0ce01d88,"{""advance"": 0.25, ""arc_scan"": 0, ""commit"": false, ""estimate"": ""circle"", ""exact_positive"": false, ""info_points"": false, ""offset"": 0.1, ""planning_radius"": 1500, ""probe"": 250, ""probe_count"": 1, ""rotation"": 0.0, ""route_mode"": ""joint"", ""share_at_search"": true, ""share_during"": false, ""share_ratio"": 0.7, ""site_bonus"": 0.0, ""site_passes"": 1, ""sweep_advance"": 0.0, ""trial_limit"": 12, ""trial_radius"": 40, ""unknown_scan"": false}",tuning/q3_probe_250/q3/paper_q3_n13_s950025/metrics.json
tuning,q3_probe_250,q3,paper_q3_n13_s950026,cf57e3a436e6a22d8dd064312a321d0aaad781db2d9ea775c6db634bb6d5051d,950026,13,True,True,13,13,229.39865380489397,2982.1824994636218,2261.1824994636218,545.0,105.0,71.0,109,105,15,4729540c1c31a4320ee95e5aab56cd5e3b982a41422bc81fe25c88ff0ce01d88,"{""advance"": 0.25, ""arc_scan"": 0, ""commit"": false, ""estimate"": ""circle"", ""exact_positive"": false, ""info_points"": false, ""offset"": 0.1, ""planning_radius"": 1500, ""probe"": 250, ""probe_count"": 1, ""rotation"": 0.0, ""route_mode"": ""joint"", ""share_at_search"": true, ""share_during"": false, ""share_ratio"": 0.7, ""site_bonus"": 0.0, ""site_passes"": 1, ""sweep_advance"": 0.0, ""trial_limit"": 12, ""trial_radius"": 40, ""unknown_scan"": false}",tuning/q3_probe_250/q3/paper_q3_n13_s950026/metrics.json
tuning,q3_probe_250,q3,paper_q3_n13_s950027,a8aec3feeca6bcf07d63a6305b6d779421822d47f61de17364a0c57468a559ad,950027,13,True,True,13,13,243.01393933658753,3159.1812113756378,2392.1812113756378,590.0,109.0,68.0,118,109,14,4729540c1c31a4320ee95e5aab56cd5e3b982a41422bc81fe25c88ff0ce01d88,"{""advance"": 0.25, ""arc_scan"": 0, ""commit"": false, ""estimate"": ""circle"", ""exact_positive"": false, ""info_points"": false, ""offset"": 0.1, ""planning_radius"": 1500, ""probe"": 250, ""probe_count"": 1, ""rotation"": 0.0, ""route_mode"": ""joint"", ""share_at_search"": true, ""share_during"": false, ""share_ratio"": 0.7, ""site_bonus"": 0.0, ""site_passes"": 1, ""sweep_advance"": 0.0, ""trial_limit"": 12, ""trial_radius"": 40, ""unknown_scan"": false}",tuning/q3_probe_250/q3/paper_q3_n13_s950027/metrics.json
tuning,q3_probe_250,q3,paper_q3_n13_s950028,9b342acbb9254d3046ce702ec0945ff7d4a70f85b4f65c0623c4396731b26cba,950028,13,True,True,13,13,219.5896661899321,2854.6656604691175,2124.6656604691166,560.0,105.0,65.0,112,105,13,4729540c1c31a4320ee95e5aab56cd5e3b982a41422bc81fe25c88ff0ce01d88,"{""advance"": 0.25, ""arc_scan"": 0, ""commit"": false, ""estimate"": ""circle"", ""exact_positive"": false, ""info_points"": false, ""offset"": 0.1, ""planning_radius"": 1500, ""probe"": 250, ""probe_count"": 1, ""rotation"": 0.0, ""route_mode"": ""joint"", ""share_at_search"": true, ""share_during"": false, ""share_ratio"": 0.7, ""site_bonus"": 0.0, ""site_passes"": 1, ""sweep_advance"": 0.0, ""trial_limit"": 12, ""trial_radius"": 40, ""unknown_scan"": false}",tuning/q3_probe_250/q3/paper_q3_n13_s950028/metrics.json
tuning,q3_probe_250,q3,paper_q3_n13_s950029,5d5188ceb7e1d95c186f04db045638fee53dfb1b16ca90f136fbd3edff28b62b,950029,13,True,True,13,13,212.4309801492541,2761.6027419403035,2031.602741940303,555.0,107.0,68.0,111,107,14,4729540c1c31a4320ee95e5aab56cd5e3b982a41422bc81fe25c88ff0ce01d88,"{""advance"": 0.25, ""arc_scan"": 0, ""commit"": false, ""estimate"": ""circle"", ""exact_positive"": false, ""info_points"": false, ""offset"": 0.1, ""planning_radius"": 1500, ""probe"": 250, ""probe_count"": 1, ""rotation"": 0.0, ""route_mode"": ""joint"", ""share_at_search"": true, ""share_during"": false, ""share_ratio"": 0.7, ""site_bonus"": 0.0, ""site_passes"": 1, ""sweep_advance"": 0.0, ""trial_limit"": 12, ""trial_radius"": 40, ""unknown_scan"": false}",tuning/q3_probe_250/q3/paper_q3_n13_s950029/metrics.json
tuning,q3_probe_350,q3,paper_q3_n13_s950020,70903a6bfebcaa4b096857a60679307ae6d82a3c041b5aa4ae2b70a05a39aa70,950020,13,True,True,13,13,232.2174311763006,3018.826605291908,2270.826605291908,570.0,110.0,68.0,114,110,14,6e24346a288cbb2274b37796e1f5347c2f432368f4eade3952838342d8b456a2,"{""advance"": 0.25, ""arc_scan"": 0, ""commit"": false, ""estimate"": ""circle"", ""exact_positive"": false, ""info_points"": false, ""offset"": 0.1, ""planning_radius"": 1500, ""probe"": 350, ""probe_count"": 1, ""rotation"": 0.0, ""route_mode"": ""joint"", ""share_at_search"": true, ""share_during"": false, ""share_ratio"": 0.7, ""site_bonus"": 0.0, ""site_passes"": 1, ""sweep_advance"": 0.0, ""trial_limit"": 12, ""trial_radius"": 40, ""unknown_scan"": false}",tuning/q3_probe_350/q3/paper_q3_n13_s950020/metrics.json
tuning,q3_probe_350,q3,paper_q3_n13_s950021,eb5d84fdb59eaaf9c36ff84feb35cf2ded44221b5089617ef57c0ecb4d7f8e9f,950021,13,True,True,13,13,203.35519810697284,2643.617575390647,1966.617575390647,510.0,99.0,68.0,102,99,14,6e24346a288cbb2274b37796e1f5347c2f432368f4eade3952838342d8b456a2,"{""advance"": 0.25, ""arc_scan"": 0, ""commit"": false, ""estimate"": ""circle"", ""exact_positive"": false, ""info_points"": false, ""offset"": 0.1, ""planning_radius"": 1500, ""probe"": 350, ""probe_count"": 1, ""rotation"": 0.0, ""route_mode"": ""joint"", ""share_at_search"": true, ""share_during"": false, ""share_ratio"": 0.7, ""site_bonus"": 0.0, ""site_passes"": 1, ""sweep_advance"": 0.0, ""trial_limit"": 12, ""trial_radius"": 40, ""unknown_scan"": false}",tuning/q3_probe_350/q3/paper_q3_n13_s950021/metrics.json
tuning,q3_probe_350,q3,paper_q3_n13_s950022,0d75e310c9bf1eeb0b68ee8d82ba0f1570d7caf28c78a6bf4fd90640531c6107,950022,13,True,True,13,13,231.78495954664552,3013.204474106392,2267.204474106392,570.0,111.0,65.0,114,111,13,6e24346a288cbb2274b37796e1f5347c2f432368f4eade3952838342d8b456a2,"{""advance"": 0.25, ""arc_scan"": 0, ""commit"": false, ""estimate"": ""circle"", ""exact_positive"": false, ""info_points"": false, ""offset"": 0.1, ""planning_radius"": 1500, ""probe"": 350, ""probe_count"": 1, ""rotation"": 0.0, ""route_mode"": ""joint"", ""share_at_search"": true, ""share_during"": false, ""share_ratio"": 0.7, ""site_bonus"": 0.0, ""site_passes"": 1, ""sweep_advance"": 0.0, ""trial_limit"": 12, ""trial_radius"": 40, ""unknown_scan"": false}",tuning/q3_probe_350/q3/paper_q3_n13_s950022/metrics.json
tuning,q3_probe_350,q3,paper_q3_n13_s950023,fe2eab14b6758d61a682e3f930a899279e395f680cfd064f33bf6bc6eff1f72d,950023,13,True,True,13,13,232.4750965358382,3022.1762549658965,2319.176254965897,530.0,102.0,71.0,106,102,15,6e24346a288cbb2274b37796e1f5347c2f432368f4eade3952838342d8b456a2,"{""advance"": 0.25, ""arc_scan"": 0, ""commit"": false, ""estimate"": ""circle"", ""exact_positive"": false, ""info_points"": false, ""offset"": 0.1, ""planning_radius"": 1500, ""probe"": 350, ""probe_count"": 1, ""rotation"": 0.0, ""route_mode"": ""joint"", ""share_at_search"": true, ""share_during"": false, ""share_ratio"": 0.7, ""site_bonus"": 0.0, ""site_passes"": 1, ""sweep_advance"": 0.0, ""trial_limit"": 12, ""trial_radius"": 40, ""unknown_scan"": false}",tuning/q3_probe_350/q3/paper_q3_n13_s950023/metrics.json
tuning,q3_probe_350,q3,paper_q3_n13_s950024,fb69bbba3213a340a8a3e636f1f3cec6137ad3809b541867d67c46a205e9333c,950024,13,True,True,13,13,216.3995423869822,2813.1940510307686,2137.194051030769,505.0,97.0,74.0,101,97,16,6e24346a288cbb2274b37796e1f5347c2f432368f4eade3952838342d8b456a2,"{""advance"": 0.25, ""arc_scan"": 0, ""commit"": false, ""estimate"": ""circle"", ""exact_positive"": false, ""info_points"": false, ""offset"": 0.1, ""planning_radius"": 1500, ""probe"": 350, ""probe_count"": 1, ""rotation"": 0.0, ""route_mode"": ""joint"", ""share_at_search"": true, ""share_during"": false, ""share_ratio"": 0.7, ""site_bonus"": 0.0, ""site_passes"": 1, ""sweep_advance"": 0.0, ""trial_limit"": 12, ""trial_radius"": 40, ""unknown_scan"": false}",tuning/q3_probe_350/q3/paper_q3_n13_s950024/metrics.json
tuning,q3_probe_350,q3,paper_q3_n13_s950025,1ba92005a53f040c7a946c834e2f50455ebf773d06c969461550db1e8d62ed16,950025,13,True,True,13,13,216.79120709154492,2818.285692190084,2137.285692190084,520.0,96.0,65.0,104,96,13,6e24346a288cbb2274b37796e1f5347c2f432368f4eade3952838342d8b456a2,"{""advance"": 0.25, ""arc_scan"": 0, ""commit"": false, ""estimate"": ""circle"", ""exact_positive"": false, ""info_points"": false, ""offset"": 0.1, ""planning_radius"": 1500, ""probe"": 350, ""probe_count"": 1, ""rotation"": 0.0, ""route_mode"": ""joint"", ""share_at_search"": true, ""share_during"": false, ""share_ratio"": 0.7, ""site_bonus"": 0.0, ""site_passes"": 1, ""sweep_advance"": 0.0, ""trial_limit"": 12, ""trial_radius"": 40, ""unknown_scan"": false}",tuning/q3_probe_350/q3/paper_q3_n13_s950025/metrics.json
tuning,q3_probe_350,q3,paper_q3_n13_s950026,cf57e3a436e6a22d8dd064312a321d0aaad781db2d9ea775c6db634bb6d5051d,950026,13,True,True,13,13,226.60578961117113,2945.875264945225,2219.8752649452244,550.0,105.0,71.0,110,105,15,6e24346a288cbb2274b37796e1f5347c2f432368f4eade3952838342d8b456a2,"{""advance"": 0.25, ""arc_scan"": 0, ""commit"": false, ""estimate"": ""circle"", ""exact_positive"": false, ""info_points"": false, ""offset"": 0.1, ""planning_radius"": 1500, ""probe"": 350, ""probe_count"": 1, ""rotation"": 0.0, ""route_mode"": ""joint"", ""share_at_search"": true, ""share_during"": false, ""share_ratio"": 0.7, ""site_bonus"": 0.0, ""site_passes"": 1, ""sweep_advance"": 0.0, ""trial_limit"": 12, ""trial_radius"": 40, ""unknown_scan"": false}",tuning/q3_probe_350/q3/paper_q3_n13_s950026/metrics.json
tuning,q3_probe_350,q3,paper_q3_n13_s950027,a8aec3feeca6bcf07d63a6305b6d779421822d47f61de17364a0c57468a559ad,950027,13,True,True,13,13,244.16746594973836,3174.1770573465988,2413.177057346598,585.0,108.0,68.0,117,108,14,6e24346a288cbb2274b37796e1f5347c2f432368f4eade3952838342d8b456a2,"{""advance"": 0.25, ""arc_scan"": 0, ""commit"": false, ""estimate"": ""circle"", ""exact_positive"": false, ""info_points"": false, ""offset"": 0.1, ""planning_radius"": 1500, ""probe"": 350, ""probe_count"": 1, ""rotation"": 0.0, ""route_mode"": ""joint"", ""share_at_search"": true, ""share_during"": false, ""share_ratio"": 0.7, ""site_bonus"": 0.0, ""site_passes"": 1, ""sweep_advance"": 0.0, ""trial_limit"": 12, ""trial_radius"": 40, ""unknown_scan"": false}",tuning/q3_probe_350/q3/paper_q3_n13_s950027/metrics.json
tuning,q3_probe_350,q3,paper_q3_n13_s950028,9b342acbb9254d3046ce702ec0945ff7d4a70f85b4f65c0623c4396731b26cba,950028,13,True,True,13,13,224.08709450668718,2913.1322285869333,2175.1322285869333,565.0,105.0,68.0,113,105,14,6e24346a288cbb2274b37796e1f5347c2f432368f4eade3952838342d8b456a2,"{""advance"": 0.25, ""arc_scan"": 0, ""commit"": false, ""estimate"": ""circle"", ""exact_positive"": false, ""info_points"": false, ""offset"": 0.1, ""planning_radius"": 1500, ""probe"": 350, ""probe_count"": 1, ""rotation"": 0.0, ""route_mode"": ""joint"", ""share_at_search"": true, ""share_during"": false, ""share_ratio"": 0.7, ""site_bonus"": 0.0, ""site_passes"": 1, ""sweep_advance"": 0.0, ""trial_limit"": 12, ""trial_radius"": 40, ""unknown_scan"": false}",tuning/q3_probe_350/q3/paper_q3_n13_s950028/metrics.json
tuning,q3_probe_350,q3,paper_q3_n13_s950029,5d5188ceb7e1d95c186f04db045638fee53dfb1b16ca90f136fbd3edff28b62b,950029,13,True,True,13,13,214.6952384640593,2791.0381000327707,2066.03810003277,545.0,106.0,74.0,109,106,16,6e24346a288cbb2274b37796e1f5347c2f432368f4eade3952838342d8b456a2,"{""advance"": 0.25, ""arc_scan"": 0, ""commit"": false, ""estimate"": ""circle"", ""exact_positive"": false, ""info_points"": false, ""offset"": 0.1, ""planning_radius"": 1500, ""probe"": 350, ""probe_count"": 1, ""rotation"": 0.0, ""route_mode"": ""joint"", ""share_at_search"": true, ""share_during"": false, ""share_ratio"": 0.7, ""site_bonus"": 0.0, ""site_passes"": 1, ""sweep_advance"": 0.0, ""trial_limit"": 12, ""trial_radius"": 40, ""unknown_scan"": false}",tuning/q3_probe_350/q3/paper_q3_n13_s950029/metrics.json
tuning,q3_share_ratio_0p5,q3,paper_q3_n13_s950020,70903a6bfebcaa4b096857a60679307ae6d82a3c041b5aa4ae2b70a05a39aa70,950020,13,True,True,13,13,229.9926632607533,2989.9046223897926,2271.904622389792,540.0,104.0,74.0,108,104,16,55ac38f66dbc0e2f506ac66b43a614b96cbc90a501793a16d47219f1db71c161,"{""advance"": 0.25, ""arc_scan"": 0, ""commit"": false, ""estimate"": ""circle"", ""exact_positive"": false, ""info_points"": false, ""offset"": 0.1, ""planning_radius"": 1500, ""probe"": 250, ""probe_count"": 1, ""rotation"": 0.0, ""route_mode"": ""joint"", ""share_at_search"": true, ""share_during"": false, ""share_ratio"": 0.5, ""site_bonus"": 0.0, ""site_passes"": 1, ""sweep_advance"": 0.0, ""trial_limit"": 12, ""trial_radius"": 40, ""unknown_scan"": false}",tuning/q3_share_ratio_0p5/q3/paper_q3_n13_s950020/metrics.json
tuning,q3_share_ratio_0p5,q3,paper_q3_n13_s950021,eb5d84fdb59eaaf9c36ff84feb35cf2ded44221b5089617ef57c0ecb4d7f8e9f,950021,13,True,True,13,13,200.13785564845315,2601.792123429891,1931.7921234298908,500.0,96.0,74.0,100,96,16,55ac38f66dbc0e2f506ac66b43a614b96cbc90a501793a16d47219f1db71c161,"{""advance"": 0.25, ""arc_scan"": 0, ""commit"": false, ""estimate"": ""circle"", ""exact_positive"": false, ""info_points"": false, ""offset"": 0.1, ""planning_radius"": 1500, ""probe"": 250, ""probe_count"": 1, ""rotation"": 0.0, ""route_mode"": ""joint"", ""share_at_search"": true, ""share_during"": false, ""share_ratio"": 0.5, ""site_bonus"": 0.0, ""site_passes"": 1, ""sweep_advance"": 0.0, ""trial_limit"": 12, ""trial_radius"": 40, ""unknown_scan"": false}",tuning/q3_share_ratio_0p5/q3/paper_q3_n13_s950021/metrics.json
tuning,q3_share_ratio_0p5,q3,paper_q3_n13_s950022,0d75e310c9bf1eeb0b68ee8d82ba0f1570d7caf28c78a6bf4fd90640531c6107,950022,13,True,True,13,13,230.73750526123655,2999.5875683960753,2266.5875683960744,555.0,107.0,71.0,111,107,15,55ac38f66dbc0e2f506ac66b43a614b96cbc90a501793a16d47219f1db71c161,"{""advance"": 0.25, ""arc_scan"": 0, ""commit"": false, ""estimate"": ""circle"", ""exact_positive"": false, ""info_points"": false, ""offset"": 0.1, ""planning_radius"": 1500, ""probe"": 250, ""probe_count"": 1, ""rotation"": 0.0, ""route_mode"": ""joint"", ""share_at_search"": true, ""share_during"": false, ""share_ratio"": 0.5, ""site_bonus"": 0.0, ""site_passes"": 1, ""sweep_advance"": 0.0, ""trial_limit"": 12, ""trial_radius"": 40, ""unknown_scan"": false}",tuning/q3_share_ratio_0p5/q3/paper_q3_n13_s950022/metrics.json
tuning,q3_share_ratio_0p5,q3,paper_q3_n13_s950023,fe2eab14b6758d61a682e3f930a899279e395f680cfd064f33bf6bc6eff1f72d,950023,13,True,True,13,13,230.12224730144135,2991.5892149187375,2303.589214918738,515.0,99.0,74.0,103,99,16,55ac38f66dbc0e2f506ac66b43a614b96cbc90a501793a16d47219f1db71c161,"{""advance"": 0.25, ""arc_scan"": 0, ""commit"": false, ""estimate"": ""circle"", ""exact_positive"": false, ""info_points"": false, ""offset"": 0.1, ""planning_radius"": 1500, ""probe"": 250, ""probe_count"": 1, ""rotation"": 0.0, ""route_mode"": ""joint"", ""share_at_search"": true, ""share_during"": false, ""share_ratio"": 0.5, ""site_bonus"": 0.0, ""site_passes"": 1, ""sweep_advance"": 0.0, ""trial_limit"": 12, ""trial_radius"": 40, ""unknown_scan"": false}",tuning/q3_share_ratio_0p5/q3/paper_q3_n13_s950023/metrics.json
tuning,q3_share_ratio_0p5,q3,paper_q3_n13_s950024,fb69bbba3213a340a8a3e636f1f3cec6137ad3809b541867d67c46a205e9333c,950024,13,True,True,13,13,215.5493686010821,2802.1417918140673,2095.1417918140683,540.0,102.0,65.0,108,102,13,55ac38f66dbc0e2f506ac66b43a614b96cbc90a501793a16d47219f1db71c161,"{""advance"": 0.25, ""arc_scan"": 0, ""commit"": false, ""estimate"": ""circle"", ""exact_positive"": false, ""info_points"": false, ""offset"": 0.1, ""planning_radius"": 1500, ""probe"": 250, ""probe_count"": 1, ""rotation"": 0.0, ""route_mode"": ""joint"", ""share_at_search"": true, ""share_during"": false, ""share_ratio"": 0.5, ""site_bonus"": 0.0, ""site_passes"": 1, ""sweep_advance"": 0.0, ""trial_limit"": 12, ""trial_radius"": 40, ""unknown_scan"": false}",tuning/q3_share_ratio_0p5/q3/paper_q3_n13_s950024/metrics.json
tuning,q3_share_ratio_0p5,q3,paper_q3_n13_s950025,1ba92005a53f040c7a946c834e2f50455ebf773d06c969461550db1e8d62ed16,950025,13,True,True,13,13,215.47769596579423,2801.2100475553248,2114.2100475553248,525.0,97.0,65.0,105,97,13,55ac38f66dbc0e2f506ac66b43a614b96cbc90a501793a16d47219f1db71c161,"{""advance"": 0.25, ""arc_scan"": 0, ""commit"": false, ""estimate"": ""circle"", ""exact_positive"": false, ""info_points"": false, ""offset"": 0.1, ""planning_radius"": 1500, ""probe"": 250, ""probe_count"": 1, ""rotation"": 0.0, ""route_mode"": ""joint"", ""share_at_search"": true, ""share_during"": false, ""share_ratio"": 0.5, ""site_bonus"": 0.0, ""site_passes"": 1, ""sweep_advance"": 0.0, ""trial_limit"": 12, ""trial_radius"": 40, ""unknown_scan"": false}",tuning/q3_share_ratio_0p5/q3/paper_q3_n13_s950025/metrics.json
tuning,q3_share_ratio_0p5,q3,paper_q3_n13_s950026,cf57e3a436e6a22d8dd064312a321d0aaad781db2d9ea775c6db634bb6d5051d,950026,13,True,True,13,13,228.00862679068953,2964.112148278964,2262.1121482789636,530.0,101.0,71.0,106,101,15,55ac38f66dbc0e2f506ac66b43a614b96cbc90a501793a16d47219f1db71c161,"{""advance"": 0.25, ""arc_scan"": 0, ""commit"": false, ""estimate"": ""circle"", ""exact_positive"": false, ""info_points"": false, ""offset"": 0.1, ""planning_radius"": 1500, ""probe"": 250, ""probe_count"": 1, ""rotation"": 0.0, ""route_mode"": ""joint"", ""share_at_search"": true, ""share_during"": false, ""share_ratio"": 0.5, ""site_bonus"": 0.0, ""site_passes"": 1, ""sweep_advance"": 0.0, ""trial_limit"": 12, ""trial_radius"": 40, ""unknown_scan"": false}",tuning/q3_share_ratio_0p5/q3/paper_q3_n13_s950026/metrics.json
tuning,q3_share_ratio_0p5,q3,paper_q3_n13_s950027,a8aec3feeca6bcf07d63a6305b6d779421822d47f61de17364a0c57468a559ad,950027,13,True,True,13,13,242.5433172435914,3153.063124166688,2392.063124166687,585.0,108.0,68.0,117,108,14,55ac38f66dbc0e2f506ac66b43a614b96cbc90a501793a16d47219f1db71c161,"{""advance"": 0.25, ""arc_scan"": 0, ""commit"": false, ""estimate"": ""circle"", ""exact_positive"": false, ""info_points"": false, ""offset"": 0.1, ""planning_radius"": 1500, ""probe"": 250, ""probe_count"": 1, ""rotation"": 0.0, ""route_mode"": ""joint"", ""share_at_search"": true, ""share_during"": false, ""share_ratio"": 0.5, ""site_bonus"": 0.0, ""site_passes"": 1, ""sweep_advance"": 0.0, ""trial_limit"": 12, ""trial_radius"": 40, ""unknown_scan"": false}",tuning/q3_share_ratio_0p5/q3/paper_q3_n13_s950027/metrics.json
tuning,q3_share_ratio_0p5,q3,paper_q3_n13_s950028,9b342acbb9254d3046ce702ec0945ff7d4a70f85b4f65c0623c4396731b26cba,950028,13,True,True,13,13,218.99896811572114,2846.986585504375,2141.9865855043754,540.0,100.0,65.0,108,100,13,55ac38f66dbc0e2f506ac66b43a614b96cbc90a501793a16d47219f1db71c161,"{""advance"": 0.25, ""arc_scan"": 0, ""commit"": false, ""estimate"": ""circle"", ""exact_positive"": false, ""info_points"": false, ""offset"": 0.1, ""planning_radius"": 1500, ""probe"": 250, ""probe_count"": 1, ""rotation"": 0.0, ""route_mode"": ""joint"", ""share_at_search"": true, ""share_during"": false, ""share_ratio"": 0.5, ""site_bonus"": 0.0, ""site_passes"": 1, ""sweep_advance"": 0.0, ""trial_limit"": 12, ""trial_radius"": 40, ""unknown_scan"": false}",tuning/q3_share_ratio_0p5/q3/paper_q3_n13_s950028/metrics.json
tuning,q3_share_ratio_0p5,q3,paper_q3_n13_s950029,5d5188ceb7e1d95c186f04db045638fee53dfb1b16ca90f136fbd3edff28b62b,950029,13,True,True,13,13,211.63877751349463,2751.3041076754303,2030.3041076754298,550.0,106.0,65.0,110,106,13,55ac38f66dbc0e2f506ac66b43a614b96cbc90a501793a16d47219f1db71c161,"{""advance"": 0.25, ""arc_scan"": 0, ""commit"": false, ""estimate"": ""circle"", ""exact_positive"": false, ""info_points"": false, ""offset"": 0.1, ""planning_radius"": 1500, ""probe"": 250, ""probe_count"": 1, ""rotation"": 0.0, ""route_mode"": ""joint"", ""share_at_search"": true, ""share_during"": false, ""share_ratio"": 0.5, ""site_bonus"": 0.0, ""site_passes"": 1, ""sweep_advance"": 0.0, ""trial_limit"": 12, ""trial_radius"": 40, ""unknown_scan"": false}",tuning/q3_share_ratio_0p5/q3/paper_q3_n13_s950029/metrics.json
tuning,q3_share_ratio_0p7,q3,paper_q3_n13_s950020,70903a6bfebcaa4b096857a60679307ae6d82a3c041b5aa4ae2b70a05a39aa70,950020,13,True,True,13,13,232.80830176286457,3026.5079229172393,2278.5079229172393,570.0,110.0,68.0,114,110,14,4729540c1c31a4320ee95e5aab56cd5e3b982a41422bc81fe25c88ff0ce01d88,"{""advance"": 0.25, ""arc_scan"": 0, ""commit"": false, ""estimate"": ""circle"", ""exact_positive"": false, ""info_points"": false, ""offset"": 0.1, ""planning_radius"": 1500, ""probe"": 250, ""probe_count"": 1, ""rotation"": 0.0, ""route_mode"": ""joint"", ""share_at_search"": true, ""share_during"": false, ""share_ratio"": 0.7, ""site_bonus"": 0.0, ""site_passes"": 1, ""sweep_advance"": 0.0, ""trial_limit"": 12, ""trial_radius"": 40, ""unknown_scan"": false}",tuning/q3_share_ratio_0p7/q3/paper_q3_n13_s950020/metrics.json
tuning,q3_share_ratio_0p7,q3,paper_q3_n13_s950021,eb5d84fdb59eaaf9c36ff84feb35cf2ded44221b5089617ef57c0ecb4d7f8e9f,950021,13,True,True,13,13,201.11242334978925,2614.4615035472602,1931.4615035472602,510.0,99.0,74.0,102,99,16,4729540c1c31a4320ee95e5aab56cd5e3b982a41422bc81fe25c88ff0ce01d88,"{""advance"": 0.25, ""arc_scan"": 0, ""commit"": false, ""estimate"": ""circle"", ""exact_positive"": false, ""info_points"": false, ""offset"": 0.1, ""planning_radius"": 1500, ""probe"": 250, ""probe_count"": 1, ""rotation"": 0.0, ""route_mode"": ""joint"", ""share_at_search"": true, ""share_during"": false, ""share_ratio"": 0.7, ""site_bonus"": 0.0, ""site_passes"": 1, ""sweep_advance"": 0.0, ""trial_limit"": 12, ""trial_radius"": 40, ""unknown_scan"": false}",tuning/q3_share_ratio_0p7/q3/paper_q3_n13_s950021/metrics.json
tuning,q3_share_ratio_0p7,q3,paper_q3_n13_s950022,0d75e310c9bf1eeb0b68ee8d82ba0f1570d7caf28c78a6bf4fd90640531c6107,950022,13,True,True,13,13,231.5201074723764,3009.761397140893,2261.7613971408928,570.0,110.0,68.0,114,110,14,4729540c1c31a4320ee95e5aab56cd5e3b982a41422bc81fe25c88ff0ce01d88,"{""advance"": 0.25, ""arc_scan"": 0, ""commit"": false, ""estimate"": ""circle"", ""exact_positive"": false, ""info_points"": false, ""offset"": 0.1, ""planning_radius"": 1500, ""probe"": 250, ""probe_count"": 1, ""rotation"": 0.0, ""route_mode"": ""joint"", ""share_at_search"": true, ""share_during"": false, ""share_ratio"": 0.7, ""site_bonus"": 0.0, ""site_passes"": 1, ""sweep_advance"": 0.0, ""trial_limit"": 12, ""trial_radius"": 40, ""unknown_scan"": false}",tuning/q3_share_ratio_0p7/q3/paper_q3_n13_s950022/metrics.json
tuning,q3_share_ratio_0p7,q3,paper_q3_n13_s950023,fe2eab14b6758d61a682e3f930a899279e395f680cfd064f33bf6bc6eff1f72d,950023,13,True,True,13,13,232.89813995071967,3027.6758193593555,2306.6758193593555,545.0,105.0,71.0,109,105,15,4729540c1c31a4320ee95e5aab56cd5e3b982a41422bc81fe25c88ff0ce01d88,"{""advance"": 0.25, ""arc_scan"": 0, ""commit"": false, ""estimate"": ""circle"", ""exact_positive"": false, ""info_points"": false, ""offset"": 0.1, ""planning_radius"": 1500, ""probe"": 250, ""probe_count"": 1, ""rotation"": 0.0, ""route_mode"": ""joint"", ""share_at_search"": true, ""share_during"": false, ""share_ratio"": 0.7, ""site_bonus"": 0.0, ""site_passes"": 1, ""sweep_advance"": 0.0, ""trial_limit"": 12, ""trial_radius"": 40, ""unknown_scan"": false}",tuning/q3_share_ratio_0p7/q3/paper_q3_n13_s950023/metrics.json
tuning,q3_share_ratio_0p7,q3,paper_q3_n13_s950024,fb69bbba3213a340a8a3e636f1f3cec6137ad3809b541867d67c46a205e9333c,950024,13,True,True,13,13,216.01090706262056,2808.1417918140673,2095.1417918140683,545.0,103.0,65.0,109,103,13,4729540c1c31a4320ee95e5aab56cd5e3b982a41422bc81fe25c88ff0ce01d88,"{""advance"": 0.25, ""arc_scan"": 0, ""commit"": false, ""estimate"": ""circle"", ""exact_positive"": false, ""info_points"": false, ""offset"": 0.1, ""planning_radius"": 1500, ""probe"": 250, ""probe_count"": 1, ""rotation"": 0.0, ""route_mode"": ""joint"", ""share_at_search"": true, ""share_during"": false, ""share_ratio"": 0.7, ""site_bonus"": 0.0, ""site_passes"": 1, ""sweep_advance"": 0.0, ""trial_limit"": 12, ""trial_radius"": 40, ""unknown_scan"": false}",tuning/q3_share_ratio_0p7/q3/paper_q3_n13_s950024/metrics.json
tuning,q3_share_ratio_0p7,q3,paper_q3_n13_s950025,1ba92005a53f040c7a946c834e2f50455ebf773d06c969461550db1e8d62ed16,950025,13,True,True,13,13,217.38740125119043,2826.0362162654756,2115.036216265476,545.0,101.0,65.0,109,101,13,4729540c1c31a4320ee95e5aab56cd5e3b982a41422bc81fe25c88ff0ce01d88,"{""advance"": 0.25, ""arc_scan"": 0, ""commit"": false, ""estimate"": ""circle"", ""exact_positive"": false, ""info_points"": false, ""offset"": 0.1, ""planning_radius"": 1500, ""probe"": 250, ""probe_count"": 1, ""rotation"": 0.0, ""route_mode"": ""joint"", ""share_at_search"": true, ""share_during"": false, ""share_ratio"": 0.7, ""site_bonus"": 0.0, ""site_passes"": 1, ""sweep_advance"": 0.0, ""trial_limit"": 12, ""trial_radius"": 40, ""unknown_scan"": false}",tuning/q3_share_ratio_0p7/q3/paper_q3_n13_s950025/metrics.json
tuning,q3_share_ratio_0p7,q3,paper_q3_n13_s950026,cf57e3a436e6a22d8dd064312a321d0aaad781db2d9ea775c6db634bb6d5051d,950026,13,True,True,13,13,229.39865380489397,2982.1824994636218,2261.1824994636218,545.0,105.0,71.0,109,105,15,4729540c1c31a4320ee95e5aab56cd5e3b982a41422bc81fe25c88ff0ce01d88,"{""advance"": 0.25, ""arc_scan"": 0, ""commit"": false, ""estimate"": ""circle"", ""exact_positive"": false, ""info_points"": false, ""offset"": 0.1, ""planning_radius"": 1500, ""probe"": 250, ""probe_count"": 1, ""rotation"": 0.0, ""route_mode"": ""joint"", ""share_at_search"": true, ""share_during"": false, ""share_ratio"": 0.7, ""site_bonus"": 0.0, ""site_passes"": 1, ""sweep_advance"": 0.0, ""trial_limit"": 12, ""trial_radius"": 40, ""unknown_scan"": false}",tuning/q3_share_ratio_0p7/q3/paper_q3_n13_s950026/metrics.json
tuning,q3_share_ratio_0p7,q3,paper_q3_n13_s950027,a8aec3feeca6bcf07d63a6305b6d779421822d47f61de17364a0c57468a559ad,950027,13,True,True,13,13,243.01393933658753,3159.1812113756378,2392.1812113756378,590.0,109.0,68.0,118,109,14,4729540c1c31a4320ee95e5aab56cd5e3b982a41422bc81fe25c88ff0ce01d88,"{""advance"": 0.25, ""arc_scan"": 0, ""commit"": false, ""estimate"": ""circle"", ""exact_positive"": false, ""info_points"": false, ""offset"": 0.1, ""planning_radius"": 1500, ""probe"": 250, ""probe_count"": 1, ""rotation"": 0.0, ""route_mode"": ""joint"", ""share_at_search"": true, ""share_during"": false, ""share_ratio"": 0.7, ""site_bonus"": 0.0, ""site_passes"": 1, ""sweep_advance"": 0.0, ""trial_limit"": 12, ""trial_radius"": 40, ""unknown_scan"": false}",tuning/q3_share_ratio_0p7/q3/paper_q3_n13_s950027/metrics.json
tuning,q3_share_ratio_0p7,q3,paper_q3_n13_s950028,9b342acbb9254d3046ce702ec0945ff7d4a70f85b4f65c0623c4396731b26cba,950028,13,True,True,13,13,219.5896661899321,2854.6656604691175,2124.6656604691166,560.0,105.0,65.0,112,105,13,4729540c1c31a4320ee95e5aab56cd5e3b982a41422bc81fe25c88ff0ce01d88,"{""advance"": 0.25, ""arc_scan"": 0, ""commit"": false, ""estimate"": ""circle"", ""exact_positive"": false, ""info_points"": false, ""offset"": 0.1, ""planning_radius"": 1500, ""probe"": 250, ""probe_count"": 1, ""rotation"": 0.0, ""route_mode"": ""joint"", ""share_at_search"": true, ""share_during"": false, ""share_ratio"": 0.7, ""site_bonus"": 0.0, ""site_passes"": 1, ""sweep_advance"": 0.0, ""trial_limit"": 12, ""trial_radius"": 40, ""unknown_scan"": false}",tuning/q3_share_ratio_0p7/q3/paper_q3_n13_s950028/metrics.json
tuning,q3_share_ratio_0p7,q3,paper_q3_n13_s950029,5d5188ceb7e1d95c186f04db045638fee53dfb1b16ca90f136fbd3edff28b62b,950029,13,True,True,13,13,212.4309801492541,2761.6027419403035,2031.602741940303,555.0,107.0,68.0,111,107,14,4729540c1c31a4320ee95e5aab56cd5e3b982a41422bc81fe25c88ff0ce01d88,"{""advance"": 0.25, ""arc_scan"": 0, ""commit"": false, ""estimate"": ""circle"", ""exact_positive"": false, ""info_points"": false, ""offset"": 0.1, ""planning_radius"": 1500, ""probe"": 250, ""probe_count"": 1, ""rotation"": 0.0, ""route_mode"": ""joint"", ""share_at_search"": true, ""share_during"": false, ""share_ratio"": 0.7, ""site_bonus"": 0.0, ""site_passes"": 1, ""sweep_advance"": 0.0, ""trial_limit"": 12, ""trial_radius"": 40, ""unknown_scan"": false}",tuning/q3_share_ratio_0p7/q3/paper_q3_n13_s950029/metrics.json
tuning,q3_share_ratio_0p9,q3,paper_q3_n13_s950020,70903a6bfebcaa4b096857a60679307ae6d82a3c041b5aa4ae2b70a05a39aa70,950020,13,True,True,13,13,233.41284503116412,3034.3669854051336,2280.366985405133,575.0,111.0,68.0,115,111,14,6b61372f1ae5aa6bf232828342d52236d1f9d74c080005a9ad04e463e3118b61,"{""advance"": 0.25, ""arc_scan"": 0, ""commit"": false, ""estimate"": ""circle"", ""exact_positive"": false, ""info_points"": false, ""offset"": 0.1, ""planning_radius"": 1500, ""probe"": 250, ""probe_count"": 1, ""rotation"": 0.0, ""route_mode"": ""joint"", ""share_at_search"": true, ""share_during"": false, ""share_ratio"": 0.9, ""site_bonus"": 0.0, ""site_passes"": 1, ""sweep_advance"": 0.0, ""trial_limit"": 12, ""trial_radius"": 40, ""unknown_scan"": false}",tuning/q3_share_ratio_0p9/q3/paper_q3_n13_s950020/metrics.json
tuning,q3_share_ratio_0p9,q3,paper_q3_n13_s950021,eb5d84fdb59eaaf9c36ff84feb35cf2ded44221b5089617ef57c0ecb4d7f8e9f,950021,13,True,True,13,13,203.86204917708318,2650.2066393020814,1928.2066393020814,545.0,106.0,71.0,109,106,15,6b61372f1ae5aa6bf232828342d52236d1f9d74c080005a9ad04e463e3118b61,"{""advance"": 0.25, ""arc_scan"": 0, ""commit"": false, ""estimate"": ""circle"", ""exact_positive"": false, ""info_points"": false, ""offset"": 0.1, ""planning_radius"": 1500, ""probe"": 250, ""probe_count"": 1, ""rotation"": 0.0, ""route_mode"": ""joint"", ""share_at_search"": true, ""share_during"": false, ""share_ratio"": 0.9, ""site_bonus"": 0.0, ""site_passes"": 1, ""sweep_advance"": 0.0, ""trial_limit"": 12, ""trial_radius"": 40, ""unknown_scan"": false}",tuning/q3_share_ratio_0p9/q3/paper_q3_n13_s950021/metrics.json
tuning,q3_share_ratio_0p9,q3,paper_q3_n13_s950022,0d75e310c9bf1eeb0b68ee8d82ba0f1570d7caf28c78a6bf4fd90640531c6107,950022,13,True,True,13,13,233.79729581357512,3039.3648455764765,2263.364845576476,595.0,113.0,68.0,119,113,14,6b61372f1ae5aa6bf232828342d52236d1f9d74c080005a9ad04e463e3118b61,"{""advance"": 0.25, ""arc_scan"": 0, ""commit"": false, ""estimate"": ""circle"", ""exact_positive"": false, ""info_points"": false, ""offset"": 0.1, ""planning_radius"": 1500, ""probe"": 250, ""probe_count"": 1, ""rotation"": 0.0, ""route_mode"": ""joint"", ""share_at_search"": true, ""share_during"": false, ""share_ratio"": 0.9, ""site_bonus"": 0.0, ""site_passes"": 1, ""sweep_advance"": 0.0, ""trial_limit"": 12, ""trial_radius"": 40, ""unknown_scan"": false}",tuning/q3_share_ratio_0p9/q3/paper_q3_n13_s950022/metrics.json
tuning,q3_share_ratio_0p9,q3,paper_q3_n13_s950023,fe2eab14b6758d61a682e3f930a899279e395f680cfd064f33bf6bc6eff1f72d,950023,13,True,True,13,13,234.8415530622974,3052.9401898098663,2303.9401898098668,570.0,111.0,68.0,114,111,14,6b61372f1ae5aa6bf232828342d52236d1f9d74c080005a9ad04e463e3118b61,"{""advance"": 0.25, ""arc_scan"": 0, ""commit"": false, ""estimate"": ""circle"", ""exact_positive"": false, ""info_points"": false, ""offset"": 0.1, ""planning_radius"": 1500, ""probe"": 250, ""probe_count"": 1, ""rotation"": 0.0, ""route_mode"": ""joint"", ""share_at_search"": true, ""share_during"": false, ""share_ratio"": 0.9, ""site_bonus"": 0.0, ""site_passes"": 1, ""sweep_advance"": 0.0, ""trial_limit"": 12, ""trial_radius"": 40, ""unknown_scan"": false}",tuning/q3_share_ratio_0p9/q3/paper_q3_n13_s950023/metrics.json
tuning,q3_share_ratio_0p9,q3,paper_q3_n13_s950024,fb69bbba3213a340a8a3e636f1f3cec6137ad3809b541867d67c46a205e9333c,950024,13,True,True,13,13,216.47180042141298,2814.133405478369,2082.1334054783683,560.0,107.0,65.0,112,107,13,6b61372f1ae5aa6bf232828342d52236d1f9d74c080005a9ad04e463e3118b61,"{""advance"": 0.25, ""arc_scan"": 0, ""commit"": false, ""estimate"": ""circle"", ""exact_positive"": false, ""info_points"": false, ""offset"": 0.1, ""planning_radius"": 1500, ""probe"": 250, ""probe_count"": 1, ""rotation"": 0.0, ""route_mode"": ""joint"", ""share_at_search"": true, ""share_during"": false, ""share_ratio"": 0.9, ""site_bonus"": 0.0, ""site_passes"": 1, ""sweep_advance"": 0.0, ""trial_limit"": 12, ""trial_radius"": 40, ""unknown_scan"": false}",tuning/q3_share_ratio_0p9/q3/paper_q3_n13_s950024/metrics.json
tuning,q3_share_ratio_0p9,q3,paper_q3_n13_s950025,1ba92005a53f040c7a946c834e2f50455ebf773d06c969461550db1e8d62ed16,950025,13,True,True,13,13,219.31883059308743,2851.1447977101366,2116.1447977101366,565.0,105.0,65.0,113,105,13,6b61372f1ae5aa6bf232828342d52236d1f9d74c080005a9ad04e463e3118b61,"{""advance"": 0.25, ""arc_scan"": 0, ""commit"": false, ""estimate"": ""circle"", ""exact_positive"": false, ""info_points"": false, ""offset"": 0.1, ""planning_radius"": 1500, ""probe"": 250, ""probe_count"": 1, ""rotation"": 0.0, ""route_mode"": ""joint"", ""share_at_search"": true, ""share_during"": false, ""share_ratio"": 0.9, ""site_bonus"": 0.0, ""site_passes"": 1, ""sweep_advance"": 0.0, ""trial_limit"": 12, ""trial_radius"": 40, ""unknown_scan"": false}",tuning/q3_share_ratio_0p9/q3/paper_q3_n13_s950025/metrics.json
tuning,q3_share_ratio_0p9,q3,paper_q3_n13_s950026,cf57e3a436e6a22d8dd064312a321d0aaad781db2d9ea775c6db634bb6d5051d,950026,13,True,True,13,13,232.0750740989474,3016.975963286316,2256.975963286316,580.0,112.0,68.0,116,112,14,6b61372f1ae5aa6bf232828342d52236d1f9d74c080005a9ad04e463e3118b61,"{""advance"": 0.25, ""arc_scan"": 0, ""commit"": false, ""estimate"": ""circle"", ""exact_positive"": false, ""info_points"": false, ""offset"": 0.1, ""planning_radius"": 1500, ""probe"": 250, ""probe_count"": 1, ""rotation"": 0.0, ""route_mode"": ""joint"", ""share_at_search"": true, ""share_during"": false, ""share_ratio"": 0.9, ""site_bonus"": 0.0, ""site_passes"": 1, ""sweep_advance"": 0.0, ""trial_limit"": 12, ""trial_radius"": 40, ""unknown_scan"": false}",tuning/q3_share_ratio_0p9/q3/paper_q3_n13_s950026/metrics.json
tuning,q3_share_ratio_0p9,q3,paper_q3_n13_s950027,a8aec3feeca6bcf07d63a6305b6d779421822d47f61de17364a0c57468a559ad,950027,13,True,True,13,13,244.4702022582374,3178.1126293570865,2394.1126293570874,605.0,111.0,68.0,121,111,14,6b61372f1ae5aa6bf232828342d52236d1f9d74c080005a9ad04e463e3118b61,"{""advance"": 0.25, ""arc_scan"": 0, ""commit"": false, ""estimate"": ""circle"", ""exact_positive"": false, ""info_points"": false, ""offset"": 0.1, ""planning_radius"": 1500, ""probe"": 250, ""probe_count"": 1, ""rotation"": 0.0, ""route_mode"": ""joint"", ""share_at_search"": true, ""share_during"": false, ""share_ratio"": 0.9, ""site_bonus"": 0.0, ""site_passes"": 1, ""sweep_advance"": 0.0, ""trial_limit"": 12, ""trial_radius"": 40, ""unknown_scan"": false}",tuning/q3_share_ratio_0p9/q3/paper_q3_n13_s950027/metrics.json
tuning,q3_share_ratio_0p9,q3,paper_q3_n13_s950028,9b342acbb9254d3046ce702ec0945ff7d4a70f85b4f65c0623c4396731b26cba,950028,13,True,True,13,13,221.32133042628277,2877.177295541676,2122.1772955416754,580.0,110.0,65.0,116,110,13,6b61372f1ae5aa6bf232828342d52236d1f9d74c080005a9ad04e463e3118b61,"{""advance"": 0.25, ""arc_scan"": 0, ""commit"": false, ""estimate"": ""circle"", ""exact_positive"": false, ""info_points"": false, ""offset"": 0.1, ""planning_radius"": 1500, ""probe"": 250, ""probe_count"": 1, ""rotation"": 0.0, ""route_mode"": ""joint"", ""share_at_search"": true, ""share_during"": false, ""share_ratio"": 0.9, ""site_bonus"": 0.0, ""site_passes"": 1, ""sweep_advance"": 0.0, ""trial_limit"": 12, ""trial_radius"": 40, ""unknown_scan"": false}",tuning/q3_share_ratio_0p9/q3/paper_q3_n13_s950028/metrics.json
tuning,q3_share_ratio_0p9,q3,paper_q3_n13_s950029,5d5188ceb7e1d95c186f04db045638fee53dfb1b16ca90f136fbd3edff28b62b,950029,13,True,True,13,13,213.6001536578933,2776.8019975526126,2028.8019975526122,570.0,110.0,68.0,114,110,14,6b61372f1ae5aa6bf232828342d52236d1f9d74c080005a9ad04e463e3118b61,"{""advance"": 0.25, ""arc_scan"": 0, ""commit"": false, ""estimate"": ""circle"", ""exact_positive"": false, ""info_points"": false, ""offset"": 0.1, ""planning_radius"": 1500, ""probe"": 250, ""probe_count"": 1, ""rotation"": 0.0, ""route_mode"": ""joint"", ""share_at_search"": true, ""share_during"": false, ""share_ratio"": 0.9, ""site_bonus"": 0.0, ""site_passes"": 1, ""sweep_advance"": 0.0, ""trial_limit"": 12, ""trial_radius"": 40, ""unknown_scan"": false}",tuning/q3_share_ratio_0p9/q3/paper_q3_n13_s950029/metrics.json
tuning,q3_trial_radius_20,q3,paper_q3_n13_s950020,70903a6bfebcaa4b096857a60679307ae6d82a3c041b5aa4ae2b70a05a39aa70,950020,13,True,True,13,13,234.41814455435977,3047.435879206677,2278.435879206677,590.0,114.0,65.0,118,114,13,6b851f8b5dd1ac1f72c7a9d6d174964f429937a559feb61912db42c8a8598d82,"{""advance"": 0.25, ""arc_scan"": 0, ""commit"": false, ""estimate"": ""circle"", ""exact_positive"": false, ""info_points"": false, ""offset"": 0.1, ""planning_radius"": 1500, ""probe"": 250, ""probe_count"": 1, ""rotation"": 0.0, ""route_mode"": ""joint"", ""share_at_search"": true, ""share_during"": false, ""share_ratio"": 0.7, ""site_bonus"": 0.0, ""site_passes"": 1, ""sweep_advance"": 0.0, ""trial_limit"": 12, ""trial_radius"": 20, ""unknown_scan"": false}",tuning/q3_trial_radius_20/q3/paper_q3_n13_s950020/metrics.json
tuning,q3_trial_radius_20,q3,paper_q3_n13_s950021,eb5d84fdb59eaaf9c36ff84feb35cf2ded44221b5089617ef57c0ecb4d7f8e9f,950021,13,True,True,13,13,204.39152810156017,2657.089865320282,1944.0898653202821,545.0,103.0,65.0,109,103,13,6b851f8b5dd1ac1f72c7a9d6d174964f429937a559feb61912db42c8a8598d82,"{""advance"": 0.25, ""arc_scan"": 0, ""commit"": false, ""estimate"": ""circle"", ""exact_positive"": false, ""info_points"": false, ""offset"": 0.1, ""planning_radius"": 1500, ""probe"": 250, ""probe_count"": 1, ""rotation"": 0.0, ""route_mode"": ""joint"", ""share_at_search"": true, ""share_during"": false, ""share_ratio"": 0.7, ""site_bonus"": 0.0, ""site_passes"": 1, ""sweep_advance"": 0.0, ""trial_limit"": 12, ""trial_radius"": 20, ""unknown_scan"": false}",tuning/q3_trial_radius_20/q3/paper_q3_n13_s950021/metrics.json
tuning,q3_trial_radius_20,q3,paper_q3_n13_s950022,0d75e310c9bf1eeb0b68ee8d82ba0f1570d7caf28c78a6bf4fd90640531c6107,950022,13,True,True,13,13,233.04922883614415,3029.639974869874,2267.6399748698745,585.0,112.0,65.0,117,112,13,6b851f8b5dd1ac1f72c7a9d6d174964f429937a559feb61912db42c8a8598d82,"{""advance"": 0.25, ""arc_scan"": 0, ""commit"": false, ""estimate"": ""circle"", ""exact_positive"": false, ""info_points"": false, ""offset"": 0.1, ""planning_radius"": 1500, ""probe"": 250, ""probe_count"": 1, ""rotation"": 0.0, ""route_mode"": ""joint"", ""share_at_search"": true, ""share_during"": false, ""share_ratio"": 0.7, ""site_bonus"": 0.0, ""site_passes"": 1, ""sweep_advance"": 0.0, ""trial_limit"": 12, ""trial_radius"": 20, ""unknown_scan"": false}",tuning/q3_trial_radius_20/q3/paper_q3_n13_s950022/metrics.json
tuning,q3_trial_radius_20,q3,paper_q3_n13_s950023,fe2eab14b6758d61a682e3f930a899279e395f680cfd064f33bf6bc6eff1f72d,950023,13,True,True,13,13,233.2009141017532,3031.6118833227915,2300.6118833227915,560.0,106.0,65.0,112,106,13,6b851f8b5dd1ac1f72c7a9d6d174964f429937a559feb61912db42c8a8598d82,"{""advance"": 0.25, ""arc_scan"": 0, ""commit"": false, ""estimate"": ""circle"", ""exact_positive"": false, ""info_points"": false, ""offset"": 0.1, ""planning_radius"": 1500, ""probe"": 250, ""probe_count"": 1, ""rotation"": 0.0, ""route_mode"": ""joint"", ""share_at_search"": true, ""share_during"": false, ""share_ratio"": 0.7, ""site_bonus"": 0.0, ""site_passes"": 1, ""sweep_advance"": 0.0, ""trial_limit"": 12, ""trial_radius"": 20, ""unknown_scan"": false}",tuning/q3_trial_radius_20/q3/paper_q3_n13_s950023/metrics.json
tuning,q3_trial_radius_20,q3,paper_q3_n13_s950024,fb69bbba3213a340a8a3e636f1f3cec6137ad3809b541867d67c46a205e9333c,950024,13,True,True,13,13,216.45308197274431,2813.8900656456763,2086.890065645676,555.0,107.0,65.0,111,107,13,6b851f8b5dd1ac1f72c7a9d6d174964f429937a559feb61912db42c8a8598d82,"{""advance"": 0.25, ""arc_scan"": 0, ""commit"": false, ""estimate"": ""circle"", ""exact_positive"": false, ""info_points"": false, ""offset"": 0.1, ""planning_radius"": 1500, ""probe"": 250, ""probe_count"": 1, ""rotation"": 0.0, ""route_mode"": ""joint"", ""share_at_search"": true, ""share_during"": false, ""share_ratio"": 0.7, ""site_bonus"": 0.0, ""site_passes"": 1, ""sweep_advance"": 0.0, ""trial_limit"": 12, ""trial_radius"": 20, ""unknown_scan"": false}",tuning/q3_trial_radius_20/q3/paper_q3_n13_s950024/metrics.json
tuning,q3_trial_radius_20,q3,paper_q3_n13_s950025,1ba92005a53f040c7a946c834e2f50455ebf773d06c969461550db1e8d62ed16,950025,13,True,True,13,13,219.0310658839499,2847.403856491349,2119.40385649135,560.0,103.0,65.0,112,103,13,6b851f8b5dd1ac1f72c7a9d6d174964f429937a559feb61912db42c8a8598d82,"{""advance"": 0.25, ""arc_scan"": 0, ""commit"": false, ""estimate"": ""circle"", ""exact_positive"": false, ""info_points"": false, ""offset"": 0.1, ""planning_radius"": 1500, ""probe"": 250, ""probe_count"": 1, ""rotation"": 0.0, ""route_mode"": ""joint"", ""share_at_search"": true, ""share_during"": false, ""share_ratio"": 0.7, ""site_bonus"": 0.0, ""site_passes"": 1, ""sweep_advance"": 0.0, ""trial_limit"": 12, ""trial_radius"": 20, ""unknown_scan"": false}",tuning/q3_trial_radius_20/q3/paper_q3_n13_s950025/metrics.json
tuning,q3_trial_radius_20,q3,paper_q3_n13_s950026,cf57e3a436e6a22d8dd064312a321d0aaad781db2d9ea775c6db634bb6d5051d,950026,13,True,True,13,13,231.2844055763919,3006.6972724930947,2253.6972724930947,580.0,108.0,65.0,116,108,13,6b851f8b5dd1ac1f72c7a9d6d174964f429937a559feb61912db42c8a8598d82,"{""advance"": 0.25, ""arc_scan"": 0, ""commit"": false, ""estimate"": ""circle"", ""exact_positive"": false, ""info_points"": false, ""offset"": 0.1, ""planning_radius"": 1500, ""probe"": 250, ""probe_count"": 1, ""rotation"": 0.0, ""route_mode"": ""joint"", ""share_at_search"": true, ""share_during"": false, ""share_ratio"": 0.7, ""site_bonus"": 0.0, ""site_passes"": 1, ""sweep_advance"": 0.0, ""trial_limit"": 12, ""trial_radius"": 20, ""unknown_scan"": false}",tuning/q3_trial_radius_20/q3/paper_q3_n13_s950026/metrics.json
tuning,q3_trial_radius_20,q3,paper_q3_n13_s950027,a8aec3feeca6bcf07d63a6305b6d779421822d47f61de17364a0c57468a559ad,950027,13,True,True,13,13,244.5958697241707,3179.7463064142194,2389.7463064142194,615.0,110.0,65.0,123,110,13,6b851f8b5dd1ac1f72c7a9d6d174964f429937a559feb61912db42c8a8598d82,"{""advance"": 0.25, ""arc_scan"": 0, ""commit"": false, ""estimate"": ""circle"", ""exact_positive"": false, ""info_points"": false, ""offset"": 0.1, ""planning_radius"": 1500, ""probe"": 250, ""probe_count"": 1, ""rotation"": 0.0, ""route_mode"": ""joint"", ""share_at_search"": true, ""share_during"": false, ""share_ratio"": 0.7, ""site_bonus"": 0.0, ""site_passes"": 1, ""sweep_advance"": 0.0, ""trial_limit"": 12, ""trial_radius"": 20, ""unknown_scan"": false}",tuning/q3_trial_radius_20/q3/paper_q3_n13_s950027/metrics.json
tuning,q3_trial_radius_20,q3,paper_q3_n13_s950028,9b342acbb9254d3046ce702ec0945ff7d4a70f85b4f65c0623c4396731b26cba,950028,13,True,True,13,13,225.07692736116013,2926.0000556950818,2150.000055695081,600.0,111.0,65.0,120,111,13,6b851f8b5dd1ac1f72c7a9d6d174964f429937a559feb61912db42c8a8598d82,"{""advance"": 0.25, ""arc_scan"": 0, ""commit"": false, ""estimate"": ""circle"", ""exact_positive"": false, ""info_points"": false, ""offset"": 0.1, ""planning_radius"": 1500, ""probe"": 250, ""probe_count"": 1, ""rotation"": 0.0, ""route_mode"": ""joint"", ""share_at_search"": true, ""share_during"": false, ""share_ratio"": 0.7, ""site_bonus"": 0.0, ""site_passes"": 1, ""sweep_advance"": 0.0, ""trial_limit"": 12, ""trial_radius"": 20, ""unknown_scan"": false}",tuning/q3_trial_radius_20/q3/paper_q3_n13_s950028/metrics.json
tuning,q3_trial_radius_20,q3,paper_q3_n13_s950029,5d5188ceb7e1d95c186f04db045638fee53dfb1b16ca90f136fbd3edff28b62b,950029,13,True,True,13,13,214.1307608064506,2783.699890483858,2028.6998904838588,580.0,110.0,65.0,116,110,13,6b851f8b5dd1ac1f72c7a9d6d174964f429937a559feb61912db42c8a8598d82,"{""advance"": 0.25, ""arc_scan"": 0, ""commit"": false, ""estimate"": ""circle"", ""exact_positive"": false, ""info_points"": false, ""offset"": 0.1, ""planning_radius"": 1500, ""probe"": 250, ""probe_count"": 1, ""rotation"": 0.0, ""route_mode"": ""joint"", ""share_at_search"": true, ""share_during"": false, ""share_ratio"": 0.7, ""site_bonus"": 0.0, ""site_passes"": 1, ""sweep_advance"": 0.0, ""trial_limit"": 12, ""trial_radius"": 20, ""unknown_scan"": false}",tuning/q3_trial_radius_20/q3/paper_q3_n13_s950029/metrics.json
tuning,q3_trial_radius_40,q3,paper_q3_n13_s950020,70903a6bfebcaa4b096857a60679307ae6d82a3c041b5aa4ae2b70a05a39aa70,950020,13,True,True,13,13,232.80830176286457,3026.5079229172393,2278.5079229172393,570.0,110.0,68.0,114,110,14,4729540c1c31a4320ee95e5aab56cd5e3b982a41422bc81fe25c88ff0ce01d88,"{""advance"": 0.25, ""arc_scan"": 0, ""commit"": false, ""estimate"": ""circle"", ""exact_positive"": false, ""info_points"": false, ""offset"": 0.1, ""planning_radius"": 1500, ""probe"": 250, ""probe_count"": 1, ""rotation"": 0.0, ""route_mode"": ""joint"", ""share_at_search"": true, ""share_during"": false, ""share_ratio"": 0.7, ""site_bonus"": 0.0, ""site_passes"": 1, ""sweep_advance"": 0.0, ""trial_limit"": 12, ""trial_radius"": 40, ""unknown_scan"": false}",tuning/q3_trial_radius_40/q3/paper_q3_n13_s950020/metrics.json
tuning,q3_trial_radius_40,q3,paper_q3_n13_s950021,eb5d84fdb59eaaf9c36ff84feb35cf2ded44221b5089617ef57c0ecb4d7f8e9f,950021,13,True,True,13,13,201.11242334978925,2614.4615035472602,1931.4615035472602,510.0,99.0,74.0,102,99,16,4729540c1c31a4320ee95e5aab56cd5e3b982a41422bc81fe25c88ff0ce01d88,"{""advance"": 0.25, ""arc_scan"": 0, ""commit"": false, ""estimate"": ""circle"", ""exact_positive"": false, ""info_points"": false, ""offset"": 0.1, ""planning_radius"": 1500, ""probe"": 250, ""probe_count"": 1, ""rotation"": 0.0, ""route_mode"": ""joint"", ""share_at_search"": true, ""share_during"": false, ""share_ratio"": 0.7, ""site_bonus"": 0.0, ""site_passes"": 1, ""sweep_advance"": 0.0, ""trial_limit"": 12, ""trial_radius"": 40, ""unknown_scan"": false}",tuning/q3_trial_radius_40/q3/paper_q3_n13_s950021/metrics.json
tuning,q3_trial_radius_40,q3,paper_q3_n13_s950022,0d75e310c9bf1eeb0b68ee8d82ba0f1570d7caf28c78a6bf4fd90640531c6107,950022,13,True,True,13,13,231.5201074723764,3009.761397140893,2261.7613971408928,570.0,110.0,68.0,114,110,14,4729540c1c31a4320ee95e5aab56cd5e3b982a41422bc81fe25c88ff0ce01d88,"{""advance"": 0.25, ""arc_scan"": 0, ""commit"": false, ""estimate"": ""circle"", ""exact_positive"": false, ""info_points"": false, ""offset"": 0.1, ""planning_radius"": 1500, ""probe"": 250, ""probe_count"": 1, ""rotation"": 0.0, ""route_mode"": ""joint"", ""share_at_search"": true, ""share_during"": false, ""share_ratio"": 0.7, ""site_bonus"": 0.0, ""site_passes"": 1, ""sweep_advance"": 0.0, ""trial_limit"": 12, ""trial_radius"": 40, ""unknown_scan"": false}",tuning/q3_trial_radius_40/q3/paper_q3_n13_s950022/metrics.json
tuning,q3_trial_radius_40,q3,paper_q3_n13_s950023,fe2eab14b6758d61a682e3f930a899279e395f680cfd064f33bf6bc6eff1f72d,950023,13,True,True,13,13,232.89813995071967,3027.6758193593555,2306.6758193593555,545.0,105.0,71.0,109,105,15,4729540c1c31a4320ee95e5aab56cd5e3b982a41422bc81fe25c88ff0ce01d88,"{""advance"": 0.25, ""arc_scan"": 0, ""commit"": false, ""estimate"": ""circle"", ""exact_positive"": false, ""info_points"": false, ""offset"": 0.1, ""planning_radius"": 1500, ""probe"": 250, ""probe_count"": 1, ""rotation"": 0.0, ""route_mode"": ""joint"", ""share_at_search"": true, ""share_during"": false, ""share_ratio"": 0.7, ""site_bonus"": 0.0, ""site_passes"": 1, ""sweep_advance"": 0.0, ""trial_limit"": 12, ""trial_radius"": 40, ""unknown_scan"": false}",tuning/q3_trial_radius_40/q3/paper_q3_n13_s950023/metrics.json
tuning,q3_trial_radius_40,q3,paper_q3_n13_s950024,fb69bbba3213a340a8a3e636f1f3cec6137ad3809b541867d67c46a205e9333c,950024,13,True,True,13,13,216.01090706262056,2808.1417918140673,2095.1417918140683,545.0,103.0,65.0,109,103,13,4729540c1c31a4320ee95e5aab56cd5e3b982a41422bc81fe25c88ff0ce01d88,"{""advance"": 0.25, ""arc_scan"": 0, ""commit"": false, ""estimate"": ""circle"", ""exact_positive"": false, ""info_points"": false, ""offset"": 0.1, ""planning_radius"": 1500, ""probe"": 250, ""probe_count"": 1, ""rotation"": 0.0, ""route_mode"": ""joint"", ""share_at_search"": true, ""share_during"": false, ""share_ratio"": 0.7, ""site_bonus"": 0.0, ""site_passes"": 1, ""sweep_advance"": 0.0, ""trial_limit"": 12, ""trial_radius"": 40, ""unknown_scan"": false}",tuning/q3_trial_radius_40/q3/paper_q3_n13_s950024/metrics.json
tuning,q3_trial_radius_40,q3,paper_q3_n13_s950025,1ba92005a53f040c7a946c834e2f50455ebf773d06c969461550db1e8d62ed16,950025,13,True,True,13,13,217.38740125119043,2826.0362162654756,2115.036216265476,545.0,101.0,65.0,109,101,13,4729540c1c31a4320ee95e5aab56cd5e3b982a41422bc81fe25c88ff0ce01d88,"{""advance"": 0.25, ""arc_scan"": 0, ""commit"": false, ""estimate"": ""circle"", ""exact_positive"": false, ""info_points"": false, ""offset"": 0.1, ""planning_radius"": 1500, ""probe"": 250, ""probe_count"": 1, ""rotation"": 0.0, ""route_mode"": ""joint"", ""share_at_search"": true, ""share_during"": false, ""share_ratio"": 0.7, ""site_bonus"": 0.0, ""site_passes"": 1, ""sweep_advance"": 0.0, ""trial_limit"": 12, ""trial_radius"": 40, ""unknown_scan"": false}",tuning/q3_trial_radius_40/q3/paper_q3_n13_s950025/metrics.json
tuning,q3_trial_radius_40,q3,paper_q3_n13_s950026,cf57e3a436e6a22d8dd064312a321d0aaad781db2d9ea775c6db634bb6d5051d,950026,13,True,True,13,13,229.39865380489397,2982.1824994636218,2261.1824994636218,545.0,105.0,71.0,109,105,15,4729540c1c31a4320ee95e5aab56cd5e3b982a41422bc81fe25c88ff0ce01d88,"{""advance"": 0.25, ""arc_scan"": 0, ""commit"": false, ""estimate"": ""circle"", ""exact_positive"": false, ""info_points"": false, ""offset"": 0.1, ""planning_radius"": 1500, ""probe"": 250, ""probe_count"": 1, ""rotation"": 0.0, ""route_mode"": ""joint"", ""share_at_search"": true, ""share_during"": false, ""share_ratio"": 0.7, ""site_bonus"": 0.0, ""site_passes"": 1, ""sweep_advance"": 0.0, ""trial_limit"": 12, ""trial_radius"": 40, ""unknown_scan"": false}",tuning/q3_trial_radius_40/q3/paper_q3_n13_s950026/metrics.json
tuning,q3_trial_radius_40,q3,paper_q3_n13_s950027,a8aec3feeca6bcf07d63a6305b6d779421822d47f61de17364a0c57468a559ad,950027,13,True,True,13,13,243.01393933658753,3159.1812113756378,2392.1812113756378,590.0,109.0,68.0,118,109,14,4729540c1c31a4320ee95e5aab56cd5e3b982a41422bc81fe25c88ff0ce01d88,"{""advance"": 0.25, ""arc_scan"": 0, ""commit"": false, ""estimate"": ""circle"", ""exact_positive"": false, ""info_points"": false, ""offset"": 0.1, ""planning_radius"": 1500, ""probe"": 250, ""probe_count"": 1, ""rotation"": 0.0, ""route_mode"": ""joint"", ""share_at_search"": true, ""share_during"": false, ""share_ratio"": 0.7, ""site_bonus"": 0.0, ""site_passes"": 1, ""sweep_advance"": 0.0, ""trial_limit"": 12, ""trial_radius"": 40, ""unknown_scan"": false}",tuning/q3_trial_radius_40/q3/paper_q3_n13_s950027/metrics.json
tuning,q3_trial_radius_40,q3,paper_q3_n13_s950028,9b342acbb9254d3046ce702ec0945ff7d4a70f85b4f65c0623c4396731b26cba,950028,13,True,True,13,13,219.5896661899321,2854.6656604691175,2124.6656604691166,560.0,105.0,65.0,112,105,13,4729540c1c31a4320ee95e5aab56cd5e3b982a41422bc81fe25c88ff0ce01d88,"{""advance"": 0.25, ""arc_scan"": 0, ""commit"": false, ""estimate"": ""circle"", ""exact_positive"": false, ""info_points"": false, ""offset"": 0.1, ""planning_radius"": 1500, ""probe"": 250, ""probe_count"": 1, ""rotation"": 0.0, ""route_mode"": ""joint"", ""share_at_search"": true, ""share_during"": false, ""share_ratio"": 0.7, ""site_bonus"": 0.0, ""site_passes"": 1, ""sweep_advance"": 0.0, ""trial_limit"": 12, ""trial_radius"": 40, ""unknown_scan"": false}",tuning/q3_trial_radius_40/q3/paper_q3_n13_s950028/metrics.json
tuning,q3_trial_radius_40,q3,paper_q3_n13_s950029,5d5188ceb7e1d95c186f04db045638fee53dfb1b16ca90f136fbd3edff28b62b,950029,13,True,True,13,13,212.4309801492541,2761.6027419403035,2031.602741940303,555.0,107.0,68.0,111,107,14,4729540c1c31a4320ee95e5aab56cd5e3b982a41422bc81fe25c88ff0ce01d88,"{""advance"": 0.25, ""arc_scan"": 0, ""commit"": false, ""estimate"": ""circle"", ""exact_positive"": false, ""info_points"": false, ""offset"": 0.1, ""planning_radius"": 1500, ""probe"": 250, ""probe_count"": 1, ""rotation"": 0.0, ""route_mode"": ""joint"", ""share_at_search"": true, ""share_during"": false, ""share_ratio"": 0.7, ""site_bonus"": 0.0, ""site_passes"": 1, ""sweep_advance"": 0.0, ""trial_limit"": 12, ""trial_radius"": 40, ""unknown_scan"": false}",tuning/q3_trial_radius_40/q3/paper_q3_n13_s950029/metrics.json
tuning,q3_trial_radius_60,q3,paper_q3_n13_s950020,70903a6bfebcaa4b096857a60679307ae6d82a3c041b5aa4ae2b70a05a39aa70,950020,13,True,True,13,13,232.75161582451003,3025.7710057186305,2279.7710057186305,565.0,110.0,71.0,113,110,15,7a470e79ab63111fad4c96f7cf308488ab66bf955b40b288dd17c1fe6f8d84f3,"{""advance"": 0.25, ""arc_scan"": 0, ""commit"": false, ""estimate"": ""circle"", ""exact_positive"": false, ""info_points"": false, ""offset"": 0.1, ""planning_radius"": 1500, ""probe"": 250, ""probe_count"": 1, ""rotation"": 0.0, ""route_mode"": ""joint"", ""share_at_search"": true, ""share_during"": false, ""share_ratio"": 0.7, ""site_bonus"": 0.0, ""site_passes"": 1, ""sweep_advance"": 0.0, ""trial_limit"": 12, ""trial_radius"": 60, ""unknown_scan"": false}",tuning/q3_trial_radius_60/q3/paper_q3_n13_s950020/metrics.json
tuning,q3_trial_radius_60,q3,paper_q3_n13_s950021,eb5d84fdb59eaaf9c36ff84feb35cf2ded44221b5089617ef57c0ecb4d7f8e9f,950021,13,True,True,13,13,202.70170169036632,2635.122121974762,1943.1221219747615,510.0,99.0,83.0,102,99,19,7a470e79ab63111fad4c96f7cf308488ab66bf955b40b288dd17c1fe6f8d84f3,"{""advance"": 0.25, ""arc_scan"": 0, ""commit"": false, ""estimate"": ""circle"", ""exact_positive"": false, ""info_points"": false, ""offset"": 0.1, ""planning_radius"": 1500, ""probe"": 250, ""probe_count"": 1, ""rotation"": 0.0, ""route_mode"": ""joint"", ""share_at_search"": true, ""share_during"": false, ""share_ratio"": 0.7, ""site_bonus"": 0.0, ""site_passes"": 1, ""sweep_advance"": 0.0, ""trial_limit"": 12, ""trial_radius"": 60, ""unknown_scan"": false}",tuning/q3_trial_radius_60/q3/paper_q3_n13_s950021/metrics.json
tuning,q3_trial_radius_60,q3,paper_q3_n13_s950022,0d75e310c9bf1eeb0b68ee8d82ba0f1570d7caf28c78a6bf4fd90640531c6107,950022,13,True,True,13,13,231.46610806921373,3009.0594048997787,2262.0594048997787,560.0,110.0,77.0,112,110,17,7a470e79ab63111fad4c96f7cf308488ab66bf955b40b288dd17c1fe6f8d84f3,"{""advance"": 0.25, ""arc_scan"": 0, ""commit"": false, ""estimate"": ""circle"", ""exact_positive"": false, ""info_points"": false, ""offset"": 0.1, ""planning_radius"": 1500, ""probe"": 250, ""probe_count"": 1, ""rotation"": 0.0, ""route_mode"": ""joint"", ""share_at_search"": true, ""share_during"": false, ""share_ratio"": 0.7, ""site_bonus"": 0.0, ""site_passes"": 1, ""sweep_advance"": 0.0, ""trial_limit"": 12, ""trial_radius"": 60, ""unknown_scan"": false}",tuning/q3_trial_radius_60/q3/paper_q3_n13_s950022/metrics.json
tuning,q3_trial_radius_60,q3,paper_q3_n13_s950023,fe2eab14b6758d61a682e3f930a899279e395f680cfd064f33bf6bc6eff1f72d,950023,13,True,True,13,13,232.1664755308434,3018.164181900964,2302.1641819009646,540.0,105.0,71.0,108,105,15,7a470e79ab63111fad4c96f7cf308488ab66bf955b40b288dd17c1fe6f8d84f3,"{""advance"": 0.25, ""arc_scan"": 0, ""commit"": false, ""estimate"": ""circle"", ""exact_positive"": false, ""info_points"": false, ""offset"": 0.1, ""planning_radius"": 1500, ""probe"": 250, ""probe_count"": 1, ""rotation"": 0.0, ""route_mode"": ""joint"", ""share_at_search"": true, ""share_during"": false, ""share_ratio"": 0.7, ""site_bonus"": 0.0, ""site_passes"": 1, ""sweep_advance"": 0.0, ""trial_limit"": 12, ""trial_radius"": 60, ""unknown_scan"": false}",tuning/q3_trial_radius_60/q3/paper_q3_n13_s950023/metrics.json
tuning,q3_trial_radius_60,q3,paper_q3_n13_s950024,fb69bbba3213a340a8a3e636f1f3cec6137ad3809b541867d67c46a205e9333c,950024,13,True,True,13,13,215.4921498741378,2801.3979483637913,2095.3979483637927,535.0,103.0,68.0,107,103,14,7a470e79ab63111fad4c96f7cf308488ab66bf955b40b288dd17c1fe6f8d84f3,"{""advance"": 0.25, ""arc_scan"": 0, ""commit"": false, ""estimate"": ""circle"", ""exact_positive"": false, ""info_points"": false, ""offset"": 0.1, ""planning_radius"": 1500, ""probe"": 250, ""probe_count"": 1, ""rotation"": 0.0, ""route_mode"": ""joint"", ""share_at_search"": true, ""share_during"": false, ""share_ratio"": 0.7, ""site_bonus"": 0.0, ""site_passes"": 1, ""sweep_advance"": 0.0, ""trial_limit"": 12, ""trial_radius"": 60, ""unknown_scan"": false}",tuning/q3_trial_radius_60/q3/paper_q3_n13_s950024/metrics.json
tuning,q3_trial_radius_60,q3,paper_q3_n13_s950025,1ba92005a53f040c7a946c834e2f50455ebf773d06c969461550db1e8d62ed16,950025,13,True,True,13,13,217.37550422284522,2825.881554896988,2100.8815548969887,545.0,103.0,77.0,109,103,17,7a470e79ab63111fad4c96f7cf308488ab66bf955b40b288dd17c1fe6f8d84f3,"{""advance"": 0.25, ""arc_scan"": 0, ""commit"": false, ""estimate"": ""circle"", ""exact_positive"": false, ""info_points"": false, ""offset"": 0.1, ""planning_radius"": 1500, ""probe"": 250, ""probe_count"": 1, ""rotation"": 0.0, ""route_mode"": ""joint"", ""share_at_search"": true, ""share_during"": false, ""share_ratio"": 0.7, ""site_bonus"": 0.0, ""site_passes"": 1, ""sweep_advance"": 0.0, ""trial_limit"": 12, ""trial_radius"": 60, ""unknown_scan"": false}",tuning/q3_trial_radius_60/q3/paper_q3_n13_s950025/metrics.json
tuning,q3_trial_radius_60,q3,paper_q3_n13_s950026,cf57e3a436e6a22d8dd064312a321d0aaad781db2d9ea775c6db634bb6d5051d,950026,13,True,True,13,13,228.2983748425318,2967.8788729529138,2253.878872952914,535.0,105.0,74.0,107,105,16,7a470e79ab63111fad4c96f7cf308488ab66bf955b40b288dd17c1fe6f8d84f3,"{""advance"": 0.25, ""arc_scan"": 0, ""commit"": false, ""estimate"": ""circle"", ""exact_positive"": false, ""info_points"": false, ""offset"": 0.1, ""planning_radius"": 1500, ""probe"": 250, ""probe_count"": 1, ""rotation"": 0.0, ""route_mode"": ""joint"", ""share_at_search"": true, ""share_during"": false, ""share_ratio"": 0.7, ""site_bonus"": 0.0, ""site_passes"": 1, ""sweep_advance"": 0.0, ""trial_limit"": 12, ""trial_radius"": 60, ""unknown_scan"": false}",tuning/q3_trial_radius_60/q3/paper_q3_n13_s950026/metrics.json
tuning,q3_trial_radius_60,q3,paper_q3_n13_s950027,a8aec3feeca6bcf07d63a6305b6d779421822d47f61de17364a0c57468a559ad,950027,13,True,True,13,13,241.9956465975113,3145.9434057676467,2389.9434057676453,570.0,109.0,77.0,114,109,17,7a470e79ab63111fad4c96f7cf308488ab66bf955b40b288dd17c1fe6f8d84f3,"{""advance"": 0.25, ""arc_scan"": 0, ""commit"": false, ""estimate"": ""circle"", ""exact_positive"": false, ""info_points"": false, ""offset"": 0.1, ""planning_radius"": 1500, ""probe"": 250, ""probe_count"": 1, ""rotation"": 0.0, ""route_mode"": ""joint"", ""share_at_search"": true, ""share_during"": false, ""share_ratio"": 0.7, ""site_bonus"": 0.0, ""site_passes"": 1, ""sweep_advance"": 0.0, ""trial_limit"": 12, ""trial_radius"": 60, ""unknown_scan"": false}",tuning/q3_trial_radius_60/q3/paper_q3_n13_s950027/metrics.json
tuning,q3_trial_radius_60,q3,paper_q3_n13_s950028,9b342acbb9254d3046ce702ec0945ff7d4a70f85b4f65c0623c4396731b26cba,950028,13,True,True,13,13,220.092410637088,2861.2013382821438,2128.201338282143,560.0,105.0,68.0,112,105,14,7a470e79ab63111fad4c96f7cf308488ab66bf955b40b288dd17c1fe6f8d84f3,"{""advance"": 0.25, ""arc_scan"": 0, ""commit"": false, ""estimate"": ""circle"", ""exact_positive"": false, ""info_points"": false, ""offset"": 0.1, ""planning_radius"": 1500, ""probe"": 250, ""probe_count"": 1, ""rotation"": 0.0, ""route_mode"": ""joint"", ""share_at_search"": true, ""share_during"": false, ""share_ratio"": 0.7, ""site_bonus"": 0.0, ""site_passes"": 1, ""sweep_advance"": 0.0, ""trial_limit"": 12, ""trial_radius"": 60, ""unknown_scan"": false}",tuning/q3_trial_radius_60/q3/paper_q3_n13_s950028/metrics.json
tuning,q3_trial_radius_60,q3,paper_q3_n13_s950029,5d5188ceb7e1d95c186f04db045638fee53dfb1b16ca90f136fbd3edff28b62b,950029,13,True,True,13,13,211.98200763743458,2755.7660992866495,2033.7660992866497,545.0,106.0,71.0,109,106,15,7a470e79ab63111fad4c96f7cf308488ab66bf955b40b288dd17c1fe6f8d84f3,"{""advance"": 0.25, ""arc_scan"": 0, ""commit"": false, ""estimate"": ""circle"", ""exact_positive"": false, ""info_points"": false, ""offset"": 0.1, ""planning_radius"": 1500, ""probe"": 250, ""probe_count"": 1, ""rotation"": 0.0, ""route_mode"": ""joint"", ""share_at_search"": true, ""share_during"": false, ""share_ratio"": 0.7, ""site_bonus"": 0.0, ""site_passes"": 1, ""sweep_advance"": 0.0, ""trial_limit"": 12, ""trial_radius"": 60, ""unknown_scan"": false}",tuning/q3_trial_radius_60/q3/paper_q3_n13_s950029/metrics.json
tuning,q4_crossbar_fraction_0p15,q4,paper_q4_n13_s960020,63689f503f60656191968a1974085cfc37ec3314975d21949ae247d5f62750db,960020,13,True,True,13,13,447.21286056705804,5813.7671873717545,4335.767187371756,1185.0,222.0,71.0,237,222,15,c484bd465052655bf4816a75fe677d355509b38a84e9c1ca0e4ea48de32e9fa6,"{""angle_bin"": 4.0, ""conditional_range"": true, ""crossbar"": true, ""crossbar_after_dark"": false, ""crossbar_fraction"": 0.15, ""crossbar_offset"": 0.03, ""crossbar_reference"": ""latest"", ""cumulative_cap"": 2, ""cumulative_points"": 0.0, ""directional"": false, ""drop_sites"": false, ""exact_insert"": true, ""initial_reflection"": false, ""initial_rotation_span"": 1.5707963267948966, ""initial_rotation_steps"": 12, ""near_clear_distance"": 50.0, ""near_clear_radius"": 20.0, ""negative_regions"": ""disk"", ""opportunistic"": false, ""opportunistic_candidates"": 3, ""opportunistic_distance"": 650.0, ""probe_offset"": 0.25, ""radio_limit"": 12, ""route"": ""joint"", ""route_estimate"": 0.5, ""route_mode"": ""backbone"", ""scan_current_first"": true, ""search_first"": false, ""share"": true, ""share_ratio"": 0.7, ""source_bias"": 0.0, ""station_inner"": 990.0, ""station_layout"": ""8_16"", ""station_spec"": [8, 12, 995, 1864, 0], ""stop_when_found16"": true, ""trial_radius"": 40.0}",tuning/q4_crossbar_fraction_0p15/q4/paper_q4_n13_s960020/metrics.json
tuning,q4_crossbar_fraction_0p15,q4,paper_q4_n13_s960021,da59a83f230a989a4389b3d0fb147032b3e9c24625898e5586587c3b08effa45,960021,13,True,True,13,13,444.9689623980607,5784.596511174789,4182.596511174789,1290.0,241.0,71.0,258,241,15,c484bd465052655bf4816a75fe677d355509b38a84e9c1ca0e4ea48de32e9fa6,"{""angle_bin"": 4.0, ""conditional_range"": true, ""crossbar"": true, ""crossbar_after_dark"": false, ""crossbar_fraction"": 0.15, ""crossbar_offset"": 0.03, ""crossbar_reference"": ""latest"", ""cumulative_cap"": 2, ""cumulative_points"": 0.0, ""directional"": false, ""drop_sites"": false, ""exact_insert"": true, ""initial_reflection"": false, ""initial_rotation_span"": 1.5707963267948966, ""initial_rotation_steps"": 12, ""near_clear_distance"": 50.0, ""near_clear_radius"": 20.0, ""negative_regions"": ""disk"", ""opportunistic"": false, ""opportunistic_candidates"": 3, ""opportunistic_distance"": 650.0, ""probe_offset"": 0.25, ""radio_limit"": 12, ""route"": ""joint"", ""route_estimate"": 0.5, ""route_mode"": ""backbone"", ""scan_current_first"": true, ""search_first"": false, ""share"": true, ""share_ratio"": 0.7, ""source_bias"": 0.0, ""station_inner"": 990.0, ""station_layout"": ""8_16"", ""station_spec"": [8, 12, 995, 1864, 0], ""stop_when_found16"": true, ""trial_radius"": 40.0}",tuning/q4_crossbar_fraction_0p15/q4/paper_q4_n13_s960021/metrics.json
tuning,q4_crossbar_fraction_0p15,q4,paper_q4_n13_s960022,b856934f7fd2c17614f85c9714257e6a75eef79290085964bc8a2abb30328a79,960022,13,True,True,13,13,476.08656211862206,6189.125307542086,4778.125307542087,1130.0,210.0,71.0,226,210,15,c484bd465052655bf4816a75fe677d355509b38a84e9c1ca0e4ea48de32e9fa6,"{""angle_bin"": 4.0, ""conditional_range"": true, ""crossbar"": true, ""crossbar_after_dark"": false, ""crossbar_fraction"": 0.15, ""crossbar_offset"": 0.03, ""crossbar_reference"": ""latest"", ""cumulative_cap"": 2, ""cumulative_points"": 0.0, ""directional"": false, ""drop_sites"": false, ""exact_insert"": true, ""initial_reflection"": false, ""initial_rotation_span"": 1.5707963267948966, ""initial_rotation_steps"": 12, ""near_clear_distance"": 50.0, ""near_clear_radius"": 20.0, ""negative_regions"": ""disk"", ""opportunistic"": false, ""opportunistic_candidates"": 3, ""opportunistic_distance"": 650.0, ""probe_offset"": 0.25, ""radio_limit"": 12, ""route"": ""joint"", ""route_estimate"": 0.5, ""route_mode"": ""backbone"", ""scan_current_first"": true, ""search_first"": false, ""share"": true, ""share_ratio"": 0.7, ""source_bias"": 0.0, ""station_inner"": 990.0, ""station_layout"": ""8_16"", ""station_spec"": [8, 12, 995, 1864, 0], ""stop_when_found16"": true, ""trial_radius"": 40.0}",tuning/q4_crossbar_fraction_0p15/q4/paper_q4_n13_s960022/metrics.json
tuning,q4_crossbar_fraction_0p15,q4,paper_q4_n13_s960023,73dcfb7bd5b9d70f599b93be4845294fd3878c2ff63f0ce9a93c9196c65cf773,960023,13,True,True,13,13,482.37407077590314,6270.862920086741,4618.862920086744,1335.0,249.0,68.0,267,249,14,c484bd465052655bf4816a75fe677d355509b38a84e9c1ca0e4ea48de32e9fa6,"{""angle_bin"": 4.0, ""conditional_range"": true, ""crossbar"": true, ""crossbar_after_dark"": false, ""crossbar_fraction"": 0.15, ""crossbar_offset"": 0.03, ""crossbar_reference"": ""latest"", ""cumulative_cap"": 2, ""cumulative_points"": 0.0, ""directional"": false, ""drop_sites"": false, ""exact_insert"": true, ""initial_reflection"": false, ""initial_rotation_span"": 1.5707963267948966, ""initial_rotation_steps"": 12, ""near_clear_distance"": 50.0, ""near_clear_radius"": 20.0, ""negative_regions"": ""disk"", ""opportunistic"": false, ""opportunistic_candidates"": 3, ""opportunistic_distance"": 650.0, ""probe_offset"": 0.25, ""radio_limit"": 12, ""route"": ""joint"", ""route_estimate"": 0.5, ""route_mode"": ""backbone"", ""scan_current_first"": true, ""search_first"": false, ""share"": true, ""share_ratio"": 0.7, ""source_bias"": 0.0, ""station_inner"": 990.0, ""station_layout"": ""8_16"", ""station_spec"": [8, 12, 995, 1864, 0], ""stop_when_found16"": true, ""trial_radius"": 40.0}",tuning/q4_crossbar_fraction_0p15/q4/paper_q4_n13_s960023/metrics.json
tuning,q4_crossbar_fraction_0p15,q4,paper_q4_n13_s960024,38a2c0e44559dbf6344acd79eef98e5c0c198e7550ecca11e2c300bdd343b50c,960024,13,True,True,13,13,494.88359933861096,6433.486791401942,4694.486791401942,1405.0,266.0,68.0,281,266,14,c484bd465052655bf4816a75fe677d355509b38a84e9c1ca0e4ea48de32e9fa6,"{""angle_bin"": 4.0, ""conditional_range"": true, ""crossbar"": true, ""crossbar_after_dark"": false, ""crossbar_fraction"": 0.15, ""crossbar_offset"": 0.03, ""crossbar_reference"": ""latest"", ""cumulative_cap"": 2, ""cumulative_points"": 0.0, ""directional"": false, ""drop_sites"": false, ""exact_insert"": true, ""initial_reflection"": false, ""initial_rotation_span"": 1.5707963267948966, ""initial_rotation_steps"": 12, ""near_clear_distance"": 50.0, ""near_clear_radius"": 20.0, ""negative_regions"": ""disk"", ""opportunistic"": false, ""opportunistic_candidates"": 3, ""opportunistic_distance"": 650.0, ""probe_offset"": 0.25, ""radio_limit"": 12, ""route"": ""joint"", ""route_estimate"": 0.5, ""route_mode"": ""backbone"", ""scan_current_first"": true, ""search_first"": false, ""share"": true, ""share_ratio"": 0.7, ""source_bias"": 0.0, ""station_inner"": 990.0, ""station_layout"": ""8_16"", ""station_spec"": [8, 12, 995, 1864, 0], ""stop_when_found16"": true, ""trial_radius"": 40.0}",tuning/q4_crossbar_fraction_0p15/q4/paper_q4_n13_s960024/metrics.json
tuning,q4_crossbar_fraction_0p15,q4,paper_q4_n13_s960025,048e108d65551ab0d815c96c01cd3d5d06ef334c8d1a23e14df43cce56f36833,960025,13,True,True,13,13,457.8145534225851,5951.589194493607,4401.589194493607,1250.0,232.0,68.0,250,232,14,c484bd465052655bf4816a75fe677d355509b38a84e9c1ca0e4ea48de32e9fa6,"{""angle_bin"": 4.0, ""conditional_range"": true, ""crossbar"": true, ""crossbar_after_dark"": false, ""crossbar_fraction"": 0.15, ""crossbar_offset"": 0.03, ""crossbar_reference"": ""latest"", ""cumulative_cap"": 2, ""cumulative_points"": 0.0, ""directional"": false, ""drop_sites"": false, ""exact_insert"": true, ""initial_reflection"": false, ""initial_rotation_span"": 1.5707963267948966, ""initial_rotation_steps"": 12, ""near_clear_distance"": 50.0, ""near_clear_radius"": 20.0, ""negative_regions"": ""disk"", ""opportunistic"": false, ""opportunistic_candidates"": 3, ""opportunistic_distance"": 650.0, ""probe_offset"": 0.25, ""radio_limit"": 12, ""route"": ""joint"", ""route_estimate"": 0.5, ""route_mode"": ""backbone"", ""scan_current_first"": true, ""search_first"": false, ""share"": true, ""share_ratio"": 0.7, ""source_bias"": 0.0, ""station_inner"": 990.0, ""station_layout"": ""8_16"", ""station_spec"": [8, 12, 995, 1864, 0], ""stop_when_found16"": true, ""trial_radius"": 40.0}",tuning/q4_crossbar_fraction_0p15/q4/paper_q4_n13_s960025/metrics.json
tuning,q4_crossbar_fraction_0p15,q4,paper_q4_n13_s960026,19e7f6df43aaec88bc08bc8005282d6159bb14c2c0a93f1f0ad65f8ce416ef48,960026,13,True,True,13,13,430.50502474998945,5596.565321749863,4084.565321749862,1220.0,227.0,65.0,244,227,13,c484bd465052655bf4816a75fe677d355509b38a84e9c1ca0e4ea48de32e9fa6,"{""angle_bin"": 4.0, ""conditional_range"": true, ""crossbar"": true, ""crossbar_after_dark"": false, ""crossbar_fraction"": 0.15, ""crossbar_offset"": 0.03, ""crossbar_reference"": ""latest"", ""cumulative_cap"": 2, ""cumulative_points"": 0.0, ""directional"": false, ""drop_sites"": false, ""exact_insert"": true, ""initial_reflection"": false, ""initial_rotation_span"": 1.5707963267948966, ""initial_rotation_steps"": 12, ""near_clear_distance"": 50.0, ""near_clear_radius"": 20.0, ""negative_regions"": ""disk"", ""opportunistic"": false, ""opportunistic_candidates"": 3, ""opportunistic_distance"": 650.0, ""probe_offset"": 0.25, ""radio_limit"": 12, ""route"": ""joint"", ""route_estimate"": 0.5, ""route_mode"": ""backbone"", ""scan_current_first"": true, ""search_first"": false, ""share"": true, ""share_ratio"": 0.7, ""source_bias"": 0.0, ""station_inner"": 990.0, ""station_layout"": ""8_16"", ""station_spec"": [8, 12, 995, 1864, 0], ""stop_when_found16"": true, ""trial_radius"": 40.0}",tuning/q4_crossbar_fraction_0p15/q4/paper_q4_n13_s960026/metrics.json
tuning,q4_crossbar_fraction_0p15,q4,paper_q4_n13_s960027,756b70651e40049d1d338ebf6d75146bf5b18e91b20fc88cbda4ac3767c4cc82,960027,13,True,True,13,13,453.30289225491464,5892.93759931389,4149.937599313889,1410.0,268.0,65.0,282,268,13,c484bd465052655bf4816a75fe677d355509b38a84e9c1ca0e4ea48de32e9fa6,"{""angle_bin"": 4.0, ""conditional_range"": true, ""crossbar"": true, ""crossbar_after_dark"": false, ""crossbar_fraction"": 0.15, ""crossbar_offset"": 0.03, ""crossbar_reference"": ""latest"", ""cumulative_cap"": 2, ""cumulative_points"": 0.0, ""directional"": false, ""drop_sites"": false, ""exact_insert"": true, ""initial_reflection"": false, ""initial_rotation_span"": 1.5707963267948966, ""initial_rotation_steps"": 12, ""near_clear_distance"": 50.0, ""near_clear_radius"": 20.0, ""negative_regions"": ""disk"", ""opportunistic"": false, ""opportunistic_candidates"": 3, ""opportunistic_distance"": 650.0, ""probe_offset"": 0.25, ""radio_limit"": 12, ""route"": ""joint"", ""route_estimate"": 0.5, ""route_mode"": ""backbone"", ""scan_current_first"": true, ""search_first"": false, ""share"": true, ""share_ratio"": 0.7, ""source_bias"": 0.0, ""station_inner"": 990.0, ""station_layout"": ""8_16"", ""station_spec"": [8, 12, 995, 1864, 0], ""stop_when_found16"": true, ""trial_radius"": 40.0}",tuning/q4_crossbar_fraction_0p15/q4/paper_q4_n13_s960027/metrics.json
tuning,q4_crossbar_fraction_0p15,q4,paper_q4_n13_s960028,1a8375084c77bfd6f73b66fc971c48f37e193de3159b414cf57cdfcce8648805,960028,13,True,True,13,13,504.18247491445646,6554.372173887934,4864.372173887934,1365.0,257.0,68.0,273,257,14,c484bd465052655bf4816a75fe677d355509b38a84e9c1ca0e4ea48de32e9fa6,"{""angle_bin"": 4.0, ""conditional_range"": true, ""crossbar"": true, ""crossbar_after_dark"": false, ""crossbar_fraction"": 0.15, ""crossbar_offset"": 0.03, ""crossbar_reference"": ""latest"", ""cumulative_cap"": 2, ""cumulative_points"": 0.0, ""directional"": false, ""drop_sites"": false, ""exact_insert"": true, ""initial_reflection"": false, ""initial_rotation_span"": 1.5707963267948966, ""initial_rotation_steps"": 12, ""near_clear_distance"": 50.0, ""near_clear_radius"": 20.0, ""negative_regions"": ""disk"", ""opportunistic"": false, ""opportunistic_candidates"": 3, ""opportunistic_distance"": 650.0, ""probe_offset"": 0.25, ""radio_limit"": 12, ""route"": ""joint"", ""route_estimate"": 0.5, ""route_mode"": ""backbone"", ""scan_current_first"": true, ""search_first"": false, ""share"": true, ""share_ratio"": 0.7, ""source_bias"": 0.0, ""station_inner"": 990.0, ""station_layout"": ""8_16"", ""station_spec"": [8, 12, 995, 1864, 0], ""stop_when_found16"": true, ""trial_radius"": 40.0}",tuning/q4_crossbar_fraction_0p15/q4/paper_q4_n13_s960028/metrics.json
tuning,q4_crossbar_fraction_0p15,q4,paper_q4_n13_s960029,81ccaaef05b84e491cdb48b3651a5a43514aefca15ac5eea9707b55ffb00cb64,960029,13,True,True,13,13,444.91043818323516,5783.835696382057,4310.835696382057,1180.0,222.0,71.0,236,222,15,c484bd465052655bf4816a75fe677d355509b38a84e9c1ca0e4ea48de32e9fa6,"{""angle_bin"": 4.0, ""conditional_range"": true, ""crossbar"": true, ""crossbar_after_dark"": false, ""crossbar_fraction"": 0.15, ""crossbar_offset"": 0.03, ""crossbar_reference"": ""latest"", ""cumulative_cap"": 2, ""cumulative_points"": 0.0, ""directional"": false, ""drop_sites"": false, ""exact_insert"": true, ""initial_reflection"": false, ""initial_rotation_span"": 1.5707963267948966, ""initial_rotation_steps"": 12, ""near_clear_distance"": 50.0, ""near_clear_radius"": 20.0, ""negative_regions"": ""disk"", ""opportunistic"": false, ""opportunistic_candidates"": 3, ""opportunistic_distance"": 650.0, ""probe_offset"": 0.25, ""radio_limit"": 12, ""route"": ""joint"", ""route_estimate"": 0.5, ""route_mode"": ""backbone"", ""scan_current_first"": true, ""search_first"": false, ""share"": true, ""share_ratio"": 0.7, ""source_bias"": 0.0, ""station_inner"": 990.0, ""station_layout"": ""8_16"", ""station_spec"": [8, 12, 995, 1864, 0], ""stop_when_found16"": true, ""trial_radius"": 40.0}",tuning/q4_crossbar_fraction_0p15/q4/paper_q4_n13_s960029/metrics.json
tuning,q4_crossbar_fraction_0p25,q4,paper_q4_n13_s960020,63689f503f60656191968a1974085cfc37ec3314975d21949ae247d5f62750db,960020,13,True,True,13,13,451.3924257895027,5868.101535263535,4379.101535263535,1195.0,223.0,71.0,239,223,15,afdc6cdd1944b0f85ad1535a00539758f1b47104261f720693ac0ead3d2f31ad,"{""angle_bin"": 4.0, ""conditional_range"": true, ""crossbar"": true, ""crossbar_after_dark"": false, ""crossbar_fraction"": 0.25, ""crossbar_offset"": 0.03, ""crossbar_reference"": ""latest"", ""cumulative_cap"": 2, ""cumulative_points"": 0.0, ""directional"": false, ""drop_sites"": false, ""exact_insert"": true, ""initial_reflection"": false, ""initial_rotation_span"": 1.5707963267948966, ""initial_rotation_steps"": 12, ""near_clear_distance"": 50.0, ""near_clear_radius"": 20.0, ""negative_regions"": ""disk"", ""opportunistic"": false, ""opportunistic_candidates"": 3, ""opportunistic_distance"": 650.0, ""probe_offset"": 0.25, ""radio_limit"": 12, ""route"": ""joint"", ""route_estimate"": 0.5, ""route_mode"": ""backbone"", ""scan_current_first"": true, ""search_first"": false, ""share"": true, ""share_ratio"": 0.7, ""source_bias"": 0.0, ""station_inner"": 990.0, ""station_layout"": ""8_16"", ""station_spec"": [8, 12, 995, 1864, 0], ""stop_when_found16"": true, ""trial_radius"": 40.0}",tuning/q4_crossbar_fraction_0p25/q4/paper_q4_n13_s960020/metrics.json
tuning,q4_crossbar_fraction_0p25,q4,paper_q4_n13_s960021,da59a83f230a989a4389b3d0fb147032b3e9c24625898e5586587c3b08effa45,960021,13,True,True,13,13,445.2232780176595,5787.902614229573,4180.902614229574,1295.0,241.0,71.0,259,241,15,afdc6cdd1944b0f85ad1535a00539758f1b47104261f720693ac0ead3d2f31ad,"{""angle_bin"": 4.0, ""conditional_range"": true, ""crossbar"": true, ""crossbar_after_dark"": false, ""crossbar_fraction"": 0.25, ""crossbar_offset"": 0.03, ""crossbar_reference"": ""latest"", ""cumulative_cap"": 2, ""cumulative_points"": 0.0, ""directional"": false, ""drop_sites"": false, ""exact_insert"": true, ""initial_reflection"": false, ""initial_rotation_span"": 1.5707963267948966, ""initial_rotation_steps"": 12, ""near_clear_distance"": 50.0, ""near_clear_radius"": 20.0, ""negative_regions"": ""disk"", ""opportunistic"": false, ""opportunistic_candidates"": 3, ""opportunistic_distance"": 650.0, ""probe_offset"": 0.25, ""radio_limit"": 12, ""route"": ""joint"", ""route_estimate"": 0.5, ""route_mode"": ""backbone"", ""scan_current_first"": true, ""search_first"": false, ""share"": true, ""share_ratio"": 0.7, ""source_bias"": 0.0, ""station_inner"": 990.0, ""station_layout"": ""8_16"", ""station_spec"": [8, 12, 995, 1864, 0], ""stop_when_found16"": true, ""trial_radius"": 40.0}",tuning/q4_crossbar_fraction_0p25/q4/paper_q4_n13_s960021/metrics.json
tuning,q4_crossbar_fraction_0p25,q4,paper_q4_n13_s960022,b856934f7fd2c17614f85c9714257e6a75eef79290085964bc8a2abb30328a79,960022,13,True,True,13,13,484.73261747490955,6301.524027173824,4893.524027173825,1130.0,207.0,71.0,226,207,15,afdc6cdd1944b0f85ad1535a00539758f1b47104261f720693ac0ead3d2f31ad,"{""angle_bin"": 4.0, ""conditional_range"": true, ""crossbar"": true, ""crossbar_after_dark"": false, ""crossbar_fraction"": 0.25, ""crossbar_offset"": 0.03, ""crossbar_reference"": ""latest"", ""cumulative_cap"": 2, ""cumulative_points"": 0.0, ""directional"": false, ""drop_sites"": false, ""exact_insert"": true, ""initial_reflection"": false, ""initial_rotation_span"": 1.5707963267948966, ""initial_rotation_steps"": 12, ""near_clear_distance"": 50.0, ""near_clear_radius"": 20.0, ""negative_regions"": ""disk"", ""opportunistic"": false, ""opportunistic_candidates"": 3, ""opportunistic_distance"": 650.0, ""probe_offset"": 0.25, ""radio_limit"": 12, ""route"": ""joint"", ""route_estimate"": 0.5, ""route_mode"": ""backbone"", ""scan_current_first"": true, ""search_first"": false, ""share"": true, ""share_ratio"": 0.7, ""source_bias"": 0.0, ""station_inner"": 990.0, ""station_layout"": ""8_16"", ""station_spec"": [8, 12, 995, 1864, 0], ""stop_when_found16"": true, ""trial_radius"": 40.0}",tuning/q4_crossbar_fraction_0p25/q4/paper_q4_n13_s960022/metrics.json
tuning,q4_crossbar_fraction_0p25,q4,paper_q4_n13_s960023,73dcfb7bd5b9d70f599b93be4845294fd3878c2ff63f0ce9a93c9196c65cf773,960023,13,True,True,13,13,458.39937100935,5959.1918231215495,4311.1918231215495,1325.0,252.0,71.0,265,252,15,afdc6cdd1944b0f85ad1535a00539758f1b47104261f720693ac0ead3d2f31ad,"{""angle_bin"": 4.0, ""conditional_range"": true, ""crossbar"": true, ""crossbar_after_dark"": false, ""crossbar_fraction"": 0.25, ""crossbar_offset"": 0.03, ""crossbar_reference"": ""latest"", ""cumulative_cap"": 2, ""cumulative_points"": 0.0, ""directional"": false, ""drop_sites"": false, ""exact_insert"": true, ""initial_reflection"": false, ""initial_rotation_span"": 1.5707963267948966, ""initial_rotation_steps"": 12, ""near_clear_distance"": 50.0, ""near_clear_radius"": 20.0, ""negative_regions"": ""disk"", ""opportunistic"": false, ""opportunistic_candidates"": 3, ""opportunistic_distance"": 650.0, ""probe_offset"": 0.25, ""radio_limit"": 12, ""route"": ""joint"", ""route_estimate"": 0.5, ""route_mode"": ""backbone"", ""scan_current_first"": true, ""search_first"": false, ""share"": true, ""share_ratio"": 0.7, ""source_bias"": 0.0, ""station_inner"": 990.0, ""station_layout"": ""8_16"", ""station_spec"": [8, 12, 995, 1864, 0], ""stop_when_found16"": true, ""trial_radius"": 40.0}",tuning/q4_crossbar_fraction_0p25/q4/paper_q4_n13_s960023/metrics.json
tuning,q4_crossbar_fraction_0p25,q4,paper_q4_n13_s960024,38a2c0e44559dbf6344acd79eef98e5c0c198e7550ecca11e2c300bdd343b50c,960024,13,True,True,13,13,493.9868513969856,6421.829068160813,4688.829068160815,1400.0,265.0,68.0,280,265,14,afdc6cdd1944b0f85ad1535a00539758f1b47104261f720693ac0ead3d2f31ad,"{""angle_bin"": 4.0, ""conditional_range"": true, ""crossbar"": true, ""crossbar_after_dark"": false, ""crossbar_fraction"": 0.25, ""crossbar_offset"": 0.03, ""crossbar_reference"": ""latest"", ""cumulative_cap"": 2, ""cumulative_points"": 0.0, ""directional"": false, ""drop_sites"": false, ""exact_insert"": true, ""initial_reflection"": false, ""initial_rotation_span"": 1.5707963267948966, ""initial_rotation_steps"": 12, ""near_clear_distance"": 50.0, ""near_clear_radius"": 20.0, ""negative_regions"": ""disk"", ""opportunistic"": false, ""opportunistic_candidates"": 3, ""opportunistic_distance"": 650.0, ""probe_offset"": 0.25, ""radio_limit"": 12, ""route"": ""joint"", ""route_estimate"": 0.5, ""route_mode"": ""backbone"", ""scan_current_first"": true, ""search_first"": false, ""share"": true, ""share_ratio"": 0.7, ""source_bias"": 0.0, ""station_inner"": 990.0, ""station_layout"": ""8_16"", ""station_spec"": [8, 12, 995, 1864, 0], ""stop_when_found16"": true, ""trial_radius"": 40.0}",tuning/q4_crossbar_fraction_0p25/q4/paper_q4_n13_s960024/metrics.json
tuning,q4_crossbar_fraction_0p25,q4,paper_q4_n13_s960025,048e108d65551ab0d815c96c01cd3d5d06ef334c8d1a23e14df43cce56f36833,960025,13,True,True,13,13,456.1463630135661,5929.902719176359,4364.902719176358,1265.0,235.0,65.0,253,235,13,afdc6cdd1944b0f85ad1535a00539758f1b47104261f720693ac0ead3d2f31ad,"{""angle_bin"": 4.0, ""conditional_range"": true, ""crossbar"": true, ""crossbar_after_dark"": false, ""crossbar_fraction"": 0.25, ""crossbar_offset"": 0.03, ""crossbar_reference"": ""latest"", ""cumulative_cap"": 2, ""cumulative_points"": 0.0, ""directional"": false, ""drop_sites"": false, ""exact_insert"": true, ""initial_reflection"": false, ""initial_rotation_span"": 1.5707963267948966, ""initial_rotation_steps"": 12, ""near_clear_distance"": 50.0, ""near_clear_radius"": 20.0, ""negative_regions"": ""disk"", ""opportunistic"": false, ""opportunistic_candidates"": 3, ""opportunistic_distance"": 650.0, ""probe_offset"": 0.25, ""radio_limit"": 12, ""route"": ""joint"", ""route_estimate"": 0.5, ""route_mode"": ""backbone"", ""scan_current_first"": true, ""search_first"": false, ""share"": true, ""share_ratio"": 0.7, ""source_bias"": 0.0, ""station_inner"": 990.0, ""station_layout"": ""8_16"", ""station_spec"": [8, 12, 995, 1864, 0], ""stop_when_found16"": true, ""trial_radius"": 40.0}",tuning/q4_crossbar_fraction_0p25/q4/paper_q4_n13_s960025/metrics.json
tuning,q4_crossbar_fraction_0p25,q4,paper_q4_n13_s960026,19e7f6df43aaec88bc08bc8005282d6159bb14c2c0a93f1f0ad65f8ce416ef48,960026,13,True,True,13,13,434.87165250736564,5653.331482595753,4161.331482595754,1200.0,227.0,65.0,240,227,13,afdc6cdd1944b0f85ad1535a00539758f1b47104261f720693ac0ead3d2f31ad,"{""angle_bin"": 4.0, ""conditional_range"": true, ""crossbar"": true, ""crossbar_after_dark"": false, ""crossbar_fraction"": 0.25, ""crossbar_offset"": 0.03, ""crossbar_reference"": ""latest"", ""cumulative_cap"": 2, ""cumulative_points"": 0.0, ""directional"": false, ""drop_sites"": false, ""exact_insert"": true, ""initial_reflection"": false, ""initial_rotation_span"": 1.5707963267948966, ""initial_rotation_steps"": 12, ""near_clear_distance"": 50.0, ""near_clear_radius"": 20.0, ""negative_regions"": ""disk"", ""opportunistic"": false, ""opportunistic_candidates"": 3, ""opportunistic_distance"": 650.0, ""probe_offset"": 0.25, ""radio_limit"": 12, ""route"": ""joint"", ""route_estimate"": 0.5, ""route_mode"": ""backbone"", ""scan_current_first"": true, ""search_first"": false, ""share"": true, ""share_ratio"": 0.7, ""source_bias"": 0.0, ""station_inner"": 990.0, ""station_layout"": ""8_16"", ""station_spec"": [8, 12, 995, 1864, 0], ""stop_when_found16"": true, ""trial_radius"": 40.0}",tuning/q4_crossbar_fraction_0p25/q4/paper_q4_n13_s960026/metrics.json
tuning,q4_crossbar_fraction_0p25,q4,paper_q4_n13_s960027,756b70651e40049d1d338ebf6d75146bf5b18e91b20fc88cbda4ac3767c4cc82,960027,13,True,True,13,13,451.6862255347893,5871.920931952261,4138.920931952258,1400.0,268.0,65.0,280,268,13,afdc6cdd1944b0f85ad1535a00539758f1b47104261f720693ac0ead3d2f31ad,"{""angle_bin"": 4.0, ""conditional_range"": true, ""crossbar"": true, ""crossbar_after_dark"": false, ""crossbar_fraction"": 0.25, ""crossbar_offset"": 0.03, ""crossbar_reference"": ""latest"", ""cumulative_cap"": 2, ""cumulative_points"": 0.0, ""directional"": false, ""drop_sites"": false, ""exact_insert"": true, ""initial_reflection"": false, ""initial_rotation_span"": 1.5707963267948966, ""initial_rotation_steps"": 12, ""near_clear_distance"": 50.0, ""near_clear_radius"": 20.0, ""negative_regions"": ""disk"", ""opportunistic"": false, ""opportunistic_candidates"": 3, ""opportunistic_distance"": 650.0, ""probe_offset"": 0.25, ""radio_limit"": 12, ""route"": ""joint"", ""route_estimate"": 0.5, ""route_mode"": ""backbone"", ""scan_current_first"": true, ""search_first"": false, ""share"": true, ""share_ratio"": 0.7, ""source_bias"": 0.0, ""station_inner"": 990.0, ""station_layout"": ""8_16"", ""station_spec"": [8, 12, 995, 1864, 0], ""stop_when_found16"": true, ""trial_radius"": 40.0}",tuning/q4_crossbar_fraction_0p25/q4/paper_q4_n13_s960027/metrics.json
tuning,q4_crossbar_fraction_0p25,q4,paper_q4_n13_s960028,1a8375084c77bfd6f73b66fc971c48f37e193de3159b414cf57cdfcce8648805,960028,13,True,True,13,13,491.8190320350196,6393.647416455255,4720.647416455256,1345.0,257.0,71.0,269,257,15,afdc6cdd1944b0f85ad1535a00539758f1b47104261f720693ac0ead3d2f31ad,"{""angle_bin"": 4.0, ""conditional_range"": true, ""crossbar"": true, ""crossbar_after_dark"": false, ""crossbar_fraction"": 0.25, ""crossbar_offset"": 0.03, ""crossbar_reference"": ""latest"", ""cumulative_cap"": 2, ""cumulative_points"": 0.0, ""directional"": false, ""drop_sites"": false, ""exact_insert"": true, ""initial_reflection"": false, ""initial_rotation_span"": 1.5707963267948966, ""initial_rotation_steps"": 12, ""near_clear_distance"": 50.0, ""near_clear_radius"": 20.0, ""negative_regions"": ""disk"", ""opportunistic"": false, ""opportunistic_candidates"": 3, ""opportunistic_distance"": 650.0, ""probe_offset"": 0.25, ""radio_limit"": 12, ""route"": ""joint"", ""route_estimate"": 0.5, ""route_mode"": ""backbone"", ""scan_current_first"": true, ""search_first"": false, ""share"": true, ""share_ratio"": 0.7, ""source_bias"": 0.0, ""station_inner"": 990.0, ""station_layout"": ""8_16"", ""station_spec"": [8, 12, 995, 1864, 0], ""stop_when_found16"": true, ""trial_radius"": 40.0}",tuning/q4_crossbar_fraction_0p25/q4/paper_q4_n13_s960028/metrics.json
tuning,q4_crossbar_fraction_0p25,q4,paper_q4_n13_s960029,81ccaaef05b84e491cdb48b3651a5a43514aefca15ac5eea9707b55ffb00cb64,960029,13,True,True,13,13,444.9157388525545,5783.9046050832085,4311.9046050832085,1175.0,223.0,74.0,235,223,16,afdc6cdd1944b0f85ad1535a00539758f1b47104261f720693ac0ead3d2f31ad,"{""angle_bin"": 4.0, ""conditional_range"": true, ""crossbar"": true, ""crossbar_after_dark"": false, ""crossbar_fraction"": 0.25, ""crossbar_offset"": 0.03, ""crossbar_reference"": ""latest"", ""cumulative_cap"": 2, ""cumulative_points"": 0.0, ""directional"": false, ""drop_sites"": false, ""exact_insert"": true, ""initial_reflection"": false, ""initial_rotation_span"": 1.5707963267948966, ""initial_rotation_steps"": 12, ""near_clear_distance"": 50.0, ""near_clear_radius"": 20.0, ""negative_regions"": ""disk"", ""opportunistic"": false, ""opportunistic_candidates"": 3, ""opportunistic_distance"": 650.0, ""probe_offset"": 0.25, ""radio_limit"": 12, ""route"": ""joint"", ""route_estimate"": 0.5, ""route_mode"": ""backbone"", ""scan_current_first"": true, ""search_first"": false, ""share"": true, ""share_ratio"": 0.7, ""source_bias"": 0.0, ""station_inner"": 990.0, ""station_layout"": ""8_16"", ""station_spec"": [8, 12, 995, 1864, 0], ""stop_when_found16"": true, ""trial_radius"": 40.0}",tuning/q4_crossbar_fraction_0p25/q4/paper_q4_n13_s960029/metrics.json
tuning,q4_crossbar_fraction_0p4,q4,paper_q4_n13_s960020,63689f503f60656191968a1974085cfc37ec3314975d21949ae247d5f62750db,960020,13,True,True,13,13,452.2255757701893,5878.932485012461,4378.932485012462,1200.0,223.0,77.0,240,223,17,b58b0254f55cd83e28b1be9e73abfca60342e5e62548b6266a118728b8d8cb46,"{""angle_bin"": 4.0, ""conditional_range"": true, ""crossbar"": true, ""crossbar_after_dark"": false, ""crossbar_fraction"": 0.4, ""crossbar_offset"": 0.03, ""crossbar_reference"": ""latest"", ""cumulative_cap"": 2, ""cumulative_points"": 0.0, ""directional"": false, ""drop_sites"": false, ""exact_insert"": true, ""initial_reflection"": false, ""initial_rotation_span"": 1.5707963267948966, ""initial_rotation_steps"": 12, ""near_clear_distance"": 50.0, ""near_clear_radius"": 20.0, ""negative_regions"": ""disk"", ""opportunistic"": false, ""opportunistic_candidates"": 3, ""opportunistic_distance"": 650.0, ""probe_offset"": 0.25, ""radio_limit"": 12, ""route"": ""joint"", ""route_estimate"": 0.5, ""route_mode"": ""backbone"", ""scan_current_first"": true, ""search_first"": false, ""share"": true, ""share_ratio"": 0.7, ""source_bias"": 0.0, ""station_inner"": 990.0, ""station_layout"": ""8_16"", ""station_spec"": [8, 12, 995, 1864, 0], ""stop_when_found16"": true, ""trial_radius"": 40.0}",tuning/q4_crossbar_fraction_0p4/q4/paper_q4_n13_s960020/metrics.json
tuning,q4_crossbar_fraction_0p4,q4,paper_q4_n13_s960021,da59a83f230a989a4389b3d0fb147032b3e9c24625898e5586587c3b08effa45,960021,13,True,True,13,13,458.2198396590657,5956.857915567854,4351.857915567854,1295.0,239.0,71.0,259,239,15,b58b0254f55cd83e28b1be9e73abfca60342e5e62548b6266a118728b8d8cb46,"{""angle_bin"": 4.0, ""conditional_range"": true, ""crossbar"": true, ""crossbar_after_dark"": false, ""crossbar_fraction"": 0.4, ""crossbar_offset"": 0.03, ""crossbar_reference"": ""latest"", ""cumulative_cap"": 2, ""cumulative_points"": 0.0, ""directional"": false, ""drop_sites"": false, ""exact_insert"": true, ""initial_reflection"": false, ""initial_rotation_span"": 1.5707963267948966, ""initial_rotation_steps"": 12, ""near_clear_distance"": 50.0, ""near_clear_radius"": 20.0, ""negative_regions"": ""disk"", ""opportunistic"": false, ""opportunistic_candidates"": 3, ""opportunistic_distance"": 650.0, ""probe_offset"": 0.25, ""radio_limit"": 12, ""route"": ""joint"", ""route_estimate"": 0.5, ""route_mode"": ""backbone"", ""scan_current_first"": true, ""search_first"": false, ""share"": true, ""share_ratio"": 0.7, ""source_bias"": 0.0, ""station_inner"": 990.0, ""station_layout"": ""8_16"", ""station_spec"": [8, 12, 995, 1864, 0], ""stop_when_found16"": true, ""trial_radius"": 40.0}",tuning/q4_crossbar_fraction_0p4/q4/paper_q4_n13_s960021/metrics.json
tuning,q4_crossbar_fraction_0p4,q4,paper_q4_n13_s960022,b856934f7fd2c17614f85c9714257e6a75eef79290085964bc8a2abb30328a79,960022,13,True,True,13,13,501.13791685290147,6514.792919087719,5047.79291908772,1190.0,209.0,68.0,238,209,14,b58b0254f55cd83e28b1be9e73abfca60342e5e62548b6266a118728b8d8cb46,"{""angle_bin"": 4.0, ""conditional_range"": true, ""crossbar"": true, ""crossbar_after_dark"": false, ""crossbar_fraction"": 0.4, ""crossbar_offset"": 0.03, ""crossbar_reference"": ""latest"", ""cumulative_cap"": 2, ""cumulative_points"": 0.0, ""directional"": false, ""drop_sites"": false, ""exact_insert"": true, ""initial_reflection"": false, ""initial_rotation_span"": 1.5707963267948966, ""initial_rotation_steps"": 12, ""near_clear_distance"": 50.0, ""near_clear_radius"": 20.0, ""negative_regions"": ""disk"", ""opportunistic"": false, ""opportunistic_candidates"": 3, ""opportunistic_distance"": 650.0, ""probe_offset"": 0.25, ""radio_limit"": 12, ""route"": ""joint"", ""route_estimate"": 0.5, ""route_mode"": ""backbone"", ""scan_current_first"": true, ""search_first"": false, ""share"": true, ""share_ratio"": 0.7, ""source_bias"": 0.0, ""station_inner"": 990.0, ""station_layout"": ""8_16"", ""station_spec"": [8, 12, 995, 1864, 0], ""stop_when_found16"": true, ""trial_radius"": 40.0}",tuning/q4_crossbar_fraction_0p4/q4/paper_q4_n13_s960022/metrics.json
tuning,q4_crossbar_fraction_0p4,q4,paper_q4_n13_s960023,73dcfb7bd5b9d70f599b93be4845294fd3878c2ff63f0ce9a93c9196c65cf773,960023,13,True,True,13,13,458.387023748883,5959.031308735479,4309.031308735477,1335.0,250.0,65.0,267,250,13,b58b0254f55cd83e28b1be9e73abfca60342e5e62548b6266a118728b8d8cb46,"{""angle_bin"": 4.0, ""conditional_range"": true, ""crossbar"": true, ""crossbar_after_dark"": false, ""crossbar_fraction"": 0.4, ""crossbar_offset"": 0.03, ""crossbar_reference"": ""latest"", ""cumulative_cap"": 2, ""cumulative_points"": 0.0, ""directional"": false, ""drop_sites"": false, ""exact_insert"": true, ""initial_reflection"": false, ""initial_rotation_span"": 1.5707963267948966, ""initial_rotation_steps"": 12, ""near_clear_distance"": 50.0, ""near_clear_radius"": 20.0, ""negative_regions"": ""disk"", ""opportunistic"": false, ""opportunistic_candidates"": 3, ""opportunistic_distance"": 650.0, ""probe_offset"": 0.25, ""radio_limit"": 12, ""route"": ""joint"", ""route_estimate"": 0.5, ""route_mode"": ""backbone"", ""scan_current_first"": true, ""search_first"": false, ""share"": true, ""share_ratio"": 0.7, ""source_bias"": 0.0, ""station_inner"": 990.0, ""station_layout"": ""8_16"", ""station_spec"": [8, 12, 995, 1864, 0], ""stop_when_found16"": true, ""trial_radius"": 40.0}",tuning/q4_crossbar_fraction_0p4/q4/paper_q4_n13_s960023/metrics.json
tuning,q4_crossbar_fraction_0p4,q4,paper_q4_n13_s960024,38a2c0e44559dbf6344acd79eef98e5c0c198e7550ecca11e2c300bdd343b50c,960024,13,True,True,13,13,497.2418541872543,6464.144104434306,4725.144104434306,1405.0,269.0,65.0,281,269,13,b58b0254f55cd83e28b1be9e73abfca60342e5e62548b6266a118728b8d8cb46,"{""angle_bin"": 4.0, ""conditional_range"": true, ""crossbar"": true, ""crossbar_after_dark"": false, ""crossbar_fraction"": 0.4, ""crossbar_offset"": 0.03, ""crossbar_reference"": ""latest"", ""cumulative_cap"": 2, ""cumulative_points"": 0.0, ""directional"": false, ""drop_sites"": false, ""exact_insert"": true, ""initial_reflection"": false, ""initial_rotation_span"": 1.5707963267948966, ""initial_rotation_steps"": 12, ""near_clear_distance"": 50.0, ""near_clear_radius"": 20.0, ""negative_regions"": ""disk"", ""opportunistic"": false, ""opportunistic_candidates"": 3, ""opportunistic_distance"": 650.0, ""probe_offset"": 0.25, ""radio_limit"": 12, ""route"": ""joint"", ""route_estimate"": 0.5, ""route_mode"": ""backbone"", ""scan_current_first"": true, ""search_first"": false, ""share"": true, ""share_ratio"": 0.7, ""source_bias"": 0.0, ""station_inner"": 990.0, ""station_layout"": ""8_16"", ""station_spec"": [8, 12, 995, 1864, 0], ""stop_when_found16"": true, ""trial_radius"": 40.0}",tuning/q4_crossbar_fraction_0p4/q4/paper_q4_n13_s960024/metrics.json
tuning,q4_crossbar_fraction_0p4,q4,paper_q4_n13_s960025,048e108d65551ab0d815c96c01cd3d5d06ef334c8d1a23e14df43cce56f36833,960025,13,True,True,13,13,470.1624867425507,6112.112327653159,4521.112327653159,1285.0,235.0,71.0,257,235,15,b58b0254f55cd83e28b1be9e73abfca60342e5e62548b6266a118728b8d8cb46,"{""angle_bin"": 4.0, ""conditional_range"": true, ""crossbar"": true, ""crossbar_after_dark"": false, ""crossbar_fraction"": 0.4, ""crossbar_offset"": 0.03, ""crossbar_reference"": ""latest"", ""cumulative_cap"": 2, ""cumulative_points"": 0.0, ""directional"": false, ""drop_sites"": false, ""exact_insert"": true, ""initial_reflection"": false, ""initial_rotation_span"": 1.5707963267948966, ""initial_rotation_steps"": 12, ""near_clear_distance"": 50.0, ""near_clear_radius"": 20.0, ""negative_regions"": ""disk"", ""opportunistic"": false, ""opportunistic_candidates"": 3, ""opportunistic_distance"": 650.0, ""probe_offset"": 0.25, ""radio_limit"": 12, ""route"": ""joint"", ""route_estimate"": 0.5, ""route_mode"": ""backbone"", ""scan_current_first"": true, ""search_first"": false, ""share"": true, ""share_ratio"": 0.7, ""source_bias"": 0.0, ""station_inner"": 990.0, ""station_layout"": ""8_16"", ""station_spec"": [8, 12, 995, 1864, 0], ""stop_when_found16"": true, ""trial_radius"": 40.0}",tuning/q4_crossbar_fraction_0p4/q4/paper_q4_n13_s960025/metrics.json
tuning,q4_crossbar_fraction_0p4,q4,paper_q4_n13_s960026,19e7f6df43aaec88bc08bc8005282d6159bb14c2c0a93f1f0ad65f8ce416ef48,960026,13,True,True,13,13,440.3862177385662,5725.02083060136,4249.020830601361,1185.0,226.0,65.0,237,226,13,b58b0254f55cd83e28b1be9e73abfca60342e5e62548b6266a118728b8d8cb46,"{""angle_bin"": 4.0, ""conditional_range"": true, ""crossbar"": true, ""crossbar_after_dark"": false, ""crossbar_fraction"": 0.4, ""crossbar_offset"": 0.03, ""crossbar_reference"": ""latest"", ""cumulative_cap"": 2, ""cumulative_points"": 0.0, ""directional"": false, ""drop_sites"": false, ""exact_insert"": true, ""initial_reflection"": false, ""initial_rotation_span"": 1.5707963267948966, ""initial_rotation_steps"": 12, ""near_clear_distance"": 50.0, ""near_clear_radius"": 20.0, ""negative_regions"": ""disk"", ""opportunistic"": false, ""opportunistic_candidates"": 3, ""opportunistic_distance"": 650.0, ""probe_offset"": 0.25, ""radio_limit"": 12, ""route"": ""joint"", ""route_estimate"": 0.5, ""route_mode"": ""backbone"", ""scan_current_first"": true, ""search_first"": false, ""share"": true, ""share_ratio"": 0.7, ""source_bias"": 0.0, ""station_inner"": 990.0, ""station_layout"": ""8_16"", ""station_spec"": [8, 12, 995, 1864, 0], ""stop_when_found16"": true, ""trial_radius"": 40.0}",tuning/q4_crossbar_fraction_0p4/q4/paper_q4_n13_s960026/metrics.json
tuning,q4_crossbar_fraction_0p4,q4,paper_q4_n13_s960027,756b70651e40049d1d338ebf6d75146bf5b18e91b20fc88cbda4ac3767c4cc82,960027,13,True,True,13,13,460.1007239509372,5981.309411362184,4234.309411362184,1415.0,267.0,65.0,283,267,13,b58b0254f55cd83e28b1be9e73abfca60342e5e62548b6266a118728b8d8cb46,"{""angle_bin"": 4.0, ""conditional_range"": true, ""crossbar"": true, ""crossbar_after_dark"": false, ""crossbar_fraction"": 0.4, ""crossbar_offset"": 0.03, ""crossbar_reference"": ""latest"", ""cumulative_cap"": 2, ""cumulative_points"": 0.0, ""directional"": false, ""drop_sites"": false, ""exact_insert"": true, ""initial_reflection"": false, ""initial_rotation_span"": 1.5707963267948966, ""initial_rotation_steps"": 12, ""near_clear_distance"": 50.0, ""near_clear_radius"": 20.0, ""negative_regions"": ""disk"", ""opportunistic"": false, ""opportunistic_candidates"": 3, ""opportunistic_distance"": 650.0, ""probe_offset"": 0.25, ""radio_limit"": 12, ""route"": ""joint"", ""route_estimate"": 0.5, ""route_mode"": ""backbone"", ""scan_current_first"": true, ""search_first"": false, ""share"": true, ""share_ratio"": 0.7, ""source_bias"": 0.0, ""station_inner"": 990.0, ""station_layout"": ""8_16"", ""station_spec"": [8, 12, 995, 1864, 0], ""stop_when_found16"": true, ""trial_radius"": 40.0}",tuning/q4_crossbar_fraction_0p4/q4/paper_q4_n13_s960027/metrics.json
tuning,q4_crossbar_fraction_0p4,q4,paper_q4_n13_s960028,1a8375084c77bfd6f73b66fc971c48f37e193de3159b414cf57cdfcce8648805,960028,13,True,True,13,13,477.01861902609534,6201.242047339239,4535.24204733924,1340.0,255.0,71.0,268,255,15,b58b0254f55cd83e28b1be9e73abfca60342e5e62548b6266a118728b8d8cb46,"{""angle_bin"": 4.0, ""conditional_range"": true, ""crossbar"": true, ""crossbar_after_dark"": false, ""crossbar_fraction"": 0.4, ""crossbar_offset"": 0.03, ""crossbar_reference"": ""latest"", ""cumulative_cap"": 2, ""cumulative_points"": 0.0, ""directional"": false, ""drop_sites"": false, ""exact_insert"": true, ""initial_reflection"": false, ""initial_rotation_span"": 1.5707963267948966, ""initial_rotation_steps"": 12, ""near_clear_distance"": 50.0, ""near_clear_radius"": 20.0, ""negative_regions"": ""disk"", ""opportunistic"": false, ""opportunistic_candidates"": 3, ""opportunistic_distance"": 650.0, ""probe_offset"": 0.25, ""radio_limit"": 12, ""route"": ""joint"", ""route_estimate"": 0.5, ""route_mode"": ""backbone"", ""scan_current_first"": true, ""search_first"": false, ""share"": true, ""share_ratio"": 0.7, ""source_bias"": 0.0, ""station_inner"": 990.0, ""station_layout"": ""8_16"", ""station_spec"": [8, 12, 995, 1864, 0], ""stop_when_found16"": true, ""trial_radius"": 40.0}",tuning/q4_crossbar_fraction_0p4/q4/paper_q4_n13_s960028/metrics.json
tuning,q4_crossbar_fraction_0p4,q4,paper_q4_n13_s960029,81ccaaef05b84e491cdb48b3651a5a43514aefca15ac5eea9707b55ffb00cb64,960029,13,True,True,13,13,456.64352113708077,5936.36577478205,4466.36577478205,1180.0,222.0,68.0,236,222,14,b58b0254f55cd83e28b1be9e73abfca60342e5e62548b6266a118728b8d8cb46,"{""angle_bin"": 4.0, ""conditional_range"": true, ""crossbar"": true, ""crossbar_after_dark"": false, ""crossbar_fraction"": 0.4, ""crossbar_offset"": 0.03, ""crossbar_reference"": ""latest"", ""cumulative_cap"": 2, ""cumulative_points"": 0.0, ""directional"": false, ""drop_sites"": false, ""exact_insert"": true, ""initial_reflection"": false, ""initial_rotation_span"": 1.5707963267948966, ""initial_rotation_steps"": 12, ""near_clear_distance"": 50.0, ""near_clear_radius"": 20.0, ""negative_regions"": ""disk"", ""opportunistic"": false, ""opportunistic_candidates"": 3, ""opportunistic_distance"": 650.0, ""probe_offset"": 0.25, ""radio_limit"": 12, ""route"": ""joint"", ""route_estimate"": 0.5, ""route_mode"": ""backbone"", ""scan_current_first"": true, ""search_first"": false, ""share"": true, ""share_ratio"": 0.7, ""source_bias"": 0.0, ""station_inner"": 990.0, ""station_layout"": ""8_16"", ""station_spec"": [8, 12, 995, 1864, 0], ""stop_when_found16"": true, ""trial_radius"": 40.0}",tuning/q4_crossbar_fraction_0p4/q4/paper_q4_n13_s960029/metrics.json
tuning,q4_crossbar_offset_0p02,q4,paper_q4_n13_s960020,63689f503f60656191968a1974085cfc37ec3314975d21949ae247d5f62750db,960020,13,True,True,13,13,448.45876723303587,5829.963974029466,4343.963974029467,1195.0,223.0,68.0,239,223,14,5fcd43ae685a53fa84032756a5c020d3d6279e394351ec5150d82a670d65f91c,"{""angle_bin"": 4.0, ""conditional_range"": true, ""crossbar"": true, ""crossbar_after_dark"": false, ""crossbar_fraction"": 0.25, ""crossbar_offset"": 0.02, ""crossbar_reference"": ""latest"", ""cumulative_cap"": 2, ""cumulative_points"": 0.0, ""directional"": false, ""drop_sites"": false, ""exact_insert"": true, ""initial_reflection"": false, ""initial_rotation_span"": 1.5707963267948966, ""initial_rotation_steps"": 12, ""near_clear_distance"": 50.0, ""near_clear_radius"": 20.0, ""negative_regions"": ""disk"", ""opportunistic"": false, ""opportunistic_candidates"": 3, ""opportunistic_distance"": 650.0, ""probe_offset"": 0.25, ""radio_limit"": 12, ""route"": ""joint"", ""route_estimate"": 0.5, ""route_mode"": ""backbone"", ""scan_current_first"": true, ""search_first"": false, ""share"": true, ""share_ratio"": 0.7, ""source_bias"": 0.0, ""station_inner"": 990.0, ""station_layout"": ""8_16"", ""station_spec"": [8, 12, 995, 1864, 0], ""stop_when_found16"": true, ""trial_radius"": 40.0}",tuning/q4_crossbar_offset_0p02/q4/paper_q4_n13_s960020/metrics.json
tuning,q4_crossbar_offset_0p02,q4,paper_q4_n13_s960021,da59a83f230a989a4389b3d0fb147032b3e9c24625898e5586587c3b08effa45,960021,13,True,True,13,13,442.3536098674638,5750.596928277029,4157.5969282770275,1280.0,239.0,74.0,256,239,16,5fcd43ae685a53fa84032756a5c020d3d6279e394351ec5150d82a670d65f91c,"{""angle_bin"": 4.0, ""conditional_range"": true, ""crossbar"": true, ""crossbar_after_dark"": false, ""crossbar_fraction"": 0.25, ""crossbar_offset"": 0.02, ""crossbar_reference"": ""latest"", ""cumulative_cap"": 2, ""cumulative_points"": 0.0, ""directional"": false, ""drop_sites"": false, ""exact_insert"": true, ""initial_reflection"": false, ""initial_rotation_span"": 1.5707963267948966, ""initial_rotation_steps"": 12, ""near_clear_distance"": 50.0, ""near_clear_radius"": 20.0, ""negative_regions"": ""disk"", ""opportunistic"": false, ""opportunistic_candidates"": 3, ""opportunistic_distance"": 650.0, ""probe_offset"": 0.25, ""radio_limit"": 12, ""route"": ""joint"", ""route_estimate"": 0.5, ""route_mode"": ""backbone"", ""scan_current_first"": true, ""search_first"": false, ""share"": true, ""share_ratio"": 0.7, ""source_bias"": 0.0, ""station_inner"": 990.0, ""station_layout"": ""8_16"", ""station_spec"": [8, 12, 995, 1864, 0], ""stop_when_found16"": true, ""trial_radius"": 40.0}",tuning/q4_crossbar_offset_0p02/q4/paper_q4_n13_s960021/metrics.json
tuning,q4_crossbar_offset_0p02,q4,paper_q4_n13_s960022,b856934f7fd2c17614f85c9714257e6a75eef79290085964bc8a2abb30328a79,960022,13,True,True,13,13,484.2214099527149,6294.878329385294,4868.878329385296,1145.0,210.0,71.0,229,210,15,5fcd43ae685a53fa84032756a5c020d3d6279e394351ec5150d82a670d65f91c,"{""angle_bin"": 4.0, ""conditional_range"": true, ""crossbar"": true, ""crossbar_after_dark"": false, ""crossbar_fraction"": 0.25, ""crossbar_offset"": 0.02, ""crossbar_reference"": ""latest"", ""cumulative_cap"": 2, ""cumulative_points"": 0.0, ""directional"": false, ""drop_sites"": false, ""exact_insert"": true, ""initial_reflection"": false, ""initial_rotation_span"": 1.5707963267948966, ""initial_rotation_steps"": 12, ""near_clear_distance"": 50.0, ""near_clear_radius"": 20.0, ""negative_regions"": ""disk"", ""opportunistic"": false, ""opportunistic_candidates"": 3, ""opportunistic_distance"": 650.0, ""probe_offset"": 0.25, ""radio_limit"": 12, ""route"": ""joint"", ""route_estimate"": 0.5, ""route_mode"": ""backbone"", ""scan_current_first"": true, ""search_first"": false, ""share"": true, ""share_ratio"": 0.7, ""source_bias"": 0.0, ""station_inner"": 990.0, ""station_layout"": ""8_16"", ""station_spec"": [8, 12, 995, 1864, 0], ""stop_when_found16"": true, ""trial_radius"": 40.0}",tuning/q4_crossbar_offset_0p02/q4/paper_q4_n13_s960022/metrics.json
tuning,q4_crossbar_offset_0p02,q4,paper_q4_n13_s960023,73dcfb7bd5b9d70f599b93be4845294fd3878c2ff63f0ce9a93c9196c65cf773,960023,13,True,True,13,13,471.1710386517422,6125.223502472649,4464.223502472649,1340.0,253.0,68.0,268,253,14,5fcd43ae685a53fa84032756a5c020d3d6279e394351ec5150d82a670d65f91c,"{""angle_bin"": 4.0, ""conditional_range"": true, ""crossbar"": true, ""crossbar_after_dark"": false, ""crossbar_fraction"": 0.25, ""crossbar_offset"": 0.02, ""crossbar_reference"": ""latest"", ""cumulative_cap"": 2, ""cumulative_points"": 0.0, ""directional"": false, ""drop_sites"": false, ""exact_insert"": true, ""initial_reflection"": false, ""initial_rotation_span"": 1.5707963267948966, ""initial_rotation_steps"": 12, ""near_clear_distance"": 50.0, ""near_clear_radius"": 20.0, ""negative_regions"": ""disk"", ""opportunistic"": false, ""opportunistic_candidates"": 3, ""opportunistic_distance"": 650.0, ""probe_offset"": 0.25, ""radio_limit"": 12, ""route"": ""joint"", ""route_estimate"": 0.5, ""route_mode"": ""backbone"", ""scan_current_first"": true, ""search_first"": false, ""share"": true, ""share_ratio"": 0.7, ""source_bias"": 0.0, ""station_inner"": 990.0, ""station_layout"": ""8_16"", ""station_spec"": [8, 12, 995, 1864, 0], ""stop_when_found16"": true, ""trial_radius"": 40.0}",tuning/q4_crossbar_offset_0p02/q4/paper_q4_n13_s960023/metrics.json
tuning,q4_crossbar_offset_0p02,q4,paper_q4_n13_s960024,38a2c0e44559dbf6344acd79eef98e5c0c198e7550ecca11e2c300bdd343b50c,960024,13,True,True,13,13,498.88076863866877,6485.449992302694,4717.449992302694,1435.0,268.0,65.0,287,268,13,5fcd43ae685a53fa84032756a5c020d3d6279e394351ec5150d82a670d65f91c,"{""angle_bin"": 4.0, ""conditional_range"": true, ""crossbar"": true, ""crossbar_after_dark"": false, ""crossbar_fraction"": 0.25, ""crossbar_offset"": 0.02, ""crossbar_reference"": ""latest"", ""cumulative_cap"": 2, ""cumulative_points"": 0.0, ""directional"": false, ""drop_sites"": false, ""exact_insert"": true, ""initial_reflection"": false, ""initial_rotation_span"": 1.5707963267948966, ""initial_rotation_steps"": 12, ""near_clear_distance"": 50.0, ""near_clear_radius"": 20.0, ""negative_regions"": ""disk"", ""opportunistic"": false, ""opportunistic_candidates"": 3, ""opportunistic_distance"": 650.0, ""probe_offset"": 0.25, ""radio_limit"": 12, ""route"": ""joint"", ""route_estimate"": 0.5, ""route_mode"": ""backbone"", ""scan_current_first"": true, ""search_first"": false, ""share"": true, ""share_ratio"": 0.7, ""source_bias"": 0.0, ""station_inner"": 990.0, ""station_layout"": ""8_16"", ""station_spec"": [8, 12, 995, 1864, 0], ""stop_when_found16"": true, ""trial_radius"": 40.0}",tuning/q4_crossbar_offset_0p02/q4/paper_q4_n13_s960024/metrics.json
tuning,q4_crossbar_offset_0p02,q4,paper_q4_n13_s960025,048e108d65551ab0d815c96c01cd3d5d06ef334c8d1a23e14df43cce56f36833,960025,13,True,True,13,13,457.67984613152544,5949.837999709831,4392.83799970983,1255.0,234.0,68.0,251,234,14,5fcd43ae685a53fa84032756a5c020d3d6279e394351ec5150d82a670d65f91c,"{""angle_bin"": 4.0, ""conditional_range"": true, ""crossbar"": true, ""crossbar_after_dark"": false, ""crossbar_fraction"": 0.25, ""crossbar_offset"": 0.02, ""crossbar_reference"": ""latest"", ""cumulative_cap"": 2, ""cumulative_points"": 0.0, ""directional"": false, ""drop_sites"": false, ""exact_insert"": true, ""initial_reflection"": false, ""initial_rotation_span"": 1.5707963267948966, ""initial_rotation_steps"": 12, ""near_clear_distance"": 50.0, ""near_clear_radius"": 20.0, ""negative_regions"": ""disk"", ""opportunistic"": false, ""opportunistic_candidates"": 3, ""opportunistic_distance"": 650.0, ""probe_offset"": 0.25, ""radio_limit"": 12, ""route"": ""joint"", ""route_estimate"": 0.5, ""route_mode"": ""backbone"", ""scan_current_first"": true, ""search_first"": false, ""share"": true, ""share_ratio"": 0.7, ""source_bias"": 0.0, ""station_inner"": 990.0, ""station_layout"": ""8_16"", ""station_spec"": [8, 12, 995, 1864, 0], ""stop_when_found16"": true, ""trial_radius"": 40.0}",tuning/q4_crossbar_offset_0p02/q4/paper_q4_n13_s960025/metrics.json
tuning,q4_crossbar_offset_0p02,q4,paper_q4_n13_s960026,19e7f6df43aaec88bc08bc8005282d6159bb14c2c0a93f1f0ad65f8ce416ef48,960026,13,True,True,13,13,437.22476019002085,5683.921882470271,4186.921882470271,1205.0,227.0,65.0,241,227,13,5fcd43ae685a53fa84032756a5c020d3d6279e394351ec5150d82a670d65f91c,"{""angle_bin"": 4.0, ""conditional_range"": true, ""crossbar"": true, ""crossbar_after_dark"": false, ""crossbar_fraction"": 0.25, ""crossbar_offset"": 0.02, ""crossbar_reference"": ""latest"", ""cumulative_cap"": 2, ""cumulative_points"": 0.0, ""directional"": false, ""drop_sites"": false, ""exact_insert"": true, ""initial_reflection"": false, ""initial_rotation_span"": 1.5707963267948966, ""initial_rotation_steps"": 12, ""near_clear_distance"": 50.0, ""near_clear_radius"": 20.0, ""negative_regions"": ""disk"", ""opportunistic"": false, ""opportunistic_candidates"": 3, ""opportunistic_distance"": 650.0, ""probe_offset"": 0.25, ""radio_limit"": 12, ""route"": ""joint"", ""route_estimate"": 0.5, ""route_mode"": ""backbone"", ""scan_current_first"": true, ""search_first"": false, ""share"": true, ""share_ratio"": 0.7, ""source_bias"": 0.0, ""station_inner"": 990.0, ""station_layout"": ""8_16"", ""station_spec"": [8, 12, 995, 1864, 0], ""stop_when_found16"": true, ""trial_radius"": 40.0}",tuning/q4_crossbar_offset_0p02/q4/paper_q4_n13_s960026/metrics.json
tuning,q4_crossbar_offset_0p02,q4,paper_q4_n13_s960027,756b70651e40049d1d338ebf6d75146bf5b18e91b20fc88cbda4ac3767c4cc82,960027,13,True,True,13,13,452.94883762649255,5888.334889144403,4153.334889144402,1400.0,270.0,65.0,280,270,13,5fcd43ae685a53fa84032756a5c020d3d6279e394351ec5150d82a670d65f91c,"{""angle_bin"": 4.0, ""conditional_range"": true, ""crossbar"": true, ""crossbar_after_dark"": false, ""crossbar_fraction"": 0.25, ""crossbar_offset"": 0.02, ""crossbar_reference"": ""latest"", ""cumulative_cap"": 2, ""cumulative_points"": 0.0, ""directional"": false, ""drop_sites"": false, ""exact_insert"": true, ""initial_reflection"": false, ""initial_rotation_span"": 1.5707963267948966, ""initial_rotation_steps"": 12, ""near_clear_distance"": 50.0, ""near_clear_radius"": 20.0, ""negative_regions"": ""disk"", ""opportunistic"": false, ""opportunistic_candidates"": 3, ""opportunistic_distance"": 650.0, ""probe_offset"": 0.25, ""radio_limit"": 12, ""route"": ""joint"", ""route_estimate"": 0.5, ""route_mode"": ""backbone"", ""scan_current_first"": true, ""search_first"": false, ""share"": true, ""share_ratio"": 0.7, ""source_bias"": 0.0, ""station_inner"": 990.0, ""station_layout"": ""8_16"", ""station_spec"": [8, 12, 995, 1864, 0], ""stop_when_found16"": true, ""trial_radius"": 40.0}",tuning/q4_crossbar_offset_0p02/q4/paper_q4_n13_s960027/metrics.json
tuning,q4_crossbar_offset_0p02,q4,paper_q4_n13_s960028,1a8375084c77bfd6f73b66fc971c48f37e193de3159b414cf57cdfcce8648805,960028,13,True,True,13,13,489.3667861370322,6361.768219781418,4678.768219781418,1360.0,255.0,68.0,272,255,14,5fcd43ae685a53fa84032756a5c020d3d6279e394351ec5150d82a670d65f91c,"{""angle_bin"": 4.0, ""conditional_range"": true, ""crossbar"": true, ""crossbar_after_dark"": false, ""crossbar_fraction"": 0.25, ""crossbar_offset"": 0.02, ""crossbar_reference"": ""latest"", ""cumulative_cap"": 2, ""cumulative_points"": 0.0, ""directional"": false, ""drop_sites"": false, ""exact_insert"": true, ""initial_reflection"": false, ""initial_rotation_span"": 1.5707963267948966, ""initial_rotation_steps"": 12, ""near_clear_distance"": 50.0, ""near_clear_radius"": 20.0, ""negative_regions"": ""disk"", ""opportunistic"": false, ""opportunistic_candidates"": 3, ""opportunistic_distance"": 650.0, ""probe_offset"": 0.25, ""radio_limit"": 12, ""route"": ""joint"", ""route_estimate"": 0.5, ""route_mode"": ""backbone"", ""scan_current_first"": true, ""search_first"": false, ""share"": true, ""share_ratio"": 0.7, ""source_bias"": 0.0, ""station_inner"": 990.0, ""station_layout"": ""8_16"", ""station_spec"": [8, 12, 995, 1864, 0], ""stop_when_found16"": true, ""trial_radius"": 40.0}",tuning/q4_crossbar_offset_0p02/q4/paper_q4_n13_s960028/metrics.json
tuning,q4_crossbar_offset_0p02,q4,paper_q4_n13_s960029,81ccaaef05b84e491cdb48b3651a5a43514aefca15ac5eea9707b55ffb00cb64,960029,13,True,True,13,13,446.7226163953312,5807.394013139306,4324.394013139306,1190.0,222.0,71.0,238,222,15,5fcd43ae685a53fa84032756a5c020d3d6279e394351ec5150d82a670d65f91c,"{""angle_bin"": 4.0, ""conditional_range"": true, ""crossbar"": true, ""crossbar_after_dark"": false, ""crossbar_fraction"": 0.25, ""crossbar_offset"": 0.02, ""crossbar_reference"": ""latest"", ""cumulative_cap"": 2, ""cumulative_points"": 0.0, ""directional"": false, ""drop_sites"": false, ""exact_insert"": true, ""initial_reflection"": false, ""initial_rotation_span"": 1.5707963267948966, ""initial_rotation_steps"": 12, ""near_clear_distance"": 50.0, ""near_clear_radius"": 20.0, ""negative_regions"": ""disk"", ""opportunistic"": false, ""opportunistic_candidates"": 3, ""opportunistic_distance"": 650.0, ""probe_offset"": 0.25, ""radio_limit"": 12, ""route"": ""joint"", ""route_estimate"": 0.5, ""route_mode"": ""backbone"", ""scan_current_first"": true, ""search_first"": false, ""share"": true, ""share_ratio"": 0.7, ""source_bias"": 0.0, ""station_inner"": 990.0, ""station_layout"": ""8_16"", ""station_spec"": [8, 12, 995, 1864, 0], ""stop_when_found16"": true, ""trial_radius"": 40.0}",tuning/q4_crossbar_offset_0p02/q4/paper_q4_n13_s960029/metrics.json
tuning,q4_crossbar_offset_0p03,q4,paper_q4_n13_s960020,63689f503f60656191968a1974085cfc37ec3314975d21949ae247d5f62750db,960020,13,True,True,13,13,451.3924257895027,5868.101535263535,4379.101535263535,1195.0,223.0,71.0,239,223,15,afdc6cdd1944b0f85ad1535a00539758f1b47104261f720693ac0ead3d2f31ad,"{""angle_bin"": 4.0, ""conditional_range"": true, ""crossbar"": true, ""crossbar_after_dark"": false, ""crossbar_fraction"": 0.25, ""crossbar_offset"": 0.03, ""crossbar_reference"": ""latest"", ""cumulative_cap"": 2, ""cumulative_points"": 0.0, ""directional"": false, ""drop_sites"": false, ""exact_insert"": true, ""initial_reflection"": false, ""initial_rotation_span"": 1.5707963267948966, ""initial_rotation_steps"": 12, ""near_clear_distance"": 50.0, ""near_clear_radius"": 20.0, ""negative_regions"": ""disk"", ""opportunistic"": false, ""opportunistic_candidates"": 3, ""opportunistic_distance"": 650.0, ""probe_offset"": 0.25, ""radio_limit"": 12, ""route"": ""joint"", ""route_estimate"": 0.5, ""route_mode"": ""backbone"", ""scan_current_first"": true, ""search_first"": false, ""share"": true, ""share_ratio"": 0.7, ""source_bias"": 0.0, ""station_inner"": 990.0, ""station_layout"": ""8_16"", ""station_spec"": [8, 12, 995, 1864, 0], ""stop_when_found16"": true, ""trial_radius"": 40.0}",tuning/q4_crossbar_offset_0p03/q4/paper_q4_n13_s960020/metrics.json
tuning,q4_crossbar_offset_0p03,q4,paper_q4_n13_s960021,da59a83f230a989a4389b3d0fb147032b3e9c24625898e5586587c3b08effa45,960021,13,True,True,13,13,445.2232780176595,5787.902614229573,4180.902614229574,1295.0,241.0,71.0,259,241,15,afdc6cdd1944b0f85ad1535a00539758f1b47104261f720693ac0ead3d2f31ad,"{""angle_bin"": 4.0, ""conditional_range"": true, ""crossbar"": true, ""crossbar_after_dark"": false, ""crossbar_fraction"": 0.25, ""crossbar_offset"": 0.03, ""crossbar_reference"": ""latest"", ""cumulative_cap"": 2, ""cumulative_points"": 0.0, ""directional"": false, ""drop_sites"": false, ""exact_insert"": true, ""initial_reflection"": false, ""initial_rotation_span"": 1.5707963267948966, ""initial_rotation_steps"": 12, ""near_clear_distance"": 50.0, ""near_clear_radius"": 20.0, ""negative_regions"": ""disk"", ""opportunistic"": false, ""opportunistic_candidates"": 3, ""opportunistic_distance"": 650.0, ""probe_offset"": 0.25, ""radio_limit"": 12, ""route"": ""joint"", ""route_estimate"": 0.5, ""route_mode"": ""backbone"", ""scan_current_first"": true, ""search_first"": false, ""share"": true, ""share_ratio"": 0.7, ""source_bias"": 0.0, ""station_inner"": 990.0, ""station_layout"": ""8_16"", ""station_spec"": [8, 12, 995, 1864, 0], ""stop_when_found16"": true, ""trial_radius"": 40.0}",tuning/q4_crossbar_offset_0p03/q4/paper_q4_n13_s960021/metrics.json
tuning,q4_crossbar_offset_0p03,q4,paper_q4_n13_s960022,b856934f7fd2c17614f85c9714257e6a75eef79290085964bc8a2abb30328a79,960022,13,True,True,13,13,484.73261747490955,6301.524027173824,4893.524027173825,1130.0,207.0,71.0,226,207,15,afdc6cdd1944b0f85ad1535a00539758f1b47104261f720693ac0ead3d2f31ad,"{""angle_bin"": 4.0, ""conditional_range"": true, ""crossbar"": true, ""crossbar_after_dark"": false, ""crossbar_fraction"": 0.25, ""crossbar_offset"": 0.03, ""crossbar_reference"": ""latest"", ""cumulative_cap"": 2, ""cumulative_points"": 0.0, ""directional"": false, ""drop_sites"": false, ""exact_insert"": true, ""initial_reflection"": false, ""initial_rotation_span"": 1.5707963267948966, ""initial_rotation_steps"": 12, ""near_clear_distance"": 50.0, ""near_clear_radius"": 20.0, ""negative_regions"": ""disk"", ""opportunistic"": false, ""opportunistic_candidates"": 3, ""opportunistic_distance"": 650.0, ""probe_offset"": 0.25, ""radio_limit"": 12, ""route"": ""joint"", ""route_estimate"": 0.5, ""route_mode"": ""backbone"", ""scan_current_first"": true, ""search_first"": false, ""share"": true, ""share_ratio"": 0.7, ""source_bias"": 0.0, ""station_inner"": 990.0, ""station_layout"": ""8_16"", ""station_spec"": [8, 12, 995, 1864, 0], ""stop_when_found16"": true, ""trial_radius"": 40.0}",tuning/q4_crossbar_offset_0p03/q4/paper_q4_n13_s960022/metrics.json
tuning,q4_crossbar_offset_0p03,q4,paper_q4_n13_s960023,73dcfb7bd5b9d70f599b93be4845294fd3878c2ff63f0ce9a93c9196c65cf773,960023,13,True,True,13,13,458.39937100935,5959.1918231215495,4311.1918231215495,1325.0,252.0,71.0,265,252,15,afdc6cdd1944b0f85ad1535a00539758f1b47104261f720693ac0ead3d2f31ad,"{""angle_bin"": 4.0, ""conditional_range"": true, ""crossbar"": true, ""crossbar_after_dark"": false, ""crossbar_fraction"": 0.25, ""crossbar_offset"": 0.03, ""crossbar_reference"": ""latest"", ""cumulative_cap"": 2, ""cumulative_points"": 0.0, ""directional"": false, ""drop_sites"": false, ""exact_insert"": true, ""initial_reflection"": false, ""initial_rotation_span"": 1.5707963267948966, ""initial_rotation_steps"": 12, ""near_clear_distance"": 50.0, ""near_clear_radius"": 20.0, ""negative_regions"": ""disk"", ""opportunistic"": false, ""opportunistic_candidates"": 3, ""opportunistic_distance"": 650.0, ""probe_offset"": 0.25, ""radio_limit"": 12, ""route"": ""joint"", ""route_estimate"": 0.5, ""route_mode"": ""backbone"", ""scan_current_first"": true, ""search_first"": false, ""share"": true, ""share_ratio"": 0.7, ""source_bias"": 0.0, ""station_inner"": 990.0, ""station_layout"": ""8_16"", ""station_spec"": [8, 12, 995, 1864, 0], ""stop_when_found16"": true, ""trial_radius"": 40.0}",tuning/q4_crossbar_offset_0p03/q4/paper_q4_n13_s960023/metrics.json
tuning,q4_crossbar_offset_0p03,q4,paper_q4_n13_s960024,38a2c0e44559dbf6344acd79eef98e5c0c198e7550ecca11e2c300bdd343b50c,960024,13,True,True,13,13,493.9868513969856,6421.829068160813,4688.829068160815,1400.0,265.0,68.0,280,265,14,afdc6cdd1944b0f85ad1535a00539758f1b47104261f720693ac0ead3d2f31ad,"{""angle_bin"": 4.0, ""conditional_range"": true, ""crossbar"": true, ""crossbar_after_dark"": false, ""crossbar_fraction"": 0.25, ""crossbar_offset"": 0.03, ""crossbar_reference"": ""latest"", ""cumulative_cap"": 2, ""cumulative_points"": 0.0, ""directional"": false, ""drop_sites"": false, ""exact_insert"": true, ""initial_reflection"": false, ""initial_rotation_span"": 1.5707963267948966, ""initial_rotation_steps"": 12, ""near_clear_distance"": 50.0, ""near_clear_radius"": 20.0, ""negative_regions"": ""disk"", ""opportunistic"": false, ""opportunistic_candidates"": 3, ""opportunistic_distance"": 650.0, ""probe_offset"": 0.25, ""radio_limit"": 12, ""route"": ""joint"", ""route_estimate"": 0.5, ""route_mode"": ""backbone"", ""scan_current_first"": true, ""search_first"": false, ""share"": true, ""share_ratio"": 0.7, ""source_bias"": 0.0, ""station_inner"": 990.0, ""station_layout"": ""8_16"", ""station_spec"": [8, 12, 995, 1864, 0], ""stop_when_found16"": true, ""trial_radius"": 40.0}",tuning/q4_crossbar_offset_0p03/q4/paper_q4_n13_s960024/metrics.json
tuning,q4_crossbar_offset_0p03,q4,paper_q4_n13_s960025,048e108d65551ab0d815c96c01cd3d5d06ef334c8d1a23e14df43cce56f36833,960025,13,True,True,13,13,456.1463630135661,5929.902719176359,4364.902719176358,1265.0,235.0,65.0,253,235,13,afdc6cdd1944b0f85ad1535a00539758f1b47104261f720693ac0ead3d2f31ad,"{""angle_bin"": 4.0, ""conditional_range"": true, ""crossbar"": true, ""crossbar_after_dark"": false, ""crossbar_fraction"": 0.25, ""crossbar_offset"": 0.03, ""crossbar_reference"": ""latest"", ""cumulative_cap"": 2, ""cumulative_points"": 0.0, ""directional"": false, ""drop_sites"": false, ""exact_insert"": true, ""initial_reflection"": false, ""initial_rotation_span"": 1.5707963267948966, ""initial_rotation_steps"": 12, ""near_clear_distance"": 50.0, ""near_clear_radius"": 20.0, ""negative_regions"": ""disk"", ""opportunistic"": false, ""opportunistic_candidates"": 3, ""opportunistic_distance"": 650.0, ""probe_offset"": 0.25, ""radio_limit"": 12, ""route"": ""joint"", ""route_estimate"": 0.5, ""route_mode"": ""backbone"", ""scan_current_first"": true, ""search_first"": false, ""share"": true, ""share_ratio"": 0.7, ""source_bias"": 0.0, ""station_inner"": 990.0, ""station_layout"": ""8_16"", ""station_spec"": [8, 12, 995, 1864, 0], ""stop_when_found16"": true, ""trial_radius"": 40.0}",tuning/q4_crossbar_offset_0p03/q4/paper_q4_n13_s960025/metrics.json
tuning,q4_crossbar_offset_0p03,q4,paper_q4_n13_s960026,19e7f6df43aaec88bc08bc8005282d6159bb14c2c0a93f1f0ad65f8ce416ef48,960026,13,True,True,13,13,434.87165250736564,5653.331482595753,4161.331482595754,1200.0,227.0,65.0,240,227,13,afdc6cdd1944b0f85ad1535a00539758f1b47104261f720693ac0ead3d2f31ad,"{""angle_bin"": 4.0, ""conditional_range"": true, ""crossbar"": true, ""crossbar_after_dark"": false, ""crossbar_fraction"": 0.25, ""crossbar_offset"": 0.03, ""crossbar_reference"": ""latest"", ""cumulative_cap"": 2, ""cumulative_points"": 0.0, ""directional"": false, ""drop_sites"": false, ""exact_insert"": true, ""initial_reflection"": false, ""initial_rotation_span"": 1.5707963267948966, ""initial_rotation_steps"": 12, ""near_clear_distance"": 50.0, ""near_clear_radius"": 20.0, ""negative_regions"": ""disk"", ""opportunistic"": false, ""opportunistic_candidates"": 3, ""opportunistic_distance"": 650.0, ""probe_offset"": 0.25, ""radio_limit"": 12, ""route"": ""joint"", ""route_estimate"": 0.5, ""route_mode"": ""backbone"", ""scan_current_first"": true, ""search_first"": false, ""share"": true, ""share_ratio"": 0.7, ""source_bias"": 0.0, ""station_inner"": 990.0, ""station_layout"": ""8_16"", ""station_spec"": [8, 12, 995, 1864, 0], ""stop_when_found16"": true, ""trial_radius"": 40.0}",tuning/q4_crossbar_offset_0p03/q4/paper_q4_n13_s960026/metrics.json
tuning,q4_crossbar_offset_0p03,q4,paper_q4_n13_s960027,756b70651e40049d1d338ebf6d75146bf5b18e91b20fc88cbda4ac3767c4cc82,960027,13,True,True,13,13,451.6862255347893,5871.920931952261,4138.920931952258,1400.0,268.0,65.0,280,268,13,afdc6cdd1944b0f85ad1535a00539758f1b47104261f720693ac0ead3d2f31ad,"{""angle_bin"": 4.0, ""conditional_range"": true, ""crossbar"": true, ""crossbar_after_dark"": false, ""crossbar_fraction"": 0.25, ""crossbar_offset"": 0.03, ""crossbar_reference"": ""latest"", ""cumulative_cap"": 2, ""cumulative_points"": 0.0, ""directional"": false, ""drop_sites"": false, ""exact_insert"": true, ""initial_reflection"": false, ""initial_rotation_span"": 1.5707963267948966, ""initial_rotation_steps"": 12, ""near_clear_distance"": 50.0, ""near_clear_radius"": 20.0, ""negative_regions"": ""disk"", ""opportunistic"": false, ""opportunistic_candidates"": 3, ""opportunistic_distance"": 650.0, ""probe_offset"": 0.25, ""radio_limit"": 12, ""route"": ""joint"", ""route_estimate"": 0.5, ""route_mode"": ""backbone"", ""scan_current_first"": true, ""search_first"": false, ""share"": true, ""share_ratio"": 0.7, ""source_bias"": 0.0, ""station_inner"": 990.0, ""station_layout"": ""8_16"", ""station_spec"": [8, 12, 995, 1864, 0], ""stop_when_found16"": true, ""trial_radius"": 40.0}",tuning/q4_crossbar_offset_0p03/q4/paper_q4_n13_s960027/metrics.json
tuning,q4_crossbar_offset_0p03,q4,paper_q4_n13_s960028,1a8375084c77bfd6f73b66fc971c48f37e193de3159b414cf57cdfcce8648805,960028,13,True,True,13,13,491.8190320350196,6393.647416455255,4720.647416455256,1345.0,257.0,71.0,269,257,15,afdc6cdd1944b0f85ad1535a00539758f1b47104261f720693ac0ead3d2f31ad,"{""angle_bin"": 4.0, ""conditional_range"": true, ""crossbar"": true, ""crossbar_after_dark"": false, ""crossbar_fraction"": 0.25, ""crossbar_offset"": 0.03, ""crossbar_reference"": ""latest"", ""cumulative_cap"": 2, ""cumulative_points"": 0.0, ""directional"": false, ""drop_sites"": false, ""exact_insert"": true, ""initial_reflection"": false, ""initial_rotation_span"": 1.5707963267948966, ""initial_rotation_steps"": 12, ""near_clear_distance"": 50.0, ""near_clear_radius"": 20.0, ""negative_regions"": ""disk"", ""opportunistic"": false, ""opportunistic_candidates"": 3, ""opportunistic_distance"": 650.0, ""probe_offset"": 0.25, ""radio_limit"": 12, ""route"": ""joint"", ""route_estimate"": 0.5, ""route_mode"": ""backbone"", ""scan_current_first"": true, ""search_first"": false, ""share"": true, ""share_ratio"": 0.7, ""source_bias"": 0.0, ""station_inner"": 990.0, ""station_layout"": ""8_16"", ""station_spec"": [8, 12, 995, 1864, 0], ""stop_when_found16"": true, ""trial_radius"": 40.0}",tuning/q4_crossbar_offset_0p03/q4/paper_q4_n13_s960028/metrics.json
tuning,q4_crossbar_offset_0p03,q4,paper_q4_n13_s960029,81ccaaef05b84e491cdb48b3651a5a43514aefca15ac5eea9707b55ffb00cb64,960029,13,True,True,13,13,444.9157388525545,5783.9046050832085,4311.9046050832085,1175.0,223.0,74.0,235,223,16,afdc6cdd1944b0f85ad1535a00539758f1b47104261f720693ac0ead3d2f31ad,"{""angle_bin"": 4.0, ""conditional_range"": true, ""crossbar"": true, ""crossbar_after_dark"": false, ""crossbar_fraction"": 0.25, ""crossbar_offset"": 0.03, ""crossbar_reference"": ""latest"", ""cumulative_cap"": 2, ""cumulative_points"": 0.0, ""directional"": false, ""drop_sites"": false, ""exact_insert"": true, ""initial_reflection"": false, ""initial_rotation_span"": 1.5707963267948966, ""initial_rotation_steps"": 12, ""near_clear_distance"": 50.0, ""near_clear_radius"": 20.0, ""negative_regions"": ""disk"", ""opportunistic"": false, ""opportunistic_candidates"": 3, ""opportunistic_distance"": 650.0, ""probe_offset"": 0.25, ""radio_limit"": 12, ""route"": ""joint"", ""route_estimate"": 0.5, ""route_mode"": ""backbone"", ""scan_current_first"": true, ""search_first"": false, ""share"": true, ""share_ratio"": 0.7, ""source_bias"": 0.0, ""station_inner"": 990.0, ""station_layout"": ""8_16"", ""station_spec"": [8, 12, 995, 1864, 0], ""stop_when_found16"": true, ""trial_radius"": 40.0}",tuning/q4_crossbar_offset_0p03/q4/paper_q4_n13_s960029/metrics.json
tuning,q4_crossbar_offset_0p05,q4,paper_q4_n13_s960020,63689f503f60656191968a1974085cfc37ec3314975d21949ae247d5f62750db,960020,13,True,True,13,13,443.77643810473506,5769.093695361556,4304.093695361556,1175.0,222.0,68.0,235,222,14,f12605535dbd95ad10328efa32edda664dc96252e76211ff2e929c0dcbd4fe2d,"{""angle_bin"": 4.0, ""conditional_range"": true, ""crossbar"": true, ""crossbar_after_dark"": false, ""crossbar_fraction"": 0.25, ""crossbar_offset"": 0.05, ""crossbar_reference"": ""latest"", ""cumulative_cap"": 2, ""cumulative_points"": 0.0, ""directional"": false, ""drop_sites"": false, ""exact_insert"": true, ""initial_reflection"": false, ""initial_rotation_span"": 1.5707963267948966, ""initial_rotation_steps"": 12, ""near_clear_distance"": 50.0, ""near_clear_radius"": 20.0, ""negative_regions"": ""disk"", ""opportunistic"": false, ""opportunistic_candidates"": 3, ""opportunistic_distance"": 650.0, ""probe_offset"": 0.25, ""radio_limit"": 12, ""route"": ""joint"", ""route_estimate"": 0.5, ""route_mode"": ""backbone"", ""scan_current_first"": true, ""search_first"": false, ""share"": true, ""share_ratio"": 0.7, ""source_bias"": 0.0, ""station_inner"": 990.0, ""station_layout"": ""8_16"", ""station_spec"": [8, 12, 995, 1864, 0], ""stop_when_found16"": true, ""trial_radius"": 40.0}",tuning/q4_crossbar_offset_0p05/q4/paper_q4_n13_s960020/metrics.json
tuning,q4_crossbar_offset_0p05,q4,paper_q4_n13_s960021,da59a83f230a989a4389b3d0fb147032b3e9c24625898e5586587c3b08effa45,960021,13,True,True,13,13,443.7807269145448,5769.1494498890825,4186.1494498890825,1275.0,237.0,71.0,255,237,15,f12605535dbd95ad10328efa32edda664dc96252e76211ff2e929c0dcbd4fe2d,"{""angle_bin"": 4.0, ""conditional_range"": true, ""crossbar"": true, ""crossbar_after_dark"": false, ""crossbar_fraction"": 0.25, ""crossbar_offset"": 0.05, ""crossbar_reference"": ""latest"", ""cumulative_cap"": 2, ""cumulative_points"": 0.0, ""directional"": false, ""drop_sites"": false, ""exact_insert"": true, ""initial_reflection"": false, ""initial_rotation_span"": 1.5707963267948966, ""initial_rotation_steps"": 12, ""near_clear_distance"": 50.0, ""near_clear_radius"": 20.0, ""negative_regions"": ""disk"", ""opportunistic"": false, ""opportunistic_candidates"": 3, ""opportunistic_distance"": 650.0, ""probe_offset"": 0.25, ""radio_limit"": 12, ""route"": ""joint"", ""route_estimate"": 0.5, ""route_mode"": ""backbone"", ""scan_current_first"": true, ""search_first"": false, ""share"": true, ""share_ratio"": 0.7, ""source_bias"": 0.0, ""station_inner"": 990.0, ""station_layout"": ""8_16"", ""station_spec"": [8, 12, 995, 1864, 0], ""stop_when_found16"": true, ""trial_radius"": 40.0}",tuning/q4_crossbar_offset_0p05/q4/paper_q4_n13_s960021/metrics.json
tuning,q4_crossbar_offset_0p05,q4,paper_q4_n13_s960022,b856934f7fd2c17614f85c9714257e6a75eef79290085964bc8a2abb30328a79,960022,13,True,True,13,13,485.31827069665036,6309.137519056455,4888.137519056458,1145.0,208.0,68.0,229,208,14,f12605535dbd95ad10328efa32edda664dc96252e76211ff2e929c0dcbd4fe2d,"{""angle_bin"": 4.0, ""conditional_range"": true, ""crossbar"": true, ""crossbar_after_dark"": false, ""crossbar_fraction"": 0.25, ""crossbar_offset"": 0.05, ""crossbar_reference"": ""latest"", ""cumulative_cap"": 2, ""cumulative_points"": 0.0, ""directional"": false, ""drop_sites"": false, ""exact_insert"": true, ""initial_reflection"": false, ""initial_rotation_span"": 1.5707963267948966, ""initial_rotation_steps"": 12, ""near_clear_distance"": 50.0, ""near_clear_radius"": 20.0, ""negative_regions"": ""disk"", ""opportunistic"": false, ""opportunistic_candidates"": 3, ""opportunistic_distance"": 650.0, ""probe_offset"": 0.25, ""radio_limit"": 12, ""route"": ""joint"", ""route_estimate"": 0.5, ""route_mode"": ""backbone"", ""scan_current_first"": true, ""search_first"": false, ""share"": true, ""share_ratio"": 0.7, ""source_bias"": 0.0, ""station_inner"": 990.0, ""station_layout"": ""8_16"", ""station_spec"": [8, 12, 995, 1864, 0], ""stop_when_found16"": true, ""trial_radius"": 40.0}",tuning/q4_crossbar_offset_0p05/q4/paper_q4_n13_s960022/metrics.json
tuning,q4_crossbar_offset_0p05,q4,paper_q4_n13_s960023,73dcfb7bd5b9d70f599b93be4845294fd3878c2ff63f0ce9a93c9196c65cf773,960023,13,True,True,13,13,457.92434442915624,5953.016477579031,4314.016477579033,1320.0,251.0,68.0,264,251,14,f12605535dbd95ad10328efa32edda664dc96252e76211ff2e929c0dcbd4fe2d,"{""angle_bin"": 4.0, ""conditional_range"": true, ""crossbar"": true, ""crossbar_after_dark"": false, ""crossbar_fraction"": 0.25, ""crossbar_offset"": 0.05, ""crossbar_reference"": ""latest"", ""cumulative_cap"": 2, ""cumulative_points"": 0.0, ""directional"": false, ""drop_sites"": false, ""exact_insert"": true, ""initial_reflection"": false, ""initial_rotation_span"": 1.5707963267948966, ""initial_rotation_steps"": 12, ""near_clear_distance"": 50.0, ""near_clear_radius"": 20.0, ""negative_regions"": ""disk"", ""opportunistic"": false, ""opportunistic_candidates"": 3, ""opportunistic_distance"": 650.0, ""probe_offset"": 0.25, ""radio_limit"": 12, ""route"": ""joint"", ""route_estimate"": 0.5, ""route_mode"": ""backbone"", ""scan_current_first"": true, ""search_first"": false, ""share"": true, ""share_ratio"": 0.7, ""source_bias"": 0.0, ""station_inner"": 990.0, ""station_layout"": ""8_16"", ""station_spec"": [8, 12, 995, 1864, 0], ""stop_when_found16"": true, ""trial_radius"": 40.0}",tuning/q4_crossbar_offset_0p05/q4/paper_q4_n13_s960023/metrics.json
tuning,q4_crossbar_offset_0p05,q4,paper_q4_n13_s960024,38a2c0e44559dbf6344acd79eef98e5c0c198e7550ecca11e2c300bdd343b50c,960024,13,True,True,13,13,481.2897439183611,6256.766670938695,4534.766670938695,1390.0,267.0,65.0,278,267,13,f12605535dbd95ad10328efa32edda664dc96252e76211ff2e929c0dcbd4fe2d,"{""angle_bin"": 4.0, ""conditional_range"": true, ""crossbar"": true, ""crossbar_after_dark"": false, ""crossbar_fraction"": 0.25, ""crossbar_offset"": 0.05, ""crossbar_reference"": ""latest"", ""cumulative_cap"": 2, ""cumulative_points"": 0.0, ""directional"": false, ""drop_sites"": false, ""exact_insert"": true, ""initial_reflection"": false, ""initial_rotation_span"": 1.5707963267948966, ""initial_rotation_steps"": 12, ""near_clear_distance"": 50.0, ""near_clear_radius"": 20.0, ""negative_regions"": ""disk"", ""opportunistic"": false, ""opportunistic_candidates"": 3, ""opportunistic_distance"": 650.0, ""probe_offset"": 0.25, ""radio_limit"": 12, ""route"": ""joint"", ""route_estimate"": 0.5, ""route_mode"": ""backbone"", ""scan_current_first"": true, ""search_first"": false, ""share"": true, ""share_ratio"": 0.7, ""source_bias"": 0.0, ""station_inner"": 990.0, ""station_layout"": ""8_16"", ""station_spec"": [8, 12, 995, 1864, 0], ""stop_when_found16"": true, ""trial_radius"": 40.0}",tuning/q4_crossbar_offset_0p05/q4/paper_q4_n13_s960024/metrics.json
tuning,q4_crossbar_offset_0p05,q4,paper_q4_n13_s960025,048e108d65551ab0d815c96c01cd3d5d06ef334c8d1a23e14df43cce56f36833,960025,13,True,True,13,13,456.28792373896795,5931.743008606583,4371.743008606582,1260.0,235.0,65.0,252,235,13,f12605535dbd95ad10328efa32edda664dc96252e76211ff2e929c0dcbd4fe2d,"{""angle_bin"": 4.0, ""conditional_range"": true, ""crossbar"": true, ""crossbar_after_dark"": false, ""crossbar_fraction"": 0.25, ""crossbar_offset"": 0.05, ""crossbar_reference"": ""latest"", ""cumulative_cap"": 2, ""cumulative_points"": 0.0, ""directional"": false, ""drop_sites"": false, ""exact_insert"": true, ""initial_reflection"": false, ""initial_rotation_span"": 1.5707963267948966, ""initial_rotation_steps"": 12, ""near_clear_distance"": 50.0, ""near_clear_radius"": 20.0, ""negative_regions"": ""disk"", ""opportunistic"": false, ""opportunistic_candidates"": 3, ""opportunistic_distance"": 650.0, ""probe_offset"": 0.25, ""radio_limit"": 12, ""route"": ""joint"", ""route_estimate"": 0.5, ""route_mode"": ""backbone"", ""scan_current_first"": true, ""search_first"": false, ""share"": true, ""share_ratio"": 0.7, ""source_bias"": 0.0, ""station_inner"": 990.0, ""station_layout"": ""8_16"", ""station_spec"": [8, 12, 995, 1864, 0], ""stop_when_found16"": true, ""trial_radius"": 40.0}",tuning/q4_crossbar_offset_0p05/q4/paper_q4_n13_s960025/metrics.json
tuning,q4_crossbar_offset_0p05,q4,paper_q4_n13_s960026,19e7f6df43aaec88bc08bc8005282d6159bb14c2c0a93f1f0ad65f8ce416ef48,960026,13,True,True,13,13,434.1256058177306,5643.632875630498,4144.632875630498,1205.0,229.0,65.0,241,229,13,f12605535dbd95ad10328efa32edda664dc96252e76211ff2e929c0dcbd4fe2d,"{""angle_bin"": 4.0, ""conditional_range"": true, ""crossbar"": true, ""crossbar_after_dark"": false, ""crossbar_fraction"": 0.25, ""crossbar_offset"": 0.05, ""crossbar_reference"": ""latest"", ""cumulative_cap"": 2, ""cumulative_points"": 0.0, ""directional"": false, ""drop_sites"": false, ""exact_insert"": true, ""initial_reflection"": false, ""initial_rotation_span"": 1.5707963267948966, ""initial_rotation_steps"": 12, ""near_clear_distance"": 50.0, ""near_clear_radius"": 20.0, ""negative_regions"": ""disk"", ""opportunistic"": false, ""opportunistic_candidates"": 3, ""opportunistic_distance"": 650.0, ""probe_offset"": 0.25, ""radio_limit"": 12, ""route"": ""joint"", ""route_estimate"": 0.5, ""route_mode"": ""backbone"", ""scan_current_first"": true, ""search_first"": false, ""share"": true, ""share_ratio"": 0.7, ""source_bias"": 0.0, ""station_inner"": 990.0, ""station_layout"": ""8_16"", ""station_spec"": [8, 12, 995, 1864, 0], ""stop_when_found16"": true, ""trial_radius"": 40.0}",tuning/q4_crossbar_offset_0p05/q4/paper_q4_n13_s960026/metrics.json
tuning,q4_crossbar_offset_0p05,q4,paper_q4_n13_s960027,756b70651e40049d1d338ebf6d75146bf5b18e91b20fc88cbda4ac3767c4cc82,960027,13,True,True,13,13,452.0454443867651,5876.590777027946,4143.5907770279455,1400.0,268.0,65.0,280,268,13,f12605535dbd95ad10328efa32edda664dc96252e76211ff2e929c0dcbd4fe2d,"{""angle_bin"": 4.0, ""conditional_range"": true, ""crossbar"": true, ""crossbar_after_dark"": false, ""crossbar_fraction"": 0.25, ""crossbar_offset"": 0.05, ""crossbar_reference"": ""latest"", ""cumulative_cap"": 2, ""cumulative_points"": 0.0, ""directional"": false, ""drop_sites"": false, ""exact_insert"": true, ""initial_reflection"": false, ""initial_rotation_span"": 1.5707963267948966, ""initial_rotation_steps"": 12, ""near_clear_distance"": 50.0, ""near_clear_radius"": 20.0, ""negative_regions"": ""disk"", ""opportunistic"": false, ""opportunistic_candidates"": 3, ""opportunistic_distance"": 650.0, ""probe_offset"": 0.25, ""radio_limit"": 12, ""route"": ""joint"", ""route_estimate"": 0.5, ""route_mode"": ""backbone"", ""scan_current_first"": true, ""search_first"": false, ""share"": true, ""share_ratio"": 0.7, ""source_bias"": 0.0, ""station_inner"": 990.0, ""station_layout"": ""8_16"", ""station_spec"": [8, 12, 995, 1864, 0], ""stop_when_found16"": true, ""trial_radius"": 40.0}",tuning/q4_crossbar_offset_0p05/q4/paper_q4_n13_s960027/metrics.json
tuning,q4_crossbar_offset_0p05,q4,paper_q4_n13_s960028,1a8375084c77bfd6f73b66fc971c48f37e193de3159b414cf57cdfcce8648805,960028,13,True,True,13,13,492.07551831542264,6396.981738100494,4726.981738100494,1350.0,255.0,65.0,270,255,13,f12605535dbd95ad10328efa32edda664dc96252e76211ff2e929c0dcbd4fe2d,"{""angle_bin"": 4.0, ""conditional_range"": true, ""crossbar"": true, ""crossbar_after_dark"": false, ""crossbar_fraction"": 0.25, ""crossbar_offset"": 0.05, ""crossbar_reference"": ""latest"", ""cumulative_cap"": 2, ""cumulative_points"": 0.0, ""directional"": false, ""drop_sites"": false, ""exact_insert"": true, ""initial_reflection"": false, ""initial_rotation_span"": 1.5707963267948966, ""initial_rotation_steps"": 12, ""near_clear_distance"": 50.0, ""near_clear_radius"": 20.0, ""negative_regions"": ""disk"", ""opportunistic"": false, ""opportunistic_candidates"": 3, ""opportunistic_distance"": 650.0, ""probe_offset"": 0.25, ""radio_limit"": 12, ""route"": ""joint"", ""route_estimate"": 0.5, ""route_mode"": ""backbone"", ""scan_current_first"": true, ""search_first"": false, ""share"": true, ""share_ratio"": 0.7, ""source_bias"": 0.0, ""station_inner"": 990.0, ""station_layout"": ""8_16"", ""station_spec"": [8, 12, 995, 1864, 0], ""stop_when_found16"": true, ""trial_radius"": 40.0}",tuning/q4_crossbar_offset_0p05/q4/paper_q4_n13_s960028/metrics.json
tuning,q4_crossbar_offset_0p05,q4,paper_q4_n13_s960029,81ccaaef05b84e491cdb48b3651a5a43514aefca15ac5eea9707b55ffb00cb64,960029,13,True,True,13,13,444.2263750217011,5774.942875282114,4311.942875282113,1170.0,222.0,71.0,234,222,15,f12605535dbd95ad10328efa32edda664dc96252e76211ff2e929c0dcbd4fe2d,"{""angle_bin"": 4.0, ""conditional_range"": true, ""crossbar"": true, ""crossbar_after_dark"": false, ""crossbar_fraction"": 0.25, ""crossbar_offset"": 0.05, ""crossbar_reference"": ""latest"", ""cumulative_cap"": 2, ""cumulative_points"": 0.0, ""directional"": false, ""drop_sites"": false, ""exact_insert"": true, ""initial_reflection"": false, ""initial_rotation_span"": 1.5707963267948966, ""initial_rotation_steps"": 12, ""near_clear_distance"": 50.0, ""near_clear_radius"": 20.0, ""negative_regions"": ""disk"", ""opportunistic"": false, ""opportunistic_candidates"": 3, ""opportunistic_distance"": 650.0, ""probe_offset"": 0.25, ""radio_limit"": 12, ""route"": ""joint"", ""route_estimate"": 0.5, ""route_mode"": ""backbone"", ""scan_current_first"": true, ""search_first"": false, ""share"": true, ""share_ratio"": 0.7, ""source_bias"": 0.0, ""station_inner"": 990.0, ""station_layout"": ""8_16"", ""station_spec"": [8, 12, 995, 1864, 0], ""stop_when_found16"": true, ""trial_radius"": 40.0}",tuning/q4_crossbar_offset_0p05/q4/paper_q4_n13_s960029/metrics.json
tuning,q4_initial_rotation_steps_12,q4,paper_q4_n13_s960020,63689f503f60656191968a1974085cfc37ec3314975d21949ae247d5f62750db,960020,13,True,True,13,13,451.3924257895027,5868.101535263535,4379.101535263535,1195.0,223.0,71.0,239,223,15,afdc6cdd1944b0f85ad1535a00539758f1b47104261f720693ac0ead3d2f31ad,"{""angle_bin"": 4.0, ""conditional_range"": true, ""crossbar"": true, ""crossbar_after_dark"": false, ""crossbar_fraction"": 0.25, ""crossbar_offset"": 0.03, ""crossbar_reference"": ""latest"", ""cumulative_cap"": 2, ""cumulative_points"": 0.0, ""directional"": false, ""drop_sites"": false, ""exact_insert"": true, ""initial_reflection"": false, ""initial_rotation_span"": 1.5707963267948966, ""initial_rotation_steps"": 12, ""near_clear_distance"": 50.0, ""near_clear_radius"": 20.0, ""negative_regions"": ""disk"", ""opportunistic"": false, ""opportunistic_candidates"": 3, ""opportunistic_distance"": 650.0, ""probe_offset"": 0.25, ""radio_limit"": 12, ""route"": ""joint"", ""route_estimate"": 0.5, ""route_mode"": ""backbone"", ""scan_current_first"": true, ""search_first"": false, ""share"": true, ""share_ratio"": 0.7, ""source_bias"": 0.0, ""station_inner"": 990.0, ""station_layout"": ""8_16"", ""station_spec"": [8, 12, 995, 1864, 0], ""stop_when_found16"": true, ""trial_radius"": 40.0}",tuning/q4_initial_rotation_steps_12/q4/paper_q4_n13_s960020/metrics.json
tuning,q4_initial_rotation_steps_12,q4,paper_q4_n13_s960021,da59a83f230a989a4389b3d0fb147032b3e9c24625898e5586587c3b08effa45,960021,13,True,True,13,13,445.2232780176595,5787.902614229573,4180.902614229574,1295.0,241.0,71.0,259,241,15,afdc6cdd1944b0f85ad1535a00539758f1b47104261f720693ac0ead3d2f31ad,"{""angle_bin"": 4.0, ""conditional_range"": true, ""crossbar"": true, ""crossbar_after_dark"": false, ""crossbar_fraction"": 0.25, ""crossbar_offset"": 0.03, ""crossbar_reference"": ""latest"", ""cumulative_cap"": 2, ""cumulative_points"": 0.0, ""directional"": false, ""drop_sites"": false, ""exact_insert"": true, ""initial_reflection"": false, ""initial_rotation_span"": 1.5707963267948966, ""initial_rotation_steps"": 12, ""near_clear_distance"": 50.0, ""near_clear_radius"": 20.0, ""negative_regions"": ""disk"", ""opportunistic"": false, ""opportunistic_candidates"": 3, ""opportunistic_distance"": 650.0, ""probe_offset"": 0.25, ""radio_limit"": 12, ""route"": ""joint"", ""route_estimate"": 0.5, ""route_mode"": ""backbone"", ""scan_current_first"": true, ""search_first"": false, ""share"": true, ""share_ratio"": 0.7, ""source_bias"": 0.0, ""station_inner"": 990.0, ""station_layout"": ""8_16"", ""station_spec"": [8, 12, 995, 1864, 0], ""stop_when_found16"": true, ""trial_radius"": 40.0}",tuning/q4_initial_rotation_steps_12/q4/paper_q4_n13_s960021/metrics.json
tuning,q4_initial_rotation_steps_12,q4,paper_q4_n13_s960022,b856934f7fd2c17614f85c9714257e6a75eef79290085964bc8a2abb30328a79,960022,13,True,True,13,13,484.73261747490955,6301.524027173824,4893.524027173825,1130.0,207.0,71.0,226,207,15,afdc6cdd1944b0f85ad1535a00539758f1b47104261f720693ac0ead3d2f31ad,"{""angle_bin"": 4.0, ""conditional_range"": true, ""crossbar"": true, ""crossbar_after_dark"": false, ""crossbar_fraction"": 0.25, ""crossbar_offset"": 0.03, ""crossbar_reference"": ""latest"", ""cumulative_cap"": 2, ""cumulative_points"": 0.0, ""directional"": false, ""drop_sites"": false, ""exact_insert"": true, ""initial_reflection"": false, ""initial_rotation_span"": 1.5707963267948966, ""initial_rotation_steps"": 12, ""near_clear_distance"": 50.0, ""near_clear_radius"": 20.0, ""negative_regions"": ""disk"", ""opportunistic"": false, ""opportunistic_candidates"": 3, ""opportunistic_distance"": 650.0, ""probe_offset"": 0.25, ""radio_limit"": 12, ""route"": ""joint"", ""route_estimate"": 0.5, ""route_mode"": ""backbone"", ""scan_current_first"": true, ""search_first"": false, ""share"": true, ""share_ratio"": 0.7, ""source_bias"": 0.0, ""station_inner"": 990.0, ""station_layout"": ""8_16"", ""station_spec"": [8, 12, 995, 1864, 0], ""stop_when_found16"": true, ""trial_radius"": 40.0}",tuning/q4_initial_rotation_steps_12/q4/paper_q4_n13_s960022/metrics.json
tuning,q4_initial_rotation_steps_12,q4,paper_q4_n13_s960023,73dcfb7bd5b9d70f599b93be4845294fd3878c2ff63f0ce9a93c9196c65cf773,960023,13,True,True,13,13,458.39937100935,5959.1918231215495,4311.1918231215495,1325.0,252.0,71.0,265,252,15,afdc6cdd1944b0f85ad1535a00539758f1b47104261f720693ac0ead3d2f31ad,"{""angle_bin"": 4.0, ""conditional_range"": true, ""crossbar"": true, ""crossbar_after_dark"": false, ""crossbar_fraction"": 0.25, ""crossbar_offset"": 0.03, ""crossbar_reference"": ""latest"", ""cumulative_cap"": 2, ""cumulative_points"": 0.0, ""directional"": false, ""drop_sites"": false, ""exact_insert"": true, ""initial_reflection"": false, ""initial_rotation_span"": 1.5707963267948966, ""initial_rotation_steps"": 12, ""near_clear_distance"": 50.0, ""near_clear_radius"": 20.0, ""negative_regions"": ""disk"", ""opportunistic"": false, ""opportunistic_candidates"": 3, ""opportunistic_distance"": 650.0, ""probe_offset"": 0.25, ""radio_limit"": 12, ""route"": ""joint"", ""route_estimate"": 0.5, ""route_mode"": ""backbone"", ""scan_current_first"": true, ""search_first"": false, ""share"": true, ""share_ratio"": 0.7, ""source_bias"": 0.0, ""station_inner"": 990.0, ""station_layout"": ""8_16"", ""station_spec"": [8, 12, 995, 1864, 0], ""stop_when_found16"": true, ""trial_radius"": 40.0}",tuning/q4_initial_rotation_steps_12/q4/paper_q4_n13_s960023/metrics.json
tuning,q4_initial_rotation_steps_12,q4,paper_q4_n13_s960024,38a2c0e44559dbf6344acd79eef98e5c0c198e7550ecca11e2c300bdd343b50c,960024,13,True,True,13,13,493.9868513969856,6421.829068160813,4688.829068160815,1400.0,265.0,68.0,280,265,14,afdc6cdd1944b0f85ad1535a00539758f1b47104261f720693ac0ead3d2f31ad,"{""angle_bin"": 4.0, ""conditional_range"": true, ""crossbar"": true, ""crossbar_after_dark"": false, ""crossbar_fraction"": 0.25, ""crossbar_offset"": 0.03, ""crossbar_reference"": ""latest"", ""cumulative_cap"": 2, ""cumulative_points"": 0.0, ""directional"": false, ""drop_sites"": false, ""exact_insert"": true, ""initial_reflection"": false, ""initial_rotation_span"": 1.5707963267948966, ""initial_rotation_steps"": 12, ""near_clear_distance"": 50.0, ""near_clear_radius"": 20.0, ""negative_regions"": ""disk"", ""opportunistic"": false, ""opportunistic_candidates"": 3, ""opportunistic_distance"": 650.0, ""probe_offset"": 0.25, ""radio_limit"": 12, ""route"": ""joint"", ""route_estimate"": 0.5, ""route_mode"": ""backbone"", ""scan_current_first"": true, ""search_first"": false, ""share"": true, ""share_ratio"": 0.7, ""source_bias"": 0.0, ""station_inner"": 990.0, ""station_layout"": ""8_16"", ""station_spec"": [8, 12, 995, 1864, 0], ""stop_when_found16"": true, ""trial_radius"": 40.0}",tuning/q4_initial_rotation_steps_12/q4/paper_q4_n13_s960024/metrics.json
tuning,q4_initial_rotation_steps_12,q4,paper_q4_n13_s960025,048e108d65551ab0d815c96c01cd3d5d06ef334c8d1a23e14df43cce56f36833,960025,13,True,True,13,13,456.1463630135661,5929.902719176359,4364.902719176358,1265.0,235.0,65.0,253,235,13,afdc6cdd1944b0f85ad1535a00539758f1b47104261f720693ac0ead3d2f31ad,"{""angle_bin"": 4.0, ""conditional_range"": true, ""crossbar"": true, ""crossbar_after_dark"": false, ""crossbar_fraction"": 0.25, ""crossbar_offset"": 0.03, ""crossbar_reference"": ""latest"", ""cumulative_cap"": 2, ""cumulative_points"": 0.0, ""directional"": false, ""drop_sites"": false, ""exact_insert"": true, ""initial_reflection"": false, ""initial_rotation_span"": 1.5707963267948966, ""initial_rotation_steps"": 12, ""near_clear_distance"": 50.0, ""near_clear_radius"": 20.0, ""negative_regions"": ""disk"", ""opportunistic"": false, ""opportunistic_candidates"": 3, ""opportunistic_distance"": 650.0, ""probe_offset"": 0.25, ""radio_limit"": 12, ""route"": ""joint"", ""route_estimate"": 0.5, ""route_mode"": ""backbone"", ""scan_current_first"": true, ""search_first"": false, ""share"": true, ""share_ratio"": 0.7, ""source_bias"": 0.0, ""station_inner"": 990.0, ""station_layout"": ""8_16"", ""station_spec"": [8, 12, 995, 1864, 0], ""stop_when_found16"": true, ""trial_radius"": 40.0}",tuning/q4_initial_rotation_steps_12/q4/paper_q4_n13_s960025/metrics.json
tuning,q4_initial_rotation_steps_12,q4,paper_q4_n13_s960026,19e7f6df43aaec88bc08bc8005282d6159bb14c2c0a93f1f0ad65f8ce416ef48,960026,13,True,True,13,13,434.87165250736564,5653.331482595753,4161.331482595754,1200.0,227.0,65.0,240,227,13,afdc6cdd1944b0f85ad1535a00539758f1b47104261f720693ac0ead3d2f31ad,"{""angle_bin"": 4.0, ""conditional_range"": true, ""crossbar"": true, ""crossbar_after_dark"": false, ""crossbar_fraction"": 0.25, ""crossbar_offset"": 0.03, ""crossbar_reference"": ""latest"", ""cumulative_cap"": 2, ""cumulative_points"": 0.0, ""directional"": false, ""drop_sites"": false, ""exact_insert"": true, ""initial_reflection"": false, ""initial_rotation_span"": 1.5707963267948966, ""initial_rotation_steps"": 12, ""near_clear_distance"": 50.0, ""near_clear_radius"": 20.0, ""negative_regions"": ""disk"", ""opportunistic"": false, ""opportunistic_candidates"": 3, ""opportunistic_distance"": 650.0, ""probe_offset"": 0.25, ""radio_limit"": 12, ""route"": ""joint"", ""route_estimate"": 0.5, ""route_mode"": ""backbone"", ""scan_current_first"": true, ""search_first"": false, ""share"": true, ""share_ratio"": 0.7, ""source_bias"": 0.0, ""station_inner"": 990.0, ""station_layout"": ""8_16"", ""station_spec"": [8, 12, 995, 1864, 0], ""stop_when_found16"": true, ""trial_radius"": 40.0}",tuning/q4_initial_rotation_steps_12/q4/paper_q4_n13_s960026/metrics.json
tuning,q4_initial_rotation_steps_12,q4,paper_q4_n13_s960027,756b70651e40049d1d338ebf6d75146bf5b18e91b20fc88cbda4ac3767c4cc82,960027,13,True,True,13,13,451.6862255347893,5871.920931952261,4138.920931952258,1400.0,268.0,65.0,280,268,13,afdc6cdd1944b0f85ad1535a00539758f1b47104261f720693ac0ead3d2f31ad,"{""angle_bin"": 4.0, ""conditional_range"": true, ""crossbar"": true, ""crossbar_after_dark"": false, ""crossbar_fraction"": 0.25, ""crossbar_offset"": 0.03, ""crossbar_reference"": ""latest"", ""cumulative_cap"": 2, ""cumulative_points"": 0.0, ""directional"": false, ""drop_sites"": false, ""exact_insert"": true, ""initial_reflection"": false, ""initial_rotation_span"": 1.5707963267948966, ""initial_rotation_steps"": 12, ""near_clear_distance"": 50.0, ""near_clear_radius"": 20.0, ""negative_regions"": ""disk"", ""opportunistic"": false, ""opportunistic_candidates"": 3, ""opportunistic_distance"": 650.0, ""probe_offset"": 0.25, ""radio_limit"": 12, ""route"": ""joint"", ""route_estimate"": 0.5, ""route_mode"": ""backbone"", ""scan_current_first"": true, ""search_first"": false, ""share"": true, ""share_ratio"": 0.7, ""source_bias"": 0.0, ""station_inner"": 990.0, ""station_layout"": ""8_16"", ""station_spec"": [8, 12, 995, 1864, 0], ""stop_when_found16"": true, ""trial_radius"": 40.0}",tuning/q4_initial_rotation_steps_12/q4/paper_q4_n13_s960027/metrics.json
tuning,q4_initial_rotation_steps_12,q4,paper_q4_n13_s960028,1a8375084c77bfd6f73b66fc971c48f37e193de3159b414cf57cdfcce8648805,960028,13,True,True,13,13,491.8190320350196,6393.647416455255,4720.647416455256,1345.0,257.0,71.0,269,257,15,afdc6cdd1944b0f85ad1535a00539758f1b47104261f720693ac0ead3d2f31ad,"{""angle_bin"": 4.0, ""conditional_range"": true, ""crossbar"": true, ""crossbar_after_dark"": false, ""crossbar_fraction"": 0.25, ""crossbar_offset"": 0.03, ""crossbar_reference"": ""latest"", ""cumulative_cap"": 2, ""cumulative_points"": 0.0, ""directional"": false, ""drop_sites"": false, ""exact_insert"": true, ""initial_reflection"": false, ""initial_rotation_span"": 1.5707963267948966, ""initial_rotation_steps"": 12, ""near_clear_distance"": 50.0, ""near_clear_radius"": 20.0, ""negative_regions"": ""disk"", ""opportunistic"": false, ""opportunistic_candidates"": 3, ""opportunistic_distance"": 650.0, ""probe_offset"": 0.25, ""radio_limit"": 12, ""route"": ""joint"", ""route_estimate"": 0.5, ""route_mode"": ""backbone"", ""scan_current_first"": true, ""search_first"": false, ""share"": true, ""share_ratio"": 0.7, ""source_bias"": 0.0, ""station_inner"": 990.0, ""station_layout"": ""8_16"", ""station_spec"": [8, 12, 995, 1864, 0], ""stop_when_found16"": true, ""trial_radius"": 40.0}",tuning/q4_initial_rotation_steps_12/q4/paper_q4_n13_s960028/metrics.json
tuning,q4_initial_rotation_steps_12,q4,paper_q4_n13_s960029,81ccaaef05b84e491cdb48b3651a5a43514aefca15ac5eea9707b55ffb00cb64,960029,13,True,True,13,13,444.9157388525545,5783.9046050832085,4311.9046050832085,1175.0,223.0,74.0,235,223,16,afdc6cdd1944b0f85ad1535a00539758f1b47104261f720693ac0ead3d2f31ad,"{""angle_bin"": 4.0, ""conditional_range"": true, ""crossbar"": true, ""crossbar_after_dark"": false, ""crossbar_fraction"": 0.25, ""crossbar_offset"": 0.03, ""crossbar_reference"": ""latest"", ""cumulative_cap"": 2, ""cumulative_points"": 0.0, ""directional"": false, ""drop_sites"": false, ""exact_insert"": true, ""initial_reflection"": false, ""initial_rotation_span"": 1.5707963267948966, ""initial_rotation_steps"": 12, ""near_clear_distance"": 50.0, ""near_clear_radius"": 20.0, ""negative_regions"": ""disk"", ""opportunistic"": false, ""opportunistic_candidates"": 3, ""opportunistic_distance"": 650.0, ""probe_offset"": 0.25, ""radio_limit"": 12, ""route"": ""joint"", ""route_estimate"": 0.5, ""route_mode"": ""backbone"", ""scan_current_first"": true, ""search_first"": false, ""share"": true, ""share_ratio"": 0.7, ""source_bias"": 0.0, ""station_inner"": 990.0, ""station_layout"": ""8_16"", ""station_spec"": [8, 12, 995, 1864, 0], ""stop_when_found16"": true, ""trial_radius"": 40.0}",tuning/q4_initial_rotation_steps_12/q4/paper_q4_n13_s960029/metrics.json
tuning,q4_initial_rotation_steps_18,q4,paper_q4_n13_s960020,63689f503f60656191968a1974085cfc37ec3314975d21949ae247d5f62750db,960020,13,True,True,13,13,461.58689439505997,6000.62962713578,4476.629627135779,1225.0,228.0,71.0,245,228,15,a16209dd366fcf5037c5ba764bf131a87929f7ce5e557705e32a116c7e9e5ce5,"{""angle_bin"": 4.0, ""conditional_range"": true, ""crossbar"": true, ""crossbar_after_dark"": false, ""crossbar_fraction"": 0.25, ""crossbar_offset"": 0.03, ""crossbar_reference"": ""latest"", ""cumulative_cap"": 2, ""cumulative_points"": 0.0, ""directional"": false, ""drop_sites"": false, ""exact_insert"": true, ""initial_reflection"": false, ""initial_rotation_span"": 1.5707963267948966, ""initial_rotation_steps"": 18, ""near_clear_distance"": 50.0, ""near_clear_radius"": 20.0, ""negative_regions"": ""disk"", ""opportunistic"": false, ""opportunistic_candidates"": 3, ""opportunistic_distance"": 650.0, ""probe_offset"": 0.25, ""radio_limit"": 12, ""route"": ""joint"", ""route_estimate"": 0.5, ""route_mode"": ""backbone"", ""scan_current_first"": true, ""search_first"": false, ""share"": true, ""share_ratio"": 0.7, ""source_bias"": 0.0, ""station_inner"": 990.0, ""station_layout"": ""8_16"", ""station_spec"": [8, 12, 995, 1864, 0], ""stop_when_found16"": true, ""trial_radius"": 40.0}",tuning/q4_initial_rotation_steps_18/q4/paper_q4_n13_s960020/metrics.json
tuning,q4_initial_rotation_steps_18,q4,paper_q4_n13_s960021,da59a83f230a989a4389b3d0fb147032b3e9c24625898e5586587c3b08effa45,960021,13,True,True,13,13,450.0383763836378,5850.498892987292,4227.49889298729,1305.0,244.0,74.0,261,244,16,a16209dd366fcf5037c5ba764bf131a87929f7ce5e557705e32a116c7e9e5ce5,"{""angle_bin"": 4.0, ""conditional_range"": true, ""crossbar"": true, ""crossbar_after_dark"": false, ""crossbar_fraction"": 0.25, ""crossbar_offset"": 0.03, ""crossbar_reference"": ""latest"", ""cumulative_cap"": 2, ""cumulative_points"": 0.0, ""directional"": false, ""drop_sites"": false, ""exact_insert"": true, ""initial_reflection"": false, ""initial_rotation_span"": 1.5707963267948966, ""initial_rotation_steps"": 18, ""near_clear_distance"": 50.0, ""near_clear_radius"": 20.0, ""negative_regions"": ""disk"", ""opportunistic"": false, ""opportunistic_candidates"": 3, ""opportunistic_distance"": 650.0, ""probe_offset"": 0.25, ""radio_limit"": 12, ""route"": ""joint"", ""route_estimate"": 0.5, ""route_mode"": ""backbone"", ""scan_current_first"": true, ""search_first"": false, ""share"": true, ""share_ratio"": 0.7, ""source_bias"": 0.0, ""station_inner"": 990.0, ""station_layout"": ""8_16"", ""station_spec"": [8, 12, 995, 1864, 0], ""stop_when_found16"": true, ""trial_radius"": 40.0}",tuning/q4_initial_rotation_steps_18/q4/paper_q4_n13_s960021/metrics.json
tuning,q4_initial_rotation_steps_18,q4,paper_q4_n13_s960022,b856934f7fd2c17614f85c9714257e6a75eef79290085964bc8a2abb30328a79,960022,13,True,True,13,13,488.326662325696,6348.246610234049,4862.24661023405,1200.0,218.0,68.0,240,218,14,a16209dd366fcf5037c5ba764bf131a87929f7ce5e557705e32a116c7e9e5ce5,"{""angle_bin"": 4.0, ""conditional_range"": true, ""crossbar"": true, ""crossbar_after_dark"": false, ""crossbar_fraction"": 0.25, ""crossbar_offset"": 0.03, ""crossbar_reference"": ""latest"", ""cumulative_cap"": 2, ""cumulative_points"": 0.0, ""directional"": false, ""drop_sites"": false, ""exact_insert"": true, ""initial_reflection"": false, ""initial_rotation_span"": 1.5707963267948966, ""initial_rotation_steps"": 18, ""near_clear_distance"": 50.0, ""near_clear_radius"": 20.0, ""negative_regions"": ""disk"", ""opportunistic"": false, ""opportunistic_candidates"": 3, ""opportunistic_distance"": 650.0, ""probe_offset"": 0.25, ""radio_limit"": 12, ""route"": ""joint"", ""route_estimate"": 0.5, ""route_mode"": ""backbone"", ""scan_current_first"": true, ""search_first"": false, ""share"": true, ""share_ratio"": 0.7, ""source_bias"": 0.0, ""station_inner"": 990.0, ""station_layout"": ""8_16"", ""station_spec"": [8, 12, 995, 1864, 0], ""stop_when_found16"": true, ""trial_radius"": 40.0}",tuning/q4_initial_rotation_steps_18/q4/paper_q4_n13_s960022/metrics.json
tuning,q4_initial_rotation_steps_18,q4,paper_q4_n13_s960023,73dcfb7bd5b9d70f599b93be4845294fd3878c2ff63f0ce9a93c9196c65cf773,960023,13,True,True,13,13,503.60137498707576,6546.817874831985,4842.817874831983,1380.0,253.0,71.0,276,253,15,a16209dd366fcf5037c5ba764bf131a87929f7ce5e557705e32a116c7e9e5ce5,"{""angle_bin"": 4.0, ""conditional_range"": true, ""crossbar"": true, ""crossbar_after_dark"": false, ""crossbar_fraction"": 0.25, ""crossbar_offset"": 0.03, ""crossbar_reference"": ""latest"", ""cumulative_cap"": 2, ""cumulative_points"": 0.0, ""directional"": false, ""drop_sites"": false, ""exact_insert"": true, ""initial_reflection"": false, ""initial_rotation_span"": 1.5707963267948966, ""initial_rotation_steps"": 18, ""near_clear_distance"": 50.0, ""near_clear_radius"": 20.0, ""negative_regions"": ""disk"", ""opportunistic"": false, ""opportunistic_candidates"": 3, ""opportunistic_distance"": 650.0, ""probe_offset"": 0.25, ""radio_limit"": 12, ""route"": ""joint"", ""route_estimate"": 0.5, ""route_mode"": ""backbone"", ""scan_current_first"": true, ""search_first"": false, ""share"": true, ""share_ratio"": 0.7, ""source_bias"": 0.0, ""station_inner"": 990.0, ""station_layout"": ""8_16"", ""station_spec"": [8, 12, 995, 1864, 0], ""stop_when_found16"": true, ""trial_radius"": 40.0}",tuning/q4_initial_rotation_steps_18/q4/paper_q4_n13_s960023/metrics.json
tuning,q4_initial_rotation_steps_18,q4,paper_q4_n13_s960024,38a2c0e44559dbf6344acd79eef98e5c0c198e7550ecca11e2c300bdd343b50c,960024,13,True,True,13,13,493.9868513969856,6421.829068160813,4688.829068160815,1400.0,265.0,68.0,280,265,14,a16209dd366fcf5037c5ba764bf131a87929f7ce5e557705e32a116c7e9e5ce5,"{""angle_bin"": 4.0, ""conditional_range"": true, ""crossbar"": true, ""crossbar_after_dark"": false, ""crossbar_fraction"": 0.25, ""crossbar_offset"": 0.03, ""crossbar_reference"": ""latest"", ""cumulative_cap"": 2, ""cumulative_points"": 0.0, ""directional"": false, ""drop_sites"": false, ""exact_insert"": true, ""initial_reflection"": false, ""initial_rotation_span"": 1.5707963267948966, ""initial_rotation_steps"": 18, ""near_clear_distance"": 50.0, ""near_clear_radius"": 20.0, ""negative_regions"": ""disk"", ""opportunistic"": false, ""opportunistic_candidates"": 3, ""opportunistic_distance"": 650.0, ""probe_offset"": 0.25, ""radio_limit"": 12, ""route"": ""joint"", ""route_estimate"": 0.5, ""route_mode"": ""backbone"", ""scan_current_first"": true, ""search_first"": false, ""share"": true, ""share_ratio"": 0.7, ""source_bias"": 0.0, ""station_inner"": 990.0, ""station_layout"": ""8_16"", ""station_spec"": [8, 12, 995, 1864, 0], ""stop_when_found16"": true, ""trial_radius"": 40.0}",tuning/q4_initial_rotation_steps_18/q4/paper_q4_n13_s960024/metrics.json
tuning,q4_initial_rotation_steps_18,q4,paper_q4_n13_s960025,048e108d65551ab0d815c96c01cd3d5d06ef334c8d1a23e14df43cce56f36833,960025,13,True,True,13,13,451.3244522057878,5867.217878675241,4319.217878675238,1245.0,232.0,71.0,249,232,15,a16209dd366fcf5037c5ba764bf131a87929f7ce5e557705e32a116c7e9e5ce5,"{""angle_bin"": 4.0, ""conditional_range"": true, ""crossbar"": true, ""crossbar_after_dark"": false, ""crossbar_fraction"": 0.25, ""crossbar_offset"": 0.03, ""crossbar_reference"": ""latest"", ""cumulative_cap"": 2, ""cumulative_points"": 0.0, ""directional"": false, ""drop_sites"": false, ""exact_insert"": true, ""initial_reflection"": false, ""initial_rotation_span"": 1.5707963267948966, ""initial_rotation_steps"": 18, ""near_clear_distance"": 50.0, ""near_clear_radius"": 20.0, ""negative_regions"": ""disk"", ""opportunistic"": false, ""opportunistic_candidates"": 3, ""opportunistic_distance"": 650.0, ""probe_offset"": 0.25, ""radio_limit"": 12, ""route"": ""joint"", ""route_estimate"": 0.5, ""route_mode"": ""backbone"", ""scan_current_first"": true, ""search_first"": false, ""share"": true, ""share_ratio"": 0.7, ""source_bias"": 0.0, ""station_inner"": 990.0, ""station_layout"": ""8_16"", ""station_spec"": [8, 12, 995, 1864, 0], ""stop_when_found16"": true, ""trial_radius"": 40.0}",tuning/q4_initial_rotation_steps_18/q4/paper_q4_n13_s960025/metrics.json
tuning,q4_initial_rotation_steps_18,q4,paper_q4_n13_s960026,19e7f6df43aaec88bc08bc8005282d6159bb14c2c0a93f1f0ad65f8ce416ef48,960026,13,True,True,13,13,441.0323240828741,5733.420213077363,4241.420213077364,1200.0,227.0,65.0,240,227,13,a16209dd366fcf5037c5ba764bf131a87929f7ce5e557705e32a116c7e9e5ce5,"{""angle_bin"": 4.0, ""conditional_range"": true, ""crossbar"": true, ""crossbar_after_dark"": false, ""crossbar_fraction"": 0.25, ""crossbar_offset"": 0.03, ""crossbar_reference"": ""latest"", ""cumulative_cap"": 2, ""cumulative_points"": 0.0, ""directional"": false, ""drop_sites"": false, ""exact_insert"": true, ""initial_reflection"": false, ""initial_rotation_span"": 1.5707963267948966, ""initial_rotation_steps"": 18, ""near_clear_distance"": 50.0, ""near_clear_radius"": 20.0, ""negative_regions"": ""disk"", ""opportunistic"": false, ""opportunistic_candidates"": 3, ""opportunistic_distance"": 650.0, ""probe_offset"": 0.25, ""radio_limit"": 12, ""route"": ""joint"", ""route_estimate"": 0.5, ""route_mode"": ""backbone"", ""scan_current_first"": true, ""search_first"": false, ""share"": true, ""share_ratio"": 0.7, ""source_bias"": 0.0, ""station_inner"": 990.0, ""station_layout"": ""8_16"", ""station_spec"": [8, 12, 995, 1864, 0], ""stop_when_found16"": true, ""trial_radius"": 40.0}",tuning/q4_initial_rotation_steps_18/q4/paper_q4_n13_s960026/metrics.json
tuning,q4_initial_rotation_steps_18,q4,paper_q4_n13_s960027,756b70651e40049d1d338ebf6d75146bf5b18e91b20fc88cbda4ac3767c4cc82,960027,13,True,True,13,13,451.6862255347893,5871.920931952261,4138.920931952258,1400.0,268.0,65.0,280,268,13,a16209dd366fcf5037c5ba764bf131a87929f7ce5e557705e32a116c7e9e5ce5,"{""angle_bin"": 4.0, ""conditional_range"": true, ""crossbar"": true, ""crossbar_after_dark"": false, ""crossbar_fraction"": 0.25, ""crossbar_offset"": 0.03, ""crossbar_reference"": ""latest"", ""cumulative_cap"": 2, ""cumulative_points"": 0.0, ""directional"": false, ""drop_sites"": false, ""exact_insert"": true, ""initial_reflection"": false, ""initial_rotation_span"": 1.5707963267948966, ""initial_rotation_steps"": 18, ""near_clear_distance"": 50.0, ""near_clear_radius"": 20.0, ""negative_regions"": ""disk"", ""opportunistic"": false, ""opportunistic_candidates"": 3, ""opportunistic_distance"": 650.0, ""probe_offset"": 0.25, ""radio_limit"": 12, ""route"": ""joint"", ""route_estimate"": 0.5, ""route_mode"": ""backbone"", ""scan_current_first"": true, ""search_first"": false, ""share"": true, ""share_ratio"": 0.7, ""source_bias"": 0.0, ""station_inner"": 990.0, ""station_layout"": ""8_16"", ""station_spec"": [8, 12, 995, 1864, 0], ""stop_when_found16"": true, ""trial_radius"": 40.0}",tuning/q4_initial_rotation_steps_18/q4/paper_q4_n13_s960027/metrics.json
tuning,q4_initial_rotation_steps_18,q4,paper_q4_n13_s960028,1a8375084c77bfd6f73b66fc971c48f37e193de3159b414cf57cdfcce8648805,960028,13,True,True,13,13,494.47633625150894,6428.192371269616,4735.192371269615,1370.0,255.0,68.0,274,255,14,a16209dd366fcf5037c5ba764bf131a87929f7ce5e557705e32a116c7e9e5ce5,"{""angle_bin"": 4.0, ""conditional_range"": true, ""crossbar"": true, ""crossbar_after_dark"": false, ""crossbar_fraction"": 0.25, ""crossbar_offset"": 0.03, ""crossbar_reference"": ""latest"", ""cumulative_cap"": 2, ""cumulative_points"": 0.0, ""directional"": false, ""drop_sites"": false, ""exact_insert"": true, ""initial_reflection"": false, ""initial_rotation_span"": 1.5707963267948966, ""initial_rotation_steps"": 18, ""near_clear_distance"": 50.0, ""near_clear_radius"": 20.0, ""negative_regions"": ""disk"", ""opportunistic"": false, ""opportunistic_candidates"": 3, ""opportunistic_distance"": 650.0, ""probe_offset"": 0.25, ""radio_limit"": 12, ""route"": ""joint"", ""route_estimate"": 0.5, ""route_mode"": ""backbone"", ""scan_current_first"": true, ""search_first"": false, ""share"": true, ""share_ratio"": 0.7, ""source_bias"": 0.0, ""station_inner"": 990.0, ""station_layout"": ""8_16"", ""station_spec"": [8, 12, 995, 1864, 0], ""stop_when_found16"": true, ""trial_radius"": 40.0}",tuning/q4_initial_rotation_steps_18/q4/paper_q4_n13_s960028/metrics.json
tuning,q4_initial_rotation_steps_18,q4,paper_q4_n13_s960029,81ccaaef05b84e491cdb48b3651a5a43514aefca15ac5eea9707b55ffb00cb64,960029,13,True,True,13,13,442.9537753601653,5758.399079682149,4282.399079682148,1180.0,222.0,74.0,236,222,16,a16209dd366fcf5037c5ba764bf131a87929f7ce5e557705e32a116c7e9e5ce5,"{""angle_bin"": 4.0, ""conditional_range"": true, ""crossbar"": true, ""crossbar_after_dark"": false, ""crossbar_fraction"": 0.25, ""crossbar_offset"": 0.03, ""crossbar_reference"": ""latest"", ""cumulative_cap"": 2, ""cumulative_points"": 0.0, ""directional"": false, ""drop_sites"": false, ""exact_insert"": true, ""initial_reflection"": false, ""initial_rotation_span"": 1.5707963267948966, ""initial_rotation_steps"": 18, ""near_clear_distance"": 50.0, ""near_clear_radius"": 20.0, ""negative_regions"": ""disk"", ""opportunistic"": false, ""opportunistic_candidates"": 3, ""opportunistic_distance"": 650.0, ""probe_offset"": 0.25, ""radio_limit"": 12, ""route"": ""joint"", ""route_estimate"": 0.5, ""route_mode"": ""backbone"", ""scan_current_first"": true, ""search_first"": false, ""share"": true, ""share_ratio"": 0.7, ""source_bias"": 0.0, ""station_inner"": 990.0, ""station_layout"": ""8_16"", ""station_spec"": [8, 12, 995, 1864, 0], ""stop_when_found16"": true, ""trial_radius"": 40.0}",tuning/q4_initial_rotation_steps_18/q4/paper_q4_n13_s960029/metrics.json
tuning,q4_initial_rotation_steps_6,q4,paper_q4_n13_s960020,63689f503f60656191968a1974085cfc37ec3314975d21949ae247d5f62750db,960020,13,True,True,13,13,451.3924257895027,5868.101535263535,4379.101535263535,1195.0,223.0,71.0,239,223,15,de6339ca7a8ae2e1f627f38677d5f00b11f06713c0a3d5fca2e7f25f50d980f4,"{""angle_bin"": 4.0, ""conditional_range"": true, ""crossbar"": true, ""crossbar_after_dark"": false, ""crossbar_fraction"": 0.25, ""crossbar_offset"": 0.03, ""crossbar_reference"": ""latest"", ""cumulative_cap"": 2, ""cumulative_points"": 0.0, ""directional"": false, ""drop_sites"": false, ""exact_insert"": true, ""initial_reflection"": false, ""initial_rotation_span"": 1.5707963267948966, ""initial_rotation_steps"": 6, ""near_clear_distance"": 50.0, ""near_clear_radius"": 20.0, ""negative_regions"": ""disk"", ""opportunistic"": false, ""opportunistic_candidates"": 3, ""opportunistic_distance"": 650.0, ""probe_offset"": 0.25, ""radio_limit"": 12, ""route"": ""joint"", ""route_estimate"": 0.5, ""route_mode"": ""backbone"", ""scan_current_first"": true, ""search_first"": false, ""share"": true, ""share_ratio"": 0.7, ""source_bias"": 0.0, ""station_inner"": 990.0, ""station_layout"": ""8_16"", ""station_spec"": [8, 12, 995, 1864, 0], ""stop_when_found16"": true, ""trial_radius"": 40.0}",tuning/q4_initial_rotation_steps_6/q4/paper_q4_n13_s960020/metrics.json
tuning,q4_initial_rotation_steps_6,q4,paper_q4_n13_s960021,da59a83f230a989a4389b3d0fb147032b3e9c24625898e5586587c3b08effa45,960021,13,True,True,13,13,445.2232780176595,5787.902614229573,4180.902614229574,1295.0,241.0,71.0,259,241,15,de6339ca7a8ae2e1f627f38677d5f00b11f06713c0a3d5fca2e7f25f50d980f4,"{""angle_bin"": 4.0, ""conditional_range"": true, ""crossbar"": true, ""crossbar_after_dark"": false, ""crossbar_fraction"": 0.25, ""crossbar_offset"": 0.03, ""crossbar_reference"": ""latest"", ""cumulative_cap"": 2, ""cumulative_points"": 0.0, ""directional"": false, ""drop_sites"": false, ""exact_insert"": true, ""initial_reflection"": false, ""initial_rotation_span"": 1.5707963267948966, ""initial_rotation_steps"": 6, ""near_clear_distance"": 50.0, ""near_clear_radius"": 20.0, ""negative_regions"": ""disk"", ""opportunistic"": false, ""opportunistic_candidates"": 3, ""opportunistic_distance"": 650.0, ""probe_offset"": 0.25, ""radio_limit"": 12, ""route"": ""joint"", ""route_estimate"": 0.5, ""route_mode"": ""backbone"", ""scan_current_first"": true, ""search_first"": false, ""share"": true, ""share_ratio"": 0.7, ""source_bias"": 0.0, ""station_inner"": 990.0, ""station_layout"": ""8_16"", ""station_spec"": [8, 12, 995, 1864, 0], ""stop_when_found16"": true, ""trial_radius"": 40.0}",tuning/q4_initial_rotation_steps_6/q4/paper_q4_n13_s960021/metrics.json
tuning,q4_initial_rotation_steps_6,q4,paper_q4_n13_s960022,b856934f7fd2c17614f85c9714257e6a75eef79290085964bc8a2abb30328a79,960022,13,True,True,13,13,478.33408141678535,6218.34305841821,4777.3430584182115,1160.0,213.0,68.0,232,213,14,de6339ca7a8ae2e1f627f38677d5f00b11f06713c0a3d5fca2e7f25f50d980f4,"{""angle_bin"": 4.0, ""conditional_range"": true, ""crossbar"": true, ""crossbar_after_dark"": false, ""crossbar_fraction"": 0.25, ""crossbar_offset"": 0.03, ""crossbar_reference"": ""latest"", ""cumulative_cap"": 2, ""cumulative_points"": 0.0, ""directional"": false, ""drop_sites"": false, ""exact_insert"": true, ""initial_reflection"": false, ""initial_rotation_span"": 1.5707963267948966, ""initial_rotation_steps"": 6, ""near_clear_distance"": 50.0, ""near_clear_radius"": 20.0, ""negative_regions"": ""disk"", ""opportunistic"": false, ""opportunistic_candidates"": 3, ""opportunistic_distance"": 650.0, ""probe_offset"": 0.25, ""radio_limit"": 12, ""route"": ""joint"", ""route_estimate"": 0.5, ""route_mode"": ""backbone"", ""scan_current_first"": true, ""search_first"": false, ""share"": true, ""share_ratio"": 0.7, ""source_bias"": 0.0, ""station_inner"": 990.0, ""station_layout"": ""8_16"", ""station_spec"": [8, 12, 995, 1864, 0], ""stop_when_found16"": true, ""trial_radius"": 40.0}",tuning/q4_initial_rotation_steps_6/q4/paper_q4_n13_s960022/metrics.json
tuning,q4_initial_rotation_steps_6,q4,paper_q4_n13_s960023,73dcfb7bd5b9d70f599b93be4845294fd3878c2ff63f0ce9a93c9196c65cf773,960023,13,True,True,13,13,481.09583008359823,6254.245791086777,4606.245791086779,1330.0,250.0,68.0,266,250,14,de6339ca7a8ae2e1f627f38677d5f00b11f06713c0a3d5fca2e7f25f50d980f4,"{""angle_bin"": 4.0, ""conditional_range"": true, ""crossbar"": true, ""crossbar_after_dark"": false, ""crossbar_fraction"": 0.25, ""crossbar_offset"": 0.03, ""crossbar_reference"": ""latest"", ""cumulative_cap"": 2, ""cumulative_points"": 0.0, ""directional"": false, ""drop_sites"": false, ""exact_insert"": true, ""initial_reflection"": false, ""initial_rotation_span"": 1.5707963267948966, ""initial_rotation_steps"": 6, ""near_clear_distance"": 50.0, ""near_clear_radius"": 20.0, ""negative_regions"": ""disk"", ""opportunistic"": false, ""opportunistic_candidates"": 3, ""opportunistic_distance"": 650.0, ""probe_offset"": 0.25, ""radio_limit"": 12, ""route"": ""joint"", ""route_estimate"": 0.5, ""route_mode"": ""backbone"", ""scan_current_first"": true, ""search_first"": false, ""share"": true, ""share_ratio"": 0.7, ""source_bias"": 0.0, ""station_inner"": 990.0, ""station_layout"": ""8_16"", ""station_spec"": [8, 12, 995, 1864, 0], ""stop_when_found16"": true, ""trial_radius"": 40.0}",tuning/q4_initial_rotation_steps_6/q4/paper_q4_n13_s960023/metrics.json
tuning,q4_initial_rotation_steps_6,q4,paper_q4_n13_s960024,38a2c0e44559dbf6344acd79eef98e5c0c198e7550ecca11e2c300bdd343b50c,960024,13,True,True,13,13,493.9868513969856,6421.829068160813,4688.829068160815,1400.0,265.0,68.0,280,265,14,de6339ca7a8ae2e1f627f38677d5f00b11f06713c0a3d5fca2e7f25f50d980f4,"{""angle_bin"": 4.0, ""conditional_range"": true, ""crossbar"": true, ""crossbar_after_dark"": false, ""crossbar_fraction"": 0.25, ""crossbar_offset"": 0.03, ""crossbar_reference"": ""latest"", ""cumulative_cap"": 2, ""cumulative_points"": 0.0, ""directional"": false, ""drop_sites"": false, ""exact_insert"": true, ""initial_reflection"": false, ""initial_rotation_span"": 1.5707963267948966, ""initial_rotation_steps"": 6, ""near_clear_distance"": 50.0, ""near_clear_radius"": 20.0, ""negative_regions"": ""disk"", ""opportunistic"": false, ""opportunistic_candidates"": 3, ""opportunistic_distance"": 650.0, ""probe_offset"": 0.25, ""radio_limit"": 12, ""route"": ""joint"", ""route_estimate"": 0.5, ""route_mode"": ""backbone"", ""scan_current_first"": true, ""search_first"": false, ""share"": true, ""share_ratio"": 0.7, ""source_bias"": 0.0, ""station_inner"": 990.0, ""station_layout"": ""8_16"", ""station_spec"": [8, 12, 995, 1864, 0], ""stop_when_found16"": true, ""trial_radius"": 40.0}",tuning/q4_initial_rotation_steps_6/q4/paper_q4_n13_s960024/metrics.json
tuning,q4_initial_rotation_steps_6,q4,paper_q4_n13_s960025,048e108d65551ab0d815c96c01cd3d5d06ef334c8d1a23e14df43cce56f36833,960025,13,True,True,13,13,451.7764965954596,5873.094455740975,4294.094455740974,1270.0,241.0,68.0,254,241,14,de6339ca7a8ae2e1f627f38677d5f00b11f06713c0a3d5fca2e7f25f50d980f4,"{""angle_bin"": 4.0, ""conditional_range"": true, ""crossbar"": true, ""crossbar_after_dark"": false, ""crossbar_fraction"": 0.25, ""crossbar_offset"": 0.03, ""crossbar_reference"": ""latest"", ""cumulative_cap"": 2, ""cumulative_points"": 0.0, ""directional"": false, ""drop_sites"": false, ""exact_insert"": true, ""initial_reflection"": false, ""initial_rotation_span"": 1.5707963267948966, ""initial_rotation_steps"": 6, ""near_clear_distance"": 50.0, ""near_clear_radius"": 20.0, ""negative_regions"": ""disk"", ""opportunistic"": false, ""opportunistic_candidates"": 3, ""opportunistic_distance"": 650.0, ""probe_offset"": 0.25, ""radio_limit"": 12, ""route"": ""joint"", ""route_estimate"": 0.5, ""route_mode"": ""backbone"", ""scan_current_first"": true, ""search_first"": false, ""share"": true, ""share_ratio"": 0.7, ""source_bias"": 0.0, ""station_inner"": 990.0, ""station_layout"": ""8_16"", ""station_spec"": [8, 12, 995, 1864, 0], ""stop_when_found16"": true, ""trial_radius"": 40.0}",tuning/q4_initial_rotation_steps_6/q4/paper_q4_n13_s960025/metrics.json
tuning,q4_initial_rotation_steps_6,q4,paper_q4_n13_s960026,19e7f6df43aaec88bc08bc8005282d6159bb14c2c0a93f1f0ad65f8ce416ef48,960026,13,True,True,13,13,443.550774365844,5766.160066755972,4232.160066755972,1240.0,229.0,65.0,248,229,13,de6339ca7a8ae2e1f627f38677d5f00b11f06713c0a3d5fca2e7f25f50d980f4,"{""angle_bin"": 4.0, ""conditional_range"": true, ""crossbar"": true, ""crossbar_after_dark"": false, ""crossbar_fraction"": 0.25, ""crossbar_offset"": 0.03, ""crossbar_reference"": ""latest"", ""cumulative_cap"": 2, ""cumulative_points"": 0.0, ""directional"": false, ""drop_sites"": false, ""exact_insert"": true, ""initial_reflection"": false, ""initial_rotation_span"": 1.5707963267948966, ""initial_rotation_steps"": 6, ""near_clear_distance"": 50.0, ""near_clear_radius"": 20.0, ""negative_regions"": ""disk"", ""opportunistic"": false, ""opportunistic_candidates"": 3, ""opportunistic_distance"": 650.0, ""probe_offset"": 0.25, ""radio_limit"": 12, ""route"": ""joint"", ""route_estimate"": 0.5, ""route_mode"": ""backbone"", ""scan_current_first"": true, ""search_first"": false, ""share"": true, ""share_ratio"": 0.7, ""source_bias"": 0.0, ""station_inner"": 990.0, ""station_layout"": ""8_16"", ""station_spec"": [8, 12, 995, 1864, 0], ""stop_when_found16"": true, ""trial_radius"": 40.0}",tuning/q4_initial_rotation_steps_6/q4/paper_q4_n13_s960026/metrics.json
tuning,q4_initial_rotation_steps_6,q4,paper_q4_n13_s960027,756b70651e40049d1d338ebf6d75146bf5b18e91b20fc88cbda4ac3767c4cc82,960027,13,True,True,13,13,451.6862255347893,5871.920931952261,4138.920931952258,1400.0,268.0,65.0,280,268,13,de6339ca7a8ae2e1f627f38677d5f00b11f06713c0a3d5fca2e7f25f50d980f4,"{""angle_bin"": 4.0, ""conditional_range"": true, ""crossbar"": true, ""crossbar_after_dark"": false, ""crossbar_fraction"": 0.25, ""crossbar_offset"": 0.03, ""crossbar_reference"": ""latest"", ""cumulative_cap"": 2, ""cumulative_points"": 0.0, ""directional"": false, ""drop_sites"": false, ""exact_insert"": true, ""initial_reflection"": false, ""initial_rotation_span"": 1.5707963267948966, ""initial_rotation_steps"": 6, ""near_clear_distance"": 50.0, ""near_clear_radius"": 20.0, ""negative_regions"": ""disk"", ""opportunistic"": false, ""opportunistic_candidates"": 3, ""opportunistic_distance"": 650.0, ""probe_offset"": 0.25, ""radio_limit"": 12, ""route"": ""joint"", ""route_estimate"": 0.5, ""route_mode"": ""backbone"", ""scan_current_first"": true, ""search_first"": false, ""share"": true, ""share_ratio"": 0.7, ""source_bias"": 0.0, ""station_inner"": 990.0, ""station_layout"": ""8_16"", ""station_spec"": [8, 12, 995, 1864, 0], ""stop_when_found16"": true, ""trial_radius"": 40.0}",tuning/q4_initial_rotation_steps_6/q4/paper_q4_n13_s960027/metrics.json
tuning,q4_initial_rotation_steps_6,q4,paper_q4_n13_s960028,1a8375084c77bfd6f73b66fc971c48f37e193de3159b414cf57cdfcce8648805,960028,13,True,True,13,13,502.3590525305762,6530.6676828974905,4839.66768289749,1360.0,257.0,74.0,272,257,16,de6339ca7a8ae2e1f627f38677d5f00b11f06713c0a3d5fca2e7f25f50d980f4,"{""angle_bin"": 4.0, ""conditional_range"": true, ""crossbar"": true, ""crossbar_after_dark"": false, ""crossbar_fraction"": 0.25, ""crossbar_offset"": 0.03, ""crossbar_reference"": ""latest"", ""cumulative_cap"": 2, ""cumulative_points"": 0.0, ""directional"": false, ""drop_sites"": false, ""exact_insert"": true, ""initial_reflection"": false, ""initial_rotation_span"": 1.5707963267948966, ""initial_rotation_steps"": 6, ""near_clear_distance"": 50.0, ""near_clear_radius"": 20.0, ""negative_regions"": ""disk"", ""opportunistic"": false, ""opportunistic_candidates"": 3, ""opportunistic_distance"": 650.0, ""probe_offset"": 0.25, ""radio_limit"": 12, ""route"": ""joint"", ""route_estimate"": 0.5, ""route_mode"": ""backbone"", ""scan_current_first"": true, ""search_first"": false, ""share"": true, ""share_ratio"": 0.7, ""source_bias"": 0.0, ""station_inner"": 990.0, ""station_layout"": ""8_16"", ""station_spec"": [8, 12, 995, 1864, 0], ""stop_when_found16"": true, ""trial_radius"": 40.0}",tuning/q4_initial_rotation_steps_6/q4/paper_q4_n13_s960028/metrics.json
tuning,q4_initial_rotation_steps_6,q4,paper_q4_n13_s960029,81ccaaef05b84e491cdb48b3651a5a43514aefca15ac5eea9707b55ffb00cb64,960029,13,True,True,13,13,446.19774273590843,5800.570655566809,4330.570655566807,1180.0,222.0,68.0,236,222,14,de6339ca7a8ae2e1f627f38677d5f00b11f06713c0a3d5fca2e7f25f50d980f4,"{""angle_bin"": 4.0, ""conditional_range"": true, ""crossbar"": true, ""crossbar_after_dark"": false, ""crossbar_fraction"": 0.25, ""crossbar_offset"": 0.03, ""crossbar_reference"": ""latest"", ""cumulative_cap"": 2, ""cumulative_points"": 0.0, ""directional"": false, ""drop_sites"": false, ""exact_insert"": true, ""initial_reflection"": false, ""initial_rotation_span"": 1.5707963267948966, ""initial_rotation_steps"": 6, ""near_clear_distance"": 50.0, ""near_clear_radius"": 20.0, ""negative_regions"": ""disk"", ""opportunistic"": false, ""opportunistic_candidates"": 3, ""opportunistic_distance"": 650.0, ""probe_offset"": 0.25, ""radio_limit"": 12, ""route"": ""joint"", ""route_estimate"": 0.5, ""route_mode"": ""backbone"", ""scan_current_first"": true, ""search_first"": false, ""share"": true, ""share_ratio"": 0.7, ""source_bias"": 0.0, ""station_inner"": 990.0, ""station_layout"": ""8_16"", ""station_spec"": [8, 12, 995, 1864, 0], ""stop_when_found16"": true, ""trial_radius"": 40.0}",tuning/q4_initial_rotation_steps_6/q4/paper_q4_n13_s960029/metrics.json
tuning,q4_radio_limit_12,q4,paper_q4_n13_s960020,63689f503f60656191968a1974085cfc37ec3314975d21949ae247d5f62750db,960020,13,True,True,13,13,451.3924257895027,5868.101535263535,4379.101535263535,1195.0,223.0,71.0,239,223,15,afdc6cdd1944b0f85ad1535a00539758f1b47104261f720693ac0ead3d2f31ad,"{""angle_bin"": 4.0, ""conditional_range"": true, ""crossbar"": true, ""crossbar_after_dark"": false, ""crossbar_fraction"": 0.25, ""crossbar_offset"": 0.03, ""crossbar_reference"": ""latest"", ""cumulative_cap"": 2, ""cumulative_points"": 0.0, ""directional"": false, ""drop_sites"": false, ""exact_insert"": true, ""initial_reflection"": false, ""initial_rotation_span"": 1.5707963267948966, ""initial_rotation_steps"": 12, ""near_clear_distance"": 50.0, ""near_clear_radius"": 20.0, ""negative_regions"": ""disk"", ""opportunistic"": false, ""opportunistic_candidates"": 3, ""opportunistic_distance"": 650.0, ""probe_offset"": 0.25, ""radio_limit"": 12, ""route"": ""joint"", ""route_estimate"": 0.5, ""route_mode"": ""backbone"", ""scan_current_first"": true, ""search_first"": false, ""share"": true, ""share_ratio"": 0.7, ""source_bias"": 0.0, ""station_inner"": 990.0, ""station_layout"": ""8_16"", ""station_spec"": [8, 12, 995, 1864, 0], ""stop_when_found16"": true, ""trial_radius"": 40.0}",tuning/q4_radio_limit_12/q4/paper_q4_n13_s960020/metrics.json
tuning,q4_radio_limit_12,q4,paper_q4_n13_s960021,da59a83f230a989a4389b3d0fb147032b3e9c24625898e5586587c3b08effa45,960021,13,True,True,13,13,445.2232780176595,5787.902614229573,4180.902614229574,1295.0,241.0,71.0,259,241,15,afdc6cdd1944b0f85ad1535a00539758f1b47104261f720693ac0ead3d2f31ad,"{""angle_bin"": 4.0, ""conditional_range"": true, ""crossbar"": true, ""crossbar_after_dark"": false, ""crossbar_fraction"": 0.25, ""crossbar_offset"": 0.03, ""crossbar_reference"": ""latest"", ""cumulative_cap"": 2, ""cumulative_points"": 0.0, ""directional"": false, ""drop_sites"": false, ""exact_insert"": true, ""initial_reflection"": false, ""initial_rotation_span"": 1.5707963267948966, ""initial_rotation_steps"": 12, ""near_clear_distance"": 50.0, ""near_clear_radius"": 20.0, ""negative_regions"": ""disk"", ""opportunistic"": false, ""opportunistic_candidates"": 3, ""opportunistic_distance"": 650.0, ""probe_offset"": 0.25, ""radio_limit"": 12, ""route"": ""joint"", ""route_estimate"": 0.5, ""route_mode"": ""backbone"", ""scan_current_first"": true, ""search_first"": false, ""share"": true, ""share_ratio"": 0.7, ""source_bias"": 0.0, ""station_inner"": 990.0, ""station_layout"": ""8_16"", ""station_spec"": [8, 12, 995, 1864, 0], ""stop_when_found16"": true, ""trial_radius"": 40.0}",tuning/q4_radio_limit_12/q4/paper_q4_n13_s960021/metrics.json
tuning,q4_radio_limit_12,q4,paper_q4_n13_s960022,b856934f7fd2c17614f85c9714257e6a75eef79290085964bc8a2abb30328a79,960022,13,True,True,13,13,484.73261747490955,6301.524027173824,4893.524027173825,1130.0,207.0,71.0,226,207,15,afdc6cdd1944b0f85ad1535a00539758f1b47104261f720693ac0ead3d2f31ad,"{""angle_bin"": 4.0, ""conditional_range"": true, ""crossbar"": true, ""crossbar_after_dark"": false, ""crossbar_fraction"": 0.25, ""crossbar_offset"": 0.03, ""crossbar_reference"": ""latest"", ""cumulative_cap"": 2, ""cumulative_points"": 0.0, ""directional"": false, ""drop_sites"": false, ""exact_insert"": true, ""initial_reflection"": false, ""initial_rotation_span"": 1.5707963267948966, ""initial_rotation_steps"": 12, ""near_clear_distance"": 50.0, ""near_clear_radius"": 20.0, ""negative_regions"": ""disk"", ""opportunistic"": false, ""opportunistic_candidates"": 3, ""opportunistic_distance"": 650.0, ""probe_offset"": 0.25, ""radio_limit"": 12, ""route"": ""joint"", ""route_estimate"": 0.5, ""route_mode"": ""backbone"", ""scan_current_first"": true, ""search_first"": false, ""share"": true, ""share_ratio"": 0.7, ""source_bias"": 0.0, ""station_inner"": 990.0, ""station_layout"": ""8_16"", ""station_spec"": [8, 12, 995, 1864, 0], ""stop_when_found16"": true, ""trial_radius"": 40.0}",tuning/q4_radio_limit_12/q4/paper_q4_n13_s960022/metrics.json
tuning,q4_radio_limit_12,q4,paper_q4_n13_s960023,73dcfb7bd5b9d70f599b93be4845294fd3878c2ff63f0ce9a93c9196c65cf773,960023,13,True,True,13,13,458.39937100935,5959.1918231215495,4311.1918231215495,1325.0,252.0,71.0,265,252,15,afdc6cdd1944b0f85ad1535a00539758f1b47104261f720693ac0ead3d2f31ad,"{""angle_bin"": 4.0, ""conditional_range"": true, ""crossbar"": true, ""crossbar_after_dark"": false, ""crossbar_fraction"": 0.25, ""crossbar_offset"": 0.03, ""crossbar_reference"": ""latest"", ""cumulative_cap"": 2, ""cumulative_points"": 0.0, ""directional"": false, ""drop_sites"": false, ""exact_insert"": true, ""initial_reflection"": false, ""initial_rotation_span"": 1.5707963267948966, ""initial_rotation_steps"": 12, ""near_clear_distance"": 50.0, ""near_clear_radius"": 20.0, ""negative_regions"": ""disk"", ""opportunistic"": false, ""opportunistic_candidates"": 3, ""opportunistic_distance"": 650.0, ""probe_offset"": 0.25, ""radio_limit"": 12, ""route"": ""joint"", ""route_estimate"": 0.5, ""route_mode"": ""backbone"", ""scan_current_first"": true, ""search_first"": false, ""share"": true, ""share_ratio"": 0.7, ""source_bias"": 0.0, ""station_inner"": 990.0, ""station_layout"": ""8_16"", ""station_spec"": [8, 12, 995, 1864, 0], ""stop_when_found16"": true, ""trial_radius"": 40.0}",tuning/q4_radio_limit_12/q4/paper_q4_n13_s960023/metrics.json
tuning,q4_radio_limit_12,q4,paper_q4_n13_s960024,38a2c0e44559dbf6344acd79eef98e5c0c198e7550ecca11e2c300bdd343b50c,960024,13,True,True,13,13,493.9868513969856,6421.829068160813,4688.829068160815,1400.0,265.0,68.0,280,265,14,afdc6cdd1944b0f85ad1535a00539758f1b47104261f720693ac0ead3d2f31ad,"{""angle_bin"": 4.0, ""conditional_range"": true, ""crossbar"": true, ""crossbar_after_dark"": false, ""crossbar_fraction"": 0.25, ""crossbar_offset"": 0.03, ""crossbar_reference"": ""latest"", ""cumulative_cap"": 2, ""cumulative_points"": 0.0, ""directional"": false, ""drop_sites"": false, ""exact_insert"": true, ""initial_reflection"": false, ""initial_rotation_span"": 1.5707963267948966, ""initial_rotation_steps"": 12, ""near_clear_distance"": 50.0, ""near_clear_radius"": 20.0, ""negative_regions"": ""disk"", ""opportunistic"": false, ""opportunistic_candidates"": 3, ""opportunistic_distance"": 650.0, ""probe_offset"": 0.25, ""radio_limit"": 12, ""route"": ""joint"", ""route_estimate"": 0.5, ""route_mode"": ""backbone"", ""scan_current_first"": true, ""search_first"": false, ""share"": true, ""share_ratio"": 0.7, ""source_bias"": 0.0, ""station_inner"": 990.0, ""station_layout"": ""8_16"", ""station_spec"": [8, 12, 995, 1864, 0], ""stop_when_found16"": true, ""trial_radius"": 40.0}",tuning/q4_radio_limit_12/q4/paper_q4_n13_s960024/metrics.json
tuning,q4_radio_limit_12,q4,paper_q4_n13_s960025,048e108d65551ab0d815c96c01cd3d5d06ef334c8d1a23e14df43cce56f36833,960025,13,True,True,13,13,456.1463630135661,5929.902719176359,4364.902719176358,1265.0,235.0,65.0,253,235,13,afdc6cdd1944b0f85ad1535a00539758f1b47104261f720693ac0ead3d2f31ad,"{""angle_bin"": 4.0, ""conditional_range"": true, ""crossbar"": true, ""crossbar_after_dark"": false, ""crossbar_fraction"": 0.25, ""crossbar_offset"": 0.03, ""crossbar_reference"": ""latest"", ""cumulative_cap"": 2, ""cumulative_points"": 0.0, ""directional"": false, ""drop_sites"": false, ""exact_insert"": true, ""initial_reflection"": false, ""initial_rotation_span"": 1.5707963267948966, ""initial_rotation_steps"": 12, ""near_clear_distance"": 50.0, ""near_clear_radius"": 20.0, ""negative_regions"": ""disk"", ""opportunistic"": false, ""opportunistic_candidates"": 3, ""opportunistic_distance"": 650.0, ""probe_offset"": 0.25, ""radio_limit"": 12, ""route"": ""joint"", ""route_estimate"": 0.5, ""route_mode"": ""backbone"", ""scan_current_first"": true, ""search_first"": false, ""share"": true, ""share_ratio"": 0.7, ""source_bias"": 0.0, ""station_inner"": 990.0, ""station_layout"": ""8_16"", ""station_spec"": [8, 12, 995, 1864, 0], ""stop_when_found16"": true, ""trial_radius"": 40.0}",tuning/q4_radio_limit_12/q4/paper_q4_n13_s960025/metrics.json
tuning,q4_radio_limit_12,q4,paper_q4_n13_s960026,19e7f6df43aaec88bc08bc8005282d6159bb14c2c0a93f1f0ad65f8ce416ef48,960026,13,True,True,13,13,434.87165250736564,5653.331482595753,4161.331482595754,1200.0,227.0,65.0,240,227,13,afdc6cdd1944b0f85ad1535a00539758f1b47104261f720693ac0ead3d2f31ad,"{""angle_bin"": 4.0, ""conditional_range"": true, ""crossbar"": true, ""crossbar_after_dark"": false, ""crossbar_fraction"": 0.25, ""crossbar_offset"": 0.03, ""crossbar_reference"": ""latest"", ""cumulative_cap"": 2, ""cumulative_points"": 0.0, ""directional"": false, ""drop_sites"": false, ""exact_insert"": true, ""initial_reflection"": false, ""initial_rotation_span"": 1.5707963267948966, ""initial_rotation_steps"": 12, ""near_clear_distance"": 50.0, ""near_clear_radius"": 20.0, ""negative_regions"": ""disk"", ""opportunistic"": false, ""opportunistic_candidates"": 3, ""opportunistic_distance"": 650.0, ""probe_offset"": 0.25, ""radio_limit"": 12, ""route"": ""joint"", ""route_estimate"": 0.5, ""route_mode"": ""backbone"", ""scan_current_first"": true, ""search_first"": false, ""share"": true, ""share_ratio"": 0.7, ""source_bias"": 0.0, ""station_inner"": 990.0, ""station_layout"": ""8_16"", ""station_spec"": [8, 12, 995, 1864, 0], ""stop_when_found16"": true, ""trial_radius"": 40.0}",tuning/q4_radio_limit_12/q4/paper_q4_n13_s960026/metrics.json
tuning,q4_radio_limit_12,q4,paper_q4_n13_s960027,756b70651e40049d1d338ebf6d75146bf5b18e91b20fc88cbda4ac3767c4cc82,960027,13,True,True,13,13,451.6862255347893,5871.920931952261,4138.920931952258,1400.0,268.0,65.0,280,268,13,afdc6cdd1944b0f85ad1535a00539758f1b47104261f720693ac0ead3d2f31ad,"{""angle_bin"": 4.0, ""conditional_range"": true, ""crossbar"": true, ""crossbar_after_dark"": false, ""crossbar_fraction"": 0.25, ""crossbar_offset"": 0.03, ""crossbar_reference"": ""latest"", ""cumulative_cap"": 2, ""cumulative_points"": 0.0, ""directional"": false, ""drop_sites"": false, ""exact_insert"": true, ""initial_reflection"": false, ""initial_rotation_span"": 1.5707963267948966, ""initial_rotation_steps"": 12, ""near_clear_distance"": 50.0, ""near_clear_radius"": 20.0, ""negative_regions"": ""disk"", ""opportunistic"": false, ""opportunistic_candidates"": 3, ""opportunistic_distance"": 650.0, ""probe_offset"": 0.25, ""radio_limit"": 12, ""route"": ""joint"", ""route_estimate"": 0.5, ""route_mode"": ""backbone"", ""scan_current_first"": true, ""search_first"": false, ""share"": true, ""share_ratio"": 0.7, ""source_bias"": 0.0, ""station_inner"": 990.0, ""station_layout"": ""8_16"", ""station_spec"": [8, 12, 995, 1864, 0], ""stop_when_found16"": true, ""trial_radius"": 40.0}",tuning/q4_radio_limit_12/q4/paper_q4_n13_s960027/metrics.json
tuning,q4_radio_limit_12,q4,paper_q4_n13_s960028,1a8375084c77bfd6f73b66fc971c48f37e193de3159b414cf57cdfcce8648805,960028,13,True,True,13,13,491.8190320350196,6393.647416455255,4720.647416455256,1345.0,257.0,71.0,269,257,15,afdc6cdd1944b0f85ad1535a00539758f1b47104261f720693ac0ead3d2f31ad,"{""angle_bin"": 4.0, ""conditional_range"": true, ""crossbar"": true, ""crossbar_after_dark"": false, ""crossbar_fraction"": 0.25, ""crossbar_offset"": 0.03, ""crossbar_reference"": ""latest"", ""cumulative_cap"": 2, ""cumulative_points"": 0.0, ""directional"": false, ""drop_sites"": false, ""exact_insert"": true, ""initial_reflection"": false, ""initial_rotation_span"": 1.5707963267948966, ""initial_rotation_steps"": 12, ""near_clear_distance"": 50.0, ""near_clear_radius"": 20.0, ""negative_regions"": ""disk"", ""opportunistic"": false, ""opportunistic_candidates"": 3, ""opportunistic_distance"": 650.0, ""probe_offset"": 0.25, ""radio_limit"": 12, ""route"": ""joint"", ""route_estimate"": 0.5, ""route_mode"": ""backbone"", ""scan_current_first"": true, ""search_first"": false, ""share"": true, ""share_ratio"": 0.7, ""source_bias"": 0.0, ""station_inner"": 990.0, ""station_layout"": ""8_16"", ""station_spec"": [8, 12, 995, 1864, 0], ""stop_when_found16"": true, ""trial_radius"": 40.0}",tuning/q4_radio_limit_12/q4/paper_q4_n13_s960028/metrics.json
tuning,q4_radio_limit_12,q4,paper_q4_n13_s960029,81ccaaef05b84e491cdb48b3651a5a43514aefca15ac5eea9707b55ffb00cb64,960029,13,True,True,13,13,444.9157388525545,5783.9046050832085,4311.9046050832085,1175.0,223.0,74.0,235,223,16,afdc6cdd1944b0f85ad1535a00539758f1b47104261f720693ac0ead3d2f31ad,"{""angle_bin"": 4.0, ""conditional_range"": true, ""crossbar"": true, ""crossbar_after_dark"": false, ""crossbar_fraction"": 0.25, ""crossbar_offset"": 0.03, ""crossbar_reference"": ""latest"", ""cumulative_cap"": 2, ""cumulative_points"": 0.0, ""directional"": false, ""drop_sites"": false, ""exact_insert"": true, ""initial_reflection"": false, ""initial_rotation_span"": 1.5707963267948966, ""initial_rotation_steps"": 12, ""near_clear_distance"": 50.0, ""near_clear_radius"": 20.0, ""negative_regions"": ""disk"", ""opportunistic"": false, ""opportunistic_candidates"": 3, ""opportunistic_distance"": 650.0, ""probe_offset"": 0.25, ""radio_limit"": 12, ""route"": ""joint"", ""route_estimate"": 0.5, ""route_mode"": ""backbone"", ""scan_current_first"": true, ""search_first"": false, ""share"": true, ""share_ratio"": 0.7, ""source_bias"": 0.0, ""station_inner"": 990.0, ""station_layout"": ""8_16"", ""station_spec"": [8, 12, 995, 1864, 0], ""stop_when_found16"": true, ""trial_radius"": 40.0}",tuning/q4_radio_limit_12/q4/paper_q4_n13_s960029/metrics.json
tuning,q4_radio_limit_16,q4,paper_q4_n13_s960020,63689f503f60656191968a1974085cfc37ec3314975d21949ae247d5f62750db,960020,13,True,True,13,13,451.3924257895027,5868.101535263535,4379.101535263535,1195.0,223.0,71.0,239,223,15,548f1d2750416795c542d41d20e65b33d94e57b3c7d6870dd82f047f36546132,"{""angle_bin"": 4.0, ""conditional_range"": true, ""crossbar"": true, ""crossbar_after_dark"": false, ""crossbar_fraction"": 0.25, ""crossbar_offset"": 0.03, ""crossbar_reference"": ""latest"", ""cumulative_cap"": 2, ""cumulative_points"": 0.0, ""directional"": false, ""drop_sites"": false, ""exact_insert"": true, ""initial_reflection"": false, ""initial_rotation_span"": 1.5707963267948966, ""initial_rotation_steps"": 12, ""near_clear_distance"": 50.0, ""near_clear_radius"": 20.0, ""negative_regions"": ""disk"", ""opportunistic"": false, ""opportunistic_candidates"": 3, ""opportunistic_distance"": 650.0, ""probe_offset"": 0.25, ""radio_limit"": 16, ""route"": ""joint"", ""route_estimate"": 0.5, ""route_mode"": ""backbone"", ""scan_current_first"": true, ""search_first"": false, ""share"": true, ""share_ratio"": 0.7, ""source_bias"": 0.0, ""station_inner"": 990.0, ""station_layout"": ""8_16"", ""station_spec"": [8, 12, 995, 1864, 0], ""stop_when_found16"": true, ""trial_radius"": 40.0}",tuning/q4_radio_limit_16/q4/paper_q4_n13_s960020/metrics.json
tuning,q4_radio_limit_16,q4,paper_q4_n13_s960021,da59a83f230a989a4389b3d0fb147032b3e9c24625898e5586587c3b08effa45,960021,13,True,True,13,13,445.2232780176595,5787.902614229573,4180.902614229574,1295.0,241.0,71.0,259,241,15,548f1d2750416795c542d41d20e65b33d94e57b3c7d6870dd82f047f36546132,"{""angle_bin"": 4.0, ""conditional_range"": true, ""crossbar"": true, ""crossbar_after_dark"": false, ""crossbar_fraction"": 0.25, ""crossbar_offset"": 0.03, ""crossbar_reference"": ""latest"", ""cumulative_cap"": 2, ""cumulative_points"": 0.0, ""directional"": false, ""drop_sites"": false, ""exact_insert"": true, ""initial_reflection"": false, ""initial_rotation_span"": 1.5707963267948966, ""initial_rotation_steps"": 12, ""near_clear_distance"": 50.0, ""near_clear_radius"": 20.0, ""negative_regions"": ""disk"", ""opportunistic"": false, ""opportunistic_candidates"": 3, ""opportunistic_distance"": 650.0, ""probe_offset"": 0.25, ""radio_limit"": 16, ""route"": ""joint"", ""route_estimate"": 0.5, ""route_mode"": ""backbone"", ""scan_current_first"": true, ""search_first"": false, ""share"": true, ""share_ratio"": 0.7, ""source_bias"": 0.0, ""station_inner"": 990.0, ""station_layout"": ""8_16"", ""station_spec"": [8, 12, 995, 1864, 0], ""stop_when_found16"": true, ""trial_radius"": 40.0}",tuning/q4_radio_limit_16/q4/paper_q4_n13_s960021/metrics.json
tuning,q4_radio_limit_16,q4,paper_q4_n13_s960022,b856934f7fd2c17614f85c9714257e6a75eef79290085964bc8a2abb30328a79,960022,13,True,True,13,13,484.73261747490955,6301.524027173824,4893.524027173825,1130.0,207.0,71.0,226,207,15,548f1d2750416795c542d41d20e65b33d94e57b3c7d6870dd82f047f36546132,"{""angle_bin"": 4.0, ""conditional_range"": true, ""crossbar"": true, ""crossbar_after_dark"": false, ""crossbar_fraction"": 0.25, ""crossbar_offset"": 0.03, ""crossbar_reference"": ""latest"", ""cumulative_cap"": 2, ""cumulative_points"": 0.0, ""directional"": false, ""drop_sites"": false, ""exact_insert"": true, ""initial_reflection"": false, ""initial_rotation_span"": 1.5707963267948966, ""initial_rotation_steps"": 12, ""near_clear_distance"": 50.0, ""near_clear_radius"": 20.0, ""negative_regions"": ""disk"", ""opportunistic"": false, ""opportunistic_candidates"": 3, ""opportunistic_distance"": 650.0, ""probe_offset"": 0.25, ""radio_limit"": 16, ""route"": ""joint"", ""route_estimate"": 0.5, ""route_mode"": ""backbone"", ""scan_current_first"": true, ""search_first"": false, ""share"": true, ""share_ratio"": 0.7, ""source_bias"": 0.0, ""station_inner"": 990.0, ""station_layout"": ""8_16"", ""station_spec"": [8, 12, 995, 1864, 0], ""stop_when_found16"": true, ""trial_radius"": 40.0}",tuning/q4_radio_limit_16/q4/paper_q4_n13_s960022/metrics.json
tuning,q4_radio_limit_16,q4,paper_q4_n13_s960023,73dcfb7bd5b9d70f599b93be4845294fd3878c2ff63f0ce9a93c9196c65cf773,960023,13,True,True,13,13,458.39937100935,5959.1918231215495,4311.1918231215495,1325.0,252.0,71.0,265,252,15,548f1d2750416795c542d41d20e65b33d94e57b3c7d6870dd82f047f36546132,"{""angle_bin"": 4.0, ""conditional_range"": true, ""crossbar"": true, ""crossbar_after_dark"": false, ""crossbar_fraction"": 0.25, ""crossbar_offset"": 0.03, ""crossbar_reference"": ""latest"", ""cumulative_cap"": 2, ""cumulative_points"": 0.0, ""directional"": false, ""drop_sites"": false, ""exact_insert"": true, ""initial_reflection"": false, ""initial_rotation_span"": 1.5707963267948966, ""initial_rotation_steps"": 12, ""near_clear_distance"": 50.0, ""near_clear_radius"": 20.0, ""negative_regions"": ""disk"", ""opportunistic"": false, ""opportunistic_candidates"": 3, ""opportunistic_distance"": 650.0, ""probe_offset"": 0.25, ""radio_limit"": 16, ""route"": ""joint"", ""route_estimate"": 0.5, ""route_mode"": ""backbone"", ""scan_current_first"": true, ""search_first"": false, ""share"": true, ""share_ratio"": 0.7, ""source_bias"": 0.0, ""station_inner"": 990.0, ""station_layout"": ""8_16"", ""station_spec"": [8, 12, 995, 1864, 0], ""stop_when_found16"": true, ""trial_radius"": 40.0}",tuning/q4_radio_limit_16/q4/paper_q4_n13_s960023/metrics.json
tuning,q4_radio_limit_16,q4,paper_q4_n13_s960024,38a2c0e44559dbf6344acd79eef98e5c0c198e7550ecca11e2c300bdd343b50c,960024,13,True,True,13,13,493.9868513969856,6421.829068160813,4688.829068160815,1400.0,265.0,68.0,280,265,14,548f1d2750416795c542d41d20e65b33d94e57b3c7d6870dd82f047f36546132,"{""angle_bin"": 4.0, ""conditional_range"": true, ""crossbar"": true, ""crossbar_after_dark"": false, ""crossbar_fraction"": 0.25, ""crossbar_offset"": 0.03, ""crossbar_reference"": ""latest"", ""cumulative_cap"": 2, ""cumulative_points"": 0.0, ""directional"": false, ""drop_sites"": false, ""exact_insert"": true, ""initial_reflection"": false, ""initial_rotation_span"": 1.5707963267948966, ""initial_rotation_steps"": 12, ""near_clear_distance"": 50.0, ""near_clear_radius"": 20.0, ""negative_regions"": ""disk"", ""opportunistic"": false, ""opportunistic_candidates"": 3, ""opportunistic_distance"": 650.0, ""probe_offset"": 0.25, ""radio_limit"": 16, ""route"": ""joint"", ""route_estimate"": 0.5, ""route_mode"": ""backbone"", ""scan_current_first"": true, ""search_first"": false, ""share"": true, ""share_ratio"": 0.7, ""source_bias"": 0.0, ""station_inner"": 990.0, ""station_layout"": ""8_16"", ""station_spec"": [8, 12, 995, 1864, 0], ""stop_when_found16"": true, ""trial_radius"": 40.0}",tuning/q4_radio_limit_16/q4/paper_q4_n13_s960024/metrics.json
tuning,q4_radio_limit_16,q4,paper_q4_n13_s960025,048e108d65551ab0d815c96c01cd3d5d06ef334c8d1a23e14df43cce56f36833,960025,13,True,True,13,13,456.1463630135661,5929.902719176359,4364.902719176358,1265.0,235.0,65.0,253,235,13,548f1d2750416795c542d41d20e65b33d94e57b3c7d6870dd82f047f36546132,"{""angle_bin"": 4.0, ""conditional_range"": true, ""crossbar"": true, ""crossbar_after_dark"": false, ""crossbar_fraction"": 0.25, ""crossbar_offset"": 0.03, ""crossbar_reference"": ""latest"", ""cumulative_cap"": 2, ""cumulative_points"": 0.0, ""directional"": false, ""drop_sites"": false, ""exact_insert"": true, ""initial_reflection"": false, ""initial_rotation_span"": 1.5707963267948966, ""initial_rotation_steps"": 12, ""near_clear_distance"": 50.0, ""near_clear_radius"": 20.0, ""negative_regions"": ""disk"", ""opportunistic"": false, ""opportunistic_candidates"": 3, ""opportunistic_distance"": 650.0, ""probe_offset"": 0.25, ""radio_limit"": 16, ""route"": ""joint"", ""route_estimate"": 0.5, ""route_mode"": ""backbone"", ""scan_current_first"": true, ""search_first"": false, ""share"": true, ""share_ratio"": 0.7, ""source_bias"": 0.0, ""station_inner"": 990.0, ""station_layout"": ""8_16"", ""station_spec"": [8, 12, 995, 1864, 0], ""stop_when_found16"": true, ""trial_radius"": 40.0}",tuning/q4_radio_limit_16/q4/paper_q4_n13_s960025/metrics.json
tuning,q4_radio_limit_16,q4,paper_q4_n13_s960026,19e7f6df43aaec88bc08bc8005282d6159bb14c2c0a93f1f0ad65f8ce416ef48,960026,13,True,True,13,13,434.87165250736564,5653.331482595753,4161.331482595754,1200.0,227.0,65.0,240,227,13,548f1d2750416795c542d41d20e65b33d94e57b3c7d6870dd82f047f36546132,"{""angle_bin"": 4.0, ""conditional_range"": true, ""crossbar"": true, ""crossbar_after_dark"": false, ""crossbar_fraction"": 0.25, ""crossbar_offset"": 0.03, ""crossbar_reference"": ""latest"", ""cumulative_cap"": 2, ""cumulative_points"": 0.0, ""directional"": false, ""drop_sites"": false, ""exact_insert"": true, ""initial_reflection"": false, ""initial_rotation_span"": 1.5707963267948966, ""initial_rotation_steps"": 12, ""near_clear_distance"": 50.0, ""near_clear_radius"": 20.0, ""negative_regions"": ""disk"", ""opportunistic"": false, ""opportunistic_candidates"": 3, ""opportunistic_distance"": 650.0, ""probe_offset"": 0.25, ""radio_limit"": 16, ""route"": ""joint"", ""route_estimate"": 0.5, ""route_mode"": ""backbone"", ""scan_current_first"": true, ""search_first"": false, ""share"": true, ""share_ratio"": 0.7, ""source_bias"": 0.0, ""station_inner"": 990.0, ""station_layout"": ""8_16"", ""station_spec"": [8, 12, 995, 1864, 0], ""stop_when_found16"": true, ""trial_radius"": 40.0}",tuning/q4_radio_limit_16/q4/paper_q4_n13_s960026/metrics.json
tuning,q4_radio_limit_16,q4,paper_q4_n13_s960027,756b70651e40049d1d338ebf6d75146bf5b18e91b20fc88cbda4ac3767c4cc82,960027,13,True,True,13,13,451.6862255347893,5871.920931952261,4138.920931952258,1400.0,268.0,65.0,280,268,13,548f1d2750416795c542d41d20e65b33d94e57b3c7d6870dd82f047f36546132,"{""angle_bin"": 4.0, ""conditional_range"": true, ""crossbar"": true, ""crossbar_after_dark"": false, ""crossbar_fraction"": 0.25, ""crossbar_offset"": 0.03, ""crossbar_reference"": ""latest"", ""cumulative_cap"": 2, ""cumulative_points"": 0.0, ""directional"": false, ""drop_sites"": false, ""exact_insert"": true, ""initial_reflection"": false, ""initial_rotation_span"": 1.5707963267948966, ""initial_rotation_steps"": 12, ""near_clear_distance"": 50.0, ""near_clear_radius"": 20.0, ""negative_regions"": ""disk"", ""opportunistic"": false, ""opportunistic_candidates"": 3, ""opportunistic_distance"": 650.0, ""probe_offset"": 0.25, ""radio_limit"": 16, ""route"": ""joint"", ""route_estimate"": 0.5, ""route_mode"": ""backbone"", ""scan_current_first"": true, ""search_first"": false, ""share"": true, ""share_ratio"": 0.7, ""source_bias"": 0.0, ""station_inner"": 990.0, ""station_layout"": ""8_16"", ""station_spec"": [8, 12, 995, 1864, 0], ""stop_when_found16"": true, ""trial_radius"": 40.0}",tuning/q4_radio_limit_16/q4/paper_q4_n13_s960027/metrics.json
tuning,q4_radio_limit_16,q4,paper_q4_n13_s960028,1a8375084c77bfd6f73b66fc971c48f37e193de3159b414cf57cdfcce8648805,960028,13,True,True,13,13,491.8190320350196,6393.647416455255,4720.647416455256,1345.0,257.0,71.0,269,257,15,548f1d2750416795c542d41d20e65b33d94e57b3c7d6870dd82f047f36546132,"{""angle_bin"": 4.0, ""conditional_range"": true, ""crossbar"": true, ""crossbar_after_dark"": false, ""crossbar_fraction"": 0.25, ""crossbar_offset"": 0.03, ""crossbar_reference"": ""latest"", ""cumulative_cap"": 2, ""cumulative_points"": 0.0, ""directional"": false, ""drop_sites"": false, ""exact_insert"": true, ""initial_reflection"": false, ""initial_rotation_span"": 1.5707963267948966, ""initial_rotation_steps"": 12, ""near_clear_distance"": 50.0, ""near_clear_radius"": 20.0, ""negative_regions"": ""disk"", ""opportunistic"": false, ""opportunistic_candidates"": 3, ""opportunistic_distance"": 650.0, ""probe_offset"": 0.25, ""radio_limit"": 16, ""route"": ""joint"", ""route_estimate"": 0.5, ""route_mode"": ""backbone"", ""scan_current_first"": true, ""search_first"": false, ""share"": true, ""share_ratio"": 0.7, ""source_bias"": 0.0, ""station_inner"": 990.0, ""station_layout"": ""8_16"", ""station_spec"": [8, 12, 995, 1864, 0], ""stop_when_found16"": true, ""trial_radius"": 40.0}",tuning/q4_radio_limit_16/q4/paper_q4_n13_s960028/metrics.json
tuning,q4_radio_limit_16,q4,paper_q4_n13_s960029,81ccaaef05b84e491cdb48b3651a5a43514aefca15ac5eea9707b55ffb00cb64,960029,13,True,True,13,13,444.9157388525545,5783.9046050832085,4311.9046050832085,1175.0,223.0,74.0,235,223,16,548f1d2750416795c542d41d20e65b33d94e57b3c7d6870dd82f047f36546132,"{""angle_bin"": 4.0, ""conditional_range"": true, ""crossbar"": true, ""crossbar_after_dark"": false, ""crossbar_fraction"": 0.25, ""crossbar_offset"": 0.03, ""crossbar_reference"": ""latest"", ""cumulative_cap"": 2, ""cumulative_points"": 0.0, ""directional"": false, ""drop_sites"": false, ""exact_insert"": true, ""initial_reflection"": false, ""initial_rotation_span"": 1.5707963267948966, ""initial_rotation_steps"": 12, ""near_clear_distance"": 50.0, ""near_clear_radius"": 20.0, ""negative_regions"": ""disk"", ""opportunistic"": false, ""opportunistic_candidates"": 3, ""opportunistic_distance"": 650.0, ""probe_offset"": 0.25, ""radio_limit"": 16, ""route"": ""joint"", ""route_estimate"": 0.5, ""route_mode"": ""backbone"", ""scan_current_first"": true, ""search_first"": false, ""share"": true, ""share_ratio"": 0.7, ""source_bias"": 0.0, ""station_inner"": 990.0, ""station_layout"": ""8_16"", ""station_spec"": [8, 12, 995, 1864, 0], ""stop_when_found16"": true, ""trial_radius"": 40.0}",tuning/q4_radio_limit_16/q4/paper_q4_n13_s960029/metrics.json
tuning,q4_radio_limit_8,q4,paper_q4_n13_s960020,63689f503f60656191968a1974085cfc37ec3314975d21949ae247d5f62750db,960020,13,True,True,13,13,451.3924257895027,5868.101535263535,4379.101535263535,1195.0,223.0,71.0,239,223,15,c230a91e485d37a45bb6a205047b5338eb53ad8c5818a8bbdc102413a7ba6ea2,"{""angle_bin"": 4.0, ""conditional_range"": true, ""crossbar"": true, ""crossbar_after_dark"": false, ""crossbar_fraction"": 0.25, ""crossbar_offset"": 0.03, ""crossbar_reference"": ""latest"", ""cumulative_cap"": 2, ""cumulative_points"": 0.0, ""directional"": false, ""drop_sites"": false, ""exact_insert"": true, ""initial_reflection"": false, ""initial_rotation_span"": 1.5707963267948966, ""initial_rotation_steps"": 12, ""near_clear_distance"": 50.0, ""near_clear_radius"": 20.0, ""negative_regions"": ""disk"", ""opportunistic"": false, ""opportunistic_candidates"": 3, ""opportunistic_distance"": 650.0, ""probe_offset"": 0.25, ""radio_limit"": 8, ""route"": ""joint"", ""route_estimate"": 0.5, ""route_mode"": ""backbone"", ""scan_current_first"": true, ""search_first"": false, ""share"": true, ""share_ratio"": 0.7, ""source_bias"": 0.0, ""station_inner"": 990.0, ""station_layout"": ""8_16"", ""station_spec"": [8, 12, 995, 1864, 0], ""stop_when_found16"": true, ""trial_radius"": 40.0}",tuning/q4_radio_limit_8/q4/paper_q4_n13_s960020/metrics.json
tuning,q4_radio_limit_8,q4,paper_q4_n13_s960021,da59a83f230a989a4389b3d0fb147032b3e9c24625898e5586587c3b08effa45,960021,13,True,True,13,13,445.2232780176595,5787.902614229573,4180.902614229574,1295.0,241.0,71.0,259,241,15,c230a91e485d37a45bb6a205047b5338eb53ad8c5818a8bbdc102413a7ba6ea2,"{""angle_bin"": 4.0, ""conditional_range"": true, ""crossbar"": true, ""crossbar_after_dark"": false, ""crossbar_fraction"": 0.25, ""crossbar_offset"": 0.03, ""crossbar_reference"": ""latest"", ""cumulative_cap"": 2, ""cumulative_points"": 0.0, ""directional"": false, ""drop_sites"": false, ""exact_insert"": true, ""initial_reflection"": false, ""initial_rotation_span"": 1.5707963267948966, ""initial_rotation_steps"": 12, ""near_clear_distance"": 50.0, ""near_clear_radius"": 20.0, ""negative_regions"": ""disk"", ""opportunistic"": false, ""opportunistic_candidates"": 3, ""opportunistic_distance"": 650.0, ""probe_offset"": 0.25, ""radio_limit"": 8, ""route"": ""joint"", ""route_estimate"": 0.5, ""route_mode"": ""backbone"", ""scan_current_first"": true, ""search_first"": false, ""share"": true, ""share_ratio"": 0.7, ""source_bias"": 0.0, ""station_inner"": 990.0, ""station_layout"": ""8_16"", ""station_spec"": [8, 12, 995, 1864, 0], ""stop_when_found16"": true, ""trial_radius"": 40.0}",tuning/q4_radio_limit_8/q4/paper_q4_n13_s960021/metrics.json
tuning,q4_radio_limit_8,q4,paper_q4_n13_s960022,b856934f7fd2c17614f85c9714257e6a75eef79290085964bc8a2abb30328a79,960022,13,True,True,13,13,484.73261747490955,6301.524027173824,4893.524027173825,1130.0,207.0,71.0,226,207,15,c230a91e485d37a45bb6a205047b5338eb53ad8c5818a8bbdc102413a7ba6ea2,"{""angle_bin"": 4.0, ""conditional_range"": true, ""crossbar"": true, ""crossbar_after_dark"": false, ""crossbar_fraction"": 0.25, ""crossbar_offset"": 0.03, ""crossbar_reference"": ""latest"", ""cumulative_cap"": 2, ""cumulative_points"": 0.0, ""directional"": false, ""drop_sites"": false, ""exact_insert"": true, ""initial_reflection"": false, ""initial_rotation_span"": 1.5707963267948966, ""initial_rotation_steps"": 12, ""near_clear_distance"": 50.0, ""near_clear_radius"": 20.0, ""negative_regions"": ""disk"", ""opportunistic"": false, ""opportunistic_candidates"": 3, ""opportunistic_distance"": 650.0, ""probe_offset"": 0.25, ""radio_limit"": 8, ""route"": ""joint"", ""route_estimate"": 0.5, ""route_mode"": ""backbone"", ""scan_current_first"": true, ""search_first"": false, ""share"": true, ""share_ratio"": 0.7, ""source_bias"": 0.0, ""station_inner"": 990.0, ""station_layout"": ""8_16"", ""station_spec"": [8, 12, 995, 1864, 0], ""stop_when_found16"": true, ""trial_radius"": 40.0}",tuning/q4_radio_limit_8/q4/paper_q4_n13_s960022/metrics.json
tuning,q4_radio_limit_8,q4,paper_q4_n13_s960023,73dcfb7bd5b9d70f599b93be4845294fd3878c2ff63f0ce9a93c9196c65cf773,960023,13,True,True,13,13,458.39937100935,5959.1918231215495,4311.1918231215495,1325.0,252.0,71.0,265,252,15,c230a91e485d37a45bb6a205047b5338eb53ad8c5818a8bbdc102413a7ba6ea2,"{""angle_bin"": 4.0, ""conditional_range"": true, ""crossbar"": true, ""crossbar_after_dark"": false, ""crossbar_fraction"": 0.25, ""crossbar_offset"": 0.03, ""crossbar_reference"": ""latest"", ""cumulative_cap"": 2, ""cumulative_points"": 0.0, ""directional"": false, ""drop_sites"": false, ""exact_insert"": true, ""initial_reflection"": false, ""initial_rotation_span"": 1.5707963267948966, ""initial_rotation_steps"": 12, ""near_clear_distance"": 50.0, ""near_clear_radius"": 20.0, ""negative_regions"": ""disk"", ""opportunistic"": false, ""opportunistic_candidates"": 3, ""opportunistic_distance"": 650.0, ""probe_offset"": 0.25, ""radio_limit"": 8, ""route"": ""joint"", ""route_estimate"": 0.5, ""route_mode"": ""backbone"", ""scan_current_first"": true, ""search_first"": false, ""share"": true, ""share_ratio"": 0.7, ""source_bias"": 0.0, ""station_inner"": 990.0, ""station_layout"": ""8_16"", ""station_spec"": [8, 12, 995, 1864, 0], ""stop_when_found16"": true, ""trial_radius"": 40.0}",tuning/q4_radio_limit_8/q4/paper_q4_n13_s960023/metrics.json
tuning,q4_radio_limit_8,q4,paper_q4_n13_s960024,38a2c0e44559dbf6344acd79eef98e5c0c198e7550ecca11e2c300bdd343b50c,960024,13,True,True,13,13,493.9868513969856,6421.829068160813,4688.829068160815,1400.0,265.0,68.0,280,265,14,c230a91e485d37a45bb6a205047b5338eb53ad8c5818a8bbdc102413a7ba6ea2,"{""angle_bin"": 4.0, ""conditional_range"": true, ""crossbar"": true, ""crossbar_after_dark"": false, ""crossbar_fraction"": 0.25, ""crossbar_offset"": 0.03, ""crossbar_reference"": ""latest"", ""cumulative_cap"": 2, ""cumulative_points"": 0.0, ""directional"": false, ""drop_sites"": false, ""exact_insert"": true, ""initial_reflection"": false, ""initial_rotation_span"": 1.5707963267948966, ""initial_rotation_steps"": 12, ""near_clear_distance"": 50.0, ""near_clear_radius"": 20.0, ""negative_regions"": ""disk"", ""opportunistic"": false, ""opportunistic_candidates"": 3, ""opportunistic_distance"": 650.0, ""probe_offset"": 0.25, ""radio_limit"": 8, ""route"": ""joint"", ""route_estimate"": 0.5, ""route_mode"": ""backbone"", ""scan_current_first"": true, ""search_first"": false, ""share"": true, ""share_ratio"": 0.7, ""source_bias"": 0.0, ""station_inner"": 990.0, ""station_layout"": ""8_16"", ""station_spec"": [8, 12, 995, 1864, 0], ""stop_when_found16"": true, ""trial_radius"": 40.0}",tuning/q4_radio_limit_8/q4/paper_q4_n13_s960024/metrics.json
tuning,q4_radio_limit_8,q4,paper_q4_n13_s960025,048e108d65551ab0d815c96c01cd3d5d06ef334c8d1a23e14df43cce56f36833,960025,13,True,True,13,13,456.1463630135661,5929.902719176359,4364.902719176358,1265.0,235.0,65.0,253,235,13,c230a91e485d37a45bb6a205047b5338eb53ad8c5818a8bbdc102413a7ba6ea2,"{""angle_bin"": 4.0, ""conditional_range"": true, ""crossbar"": true, ""crossbar_after_dark"": false, ""crossbar_fraction"": 0.25, ""crossbar_offset"": 0.03, ""crossbar_reference"": ""latest"", ""cumulative_cap"": 2, ""cumulative_points"": 0.0, ""directional"": false, ""drop_sites"": false, ""exact_insert"": true, ""initial_reflection"": false, ""initial_rotation_span"": 1.5707963267948966, ""initial_rotation_steps"": 12, ""near_clear_distance"": 50.0, ""near_clear_radius"": 20.0, ""negative_regions"": ""disk"", ""opportunistic"": false, ""opportunistic_candidates"": 3, ""opportunistic_distance"": 650.0, ""probe_offset"": 0.25, ""radio_limit"": 8, ""route"": ""joint"", ""route_estimate"": 0.5, ""route_mode"": ""backbone"", ""scan_current_first"": true, ""search_first"": false, ""share"": true, ""share_ratio"": 0.7, ""source_bias"": 0.0, ""station_inner"": 990.0, ""station_layout"": ""8_16"", ""station_spec"": [8, 12, 995, 1864, 0], ""stop_when_found16"": true, ""trial_radius"": 40.0}",tuning/q4_radio_limit_8/q4/paper_q4_n13_s960025/metrics.json
tuning,q4_radio_limit_8,q4,paper_q4_n13_s960026,19e7f6df43aaec88bc08bc8005282d6159bb14c2c0a93f1f0ad65f8ce416ef48,960026,13,True,True,13,13,434.87165250736564,5653.331482595753,4161.331482595754,1200.0,227.0,65.0,240,227,13,c230a91e485d37a45bb6a205047b5338eb53ad8c5818a8bbdc102413a7ba6ea2,"{""angle_bin"": 4.0, ""conditional_range"": true, ""crossbar"": true, ""crossbar_after_dark"": false, ""crossbar_fraction"": 0.25, ""crossbar_offset"": 0.03, ""crossbar_reference"": ""latest"", ""cumulative_cap"": 2, ""cumulative_points"": 0.0, ""directional"": false, ""drop_sites"": false, ""exact_insert"": true, ""initial_reflection"": false, ""initial_rotation_span"": 1.5707963267948966, ""initial_rotation_steps"": 12, ""near_clear_distance"": 50.0, ""near_clear_radius"": 20.0, ""negative_regions"": ""disk"", ""opportunistic"": false, ""opportunistic_candidates"": 3, ""opportunistic_distance"": 650.0, ""probe_offset"": 0.25, ""radio_limit"": 8, ""route"": ""joint"", ""route_estimate"": 0.5, ""route_mode"": ""backbone"", ""scan_current_first"": true, ""search_first"": false, ""share"": true, ""share_ratio"": 0.7, ""source_bias"": 0.0, ""station_inner"": 990.0, ""station_layout"": ""8_16"", ""station_spec"": [8, 12, 995, 1864, 0], ""stop_when_found16"": true, ""trial_radius"": 40.0}",tuning/q4_radio_limit_8/q4/paper_q4_n13_s960026/metrics.json
tuning,q4_radio_limit_8,q4,paper_q4_n13_s960027,756b70651e40049d1d338ebf6d75146bf5b18e91b20fc88cbda4ac3767c4cc82,960027,13,True,True,13,13,451.6862255347893,5871.920931952261,4138.920931952258,1400.0,268.0,65.0,280,268,13,c230a91e485d37a45bb6a205047b5338eb53ad8c5818a8bbdc102413a7ba6ea2,"{""angle_bin"": 4.0, ""conditional_range"": true, ""crossbar"": true, ""crossbar_after_dark"": false, ""crossbar_fraction"": 0.25, ""crossbar_offset"": 0.03, ""crossbar_reference"": ""latest"", ""cumulative_cap"": 2, ""cumulative_points"": 0.0, ""directional"": false, ""drop_sites"": false, ""exact_insert"": true, ""initial_reflection"": false, ""initial_rotation_span"": 1.5707963267948966, ""initial_rotation_steps"": 12, ""near_clear_distance"": 50.0, ""near_clear_radius"": 20.0, ""negative_regions"": ""disk"", ""opportunistic"": false, ""opportunistic_candidates"": 3, ""opportunistic_distance"": 650.0, ""probe_offset"": 0.25, ""radio_limit"": 8, ""route"": ""joint"", ""route_estimate"": 0.5, ""route_mode"": ""backbone"", ""scan_current_first"": true, ""search_first"": false, ""share"": true, ""share_ratio"": 0.7, ""source_bias"": 0.0, ""station_inner"": 990.0, ""station_layout"": ""8_16"", ""station_spec"": [8, 12, 995, 1864, 0], ""stop_when_found16"": true, ""trial_radius"": 40.0}",tuning/q4_radio_limit_8/q4/paper_q4_n13_s960027/metrics.json
tuning,q4_radio_limit_8,q4,paper_q4_n13_s960028,1a8375084c77bfd6f73b66fc971c48f37e193de3159b414cf57cdfcce8648805,960028,13,True,True,13,13,491.8190320350196,6393.647416455255,4720.647416455256,1345.0,257.0,71.0,269,257,15,c230a91e485d37a45bb6a205047b5338eb53ad8c5818a8bbdc102413a7ba6ea2,"{""angle_bin"": 4.0, ""conditional_range"": true, ""crossbar"": true, ""crossbar_after_dark"": false, ""crossbar_fraction"": 0.25, ""crossbar_offset"": 0.03, ""crossbar_reference"": ""latest"", ""cumulative_cap"": 2, ""cumulative_points"": 0.0, ""directional"": false, ""drop_sites"": false, ""exact_insert"": true, ""initial_reflection"": false, ""initial_rotation_span"": 1.5707963267948966, ""initial_rotation_steps"": 12, ""near_clear_distance"": 50.0, ""near_clear_radius"": 20.0, ""negative_regions"": ""disk"", ""opportunistic"": false, ""opportunistic_candidates"": 3, ""opportunistic_distance"": 650.0, ""probe_offset"": 0.25, ""radio_limit"": 8, ""route"": ""joint"", ""route_estimate"": 0.5, ""route_mode"": ""backbone"", ""scan_current_first"": true, ""search_first"": false, ""share"": true, ""share_ratio"": 0.7, ""source_bias"": 0.0, ""station_inner"": 990.0, ""station_layout"": ""8_16"", ""station_spec"": [8, 12, 995, 1864, 0], ""stop_when_found16"": true, ""trial_radius"": 40.0}",tuning/q4_radio_limit_8/q4/paper_q4_n13_s960028/metrics.json
tuning,q4_radio_limit_8,q4,paper_q4_n13_s960029,81ccaaef05b84e491cdb48b3651a5a43514aefca15ac5eea9707b55ffb00cb64,960029,13,True,True,13,13,444.9157388525545,5783.9046050832085,4311.9046050832085,1175.0,223.0,74.0,235,223,16,c230a91e485d37a45bb6a205047b5338eb53ad8c5818a8bbdc102413a7ba6ea2,"{""angle_bin"": 4.0, ""conditional_range"": true, ""crossbar"": true, ""crossbar_after_dark"": false, ""crossbar_fraction"": 0.25, ""crossbar_offset"": 0.03, ""crossbar_reference"": ""latest"", ""cumulative_cap"": 2, ""cumulative_points"": 0.0, ""directional"": false, ""drop_sites"": false, ""exact_insert"": true, ""initial_reflection"": false, ""initial_rotation_span"": 1.5707963267948966, ""initial_rotation_steps"": 12, ""near_clear_distance"": 50.0, ""near_clear_radius"": 20.0, ""negative_regions"": ""disk"", ""opportunistic"": false, ""opportunistic_candidates"": 3, ""opportunistic_distance"": 650.0, ""probe_offset"": 0.25, ""radio_limit"": 8, ""route"": ""joint"", ""route_estimate"": 0.5, ""route_mode"": ""backbone"", ""scan_current_first"": true, ""search_first"": false, ""share"": true, ""share_ratio"": 0.7, ""source_bias"": 0.0, ""station_inner"": 990.0, ""station_layout"": ""8_16"", ""station_spec"": [8, 12, 995, 1864, 0], ""stop_when_found16"": true, ""trial_radius"": 40.0}",tuning/q4_radio_limit_8/q4/paper_q4_n13_s960029/metrics.json
tuning,q4_trial_radius_20p0,q4,paper_q4_n13_s960020,63689f503f60656191968a1974085cfc37ec3314975d21949ae247d5f62750db,960020,13,True,True,13,13,457.13995938510203,5942.819472006327,4404.8194720063275,1245.0,228.0,65.0,249,228,13,d8211dcb924f56a4393693c56bc0a99de3fbc6c8af243b0ebcb521a3e009b1d7,"{""angle_bin"": 4.0, ""conditional_range"": true, ""crossbar"": true, ""crossbar_after_dark"": false, ""crossbar_fraction"": 0.25, ""crossbar_offset"": 0.03, ""crossbar_reference"": ""latest"", ""cumulative_cap"": 2, ""cumulative_points"": 0.0, ""directional"": false, ""drop_sites"": false, ""exact_insert"": true, ""initial_reflection"": false, ""initial_rotation_span"": 1.5707963267948966, ""initial_rotation_steps"": 12, ""near_clear_distance"": 50.0, ""near_clear_radius"": 20.0, ""negative_regions"": ""disk"", ""opportunistic"": false, ""opportunistic_candidates"": 3, ""opportunistic_distance"": 650.0, ""probe_offset"": 0.25, ""radio_limit"": 12, ""route"": ""joint"", ""route_estimate"": 0.5, ""route_mode"": ""backbone"", ""scan_current_first"": true, ""search_first"": false, ""share"": true, ""share_ratio"": 0.7, ""source_bias"": 0.0, ""station_inner"": 990.0, ""station_layout"": ""8_16"", ""station_spec"": [8, 12, 995, 1864, 0], ""stop_when_found16"": true, ""trial_radius"": 20.0}",tuning/q4_trial_radius_20p0/q4/paper_q4_n13_s960020/metrics.json
tuning,q4_trial_radius_20p0,q4,paper_q4_n13_s960021,da59a83f230a989a4389b3d0fb147032b3e9c24625898e5586587c3b08effa45,960021,13,True,True,13,13,448.0825905683016,5825.073677387921,4186.073677387922,1330.0,244.0,65.0,266,244,13,d8211dcb924f56a4393693c56bc0a99de3fbc6c8af243b0ebcb521a3e009b1d7,"{""angle_bin"": 4.0, ""conditional_range"": true, ""crossbar"": true, ""crossbar_after_dark"": false, ""crossbar_fraction"": 0.25, ""crossbar_offset"": 0.03, ""crossbar_reference"": ""latest"", ""cumulative_cap"": 2, ""cumulative_points"": 0.0, ""directional"": false, ""drop_sites"": false, ""exact_insert"": true, ""initial_reflection"": false, ""initial_rotation_span"": 1.5707963267948966, ""initial_rotation_steps"": 12, ""near_clear_distance"": 50.0, ""near_clear_radius"": 20.0, ""negative_regions"": ""disk"", ""opportunistic"": false, ""opportunistic_candidates"": 3, ""opportunistic_distance"": 650.0, ""probe_offset"": 0.25, ""radio_limit"": 12, ""route"": ""joint"", ""route_estimate"": 0.5, ""route_mode"": ""backbone"", ""scan_current_first"": true, ""search_first"": false, ""share"": true, ""share_ratio"": 0.7, ""source_bias"": 0.0, ""station_inner"": 990.0, ""station_layout"": ""8_16"", ""station_spec"": [8, 12, 995, 1864, 0], ""stop_when_found16"": true, ""trial_radius"": 20.0}",tuning/q4_trial_radius_20p0/q4/paper_q4_n13_s960021/metrics.json
tuning,q4_trial_radius_20p0,q4,paper_q4_n13_s960022,b856934f7fd2c17614f85c9714257e6a75eef79290085964bc8a2abb30328a79,960022,13,True,True,13,13,486.58029045006566,6325.543775850853,4896.543775850855,1155.0,209.0,65.0,231,209,13,d8211dcb924f56a4393693c56bc0a99de3fbc6c8af243b0ebcb521a3e009b1d7,"{""angle_bin"": 4.0, ""conditional_range"": true, ""crossbar"": true, ""crossbar_after_dark"": false, ""crossbar_fraction"": 0.25, ""crossbar_offset"": 0.03, ""crossbar_reference"": ""latest"", ""cumulative_cap"": 2, ""cumulative_points"": 0.0, ""directional"": false, ""drop_sites"": false, ""exact_insert"": true, ""initial_reflection"": false, ""initial_rotation_span"": 1.5707963267948966, ""initial_rotation_steps"": 12, ""near_clear_distance"": 50.0, ""near_clear_radius"": 20.0, ""negative_regions"": ""disk"", ""opportunistic"": false, ""opportunistic_candidates"": 3, ""opportunistic_distance"": 650.0, ""probe_offset"": 0.25, ""radio_limit"": 12, ""route"": ""joint"", ""route_estimate"": 0.5, ""route_mode"": ""backbone"", ""scan_current_first"": true, ""search_first"": false, ""share"": true, ""share_ratio"": 0.7, ""source_bias"": 0.0, ""station_inner"": 990.0, ""station_layout"": ""8_16"", ""station_spec"": [8, 12, 995, 1864, 0], ""stop_when_found16"": true, ""trial_radius"": 20.0}",tuning/q4_trial_radius_20p0/q4/paper_q4_n13_s960022/metrics.json
tuning,q4_trial_radius_20p0,q4,paper_q4_n13_s960023,73dcfb7bd5b9d70f599b93be4845294fd3878c2ff63f0ce9a93c9196c65cf773,960023,13,True,True,13,13,461.69547928729907,6002.041230734888,4323.041230734886,1360.0,254.0,65.0,272,254,13,d8211dcb924f56a4393693c56bc0a99de3fbc6c8af243b0ebcb521a3e009b1d7,"{""angle_bin"": 4.0, ""conditional_range"": true, ""crossbar"": true, ""crossbar_after_dark"": false, ""crossbar_fraction"": 0.25, ""crossbar_offset"": 0.03, ""crossbar_reference"": ""latest"", ""cumulative_cap"": 2, ""cumulative_points"": 0.0, ""directional"": false, ""drop_sites"": false, ""exact_insert"": true, ""initial_reflection"": false, ""initial_rotation_span"": 1.5707963267948966, ""initial_rotation_steps"": 12, ""near_clear_distance"": 50.0, ""near_clear_radius"": 20.0, ""negative_regions"": ""disk"", ""opportunistic"": false, ""opportunistic_candidates"": 3, ""opportunistic_distance"": 650.0, ""probe_offset"": 0.25, ""radio_limit"": 12, ""route"": ""joint"", ""route_estimate"": 0.5, ""route_mode"": ""backbone"", ""scan_current_first"": true, ""search_first"": false, ""share"": true, ""share_ratio"": 0.7, ""source_bias"": 0.0, ""station_inner"": 990.0, ""station_layout"": ""8_16"", ""station_spec"": [8, 12, 995, 1864, 0], ""stop_when_found16"": true, ""trial_radius"": 20.0}",tuning/q4_trial_radius_20p0/q4/paper_q4_n13_s960023/metrics.json
tuning,q4_trial_radius_20p0,q4,paper_q4_n13_s960024,38a2c0e44559dbf6344acd79eef98e5c0c198e7550ecca11e2c300bdd343b50c,960024,13,True,True,13,13,499.76549224120055,6496.951399135607,4711.951399135608,1450.0,270.0,65.0,290,270,13,d8211dcb924f56a4393693c56bc0a99de3fbc6c8af243b0ebcb521a3e009b1d7,"{""angle_bin"": 4.0, ""conditional_range"": true, ""crossbar"": true, ""crossbar_after_dark"": false, ""crossbar_fraction"": 0.25, ""crossbar_offset"": 0.03, ""crossbar_reference"": ""latest"", ""cumulative_cap"": 2, ""cumulative_points"": 0.0, ""directional"": false, ""drop_sites"": false, ""exact_insert"": true, ""initial_reflection"": false, ""initial_rotation_span"": 1.5707963267948966, ""initial_rotation_steps"": 12, ""near_clear_distance"": 50.0, ""near_clear_radius"": 20.0, ""negative_regions"": ""disk"", ""opportunistic"": false, ""opportunistic_candidates"": 3, ""opportunistic_distance"": 650.0, ""probe_offset"": 0.25, ""radio_limit"": 12, ""route"": ""joint"", ""route_estimate"": 0.5, ""route_mode"": ""backbone"", ""scan_current_first"": true, ""search_first"": false, ""share"": true, ""share_ratio"": 0.7, ""source_bias"": 0.0, ""station_inner"": 990.0, ""station_layout"": ""8_16"", ""station_spec"": [8, 12, 995, 1864, 0], ""stop_when_found16"": true, ""trial_radius"": 20.0}",tuning/q4_trial_radius_20p0/q4/paper_q4_n13_s960024/metrics.json
tuning,q4_trial_radius_20p0,q4,paper_q4_n13_s960025,048e108d65551ab0d815c96c01cd3d5d06ef334c8d1a23e14df43cce56f36833,960025,13,True,True,13,13,459.275024786923,5970.575322229999,4382.57532223,1285.0,238.0,65.0,257,238,13,d8211dcb924f56a4393693c56bc0a99de3fbc6c8af243b0ebcb521a3e009b1d7,"{""angle_bin"": 4.0, ""conditional_range"": true, ""crossbar"": true, ""crossbar_after_dark"": false, ""crossbar_fraction"": 0.25, ""crossbar_offset"": 0.03, ""crossbar_reference"": ""latest"", ""cumulative_cap"": 2, ""cumulative_points"": 0.0, ""directional"": false, ""drop_sites"": false, ""exact_insert"": true, ""initial_reflection"": false, ""initial_rotation_span"": 1.5707963267948966, ""initial_rotation_steps"": 12, ""near_clear_distance"": 50.0, ""near_clear_radius"": 20.0, ""negative_regions"": ""disk"", ""opportunistic"": false, ""opportunistic_candidates"": 3, ""opportunistic_distance"": 650.0, ""probe_offset"": 0.25, ""radio_limit"": 12, ""route"": ""joint"", ""route_estimate"": 0.5, ""route_mode"": ""backbone"", ""scan_current_first"": true, ""search_first"": false, ""share"": true, ""share_ratio"": 0.7, ""source_bias"": 0.0, ""station_inner"": 990.0, ""station_layout"": ""8_16"", ""station_spec"": [8, 12, 995, 1864, 0], ""stop_when_found16"": true, ""trial_radius"": 20.0}",tuning/q4_trial_radius_20p0/q4/paper_q4_n13_s960025/metrics.json
tuning,q4_trial_radius_20p0,q4,paper_q4_n13_s960026,19e7f6df43aaec88bc08bc8005282d6159bb14c2c0a93f1f0ad65f8ce416ef48,960026,13,True,True,13,13,436.7180995819692,5677.3352945656,4169.3352945656,1215.0,228.0,65.0,243,228,13,d8211dcb924f56a4393693c56bc0a99de3fbc6c8af243b0ebcb521a3e009b1d7,"{""angle_bin"": 4.0, ""conditional_range"": true, ""crossbar"": true, ""crossbar_after_dark"": false, ""crossbar_fraction"": 0.25, ""crossbar_offset"": 0.03, ""crossbar_reference"": ""latest"", ""cumulative_cap"": 2, ""cumulative_points"": 0.0, ""directional"": false, ""drop_sites"": false, ""exact_insert"": true, ""initial_reflection"": false, ""initial_rotation_span"": 1.5707963267948966, ""initial_rotation_steps"": 12, ""near_clear_distance"": 50.0, ""near_clear_radius"": 20.0, ""negative_regions"": ""disk"", ""opportunistic"": false, ""opportunistic_candidates"": 3, ""opportunistic_distance"": 650.0, ""probe_offset"": 0.25, ""radio_limit"": 12, ""route"": ""joint"", ""route_estimate"": 0.5, ""route_mode"": ""backbone"", ""scan_current_first"": true, ""search_first"": false, ""share"": true, ""share_ratio"": 0.7, ""source_bias"": 0.0, ""station_inner"": 990.0, ""station_layout"": ""8_16"", ""station_spec"": [8, 12, 995, 1864, 0], ""stop_when_found16"": true, ""trial_radius"": 20.0}",tuning/q4_trial_radius_20p0/q4/paper_q4_n13_s960026/metrics.json
tuning,q4_trial_radius_20p0,q4,paper_q4_n13_s960027,756b70651e40049d1d338ebf6d75146bf5b18e91b20fc88cbda4ac3767c4cc82,960027,13,True,True,13,13,454.6357603407119,5910.264884429254,4152.264884429256,1425.0,268.0,65.0,285,268,13,d8211dcb924f56a4393693c56bc0a99de3fbc6c8af243b0ebcb521a3e009b1d7,"{""angle_bin"": 4.0, ""conditional_range"": true, ""crossbar"": true, ""crossbar_after_dark"": false, ""crossbar_fraction"": 0.25, ""crossbar_offset"": 0.03, ""crossbar_reference"": ""latest"", ""cumulative_cap"": 2, ""cumulative_points"": 0.0, ""directional"": false, ""drop_sites"": false, ""exact_insert"": true, ""initial_reflection"": false, ""initial_rotation_span"": 1.5707963267948966, ""initial_rotation_steps"": 12, ""near_clear_distance"": 50.0, ""near_clear_radius"": 20.0, ""negative_regions"": ""disk"", ""opportunistic"": false, ""opportunistic_candidates"": 3, ""opportunistic_distance"": 650.0, ""probe_offset"": 0.25, ""radio_limit"": 12, ""route"": ""joint"", ""route_estimate"": 0.5, ""route_mode"": ""backbone"", ""scan_current_first"": true, ""search_first"": false, ""share"": true, ""share_ratio"": 0.7, ""source_bias"": 0.0, ""station_inner"": 990.0, ""station_layout"": ""8_16"", ""station_spec"": [8, 12, 995, 1864, 0], ""stop_when_found16"": true, ""trial_radius"": 20.0}",tuning/q4_trial_radius_20p0/q4/paper_q4_n13_s960027/metrics.json
tuning,q4_trial_radius_20p0,q4,paper_q4_n13_s960028,1a8375084c77bfd6f73b66fc971c48f37e193de3159b414cf57cdfcce8648805,960028,13,True,True,13,13,495.315850052016,6439.106050676208,4727.106050676209,1390.0,257.0,65.0,278,257,13,d8211dcb924f56a4393693c56bc0a99de3fbc6c8af243b0ebcb521a3e009b1d7,"{""angle_bin"": 4.0, ""conditional_range"": true, ""crossbar"": true, ""crossbar_after_dark"": false, ""crossbar_fraction"": 0.25, ""crossbar_offset"": 0.03, ""crossbar_reference"": ""latest"", ""cumulative_cap"": 2, ""cumulative_points"": 0.0, ""directional"": false, ""drop_sites"": false, ""exact_insert"": true, ""initial_reflection"": false, ""initial_rotation_span"": 1.5707963267948966, ""initial_rotation_steps"": 12, ""near_clear_distance"": 50.0, ""near_clear_radius"": 20.0, ""negative_regions"": ""disk"", ""opportunistic"": false, ""opportunistic_candidates"": 3, ""opportunistic_distance"": 650.0, ""probe_offset"": 0.25, ""radio_limit"": 12, ""route"": ""joint"", ""route_estimate"": 0.5, ""route_mode"": ""backbone"", ""scan_current_first"": true, ""search_first"": false, ""share"": true, ""share_ratio"": 0.7, ""source_bias"": 0.0, ""station_inner"": 990.0, ""station_layout"": ""8_16"", ""station_spec"": [8, 12, 995, 1864, 0], ""stop_when_found16"": true, ""trial_radius"": 20.0}",tuning/q4_trial_radius_20p0/q4/paper_q4_n13_s960028/metrics.json
tuning,q4_trial_radius_20p0,q4,paper_q4_n13_s960029,81ccaaef05b84e491cdb48b3651a5a43514aefca15ac5eea9707b55ffb00cb64,960029,13,True,True,13,13,450.3219218412793,5854.1849839366305,4322.1849839366305,1240.0,227.0,65.0,248,227,13,d8211dcb924f56a4393693c56bc0a99de3fbc6c8af243b0ebcb521a3e009b1d7,"{""angle_bin"": 4.0, ""conditional_range"": true, ""crossbar"": true, ""crossbar_after_dark"": false, ""crossbar_fraction"": 0.25, ""crossbar_offset"": 0.03, ""crossbar_reference"": ""latest"", ""cumulative_cap"": 2, ""cumulative_points"": 0.0, ""directional"": false, ""drop_sites"": false, ""exact_insert"": true, ""initial_reflection"": false, ""initial_rotation_span"": 1.5707963267948966, ""initial_rotation_steps"": 12, ""near_clear_distance"": 50.0, ""near_clear_radius"": 20.0, ""negative_regions"": ""disk"", ""opportunistic"": false, ""opportunistic_candidates"": 3, ""opportunistic_distance"": 650.0, ""probe_offset"": 0.25, ""radio_limit"": 12, ""route"": ""joint"", ""route_estimate"": 0.5, ""route_mode"": ""backbone"", ""scan_current_first"": true, ""search_first"": false, ""share"": true, ""share_ratio"": 0.7, ""source_bias"": 0.0, ""station_inner"": 990.0, ""station_layout"": ""8_16"", ""station_spec"": [8, 12, 995, 1864, 0], ""stop_when_found16"": true, ""trial_radius"": 20.0}",tuning/q4_trial_radius_20p0/q4/paper_q4_n13_s960029/metrics.json
tuning,q4_trial_radius_40p0,q4,paper_q4_n13_s960020,63689f503f60656191968a1974085cfc37ec3314975d21949ae247d5f62750db,960020,13,True,True,13,13,451.3924257895027,5868.101535263535,4379.101535263535,1195.0,223.0,71.0,239,223,15,afdc6cdd1944b0f85ad1535a00539758f1b47104261f720693ac0ead3d2f31ad,"{""angle_bin"": 4.0, ""conditional_range"": true, ""crossbar"": true, ""crossbar_after_dark"": false, ""crossbar_fraction"": 0.25, ""crossbar_offset"": 0.03, ""crossbar_reference"": ""latest"", ""cumulative_cap"": 2, ""cumulative_points"": 0.0, ""directional"": false, ""drop_sites"": false, ""exact_insert"": true, ""initial_reflection"": false, ""initial_rotation_span"": 1.5707963267948966, ""initial_rotation_steps"": 12, ""near_clear_distance"": 50.0, ""near_clear_radius"": 20.0, ""negative_regions"": ""disk"", ""opportunistic"": false, ""opportunistic_candidates"": 3, ""opportunistic_distance"": 650.0, ""probe_offset"": 0.25, ""radio_limit"": 12, ""route"": ""joint"", ""route_estimate"": 0.5, ""route_mode"": ""backbone"", ""scan_current_first"": true, ""search_first"": false, ""share"": true, ""share_ratio"": 0.7, ""source_bias"": 0.0, ""station_inner"": 990.0, ""station_layout"": ""8_16"", ""station_spec"": [8, 12, 995, 1864, 0], ""stop_when_found16"": true, ""trial_radius"": 40.0}",tuning/q4_trial_radius_40p0/q4/paper_q4_n13_s960020/metrics.json
tuning,q4_trial_radius_40p0,q4,paper_q4_n13_s960021,da59a83f230a989a4389b3d0fb147032b3e9c24625898e5586587c3b08effa45,960021,13,True,True,13,13,445.2232780176595,5787.902614229573,4180.902614229574,1295.0,241.0,71.0,259,241,15,afdc6cdd1944b0f85ad1535a00539758f1b47104261f720693ac0ead3d2f31ad,"{""angle_bin"": 4.0, ""conditional_range"": true, ""crossbar"": true, ""crossbar_after_dark"": false, ""crossbar_fraction"": 0.25, ""crossbar_offset"": 0.03, ""crossbar_reference"": ""latest"", ""cumulative_cap"": 2, ""cumulative_points"": 0.0, ""directional"": false, ""drop_sites"": false, ""exact_insert"": true, ""initial_reflection"": false, ""initial_rotation_span"": 1.5707963267948966, ""initial_rotation_steps"": 12, ""near_clear_distance"": 50.0, ""near_clear_radius"": 20.0, ""negative_regions"": ""disk"", ""opportunistic"": false, ""opportunistic_candidates"": 3, ""opportunistic_distance"": 650.0, ""probe_offset"": 0.25, ""radio_limit"": 12, ""route"": ""joint"", ""route_estimate"": 0.5, ""route_mode"": ""backbone"", ""scan_current_first"": true, ""search_first"": false, ""share"": true, ""share_ratio"": 0.7, ""source_bias"": 0.0, ""station_inner"": 990.0, ""station_layout"": ""8_16"", ""station_spec"": [8, 12, 995, 1864, 0], ""stop_when_found16"": true, ""trial_radius"": 40.0}",tuning/q4_trial_radius_40p0/q4/paper_q4_n13_s960021/metrics.json
tuning,q4_trial_radius_40p0,q4,paper_q4_n13_s960022,b856934f7fd2c17614f85c9714257e6a75eef79290085964bc8a2abb30328a79,960022,13,True,True,13,13,484.73261747490955,6301.524027173824,4893.524027173825,1130.0,207.0,71.0,226,207,15,afdc6cdd1944b0f85ad1535a00539758f1b47104261f720693ac0ead3d2f31ad,"{""angle_bin"": 4.0, ""conditional_range"": true, ""crossbar"": true, ""crossbar_after_dark"": false, ""crossbar_fraction"": 0.25, ""crossbar_offset"": 0.03, ""crossbar_reference"": ""latest"", ""cumulative_cap"": 2, ""cumulative_points"": 0.0, ""directional"": false, ""drop_sites"": false, ""exact_insert"": true, ""initial_reflection"": false, ""initial_rotation_span"": 1.5707963267948966, ""initial_rotation_steps"": 12, ""near_clear_distance"": 50.0, ""near_clear_radius"": 20.0, ""negative_regions"": ""disk"", ""opportunistic"": false, ""opportunistic_candidates"": 3, ""opportunistic_distance"": 650.0, ""probe_offset"": 0.25, ""radio_limit"": 12, ""route"": ""joint"", ""route_estimate"": 0.5, ""route_mode"": ""backbone"", ""scan_current_first"": true, ""search_first"": false, ""share"": true, ""share_ratio"": 0.7, ""source_bias"": 0.0, ""station_inner"": 990.0, ""station_layout"": ""8_16"", ""station_spec"": [8, 12, 995, 1864, 0], ""stop_when_found16"": true, ""trial_radius"": 40.0}",tuning/q4_trial_radius_40p0/q4/paper_q4_n13_s960022/metrics.json
tuning,q4_trial_radius_40p0,q4,paper_q4_n13_s960023,73dcfb7bd5b9d70f599b93be4845294fd3878c2ff63f0ce9a93c9196c65cf773,960023,13,True,True,13,13,458.39937100935,5959.1918231215495,4311.1918231215495,1325.0,252.0,71.0,265,252,15,afdc6cdd1944b0f85ad1535a00539758f1b47104261f720693ac0ead3d2f31ad,"{""angle_bin"": 4.0, ""conditional_range"": true, ""crossbar"": true, ""crossbar_after_dark"": false, ""crossbar_fraction"": 0.25, ""crossbar_offset"": 0.03, ""crossbar_reference"": ""latest"", ""cumulative_cap"": 2, ""cumulative_points"": 0.0, ""directional"": false, ""drop_sites"": false, ""exact_insert"": true, ""initial_reflection"": false, ""initial_rotation_span"": 1.5707963267948966, ""initial_rotation_steps"": 12, ""near_clear_distance"": 50.0, ""near_clear_radius"": 20.0, ""negative_regions"": ""disk"", ""opportunistic"": false, ""opportunistic_candidates"": 3, ""opportunistic_distance"": 650.0, ""probe_offset"": 0.25, ""radio_limit"": 12, ""route"": ""joint"", ""route_estimate"": 0.5, ""route_mode"": ""backbone"", ""scan_current_first"": true, ""search_first"": false, ""share"": true, ""share_ratio"": 0.7, ""source_bias"": 0.0, ""station_inner"": 990.0, ""station_layout"": ""8_16"", ""station_spec"": [8, 12, 995, 1864, 0], ""stop_when_found16"": true, ""trial_radius"": 40.0}",tuning/q4_trial_radius_40p0/q4/paper_q4_n13_s960023/metrics.json
tuning,q4_trial_radius_40p0,q4,paper_q4_n13_s960024,38a2c0e44559dbf6344acd79eef98e5c0c198e7550ecca11e2c300bdd343b50c,960024,13,True,True,13,13,493.9868513969856,6421.829068160813,4688.829068160815,1400.0,265.0,68.0,280,265,14,afdc6cdd1944b0f85ad1535a00539758f1b47104261f720693ac0ead3d2f31ad,"{""angle_bin"": 4.0, ""conditional_range"": true, ""crossbar"": true, ""crossbar_after_dark"": false, ""crossbar_fraction"": 0.25, ""crossbar_offset"": 0.03, ""crossbar_reference"": ""latest"", ""cumulative_cap"": 2, ""cumulative_points"": 0.0, ""directional"": false, ""drop_sites"": false, ""exact_insert"": true, ""initial_reflection"": false, ""initial_rotation_span"": 1.5707963267948966, ""initial_rotation_steps"": 12, ""near_clear_distance"": 50.0, ""near_clear_radius"": 20.0, ""negative_regions"": ""disk"", ""opportunistic"": false, ""opportunistic_candidates"": 3, ""opportunistic_distance"": 650.0, ""probe_offset"": 0.25, ""radio_limit"": 12, ""route"": ""joint"", ""route_estimate"": 0.5, ""route_mode"": ""backbone"", ""scan_current_first"": true, ""search_first"": false, ""share"": true, ""share_ratio"": 0.7, ""source_bias"": 0.0, ""station_inner"": 990.0, ""station_layout"": ""8_16"", ""station_spec"": [8, 12, 995, 1864, 0], ""stop_when_found16"": true, ""trial_radius"": 40.0}",tuning/q4_trial_radius_40p0/q4/paper_q4_n13_s960024/metrics.json
tuning,q4_trial_radius_40p0,q4,paper_q4_n13_s960025,048e108d65551ab0d815c96c01cd3d5d06ef334c8d1a23e14df43cce56f36833,960025,13,True,True,13,13,456.1463630135661,5929.902719176359,4364.902719176358,1265.0,235.0,65.0,253,235,13,afdc6cdd1944b0f85ad1535a00539758f1b47104261f720693ac0ead3d2f31ad,"{""angle_bin"": 4.0, ""conditional_range"": true, ""crossbar"": true, ""crossbar_after_dark"": false, ""crossbar_fraction"": 0.25, ""crossbar_offset"": 0.03, ""crossbar_reference"": ""latest"", ""cumulative_cap"": 2, ""cumulative_points"": 0.0, ""directional"": false, ""drop_sites"": false, ""exact_insert"": true, ""initial_reflection"": false, ""initial_rotation_span"": 1.5707963267948966, ""initial_rotation_steps"": 12, ""near_clear_distance"": 50.0, ""near_clear_radius"": 20.0, ""negative_regions"": ""disk"", ""opportunistic"": false, ""opportunistic_candidates"": 3, ""opportunistic_distance"": 650.0, ""probe_offset"": 0.25, ""radio_limit"": 12, ""route"": ""joint"", ""route_estimate"": 0.5, ""route_mode"": ""backbone"", ""scan_current_first"": true, ""search_first"": false, ""share"": true, ""share_ratio"": 0.7, ""source_bias"": 0.0, ""station_inner"": 990.0, ""station_layout"": ""8_16"", ""station_spec"": [8, 12, 995, 1864, 0], ""stop_when_found16"": true, ""trial_radius"": 40.0}",tuning/q4_trial_radius_40p0/q4/paper_q4_n13_s960025/metrics.json
tuning,q4_trial_radius_40p0,q4,paper_q4_n13_s960026,19e7f6df43aaec88bc08bc8005282d6159bb14c2c0a93f1f0ad65f8ce416ef48,960026,13,True,True,13,13,434.87165250736564,5653.331482595753,4161.331482595754,1200.0,227.0,65.0,240,227,13,afdc6cdd1944b0f85ad1535a00539758f1b47104261f720693ac0ead3d2f31ad,"{""angle_bin"": 4.0, ""conditional_range"": true, ""crossbar"": true, ""crossbar_after_dark"": false, ""crossbar_fraction"": 0.25, ""crossbar_offset"": 0.03, ""crossbar_reference"": ""latest"", ""cumulative_cap"": 2, ""cumulative_points"": 0.0, ""directional"": false, ""drop_sites"": false, ""exact_insert"": true, ""initial_reflection"": false, ""initial_rotation_span"": 1.5707963267948966, ""initial_rotation_steps"": 12, ""near_clear_distance"": 50.0, ""near_clear_radius"": 20.0, ""negative_regions"": ""disk"", ""opportunistic"": false, ""opportunistic_candidates"": 3, ""opportunistic_distance"": 650.0, ""probe_offset"": 0.25, ""radio_limit"": 12, ""route"": ""joint"", ""route_estimate"": 0.5, ""route_mode"": ""backbone"", ""scan_current_first"": true, ""search_first"": false, ""share"": true, ""share_ratio"": 0.7, ""source_bias"": 0.0, ""station_inner"": 990.0, ""station_layout"": ""8_16"", ""station_spec"": [8, 12, 995, 1864, 0], ""stop_when_found16"": true, ""trial_radius"": 40.0}",tuning/q4_trial_radius_40p0/q4/paper_q4_n13_s960026/metrics.json
tuning,q4_trial_radius_40p0,q4,paper_q4_n13_s960027,756b70651e40049d1d338ebf6d75146bf5b18e91b20fc88cbda4ac3767c4cc82,960027,13,True,True,13,13,451.6862255347893,5871.920931952261,4138.920931952258,1400.0,268.0,65.0,280,268,13,afdc6cdd1944b0f85ad1535a00539758f1b47104261f720693ac0ead3d2f31ad,"{""angle_bin"": 4.0, ""conditional_range"": true, ""crossbar"": true, ""crossbar_after_dark"": false, ""crossbar_fraction"": 0.25, ""crossbar_offset"": 0.03, ""crossbar_reference"": ""latest"", ""cumulative_cap"": 2, ""cumulative_points"": 0.0, ""directional"": false, ""drop_sites"": false, ""exact_insert"": true, ""initial_reflection"": false, ""initial_rotation_span"": 1.5707963267948966, ""initial_rotation_steps"": 12, ""near_clear_distance"": 50.0, ""near_clear_radius"": 20.0, ""negative_regions"": ""disk"", ""opportunistic"": false, ""opportunistic_candidates"": 3, ""opportunistic_distance"": 650.0, ""probe_offset"": 0.25, ""radio_limit"": 12, ""route"": ""joint"", ""route_estimate"": 0.5, ""route_mode"": ""backbone"", ""scan_current_first"": true, ""search_first"": false, ""share"": true, ""share_ratio"": 0.7, ""source_bias"": 0.0, ""station_inner"": 990.0, ""station_layout"": ""8_16"", ""station_spec"": [8, 12, 995, 1864, 0], ""stop_when_found16"": true, ""trial_radius"": 40.0}",tuning/q4_trial_radius_40p0/q4/paper_q4_n13_s960027/metrics.json
tuning,q4_trial_radius_40p0,q4,paper_q4_n13_s960028,1a8375084c77bfd6f73b66fc971c48f37e193de3159b414cf57cdfcce8648805,960028,13,True,True,13,13,491.8190320350196,6393.647416455255,4720.647416455256,1345.0,257.0,71.0,269,257,15,afdc6cdd1944b0f85ad1535a00539758f1b47104261f720693ac0ead3d2f31ad,"{""angle_bin"": 4.0, ""conditional_range"": true, ""crossbar"": true, ""crossbar_after_dark"": false, ""crossbar_fraction"": 0.25, ""crossbar_offset"": 0.03, ""crossbar_reference"": ""latest"", ""cumulative_cap"": 2, ""cumulative_points"": 0.0, ""directional"": false, ""drop_sites"": false, ""exact_insert"": true, ""initial_reflection"": false, ""initial_rotation_span"": 1.5707963267948966, ""initial_rotation_steps"": 12, ""near_clear_distance"": 50.0, ""near_clear_radius"": 20.0, ""negative_regions"": ""disk"", ""opportunistic"": false, ""opportunistic_candidates"": 3, ""opportunistic_distance"": 650.0, ""probe_offset"": 0.25, ""radio_limit"": 12, ""route"": ""joint"", ""route_estimate"": 0.5, ""route_mode"": ""backbone"", ""scan_current_first"": true, ""search_first"": false, ""share"": true, ""share_ratio"": 0.7, ""source_bias"": 0.0, ""station_inner"": 990.0, ""station_layout"": ""8_16"", ""station_spec"": [8, 12, 995, 1864, 0], ""stop_when_found16"": true, ""trial_radius"": 40.0}",tuning/q4_trial_radius_40p0/q4/paper_q4_n13_s960028/metrics.json
tuning,q4_trial_radius_40p0,q4,paper_q4_n13_s960029,81ccaaef05b84e491cdb48b3651a5a43514aefca15ac5eea9707b55ffb00cb64,960029,13,True,True,13,13,444.9157388525545,5783.9046050832085,4311.9046050832085,1175.0,223.0,74.0,235,223,16,afdc6cdd1944b0f85ad1535a00539758f1b47104261f720693ac0ead3d2f31ad,"{""angle_bin"": 4.0, ""conditional_range"": true, ""crossbar"": true, ""crossbar_after_dark"": false, ""crossbar_fraction"": 0.25, ""crossbar_offset"": 0.03, ""crossbar_reference"": ""latest"", ""cumulative_cap"": 2, ""cumulative_points"": 0.0, ""directional"": false, ""drop_sites"": false, ""exact_insert"": true, ""initial_reflection"": false, ""initial_rotation_span"": 1.5707963267948966, ""initial_rotation_steps"": 12, ""near_clear_distance"": 50.0, ""near_clear_radius"": 20.0, ""negative_regions"": ""disk"", ""opportunistic"": false, ""opportunistic_candidates"": 3, ""opportunistic_distance"": 650.0, ""probe_offset"": 0.25, ""radio_limit"": 12, ""route"": ""joint"", ""route_estimate"": 0.5, ""route_mode"": ""backbone"", ""scan_current_first"": true, ""search_first"": false, ""share"": true, ""share_ratio"": 0.7, ""source_bias"": 0.0, ""station_inner"": 990.0, ""station_layout"": ""8_16"", ""station_spec"": [8, 12, 995, 1864, 0], ""stop_when_found16"": true, ""trial_radius"": 40.0}",tuning/q4_trial_radius_40p0/q4/paper_q4_n13_s960029/metrics.json
tuning,q4_trial_radius_60p0,q4,paper_q4_n13_s960020,63689f503f60656191968a1974085cfc37ec3314975d21949ae247d5f62750db,960020,13,True,True,13,13,451.2038507831777,5865.65006018131,4376.650060181311,1195.0,223.0,71.0,239,223,15,119d19941f7a1f1e004b3bbbc2db968879e34254efccf9cae6d0e866105f8025,"{""angle_bin"": 4.0, ""conditional_range"": true, ""crossbar"": true, ""crossbar_after_dark"": false, ""crossbar_fraction"": 0.25, ""crossbar_offset"": 0.03, ""crossbar_reference"": ""latest"", ""cumulative_cap"": 2, ""cumulative_points"": 0.0, ""directional"": false, ""drop_sites"": false, ""exact_insert"": true, ""initial_reflection"": false, ""initial_rotation_span"": 1.5707963267948966, ""initial_rotation_steps"": 12, ""near_clear_distance"": 50.0, ""near_clear_radius"": 20.0, ""negative_regions"": ""disk"", ""opportunistic"": false, ""opportunistic_candidates"": 3, ""opportunistic_distance"": 650.0, ""probe_offset"": 0.25, ""radio_limit"": 12, ""route"": ""joint"", ""route_estimate"": 0.5, ""route_mode"": ""backbone"", ""scan_current_first"": true, ""search_first"": false, ""share"": true, ""share_ratio"": 0.7, ""source_bias"": 0.0, ""station_inner"": 990.0, ""station_layout"": ""8_16"", ""station_spec"": [8, 12, 995, 1864, 0], ""stop_when_found16"": true, ""trial_radius"": 60.0}",tuning/q4_trial_radius_60p0/q4/paper_q4_n13_s960020/metrics.json
tuning,q4_trial_radius_60p0,q4,paper_q4_n13_s960021,da59a83f230a989a4389b3d0fb147032b3e9c24625898e5586587c3b08effa45,960021,13,True,True,13,13,444.56086080381556,5779.291190449602,4179.291190449603,1285.0,241.0,74.0,257,241,16,119d19941f7a1f1e004b3bbbc2db968879e34254efccf9cae6d0e866105f8025,"{""angle_bin"": 4.0, ""conditional_range"": true, ""crossbar"": true, ""crossbar_after_dark"": false, ""crossbar_fraction"": 0.25, ""crossbar_offset"": 0.03, ""crossbar_reference"": ""latest"", ""cumulative_cap"": 2, ""cumulative_points"": 0.0, ""directional"": false, ""drop_sites"": false, ""exact_insert"": true, ""initial_reflection"": false, ""initial_rotation_span"": 1.5707963267948966, ""initial_rotation_steps"": 12, ""near_clear_distance"": 50.0, ""near_clear_radius"": 20.0, ""negative_regions"": ""disk"", ""opportunistic"": false, ""opportunistic_candidates"": 3, ""opportunistic_distance"": 650.0, ""probe_offset"": 0.25, ""radio_limit"": 12, ""route"": ""joint"", ""route_estimate"": 0.5, ""route_mode"": ""backbone"", ""scan_current_first"": true, ""search_first"": false, ""share"": true, ""share_ratio"": 0.7, ""source_bias"": 0.0, ""station_inner"": 990.0, ""station_layout"": ""8_16"", ""station_spec"": [8, 12, 995, 1864, 0], ""stop_when_found16"": true, ""trial_radius"": 60.0}",tuning/q4_trial_radius_60p0/q4/paper_q4_n13_s960021/metrics.json
tuning,q4_trial_radius_60p0,q4,paper_q4_n13_s960022,b856934f7fd2c17614f85c9714257e6a75eef79290085964bc8a2abb30328a79,960022,13,True,True,13,13,482.4568317669716,6271.938812970631,4870.938812970632,1120.0,207.0,74.0,224,207,16,119d19941f7a1f1e004b3bbbc2db968879e34254efccf9cae6d0e866105f8025,"{""angle_bin"": 4.0, ""conditional_range"": true, ""crossbar"": true, ""crossbar_after_dark"": false, ""crossbar_fraction"": 0.25, ""crossbar_offset"": 0.03, ""crossbar_reference"": ""latest"", ""cumulative_cap"": 2, ""cumulative_points"": 0.0, ""directional"": false, ""drop_sites"": false, ""exact_insert"": true, ""initial_reflection"": false, ""initial_rotation_span"": 1.5707963267948966, ""initial_rotation_steps"": 12, ""near_clear_distance"": 50.0, ""near_clear_radius"": 20.0, ""negative_regions"": ""disk"", ""opportunistic"": false, ""opportunistic_candidates"": 3, ""opportunistic_distance"": 650.0, ""probe_offset"": 0.25, ""radio_limit"": 12, ""route"": ""joint"", ""route_estimate"": 0.5, ""route_mode"": ""backbone"", ""scan_current_first"": true, ""search_first"": false, ""share"": true, ""share_ratio"": 0.7, ""source_bias"": 0.0, ""station_inner"": 990.0, ""station_layout"": ""8_16"", ""station_spec"": [8, 12, 995, 1864, 0], ""stop_when_found16"": true, ""trial_radius"": 60.0}",tuning/q4_trial_radius_60p0/q4/paper_q4_n13_s960022/metrics.json
tuning,q4_trial_radius_60p0,q4,paper_q4_n13_s960023,73dcfb7bd5b9d70f599b93be4845294fd3878c2ff63f0ce9a93c9196c65cf773,960023,13,True,True,13,13,452.47959060036123,5882.234677804696,4252.234677804694,1305.0,248.0,77.0,261,248,17,119d19941f7a1f1e004b3bbbc2db968879e34254efccf9cae6d0e866105f8025,"{""angle_bin"": 4.0, ""conditional_range"": true, ""crossbar"": true, ""crossbar_after_dark"": false, ""crossbar_fraction"": 0.25, ""crossbar_offset"": 0.03, ""crossbar_reference"": ""latest"", ""cumulative_cap"": 2, ""cumulative_points"": 0.0, ""directional"": false, ""drop_sites"": false, ""exact_insert"": true, ""initial_reflection"": false, ""initial_rotation_span"": 1.5707963267948966, ""initial_rotation_steps"": 12, ""near_clear_distance"": 50.0, ""near_clear_radius"": 20.0, ""negative_regions"": ""disk"", ""opportunistic"": false, ""opportunistic_candidates"": 3, ""opportunistic_distance"": 650.0, ""probe_offset"": 0.25, ""radio_limit"": 12, ""route"": ""joint"", ""route_estimate"": 0.5, ""route_mode"": ""backbone"", ""scan_current_first"": true, ""search_first"": false, ""share"": true, ""share_ratio"": 0.7, ""source_bias"": 0.0, ""station_inner"": 990.0, ""station_layout"": ""8_16"", ""station_spec"": [8, 12, 995, 1864, 0], ""stop_when_found16"": true, ""trial_radius"": 60.0}",tuning/q4_trial_radius_60p0/q4/paper_q4_n13_s960023/metrics.json
tuning,q4_trial_radius_60p0,q4,paper_q4_n13_s960024,38a2c0e44559dbf6344acd79eef98e5c0c198e7550ecca11e2c300bdd343b50c,960024,13,True,True,13,13,493.31610132642584,6413.109317243536,4678.109317243535,1400.0,267.0,68.0,280,267,14,119d19941f7a1f1e004b3bbbc2db968879e34254efccf9cae6d0e866105f8025,"{""angle_bin"": 4.0, ""conditional_range"": true, ""crossbar"": true, ""crossbar_after_dark"": false, ""crossbar_fraction"": 0.25, ""crossbar_offset"": 0.03, ""crossbar_reference"": ""latest"", ""cumulative_cap"": 2, ""cumulative_points"": 0.0, ""directional"": false, ""drop_sites"": false, ""exact_insert"": true, ""initial_reflection"": false, ""initial_rotation_span"": 1.5707963267948966, ""initial_rotation_steps"": 12, ""near_clear_distance"": 50.0, ""near_clear_radius"": 20.0, ""negative_regions"": ""disk"", ""opportunistic"": false, ""opportunistic_candidates"": 3, ""opportunistic_distance"": 650.0, ""probe_offset"": 0.25, ""radio_limit"": 12, ""route"": ""joint"", ""route_estimate"": 0.5, ""route_mode"": ""backbone"", ""scan_current_first"": true, ""search_first"": false, ""share"": true, ""share_ratio"": 0.7, ""source_bias"": 0.0, ""station_inner"": 990.0, ""station_layout"": ""8_16"", ""station_spec"": [8, 12, 995, 1864, 0], ""stop_when_found16"": true, ""trial_radius"": 60.0}",tuning/q4_trial_radius_60p0/q4/paper_q4_n13_s960024/metrics.json
tuning,q4_trial_radius_60p0,q4,paper_q4_n13_s960025,048e108d65551ab0d815c96c01cd3d5d06ef334c8d1a23e14df43cce56f36833,960025,13,True,True,13,13,456.1463630135661,5929.902719176359,4364.902719176358,1265.0,235.0,65.0,253,235,13,119d19941f7a1f1e004b3bbbc2db968879e34254efccf9cae6d0e866105f8025,"{""angle_bin"": 4.0, ""conditional_range"": true, ""crossbar"": true, ""crossbar_after_dark"": false, ""crossbar_fraction"": 0.25, ""crossbar_offset"": 0.03, ""crossbar_reference"": ""latest"", ""cumulative_cap"": 2, ""cumulative_points"": 0.0, ""directional"": false, ""drop_sites"": false, ""exact_insert"": true, ""initial_reflection"": false, ""initial_rotation_span"": 1.5707963267948966, ""initial_rotation_steps"": 12, ""near_clear_distance"": 50.0, ""near_clear_radius"": 20.0, ""negative_regions"": ""disk"", ""opportunistic"": false, ""opportunistic_candidates"": 3, ""opportunistic_distance"": 650.0, ""probe_offset"": 0.25, ""radio_limit"": 12, ""route"": ""joint"", ""route_estimate"": 0.5, ""route_mode"": ""backbone"", ""scan_current_first"": true, ""search_first"": false, ""share"": true, ""share_ratio"": 0.7, ""source_bias"": 0.0, ""station_inner"": 990.0, ""station_layout"": ""8_16"", ""station_spec"": [8, 12, 995, 1864, 0], ""stop_when_found16"": true, ""trial_radius"": 60.0}",tuning/q4_trial_radius_60p0/q4/paper_q4_n13_s960025/metrics.json
tuning,q4_trial_radius_60p0,q4,paper_q4_n13_s960026,19e7f6df43aaec88bc08bc8005282d6159bb14c2c0a93f1f0ad65f8ce416ef48,960026,13,True,True,13,13,435.67044989055313,5663.715848577191,4161.7158485771915,1205.0,229.0,68.0,241,229,14,119d19941f7a1f1e004b3bbbc2db968879e34254efccf9cae6d0e866105f8025,"{""angle_bin"": 4.0, ""conditional_range"": true, ""crossbar"": true, ""crossbar_after_dark"": false, ""crossbar_fraction"": 0.25, ""crossbar_offset"": 0.03, ""crossbar_reference"": ""latest"", ""cumulative_cap"": 2, ""cumulative_points"": 0.0, ""directional"": false, ""drop_sites"": false, ""exact_insert"": true, ""initial_reflection"": false, ""initial_rotation_span"": 1.5707963267948966, ""initial_rotation_steps"": 12, ""near_clear_distance"": 50.0, ""near_clear_radius"": 20.0, ""negative_regions"": ""disk"", ""opportunistic"": false, ""opportunistic_candidates"": 3, ""opportunistic_distance"": 650.0, ""probe_offset"": 0.25, ""radio_limit"": 12, ""route"": ""joint"", ""route_estimate"": 0.5, ""route_mode"": ""backbone"", ""scan_current_first"": true, ""search_first"": false, ""share"": true, ""share_ratio"": 0.7, ""source_bias"": 0.0, ""station_inner"": 990.0, ""station_layout"": ""8_16"", ""station_spec"": [8, 12, 995, 1864, 0], ""stop_when_found16"": true, ""trial_radius"": 60.0}",tuning/q4_trial_radius_60p0/q4/paper_q4_n13_s960026/metrics.json
tuning,q4_trial_radius_60p0,q4,paper_q4_n13_s960027,756b70651e40049d1d338ebf6d75146bf5b18e91b20fc88cbda4ac3767c4cc82,960027,13,True,True,13,13,451.6862255347893,5871.920931952261,4138.920931952258,1400.0,268.0,65.0,280,268,13,119d19941f7a1f1e004b3bbbc2db968879e34254efccf9cae6d0e866105f8025,"{""angle_bin"": 4.0, ""conditional_range"": true, ""crossbar"": true, ""crossbar_after_dark"": false, ""crossbar_fraction"": 0.25, ""crossbar_offset"": 0.03, ""crossbar_reference"": ""latest"", ""cumulative_cap"": 2, ""cumulative_points"": 0.0, ""directional"": false, ""drop_sites"": false, ""exact_insert"": true, ""initial_reflection"": false, ""initial_rotation_span"": 1.5707963267948966, ""initial_rotation_steps"": 12, ""near_clear_distance"": 50.0, ""near_clear_radius"": 20.0, ""negative_regions"": ""disk"", ""opportunistic"": false, ""opportunistic_candidates"": 3, ""opportunistic_distance"": 650.0, ""probe_offset"": 0.25, ""radio_limit"": 12, ""route"": ""joint"", ""route_estimate"": 0.5, ""route_mode"": ""backbone"", ""scan_current_first"": true, ""search_first"": false, ""share"": true, ""share_ratio"": 0.7, ""source_bias"": 0.0, ""station_inner"": 990.0, ""station_layout"": ""8_16"", ""station_spec"": [8, 12, 995, 1864, 0], ""stop_when_found16"": true, ""trial_radius"": 60.0}",tuning/q4_trial_radius_60p0/q4/paper_q4_n13_s960027/metrics.json
tuning,q4_trial_radius_60p0,q4,paper_q4_n13_s960028,1a8375084c77bfd6f73b66fc971c48f37e193de3159b414cf57cdfcce8648805,960028,13,True,True,13,13,490.9514807339586,6382.369249541462,4711.369249541462,1335.0,256.0,80.0,267,256,18,119d19941f7a1f1e004b3bbbc2db968879e34254efccf9cae6d0e866105f8025,"{""angle_bin"": 4.0, ""conditional_range"": true, ""crossbar"": true, ""crossbar_after_dark"": false, ""crossbar_fraction"": 0.25, ""crossbar_offset"": 0.03, ""crossbar_reference"": ""latest"", ""cumulative_cap"": 2, ""cumulative_points"": 0.0, ""directional"": false, ""drop_sites"": false, ""exact_insert"": true, ""initial_reflection"": false, ""initial_rotation_span"": 1.5707963267948966, ""initial_rotation_steps"": 12, ""near_clear_distance"": 50.0, ""near_clear_radius"": 20.0, ""negative_regions"": ""disk"", ""opportunistic"": false, ""opportunistic_candidates"": 3, ""opportunistic_distance"": 650.0, ""probe_offset"": 0.25, ""radio_limit"": 12, ""route"": ""joint"", ""route_estimate"": 0.5, ""route_mode"": ""backbone"", ""scan_current_first"": true, ""search_first"": false, ""share"": true, ""share_ratio"": 0.7, ""source_bias"": 0.0, ""station_inner"": 990.0, ""station_layout"": ""8_16"", ""station_spec"": [8, 12, 995, 1864, 0], ""stop_when_found16"": true, ""trial_radius"": 60.0}",tuning/q4_trial_radius_60p0/q4/paper_q4_n13_s960028/metrics.json
tuning,q4_trial_radius_60p0,q4,paper_q4_n13_s960029,81ccaaef05b84e491cdb48b3651a5a43514aefca15ac5eea9707b55ffb00cb64,960029,13,True,True,13,13,442.9769769674361,5758.700700576669,4290.700700576669,1170.0,221.0,77.0,234,221,17,119d19941f7a1f1e004b3bbbc2db968879e34254efccf9cae6d0e866105f8025,"{""angle_bin"": 4.0, ""conditional_range"": true, ""crossbar"": true, ""crossbar_after_dark"": false, ""crossbar_fraction"": 0.25, ""crossbar_offset"": 0.03, ""crossbar_reference"": ""latest"", ""cumulative_cap"": 2, ""cumulative_points"": 0.0, ""directional"": false, ""drop_sites"": false, ""exact_insert"": true, ""initial_reflection"": false, ""initial_rotation_span"": 1.5707963267948966, ""initial_rotation_steps"": 12, ""near_clear_distance"": 50.0, ""near_clear_radius"": 20.0, ""negative_regions"": ""disk"", ""opportunistic"": false, ""opportunistic_candidates"": 3, ""opportunistic_distance"": 650.0, ""probe_offset"": 0.25, ""radio_limit"": 12, ""route"": ""joint"", ""route_estimate"": 0.5, ""route_mode"": ""backbone"", ""scan_current_first"": true, ""search_first"": false, ""share"": true, ""share_ratio"": 0.7, ""source_bias"": 0.0, ""station_inner"": 990.0, ""station_layout"": ""8_16"", ""station_spec"": [8, 12, 995, 1864, 0], ""stop_when_found16"": true, ""trial_radius"": 60.0}",tuning/q4_trial_radius_60p0/q4/paper_q4_n13_s960029/metrics.json
