{
  "type": "FeatureCollection",
  "properties": {
    "kind": "numerical_candidate_good_region_not_proof",
    "eta": 0.05,
    "qhat_star": 134.07676525132717,
    "threshold": 140.78060351389354,
    "approximate_area_m2": 4175.488277026264,
    "evidence_config_id": "q2-final-evidence-v6-dynamic-closure",
    "hero_closure": {
      "initial_hero": {
        "S2": [
          792.3025077759607,
          -616.4786501226868
        ],
        "Q": 134.1386252082199,
        "in_crec": true,
        "crec_margin": 1.9058939756178006e-05,
        "admissible": true,
        "all_near": false,
        "worst_beta": 38.841041549369145,
        "worst_candidate_type": "E1",
        "source": "outer_search",
        "stage": "validation:13:0",
        "evaluation_id": 578
      },
      "rounds": [
        {
          "round": 1,
          "hero_before": {
            "S2": [
              792.3025077759607,
              -616.4786501226868
            ],
            "Q": 134.1386252082199,
            "in_crec": true,
            "crec_margin": 1.9058939756178006e-05,
            "admissible": true,
            "all_near": false,
            "worst_beta": 38.841041549369145,
            "worst_candidate_type": "E1",
            "source": "outer_search",
            "stage": "validation:13:0",
            "evaluation_id": 578
          },
          "best_evidence": {
            "S2": [
              800.0736125053295,
              -606.4160929019891
            ],
            "Q": 134.07805576181698,
            "in_crec": true,
            "crec_margin": 0.005210121128925493,
            "admissible": true,
            "all_near": false,
            "worst_beta": 38.66784962151404,
            "worst_candidate_type": "E1"
          },
          "promoted": true,
          "local_refined": {
            "S2": [
              800.1012338639696,
              -606.388471543349
            ],
            "Q": 134.07676525132717,
            "in_crec": true,
            "crec_margin": 7.568692126369569e-07,
            "admissible": true,
            "all_near": false,
            "worst_beta": 38.66762079967069,
            "worst_candidate_type": "E1"
          },
          "hero_after": {
            "S2": [
              800.1012338639696,
              -606.388471543349
            ],
            "Q": 134.07676525132717,
            "in_crec": true,
            "crec_margin": 7.568692126369569e-07,
            "admissible": true,
            "all_near": false,
            "worst_beta": 38.66762079967069,
            "worst_candidate_type": "E1",
            "source": "adaptive_evidence",
            "stage": "surface_promotion:7:0",
            "evaluation_id": 2607
          }
        },
        {
          "round": 2,
          "hero_before": {
            "S2": [
              800.1012338639696,
              -606.388471543349
            ],
            "Q": 134.07676525132717,
            "in_crec": true,
            "crec_margin": 7.568692126369569e-07,
            "admissible": true,
            "all_near": false,
            "worst_beta": 38.66762079967069,
            "worst_candidate_type": "E1",
            "source": "adaptive_evidence",
            "stage": "surface_promotion:7:0",
            "evaluation_id": 2607
          },
          "best_evidence": {
            "S2": [
              800.1012338639696,
              -606.388471543349
            ],
            "Q": 134.07676525132717,
            "in_crec": true,
            "crec_margin": 7.568692126369569e-07,
            "admissible": true,
            "all_near": false,
            "worst_beta": 38.66762079967069,
            "worst_candidate_type": "E1"
          },
          "promoted": false,
          "local_refined": null,
          "hero_after": {
            "S2": [
              800.1012338639696,
              -606.388471543349
            ],
            "Q": 134.07676525132717,
            "in_crec": true,
            "crec_margin": 7.568692126369569e-07,
            "admissible": true,
            "all_near": false,
            "worst_beta": 38.66762079967069,
            "worst_candidate_type": "E1",
            "source": "adaptive_evidence",
            "stage": "surface_promotion:7:0",
            "evaluation_id": 2607
          }
        }
      ],
      "final_hero": {
        "S2": [
          800.1012338639696,
          -606.388471543349
        ],
        "Q": 134.07676525132717,
        "in_crec": true,
        "crec_margin": 7.568692126369569e-07,
        "admissible": true,
        "all_near": false,
        "worst_beta": 38.66762079967069,
        "worst_candidate_type": "E1",
        "source": "adaptive_evidence",
        "stage": "surface_promotion:7:0",
        "evaluation_id": 2607
      },
      "best_evaluated_q": 134.07676525132717,
      "hero_minus_best_evaluated": 0.0,
      "evaluated_count": 3112,
      "final_crec_margin_m": 7.568692126369569e-07,
      "crec_margin_status": "marginal_but_independently_verified",
      "crec_margin_minimum_m": 1e-06,
      "closure_pass": true,
      "certified_global_optimum": false
    },
    "resolution": {
      "base": 21,
      "max_refinement_depth": 6,
      "target_boundary_resolution_m": 5.0
    }
  },
  "features": [
    {
      "type": "Feature",
      "geometry": {
        "type": "Point",
        "coordinates": [
          800.1012338639696,
          -606.388471543349
        ]
      },
      "properties": {
        "Q_m": 134.07676525132717,
        "eta": 0.05,
        "kind": "sample"
      }
    },
    {
      "type": "Feature",
      "geometry": {
        "type": "Point",
        "coordinates": [
          800.1012338639696,
          606.388471543349
        ]
      },
      "properties": {
        "Q_m": 134.07676525132737,
        "eta": 0.05,
        "kind": "sample"
      }
    },
    {
      "type": "Feature",
      "geometry": {
        "type": "Point",
        "coordinates": [
          796.1478342300335,
          611.0217847468143
        ]
      },
      "properties": {
        "Q_m": 134.17062013421315,
        "eta": 0.05,
        "kind": "sample"
      }
    },
    {
      "type": "Feature",
      "geometry": {
        "type": "Point",
        "coordinates": [
          796.1478342300335,
          -611.0217847468143
        ]
      },
      "properties": {
        "Q_m": 134.17062013421355,
        "eta": 0.05,
        "kind": "sample"
      }
    },
    {
      "type": "Feature",
      "geometry": {
        "type": "Point",
        "coordinates": [
          815.7767256065135,
          -584.9228642928047
        ]
      },
      "properties": {
        "Q_m": 134.17590368695798,
        "eta": 0.05,
        "kind": "sample"
      }
    },
    {
      "type": "Feature",
      "geometry": {
        "type": "Point",
        "coordinates": [
          815.7767256065135,
          584.9228642928045
        ]
      },
      "properties": {
        "Q_m": 134.17590368695835,
        "eta": 0.05,
        "kind": "sample"
      }
    },
    {
      "type": "Feature",
      "geometry": {
        "type": "Point",
        "coordinates": [
          791.4369002996782,
          -617.1627072065814
        ]
      },
      "properties": {
        "Q_m": 134.20409036329087,
        "eta": 0.05,
        "kind": "sample"
      }
    },
    {
      "type": "Feature",
      "geometry": {
        "type": "Point",
        "coordinates": [
          791.4369002996782,
          617.1627072065812
        ]
      },
      "properties": {
        "Q_m": 134.20409036329127,
        "eta": 0.05,
        "kind": "sample"
      }
    },
    {
      "type": "Feature",
      "geometry": {
        "type": "Point",
        "coordinates": [
          796.9329898850926,
          609.4865541318725
        ]
      },
      "properties": {
        "Q_m": 134.23463762938852,
        "eta": 0.05,
        "kind": "sample"
      }
    },
    {
      "type": "Feature",
      "geometry": {
        "type": "Point",
        "coordinates": [
          796.9329898850926,
          -609.4865541318726
        ]
      },
      "properties": {
        "Q_m": 134.23463762938894,
        "eta": 0.05,
        "kind": "sample"
      }
    },
    {
      "type": "Feature",
      "geometry": {
        "type": "Point",
        "coordinates": [
          786.725966369323,
          -623.3036296663483
        ]
      },
      "properties": {
        "Q_m": 134.24374496969335,
        "eta": 0.05,
        "kind": "sample"
      }
    },
    {
      "type": "Feature",
      "geometry": {
        "type": "Point",
        "coordinates": [
          786.725966369323,
          623.3036296663483
        ]
      },
      "properties": {
        "Q_m": 134.24374496969443,
        "eta": 0.05,
        "kind": "sample"
      }
    },
    {
      "type": "Feature",
      "geometry": {
        "type": "Point",
        "coordinates": [
          816.5618812615728,
          -583.3876336778629
        ]
      },
      "properties": {
        "Q_m": 134.2498633965104,
        "eta": 0.05,
        "kind": "sample"
      }
    },
    {
      "type": "Feature",
      "geometry": {
        "type": "Point",
        "coordinates": [
          816.5618812615728,
          583.3876336778628
        ]
      },
      "properties": {
        "Q_m": 134.24986339651102,
        "eta": 0.05,
        "kind": "sample"
      }
    },
    {
      "type": "Feature",
      "geometry": {
        "type": "Point",
        "coordinates": [
          811.8509473312175,
          -589.52855613763
        ]
      },
      "properties": {
        "Q_m": 134.25168501314778,
        "eta": 0.05,
        "kind": "sample"
      }
    },
    {
      "type": "Feature",
      "geometry": {
        "type": "Point",
        "coordinates": [
          811.8509473312175,
          589.5285561376298
        ]
      },
      "properties": {
        "Q_m": 134.25168501314863,
        "eta": 0.05,
        "kind": "sample"
      }
    },
    {
      "type": "Feature",
      "geometry": {
        "type": "Point",
        "coordinates": [
          821.272815191928,
          -577.2467112180959
        ]
      },
      "properties": {
        "Q_m": 134.25547921138337,
        "eta": 0.05,
        "kind": "sample"
      }
    },
    {
      "type": "Feature",
      "geometry": {
        "type": "Point",
        "coordinates": [
          821.272815191928,
          577.2467112180959
        ]
      },
      "properties": {
        "Q_m": 134.2554792113838,
        "eta": 0.05,
        "kind": "sample"
      }
    },
    {
      "type": "Feature",
      "geometry": {
        "type": "Point",
        "coordinates": [
          807.1400134008622,
          595.6694785973968
        ]
      },
      "properties": {
        "Q_m": 134.2606974670684,
        "eta": 0.05,
        "kind": "sample"
      }
    },
    {
      "type": "Feature",
      "geometry": {
        "type": "Point",
        "coordinates": [
          807.1400134008622,
          -595.669478597397
        ]
      },
      "properties": {
        "Q_m": 134.26069746706966,
        "eta": 0.05,
        "kind": "sample"
      }
    },
    {
      "type": "Feature",
      "geometry": {
        "type": "Point",
        "coordinates": [
          802.4290794705071,
          601.8104010571637
        ]
      },
      "properties": {
        "Q_m": 134.27666515116096,
        "eta": 0.05,
        "kind": "sample"
      }
    },
    {
      "type": "Feature",
      "geometry": {
        "type": "Point",
        "coordinates": [
          802.4290794705071,
          -601.810401057164
        ]
      },
      "properties": {
        "Q_m": 134.2766651511616,
        "eta": 0.05,
        "kind": "sample"
      }
    },
    {
      "type": "Feature",
      "geometry": {
        "type": "Point",
        "coordinates": [
          797.7181455401519,
          -607.9513235169309
        ]
      },
      "properties": {
        "Q_m": 134.2993628402505,
        "eta": 0.05,
        "kind": "sample"
      }
    },
    {
      "type": "Feature",
      "geometry": {
        "type": "Point",
        "coordinates": [
          797.7181455401519,
          607.9513235169308
        ]
      },
      "properties": {
        "Q_m": 134.2993628402507,
        "eta": 0.05,
        "kind": "sample"
      }
    },
    {
      "type": "Feature",
      "geometry": {
        "type": "Point",
        "coordinates": [
          787.5111220243822,
          621.7683990514065
        ]
      },
      "properties": {
        "Q_m": 134.3035855497028,
        "eta": 0.05,
        "kind": "sample"
      }
    },
    {
      "type": "Feature",
      "geometry": {
        "type": "Point",
        "coordinates": [
          787.5111220243822,
          -621.7683990514066
        ]
      },
      "properties": {
        "Q_m": 134.30358554970323,
        "eta": 0.05,
        "kind": "sample"
      }
    },
    {
      "type": "Feature",
      "geometry": {
        "type": "Point",
        "coordinates": [
          812.6361029862767,
          -587.9933255226882
        ]
      },
      "properties": {
        "Q_m": 134.3240056454256,
        "eta": 0.05,
        "kind": "sample"
      }
    },
    {
      "type": "Feature",
      "geometry": {
        "type": "Point",
        "coordinates": [
          812.6361029862767,
          587.9933255226881
        ]
      },
      "properties": {
        "Q_m": 134.324005645426,
        "eta": 0.05,
        "kind": "sample"
      }
    },
    {
      "type": "Feature",
      "geometry": {
        "type": "Point",
        "coordinates": [
          793.0072116097966,
          614.0922459766978
        ]
      },
      "properties": {
        "Q_m": 134.32857512534366,
        "eta": 0.05,
        "kind": "sample"
      }
    },
    {
      "type": "Feature",
      "geometry": {
        "type": "Point",
        "coordinates": [
          793.0072116097966,
          -614.0922459766979
        ]
      },
      "properties": {
        "Q_m": 134.32857512534432,
        "eta": 0.05,
        "kind": "sample"
      }
    },
    {
      "type": "Feature",
      "geometry": {
        "type": "Point",
        "coordinates": [
          822.0579708469872,
          -575.7114806031542
        ]
      },
      "properties": {
        "Q_m": 134.33275749353797,
        "eta": 0.05,
        "kind": "sample"
      }
    },
    {
      "type": "Feature",
      "geometry": {
        "type": "Point",
        "coordinates": [
          822.0579708469872,
          575.7114806031542
        ]
      },
      "properties": {
        "Q_m": 134.3327574935386,
        "eta": 0.05,
        "kind": "sample"
      }
    },
    {
      "type": "Feature",
      "geometry": {
        "type": "Point",
        "coordinates": [
          803.2142351255663,
          600.275170442222
        ]
      },
      "properties": {
        "Q_m": 134.3443281876157,
        "eta": 0.05,
        "kind": "sample"
      }
    },
    {
      "type": "Feature",
      "geometry": {
        "type": "Point",
        "coordinates": [
          803.2142351255663,
          -600.2751704422222
        ]
      },
      "properties": {
        "Q_m": 134.34432818761678,
        "eta": 0.05,
        "kind": "sample"
      }
    },
    {
      "type": "Feature",
      "geometry": {
        "type": "Point",
        "coordinates": [
          788.2962776794413,
          -620.2331684364649
        ]
      },
      "properties": {
        "Q_m": 134.36409588432758,
        "eta": 0.05,
        "kind": "sample"
      }
    },
    {
      "type": "Feature",
      "geometry": {
        "type": "Point",
        "coordinates": [
          788.2962776794413,
          620.2331684364648
        ]
      },
      "properties": {
        "Q_m": 134.3640958843282,
        "eta": 0.05,
        "kind": "sample"
      }
    },
    {
      "type": "Feature",
      "geometry": {
        "type": "Point",
        "coordinates": [
          793.7923672648558,
          612.557015361756
        ]
      },
      "properties": {
        "Q_m": 134.39185577933526,
        "eta": 0.05,
        "kind": "sample"
      }
    },
    {
      "type": "Feature",
      "geometry": {
        "type": "Point",
        "coordinates": [
          793.7923672648558,
          -612.5570153617562
        ]
      },
      "properties": {
        "Q_m": 134.3918557793363,
        "eta": 0.05,
        "kind": "sample"
      }
    },
    {
      "type": "Feature",
      "geometry": {
        "type": "Point",
        "coordinates": [
          778.0892541636717,
          -634.0502439709405
        ]
      },
      "properties": {
        "Q_m": 134.3967466547611,
        "eta": 0.05,
        "kind": "sample"
      }
    },
    {
      "type": "Feature",
      "geometry": {
        "type": "Point",
        "coordinates": [
          778.0892541636717,
          634.0502439709404
        ]
      },
      "properties": {
        "Q_m": 134.39674665476133,
        "eta": 0.05,
        "kind": "sample"
      }
    },
    {
      "type": "Feature",
      "geometry": {
        "type": "Point",
        "coordinates": [
          813.421258641336,
          -586.4580949077465
        ]
      },
      "properties": {
        "Q_m": 134.39711055748296,
        "eta": 0.05,
        "kind": "sample"
      }
    },
    {
      "type": "Feature",
      "geometry": {
        "type": "Point",
        "coordinates": [
          813.421258641336,
          586.4580949077463
        ]
      },
      "properties": {
        "Q_m": 134.39711055748356,
        "eta": 0.05,
        "kind": "sample"
      }
    },
    {
      "type": "Feature",
      "geometry": {
        "type": "Point",
        "coordinates": [
          818.1321925716912,
          -580.3171724479794
        ]
      },
      "properties": {
        "Q_m": 134.40019163748283,
        "eta": 0.05,
        "kind": "sample"
      }
    },
    {
      "type": "Feature",
      "geometry": {
        "type": "Point",
        "coordinates": [
          818.1321925716912,
          580.3171724479794
        ]
      },
      "properties": {
        "Q_m": 134.40019163748389,
        "eta": 0.05,
        "kind": "sample"
      }
    },
    {
      "type": "Feature",
      "geometry": {
        "type": "Point",
        "coordinates": [
          783.5853437490862,
          626.3740908962318
        ]
      },
      "properties": {
        "Q_m": 134.40572778641632,
        "eta": 0.05,
        "kind": "sample"
      }
    },
    {
      "type": "Feature",
      "geometry": {
        "type": "Point",
        "coordinates": [
          783.5853437490862,
          -626.3740908962318
        ]
      },
      "properties": {
        "Q_m": 134.40572778641695,
        "eta": 0.05,
        "kind": "sample"
      }
    },
    {
      "type": "Feature",
      "geometry": {
        "type": "Point",
        "coordinates": [
          822.8431265020464,
          574.1762499882125
        ]
      },
      "properties": {
        "Q_m": 134.4108678410121,
        "eta": 0.05,
        "kind": "sample"
      }
    },
    {
      "type": "Feature",
      "geometry": {
        "type": "Point",
        "coordinates": [
          822.8431265020464,
          -574.1762499882125
        ]
      },
      "properties": {
        "Q_m": 134.41086784101233,
        "eta": 0.05,
        "kind": "sample"
      }
    },
    {
      "type": "Feature",
      "geometry": {
        "type": "Point",
        "coordinates": [
          803.9993907806255,
          598.7399398272803
        ]
      },
      "properties": {
        "Q_m": 134.4127315785079,
        "eta": 0.05,
        "kind": "sample"
      }
    },
    {
      "type": "Feature",
      "geometry": {
        "type": "Point",
        "coordinates": [
          803.9993907806255,
          -598.7399398272805
        ]
      },
      "properties": {
        "Q_m": 134.41273157850873,
        "eta": 0.05,
        "kind": "sample"
      }
    },
    {
      "type": "Feature",
      "geometry": {
        "type": "Point",
        "coordinates": [
          789.0814333345006,
          618.697937821523
        ]
      },
      "properties": {
        "Q_m": 134.42528149609507,
        "eta": 0.05,
        "kind": "sample"
      }
    },
    {
      "type": "Feature",
      "geometry": {
        "type": "Point",
        "coordinates": [
          789.0814333345006,
          -618.6979378215232
        ]
      },
      "properties": {
        "Q_m": 134.42528149609572,
        "eta": 0.05,
        "kind": "sample"
      }
    },
    {
      "type": "Feature",
      "geometry": {
        "type": "Point",
        "coordinates": [
          827.5540604324016,
          -568.0353275284456
        ]
      },
      "properties": {
        "Q_m": 134.42940458095282,
        "eta": 0.05,
        "kind": "sample"
      }
    },
    {
      "type": "Feature",
      "geometry": {
        "type": "Point",
        "coordinates": [
          827.5540604324016,
          568.0353275284454
        ]
      },
      "properties": {
        "Q_m": 134.42940458095325,
        "eta": 0.05,
        "kind": "sample"
      }
    },
    {
      "type": "Feature",
      "geometry": {
        "type": "Point",
        "coordinates": [
          799.2884568502703,
          -604.8808622870474
        ]
      },
      "properties": {
        "Q_m": 134.43096034035162,
        "eta": 0.05,
        "kind": "sample"
      }
    },
    {
      "type": "Feature",
      "geometry": {
        "type": "Point",
        "coordinates": [
          799.2884568502703,
          604.8808622870472
        ]
      },
      "properties": {
        "Q_m": 134.43096034035221,
        "eta": 0.05,
        "kind": "sample"
      }
    },
    {
      "type": "Feature",
      "geometry": {
        "type": "Point",
        "coordinates": [
          778.874409818731,
          -632.5150133559988
        ]
      },
      "properties": {
        "Q_m": 134.45328182790047,
        "eta": 0.05,
        "kind": "sample"
      }
    },
    {
      "type": "Feature",
      "geometry": {
        "type": "Point",
        "coordinates": [
          778.874409818731,
          632.5150133559987
        ]
      },
      "properties": {
        "Q_m": 134.4532818279011,
        "eta": 0.05,
        "kind": "sample"
      }
    },
    {
      "type": "Feature",
      "geometry": {
        "type": "Point",
        "coordinates": [
          794.577522919915,
          -611.0217847468143
        ]
      },
      "properties": {
        "Q_m": 134.45583633099673,
        "eta": 0.05,
        "kind": "sample"
      }
    },
    {
      "type": "Feature",
      "geometry": {
        "type": "Point",
        "coordinates": [
          794.577522919915,
          611.0217847468143
        ]
      },
      "properties": {
        "Q_m": 134.45583633099756,
        "eta": 0.05,
        "kind": "sample"
      }
    },
    {
      "type": "Feature",
      "geometry": {
        "type": "Point",
        "coordinates": [
          784.3704994041454,
          624.8388602812901
        ]
      },
      "properties": {
        "Q_m": 134.4648789830662,
        "eta": 0.05,
        "kind": "sample"
      }
    },
    {
      "type": "Feature",
      "geometry": {
        "type": "Point",
        "coordinates": [
          784.3704994041454,
          -624.8388602812901
        ]
      },
      "properties": {
        "Q_m": 134.46487898306725,
        "eta": 0.05,
        "kind": "sample"
      }
    },
    {
      "type": "Feature",
      "geometry": {
        "type": "Point",
        "coordinates": [
          814.2064142963952,
          584.9228642928045
        ]
      },
      "properties": {
        "Q_m": 134.47100662948915,
        "eta": 0.05,
        "kind": "sample"
      }
    },
    {
      "type": "Feature",
      "geometry": {
        "type": "Point",
        "coordinates": [
          814.2064142963952,
          -584.9228642928047
        ]
      },
      "properties": {
        "Q_m": 134.47100662948918,
        "eta": 0.05,
        "kind": "sample"
      }
    },
    {
      "type": "Feature",
      "geometry": {
        "type": "Point",
        "coordinates": [
          789.8665889895598,
          -617.1627072065814
        ]
      },
      "properties": {
        "Q_m": 134.48714796858124,
        "eta": 0.05,
        "kind": "sample"
      }
    },
    {
      "type": "Feature",
      "geometry": {
        "type": "Point",
        "coordinates": [
          789.8665889895598,
          617.1627072065812
        ]
      },
      "properties": {
        "Q_m": 134.4871479685823,
        "eta": 0.05,
        "kind": "sample"
      }
    },
    {
      "type": "Feature",
      "geometry": {
        "type": "Point",
        "coordinates": [
          774.1634758883757,
          638.6559358157657
        ]
      },
      "properties": {
        "Q_m": 134.5065768968799,
        "eta": 0.05,
        "kind": "sample"
      }
    },
    {
      "type": "Feature",
      "geometry": {
        "type": "Point",
        "coordinates": [
          774.1634758883757,
          -638.6559358157658
        ]
      },
      "properties": {
        "Q_m": 134.50657689688097,
        "eta": 0.05,
        "kind": "sample"
      }
    },
    {
      "type": "Feature",
      "geometry": {
        "type": "Point",
        "coordinates": [
          795.3626785749743,
          -609.4865541318726
        ]
      },
      "properties": {
        "Q_m": 134.52052264812394,
        "eta": 0.05,
        "kind": "sample"
      }
    },
    {
      "type": "Feature",
      "geometry": {
        "type": "Point",
        "coordinates": [
          795.3626785749743,
          609.4865541318725
        ]
      },
      "properties": {
        "Q_m": 134.52052264812477,
        "eta": 0.05,
        "kind": "sample"
      }
    },
    {
      "type": "Feature",
      "geometry": {
        "type": "Point",
        "coordinates": [
          785.1556550592046,
          623.3036296663483
        ]
      },
      "properties": {
        "Q_m": 134.52469274479,
        "eta": 0.05,
        "kind": "sample"
      }
    },
    {
      "type": "Feature",
      "geometry": {
        "type": "Point",
        "coordinates": [
          785.1556550592046,
          -623.3036296663483
        ]
      },
      "properties": {
        "Q_m": 134.52469274479105,
        "eta": 0.05,
        "kind": "sample"
      }
    },
    {
      "type": "Feature",
      "geometry": {
        "type": "Point",
        "coordinates": [
          810.2806360210991,
          589.5285561376298
        ]
      },
      "properties": {
        "Q_m": 134.54511890910368,
        "eta": 0.05,
        "kind": "sample"
      }
    },
    {
      "type": "Feature",
      "geometry": {
        "type": "Point",
        "coordinates": [
          810.2806360210991,
          -589.52855613763
        ]
      },
      "properties": {
        "Q_m": 134.5451189091045,
        "eta": 0.05,
        "kind": "sample"
      }
    },
    {
      "type": "Feature",
      "geometry": {
        "type": "Point",
        "coordinates": [
          814.9915699514544,
          -583.3876336778629
        ]
      },
      "properties": {
        "Q_m": 134.54570082235534,
        "eta": 0.05,
        "kind": "sample"
      }
    },
    {
      "type": "Feature",
      "geometry": {
        "type": "Point",
        "coordinates": [
          814.9915699514544,
          583.3876336778628
        ]
      },
      "properties": {
        "Q_m": 134.54570082235597,
        "eta": 0.05,
        "kind": "sample"
      }
    },
    {
      "type": "Feature",
      "geometry": {
        "type": "Point",
        "coordinates": [
          790.6517446446189,
          615.6274765916395
        ]
      },
      "properties": {
        "Q_m": 134.54970094723657,
        "eta": 0.05,
        "kind": "sample"
      }
    },
    {
      "type": "Feature",
      "geometry": {
        "type": "Point",
        "coordinates": [
          790.6517446446189,
          -615.6274765916396
        ]
      },
      "properties": {
        "Q_m": 134.5497009472374,
        "eta": 0.05,
        "kind": "sample"
      }
    },
    {
      "type": "Feature",
      "geometry": {
        "type": "Point",
        "coordinates": [
          819.7025038818097,
          577.2467112180959
        ]
      },
      "properties": {
        "Q_m": 134.55377929017047,
        "eta": 0.05,
        "kind": "sample"
      }
    },
    {
      "type": "Feature",
      "geometry": {
        "type": "Point",
        "coordinates": [
          819.7025038818097,
          -577.2467112180959
        ]
      },
      "properties": {
        "Q_m": 134.5537792901711,
        "eta": 0.05,
        "kind": "sample"
      }
    },
    {
      "type": "Feature",
      "geometry": {
        "type": "Point",
        "coordinates": [
          774.9486315434349,
          637.120705200824
        ]
      },
      "properties": {
        "Q_m": 134.56183151589698,
        "eta": 0.05,
        "kind": "sample"
      }
    },
    {
      "type": "Feature",
      "geometry": {
        "type": "Point",
        "coordinates": [
          774.9486315434349,
          -637.1207052008241
        ]
      },
      "properties": {
        "Q_m": 134.5618315158978,
        "eta": 0.05,
        "kind": "sample"
      }
    },
    {
      "type": "Feature",
      "geometry": {
        "type": "Point",
        "coordinates": [
          800.8587681603888,
          601.8104010571637
        ]
      },
      "properties": {
        "Q_m": 134.56546117653573,
        "eta": 0.05,
        "kind": "sample"
      }
    },
    {
      "type": "Feature",
      "geometry": {
        "type": "Point",
        "coordinates": [
          800.8587681603888,
          -601.810401057164
        ]
      },
      "properties": {
        "Q_m": 134.56546117653593,
        "eta": 0.05,
        "kind": "sample"
      }
    },
    {
      "type": "Feature",
      "geometry": {
        "type": "Point",
        "coordinates": [
          780.4447211288494,
          629.4445521261152
        ]
      },
      "properties": {
        "Q_m": 134.56827674319607,
        "eta": 0.05,
        "kind": "sample"
      }
    },
    {
      "type": "Feature",
      "geometry": {
        "type": "Point",
        "coordinates": [
          780.4447211288494,
          -629.4445521261152
        ]
      },
      "properties": {
        "Q_m": 134.5682767431965,
        "eta": 0.05,
        "kind": "sample"
      }
    },
    {
      "type": "Feature",
      "geometry": {
        "type": "Point",
        "coordinates": [
          824.4134378121648,
          -571.105788758329
        ]
      },
      "properties": {
        "Q_m": 134.5696147096105,
        "eta": 0.05,
        "kind": "sample"
      }
    },
    {
      "type": "Feature",
      "geometry": {
        "type": "Point",
        "coordinates": [
          824.4134378121648,
          571.1057887583289
        ]
      },
      "properties": {
        "Q_m": 134.56961470961116,
        "eta": 0.05,
        "kind": "sample"
      }
    },
    {
      "type": "Feature",
      "geometry": {
        "type": "Point",
        "coordinates": [
          785.9408107142638,
          -621.7683990514066
        ]
      },
      "properties": {
        "Q_m": 134.58517450554282,
        "eta": 0.05,
        "kind": "sample"
      }
    },
    {
      "type": "Feature",
      "geometry": {
        "type": "Point",
        "coordinates": [
          785.9408107142638,
          621.7683990514065
        ]
      },
      "properties": {
        "Q_m": 134.58517450554348,
        "eta": 0.05,
        "kind": "sample"
      }
    },
    {
      "type": "Feature",
      "geometry": {
        "type": "Point",
        "coordinates": [
          796.1478342300335,
          -607.9513235169309
        ]
      },
      "properties": {
        "Q_m": 134.5859206644189,
        "eta": 0.05,
        "kind": "sample"
      }
    },
    {
      "type": "Feature",
      "geometry": {
        "type": "Point",
        "coordinates": [
          796.1478342300335,
          607.9513235169308
        ]
      },
      "properties": {
        "Q_m": 134.58592066441932,
        "eta": 0.05,
        "kind": "sample"
      }
    },
    {
      "type": "Feature",
      "geometry": {
        "type": "Point",
        "coordinates": [
          829.12437174252,
          564.9648662985619
        ]
      },
      "properties": {
        "Q_m": 134.5934799120548,
        "eta": 0.05,
        "kind": "sample"
      }
    },
    {
      "type": "Feature",
      "geometry": {
        "type": "Point",
        "coordinates": [
          829.12437174252,
          -564.964866298562
        ]
      },
      "properties": {
        "Q_m": 134.59347991205544,
        "eta": 0.05,
        "kind": "sample"
      }
    },
    {
      "type": "Feature",
      "geometry": {
        "type": "Point",
        "coordinates": [
          791.4369002996782,
          -614.0922459766979
        ]
      },
      "properties": {
        "Q_m": 134.6129461402523,
        "eta": 0.05,
        "kind": "sample"
      }
    },
    {
      "type": "Feature",
      "geometry": {
        "type": "Point",
        "coordinates": [
          791.4369002996782,
          614.0922459766978
        ]
      },
      "properties": {
        "Q_m": 134.61294614025272,
        "eta": 0.05,
        "kind": "sample"
      }
    },
    {
      "type": "Feature",
      "geometry": {
        "type": "Point",
        "coordinates": [
          775.7337871984942,
          -635.5854745858824
        ]
      },
      "properties": {
        "Q_m": 134.61771418783474,
        "eta": 0.05,
        "kind": "sample"
      }
    },
    {
      "type": "Feature",
      "geometry": {
        "type": "Point",
        "coordinates": [
          775.7337871984942,
          635.5854745858821
        ]
      },
      "properties": {
        "Q_m": 134.61771418783576,
        "eta": 0.05,
        "kind": "sample"
      }
    },
    {
      "type": "Feature",
      "geometry": {
        "type": "Point",
        "coordinates": [
          811.0657916761584,
          587.9933255226881
        ]
      },
      "properties": {
        "Q_m": 134.6181622440364,
        "eta": 0.05,
        "kind": "sample"
      }
    },
    {
      "type": "Feature",
      "geometry": {
        "type": "Point",
        "coordinates": [
          811.0657916761584,
          -587.9933255226882
        ]
      },
      "properties": {
        "Q_m": 134.61816224403745,
        "eta": 0.05,
        "kind": "sample"
      }
    },
    {
      "type": "Feature",
      "geometry": {
        "type": "Point",
        "coordinates": [
          833.8353056728753,
          -558.823943838795
        ]
      },
      "properties": {
        "Q_m": 134.62566091363206,
        "eta": 0.05,
        "kind": "sample"
      }
    },
    {
      "type": "Feature",
      "geometry": {
        "type": "Point",
        "coordinates": [
          833.8353056728753,
          558.823943838795
        ]
      },
      "properties": {
        "Q_m": 134.62566091363271,
        "eta": 0.05,
        "kind": "sample"
      }
    },
    {
      "type": "Feature",
      "geometry": {
        "type": "Point",
        "coordinates": [
          820.4876595368688,
          -575.7114806031542
        ]
      },
      "properties": {
        "Q_m": 134.63181358341657,
        "eta": 0.05,
        "kind": "sample"
      }
    },
    {
      "type": "Feature",
      "geometry": {
        "type": "Point",
        "coordinates": [
          820.4876595368688,
          575.7114806031542
        ]
      },
      "properties": {
        "Q_m": 134.6318135834176,
        "eta": 0.05,
        "kind": "sample"
      }
    },
    {
      "type": "Feature",
      "geometry": {
        "type": "Point",
        "coordinates": [
          801.6439238154479,
          600.275170442222
        ]
      },
      "properties": {
        "Q_m": 134.6338158173025,
        "eta": 0.05,
        "kind": "sample"
      }
    },
    {
      "type": "Feature",
      "geometry": {
        "type": "Point",
        "coordinates": [
          801.6439238154479,
          -600.2751704422222
        ]
      },
      "properties": {
        "Q_m": 134.63381581730334,
        "eta": 0.05,
        "kind": "sample"
      }
    },
    {
      "type": "Feature",
      "geometry": {
        "type": "Point",
        "coordinates": [
          786.725966369323,
          620.2331684364648
        ]
      },
      "properties": {
        "Q_m": 134.64632975902495,
        "eta": 0.05,
        "kind": "sample"
      }
    },
    {
      "type": "Feature",
      "geometry": {
        "type": "Point",
        "coordinates": [
          786.725966369323,
          -620.2331684364649
        ]
      },
      "properties": {
        "Q_m": 134.646329759026,
        "eta": 0.05,
        "kind": "sample"
      }
    },
    {
      "type": "Feature",
      "geometry": {
        "type": "Point",
        "coordinates": [
          825.198593467224,
          -569.5705581433873
        ]
      },
      "properties": {
        "Q_m": 134.65026644515436,
        "eta": 0.05,
        "kind": "sample"
      }
    },
    {
      "type": "Feature",
      "geometry": {
        "type": "Point",
        "coordinates": [
          825.198593467224,
          569.5705581433872
        ]
      },
      "properties": {
        "Q_m": 134.6502664451556,
        "eta": 0.05,
        "kind": "sample"
      }
    },
    {
      "type": "Feature",
      "geometry": {
        "type": "Point",
        "coordinates": [
          776.5189428535534,
          634.0502439709404
        ]
      },
      "properties": {
        "Q_m": 134.67422995366354,
        "eta": 0.05,
        "kind": "sample"
      }
    },
    {
      "type": "Feature",
      "geometry": {
        "type": "Point",
        "coordinates": [
          776.5189428535534,
          -634.0502439709405
        ]
      },
      "properties": {
        "Q_m": 134.6742299536644,
        "eta": 0.05,
        "kind": "sample"
      }
    },
    {
      "type": "Feature",
      "geometry": {
        "type": "Point",
        "coordinates": [
          829.9095273975793,
          563.4296356836202
        ]
      },
      "properties": {
        "Q_m": 134.6768353955624,
        "eta": 0.05,
        "kind": "sample"
      }
    },
    {
      "type": "Feature",
      "geometry": {
        "type": "Point",
        "coordinates": [
          829.9095273975793,
          -563.4296356836203
        ]
      },
      "properties": {
        "Q_m": 134.67683539556322,
        "eta": 0.05,
        "kind": "sample"
      }
    },
    {
      "type": "Feature",
      "geometry": {
        "type": "Point",
        "coordinates": [
          792.2220559547375,
          612.557015361756
        ]
      },
      "properties": {
        "Q_m": 134.67688931941362,
        "eta": 0.05,
        "kind": "sample"
      }
    },
    {
      "type": "Feature",
      "geometry": {
        "type": "Point",
        "coordinates": [
          792.2220559547375,
          -612.5570153617562
        ]
      },
      "properties": {
        "Q_m": 134.67688931941424,
        "eta": 0.05,
        "kind": "sample"
      }
    },
    {
      "type": "Feature",
      "geometry": {
        "type": "Point",
        "coordinates": [
          782.0150324389679,
          626.3740908962318
        ]
      },
      "properties": {
        "Q_m": 134.685872542038,
        "eta": 0.05,
        "kind": "sample"
      }
    },
    {
      "type": "Feature",
      "geometry": {
        "type": "Point",
        "coordinates": [
          782.0150324389679,
          -626.3740908962318
        ]
      },
      "properties": {
        "Q_m": 134.68587254203882,
        "eta": 0.05,
        "kind": "sample"
      }
    },
    {
      "type": "Feature",
      "geometry": {
        "type": "Point",
        "coordinates": [
          811.8509473312175,
          -586.4580949077465
        ]
      },
      "properties": {
        "Q_m": 134.69199433184724,
        "eta": 0.05,
        "kind": "sample"
      }
    },
    {
      "type": "Feature",
      "geometry": {
        "type": "Point",
        "coordinates": [
          811.8509473312175,
          586.4580949077463
        ]
      },
      "properties": {
        "Q_m": 134.6919943318483,
        "eta": 0.05,
        "kind": "sample"
      }
    },
    {
      "type": "Feature",
      "geometry": {
        "type": "Point",
        "coordinates": [
          802.4290794705071,
          -598.7399398272805
        ]
      },
      "properties": {
        "Q_m": 134.7029149993677,
        "eta": 0.05,
        "kind": "sample"
      }
    },
    {
      "type": "Feature",
      "geometry": {
        "type": "Point",
        "coordinates": [
          802.4290794705071,
          598.7399398272803
        ]
      },
      "properties": {
        "Q_m": 134.70291499936874,
        "eta": 0.05,
        "kind": "sample"
      }
    },
    {
      "type": "Feature",
      "geometry": {
        "type": "Point",
        "coordinates": [
          821.272815191928,
          -574.1762499882125
        ]
      },
      "properties": {
        "Q_m": 134.71068472828537,
        "eta": 0.05,
        "kind": "sample"
      }
    },
    {
      "type": "Feature",
      "geometry": {
        "type": "Point",
        "coordinates": [
          821.272815191928,
          574.1762499882125
        ]
      },
      "properties": {
        "Q_m": 134.71068472828557,
        "eta": 0.05,
        "kind": "sample"
      }
    },
    {
      "type": "Feature",
      "geometry": {
        "type": "Point",
        "coordinates": [
          834.6204613279344,
          -557.2887132238533
        ]
      },
      "properties": {
        "Q_m": 134.71181047524337,
        "eta": 0.05,
        "kind": "sample"
      }
    },
    {
      "type": "Feature",
      "geometry": {
        "type": "Point",
        "coordinates": [
          834.6204613279344,
          557.2887132238533
        ]
      },
      "properties": {
        "Q_m": 134.71181047524422,
        "eta": 0.05,
        "kind": "sample"
      }
    },
    {
      "type": "Feature",
      "geometry": {
        "type": "Point",
        "coordinates": [
          777.3040985086126,
          632.5150133559987
        ]
      },
      "properties": {
        "Q_m": 134.73138390864162,
        "eta": 0.05,
        "kind": "sample"
      }
    },
    {
      "type": "Feature",
      "geometry": {
        "type": "Point",
        "coordinates": [
          777.3040985086126,
          -632.5150133559988
        ]
      },
      "properties": {
        "Q_m": 134.73138390864227,
        "eta": 0.05,
        "kind": "sample"
      }
    },
    {
      "type": "Feature",
      "geometry": {
        "type": "Point",
        "coordinates": [
          825.9837491222831,
          -568.0353275284456
        ]
      },
      "properties": {
        "Q_m": 134.7317806775623,
        "eta": 0.05,
        "kind": "sample"
      }
    },
    {
      "type": "Feature",
      "geometry": {
        "type": "Point",
        "coordinates": [
          825.9837491222831,
          568.0353275284454
        ]
      },
      "properties": {
        "Q_m": 134.7317806775627,
        "eta": 0.05,
        "kind": "sample"
      }
    },
    {
      "type": "Feature",
      "geometry": {
        "type": "Point",
        "coordinates": [
          766.3119193377837,
          -647.8673195054162
        ]
      },
      "properties": {
        "Q_m": 134.73344450023515,
        "eta": 0.05,
        "kind": "sample"
      }
    },
    {
      "type": "Feature",
      "geometry": {
        "type": "Point",
        "coordinates": [
          766.3119193377837,
          647.8673195054162
        ]
      },
      "properties": {
        "Q_m": 134.73344450023578,
        "eta": 0.05,
        "kind": "sample"
      }
    },
    {
      "type": "Feature",
      "geometry": {
        "type": "Point",
        "coordinates": [
          793.0072116097966,
          -611.0217847468143
        ]
      },
      "properties": {
        "Q_m": 134.74153632099328,
        "eta": 0.05,
        "kind": "sample"
      }
    },
    {
      "type": "Feature",
      "geometry": {
        "type": "Point",
        "coordinates": [
          793.0072116097966,
          611.0217847468143
        ]
      },
      "properties": {
        "Q_m": 134.7415363209937,
        "eta": 0.05,
        "kind": "sample"
      }
    },
    {
      "type": "Feature",
      "geometry": {
        "type": "Point",
        "coordinates": [
          782.800188094027,
          -624.8388602812901
        ]
      },
      "properties": {
        "Q_m": 134.74565903313174,
        "eta": 0.05,
        "kind": "sample"
      }
    },
    {
      "type": "Feature",
      "geometry": {
        "type": "Point",
        "coordinates": [
          782.800188094027,
          624.8388602812901
        ]
      },
      "properties": {
        "Q_m": 134.74565903313257,
        "eta": 0.05,
        "kind": "sample"
      }
    },
    {
      "type": "Feature",
      "geometry": {
        "type": "Point",
        "coordinates": [
          839.3313952582897,
          551.1477907640863
        ]
      },
      "properties": {
        "Q_m": 134.75549595527986,
        "eta": 0.05,
        "kind": "sample"
      }
    },
    {
      "type": "Feature",
      "geometry": {
        "type": "Point",
        "coordinates": [
          839.3313952582897,
          -551.1477907640864
        ]
      },
      "properties": {
        "Q_m": 134.75549595528048,
        "eta": 0.05,
        "kind": "sample"
      }
    },
    {
      "type": "Feature",
      "geometry": {
        "type": "Point",
        "coordinates": [
          830.6946830526384,
          -561.8944050686785
        ]
      },
      "properties": {
        "Q_m": 134.76108016649013,
        "eta": 0.05,
        "kind": "sample"
      }
    },
    {
      "type": "Feature",
      "geometry": {
        "type": "Point",
        "coordinates": [
          830.6946830526384,
          561.8944050686785
        ]
      },
      "properties": {
        "Q_m": 134.7610801664906,
        "eta": 0.05,
        "kind": "sample"
      }
    },
    {
      "type": "Feature",
      "geometry": {
        "type": "Point",
        "coordinates": [
          812.6361029862767,
          -584.9228642928047
        ]
      },
      "properties": {
        "Q_m": 134.76662209298607,
        "eta": 0.05,
        "kind": "sample"
      }
    },
    {
      "type": "Feature",
      "geometry": {
        "type": "Point",
        "coordinates": [
          812.6361029862767,
          584.9228642928045
        ]
      },
      "properties": {
        "Q_m": 134.76662209298627,
        "eta": 0.05,
        "kind": "sample"
      }
    },
    {
      "type": "Feature",
      "geometry": {
        "type": "Point",
        "coordinates": [
          788.2962776794413,
          -617.1627072065814
        ]
      },
      "properties": {
        "Q_m": 134.77068302265502,
        "eta": 0.05,
        "kind": "sample"
      }
    },
    {
      "type": "Feature",
      "geometry": {
        "type": "Point",
        "coordinates": [
          788.2962776794413,
          617.1627072065812
        ]
      },
      "properties": {
        "Q_m": 134.77068302265525,
        "eta": 0.05,
        "kind": "sample"
      }
    },
    {
      "type": "Feature",
      "geometry": {
        "type": "Point",
        "coordinates": [
          803.2142351255663,
          597.2047092123386
        ]
      },
      "properties": {
        "Q_m": 134.7727651074371,
        "eta": 0.05,
        "kind": "sample"
      }
    },
    {
      "type": "Feature",
      "geometry": {
        "type": "Point",
        "coordinates": [
          803.2142351255663,
          -597.2047092123387
        ]
      },
      "properties": {
        "Q_m": 134.77276510743772,
        "eta": 0.05,
        "kind": "sample"
      }
    },
    {
      "type": "Feature",
      "geometry": {
        "type": "Point",
        "coordinates": [
          772.5931645782573,
          638.6559358157657
        ]
      },
      "properties": {
        "Q_m": 134.7826812372463,
        "eta": 0.05,
        "kind": "sample"
      }
    },
    {
      "type": "Feature",
      "geometry": {
        "type": "Point",
        "coordinates": [
          772.5931645782573,
          -638.6559358157658
        ]
      },
      "properties": {
        "Q_m": 134.78268123724692,
        "eta": 0.05,
        "kind": "sample"
      }
    },
    {
      "type": "Feature",
      "geometry": {
        "type": "Point",
        "coordinates": [
          822.0579708469872,
          572.6410193732706
        ]
      },
      "properties": {
        "Q_m": 134.79040024084955,
        "eta": 0.05,
        "kind": "sample"
      }
    },
    {
      "type": "Feature",
      "geometry": {
        "type": "Point",
        "coordinates": [
          822.0579708469872,
          -572.6410193732708
        ]
      },
      "properties": {
        "Q_m": 134.7904002408508,
        "eta": 0.05,
        "kind": "sample"
      }
    },
    {
      "type": "Feature",
      "geometry": {
        "type": "Point",
        "coordinates": [
          835.4056169829937,
          -555.7534826089116
        ]
      },
      "properties": {
        "Q_m": 134.79887732657437,
        "eta": 0.05,
        "kind": "sample"
      }
    },
    {
      "type": "Feature",
      "geometry": {
        "type": "Point",
        "coordinates": [
          835.4056169829937,
          555.7534826089116
        ]
      },
      "properties": {
        "Q_m": 134.7988773265746,
        "eta": 0.05,
        "kind": "sample"
      }
    },
    {
      "type": "Feature",
      "geometry": {
        "type": "Point",
        "coordinates": [
          783.5853437490862,
          -623.3036296663483
        ]
      },
      "properties": {
        "Q_m": 134.80611177356315,
        "eta": 0.05,
        "kind": "sample"
      }
    },
    {
      "type": "Feature",
      "geometry": {
        "type": "Point",
        "coordinates": [
          783.5853437490862,
          623.3036296663483
        ]
      },
      "properties": {
        "Q_m": 134.80611177356337,
        "eta": 0.05,
        "kind": "sample"
      }
    },
    {
      "type": "Feature",
      "geometry": {
        "type": "Point",
        "coordinates": [
          793.7923672648558,
          -609.4865541318726
        ]
      },
      "properties": {
        "Q_m": 134.80689304663636,
        "eta": 0.05,
        "kind": "sample"
      }
    },
    {
      "type": "Feature",
      "geometry": {
        "type": "Point",
        "coordinates": [
          793.7923672648558,
          609.4865541318725
        ]
      },
      "properties": {
        "Q_m": 134.806893046637,
        "eta": 0.05,
        "kind": "sample"
      }
    },
    {
      "type": "Feature",
      "geometry": {
        "type": "Point",
        "coordinates": [
          789.0814333345006,
          615.6274765916395
        ]
      },
      "properties": {
        "Q_m": 134.83389232636475,
        "eta": 0.05,
        "kind": "sample"
      }
    },
    {
      "type": "Feature",
      "geometry": {
        "type": "Point",
        "coordinates": [
          789.0814333345006,
          -615.6274765916396
        ]
      },
      "properties": {
        "Q_m": 134.83389232636537,
        "eta": 0.05,
        "kind": "sample"
      }
    },
    {
      "type": "Feature",
      "geometry": {
        "type": "Point",
        "coordinates": [
          773.3783202333166,
          -637.1207052008241
        ]
      },
      "properties": {
        "Q_m": 134.83854561522404,
        "eta": 0.05,
        "kind": "sample"
      }
    },
    {
      "type": "Feature",
      "geometry": {
        "type": "Point",
        "coordinates": [
          773.3783202333166,
          637.120705200824
        ]
      },
      "properties": {
        "Q_m": 134.83854561522466,
        "eta": 0.05,
        "kind": "sample"
      }
    },
    {
      "type": "Feature",
      "geometry": {
        "type": "Point",
        "coordinates": [
          813.421258641336,
          583.3876336778628
        ]
      },
      "properties": {
        "Q_m": 134.8420525291193,
        "eta": 0.05,
        "kind": "sample"
      }
    },
    {
      "type": "Feature",
      "geometry": {
        "type": "Point",
        "coordinates": [
          813.421258641336,
          -583.3876336778629
        ]
      },
      "properties": {
        "Q_m": 134.84205252912054,
        "eta": 0.05,
        "kind": "sample"
      }
    },
    {
      "type": "Feature",
      "geometry": {
        "type": "Point",
        "coordinates": [
          803.9993907806255,
          595.6694785973968
        ]
      },
      "properties": {
        "Q_m": 134.84337259950556,
        "eta": 0.05,
        "kind": "sample"
      }
    },
    {
      "type": "Feature",
      "geometry": {
        "type": "Point",
        "coordinates": [
          803.9993907806255,
          -595.669478597397
        ]
      },
      "properties": {
        "Q_m": 134.84337259950618,
        "eta": 0.05,
        "kind": "sample"
      }
    },
    {
      "type": "Feature",
      "geometry": {
        "type": "Point",
        "coordinates": [
          840.1165509133489,
          549.6125601491444
        ]
      },
      "properties": {
        "Q_m": 134.84548076511243,
        "eta": 0.05,
        "kind": "sample"
      }
    },
    {
      "type": "Feature",
      "geometry": {
        "type": "Point",
        "coordinates": [
          840.1165509133489,
          -549.6125601491447
        ]
      },
      "properties": {
        "Q_m": 134.84548076511305,
        "eta": 0.05,
        "kind": "sample"
      }
    },
    {
      "type": "Feature",
      "geometry": {
        "type": "Point",
        "coordinates": [
          831.4798387076976,
          560.3591744537367
        ]
      },
      "properties": {
        "Q_m": 134.8462224047901,
        "eta": 0.05,
        "kind": "sample"
      }
    },
    {
      "type": "Feature",
      "geometry": {
        "type": "Point",
        "coordinates": [
          831.4798387076976,
          -560.3591744537367
        ]
      },
      "properties": {
        "Q_m": 134.84622240479115,
        "eta": 0.05,
        "kind": "sample"
      }
    },
    {
      "type": "Feature",
      "geometry": {
        "type": "Point",
        "coordinates": [
          784.3704994041454,
          621.7683990514065
        ]
      },
      "properties": {
        "Q_m": 134.8672362284055,
        "eta": 0.05,
        "kind": "sample"
      }
    },
    {
      "type": "Feature",
      "geometry": {
        "type": "Point",
        "coordinates": [
          784.3704994041454,
          -621.7683990514066
        ]
      },
      "properties": {
        "Q_m": 134.86723622840654,
        "eta": 0.05,
        "kind": "sample"
      }
    },
    {
      "type": "Feature",
      "geometry": {
        "type": "Point",
        "coordinates": [
          822.8431265020464,
          571.1057887583289
        ]
      },
      "properties": {
        "Q_m": 134.8709677274129,
        "eta": 0.05,
        "kind": "sample"
      }
    },
    {
      "type": "Feature",
      "geometry": {
        "type": "Point",
        "coordinates": [
          822.8431265020464,
          -571.105788758329
        ]
      },
      "properties": {
        "Q_m": 134.87096772741376,
        "eta": 0.05,
        "kind": "sample"
      }
    },
    {
      "type": "Feature",
      "geometry": {
        "type": "Point",
        "coordinates": [
          794.577522919915,
          607.9513235169308
        ]
      },
      "properties": {
        "Q_m": 134.87296546427734,
        "eta": 0.05,
        "kind": "sample"
      }
    },
    {
      "type": "Feature",
      "geometry": {
        "type": "Point",
        "coordinates": [
          794.577522919915,
          -607.9513235169309
        ]
      },
      "properties": {
        "Q_m": 134.87296546427777,
        "eta": 0.05,
        "kind": "sample"
      }
    },
    {
      "type": "Feature",
      "geometry": {
        "type": "Point",
        "coordinates": [
          774.1634758883757,
          -635.5854745858824
        ]
      },
      "properties": {
        "Q_m": 134.89504150934206,
        "eta": 0.05,
        "kind": "sample"
      }
    },
    {
      "type": "Feature",
      "geometry": {
        "type": "Point",
        "coordinates": [
          774.1634758883757,
          635.5854745858821
        ]
      },
      "properties": {
        "Q_m": 134.8950415093429,
        "eta": 0.05,
        "kind": "sample"
      }
    },
    {
      "type": "Feature",
      "geometry": {
        "type": "Point",
        "coordinates": [
          789.8665889895598,
          -614.0922459766979
        ]
      },
      "properties": {
        "Q_m": 134.89779771164035,
        "eta": 0.05,
        "kind": "sample"
      }
    },
    {
      "type": "Feature",
      "geometry": {
        "type": "Point",
        "coordinates": [
          789.8665889895598,
          614.0922459766978
        ]
      },
      "properties": {
        "Q_m": 134.89779771164098,
        "eta": 0.05,
        "kind": "sample"
      }
    },
    {
      "type": "Feature",
      "geometry": {
        "type": "Point",
        "coordinates": [
          763.171296717547,
          -650.9377807352997
        ]
      },
      "properties": {
        "Q_m": 134.90194064360537,
        "eta": 0.05,
        "kind": "sample"
      }
    },
    {
      "type": "Feature",
      "geometry": {
        "type": "Point",
        "coordinates": [
          763.171296717547,
          650.9377807352996
        ]
      },
      "properties": {
        "Q_m": 134.901940643606,
        "eta": 0.05,
        "kind": "sample"
      }
    },
    {
      "type": "Feature",
      "geometry": {
        "type": "Point",
        "coordinates": [
          785.1556550592046,
          620.2331684364648
        ]
      },
      "properties": {
        "Q_m": 134.92903792282627,
        "eta": 0.05,
        "kind": "sample"
      }
    },
    {
      "type": "Feature",
      "geometry": {
        "type": "Point",
        "coordinates": [
          785.1556550592046,
          -620.2331684364649
        ]
      },
      "properties": {
        "Q_m": 134.92903792282712,
        "eta": 0.05,
        "kind": "sample"
      }
    },
    {
      "type": "Feature",
      "geometry": {
        "type": "Point",
        "coordinates": [
          832.2649943627569,
          -558.823943838795
        ]
      },
      "properties": {
        "Q_m": 134.9322703909211,
        "eta": 0.05,
        "kind": "sample"
      }
    },
    {
      "type": "Feature",
      "geometry": {
        "type": "Point",
        "coordinates": [
          832.2649943627569,
          558.823943838795
        ]
      },
      "properties": {
        "Q_m": 134.93227039092173,
        "eta": 0.05,
        "kind": "sample"
      }
    },
    {
      "type": "Feature",
      "geometry": {
        "type": "Point",
        "coordinates": [
          840.9017065684081,
          548.0773295342027
        ]
      },
      "properties": {
        "Q_m": 134.93642107176677,
        "eta": 0.05,
        "kind": "sample"
      }
    },
    {
      "type": "Feature",
      "geometry": {
        "type": "Point",
        "coordinates": [
          840.9017065684081,
          -548.0773295342028
        ]
      },
      "properties": {
        "Q_m": 134.9364210717672,
        "eta": 0.05,
        "kind": "sample"
      }
    },
    {
      "type": "Feature",
      "geometry": {
        "type": "Point",
        "coordinates": [
          774.9486315434349,
          -634.0502439709405
        ]
      },
      "properties": {
        "Q_m": 134.95217398923336,
        "eta": 0.05,
        "kind": "sample"
      }
    },
    {
      "type": "Feature",
      "geometry": {
        "type": "Point",
        "coordinates": [
          774.9486315434349,
          634.0502439709404
        ]
      },
      "properties": {
        "Q_m": 134.9521739892342,
        "eta": 0.05,
        "kind": "sample"
      }
    },
    {
      "type": "Feature",
      "geometry": {
        "type": "Point",
        "coordinates": [
          823.6282821571056,
          -569.5705581433873
        ]
      },
      "properties": {
        "Q_m": 134.95239488584983,
        "eta": 0.05,
        "kind": "sample"
      }
    },
    {
      "type": "Feature",
      "geometry": {
        "type": "Point",
        "coordinates": [
          823.6282821571056,
          569.5705581433872
        ]
      },
      "properties": {
        "Q_m": 134.95239488585,
        "eta": 0.05,
        "kind": "sample"
      }
    },
    {
      "type": "Feature",
      "geometry": {
        "type": "Point",
        "coordinates": [
          763.9564523726061,
          -649.402550120358
        ]
      },
      "properties": {
        "Q_m": 134.95409927651778,
        "eta": 0.05,
        "kind": "sample"
      }
    },
    {
      "type": "Feature",
      "geometry": {
        "type": "Point",
        "coordinates": [
          763.9564523726061,
          649.4025501203579
        ]
      },
      "properties": {
        "Q_m": 134.95409927651795,
        "eta": 0.05,
        "kind": "sample"
      }
    },
    {
      "type": "Feature",
      "geometry": {
        "type": "Point",
        "coordinates": [
          836.9759282931121,
          552.683021379028
        ]
      },
      "properties": {
        "Q_m": 134.97579716653755,
        "eta": 0.05,
        "kind": "sample"
      }
    },
    {
      "type": "Feature",
      "geometry": {
        "type": "Point",
        "coordinates": [
          836.9759282931121,
          -552.6830213790281
        ]
      },
      "properties": {
        "Q_m": 134.9757971665386,
        "eta": 0.05,
        "kind": "sample"
      }
    },
    {
      "type": "Feature",
      "geometry": {
        "type": "Point",
        "coordinates": [
          810.2806360210991,
          -586.4580949077465
        ]
      },
      "properties": {
        "Q_m": 134.98738876993175,
        "eta": 0.05,
        "kind": "sample"
      }
    },
    {
      "type": "Feature",
      "geometry": {
        "type": "Point",
        "coordinates": [
          810.2806360210991,
          586.4580949077463
        ]
      },
      "properties": {
        "Q_m": 134.98738876993258,
        "eta": 0.05,
        "kind": "sample"
      }
    },
    {
      "type": "Feature",
      "geometry": {
        "type": "Point",
        "coordinates": [
          800.8587681603888,
          -598.7399398272805
        ]
      },
      "properties": {
        "Q_m": 134.99359527121996,
        "eta": 0.05,
        "kind": "sample"
      }
    },
    {
      "type": "Feature",
      "geometry": {
        "type": "Point",
        "coordinates": [
          800.8587681603888,
          598.7399398272803
        ]
      },
      "properties": {
        "Q_m": 134.99359527122058,
        "eta": 0.05,
        "kind": "sample"
      }
    },
    {
      "type": "Feature",
      "geometry": {
        "type": "Point",
        "coordinates": [
          814.9915699514544,
          -580.3171724479794
        ]
      },
      "properties": {
        "Q_m": 134.99534984626106,
        "eta": 0.05,
        "kind": "sample"
      }
    },
    {
      "type": "Feature",
      "geometry": {
        "type": "Point",
        "coordinates": [
          814.9915699514544,
          580.3171724479794
        ]
      },
      "properties": {
        "Q_m": 134.99534984626212,
        "eta": 0.05,
        "kind": "sample"
      }
    },
    {
      "type": "Feature",
      "geometry": {
        "type": "Point",
        "coordinates": [
          764.7416080276653,
          -647.8673195054162
        ]
      },
      "properties": {
        "Q_m": 135.0068572617434,
        "eta": 0.05,
        "kind": "sample"
      }
    },
    {
      "type": "Feature",
      "geometry": {
        "type": "Point",
        "coordinates": [
          764.7416080276653,
          647.8673195054162
        ]
      },
      "properties": {
        "Q_m": 135.00685726174444,
        "eta": 0.05,
        "kind": "sample"
      }
    },
    {
      "type": "Feature",
      "geometry": {
        "type": "Point",
        "coordinates": [
          796.1478342300335,
          604.8808622870472
        ]
      },
      "properties": {
        "Q_m": 135.00728158429988,
        "eta": 0.05,
        "kind": "sample"
      }
    },
    {
      "type": "Feature",
      "geometry": {
        "type": "Point",
        "coordinates": [
          796.1478342300335,
          -604.8808622870474
        ]
      },
      "properties": {
        "Q_m": 135.0072815843005,
        "eta": 0.05,
        "kind": "sample"
      }
    },
    {
      "type": "Feature",
      "geometry": {
        "type": "Point",
        "coordinates": [
          775.7337871984942,
          -632.5150133559988
        ]
      },
      "properties": {
        "Q_m": 135.00994817912212,
        "eta": 0.05,
        "kind": "sample"
      }
    },
    {
      "type": "Feature",
      "geometry": {
        "type": "Point",
        "coordinates": [
          775.7337871984942,
          632.5150133559987
        ]
      },
      "properties": {
        "Q_m": 135.00994817912297,
        "eta": 0.05,
        "kind": "sample"
      }
    },
    {
      "type": "Feature",
      "geometry": {
        "type": "Point",
        "coordinates": [
          819.7025038818097,
          -574.1762499882125
        ]
      },
      "properties": {
        "Q_m": 135.01102680317052,
        "eta": 0.05,
        "kind": "sample"
      }
    },
    {
      "type": "Feature",
      "geometry": {
        "type": "Point",
        "coordinates": [
          819.7025038818097,
          574.1762499882125
        ]
      },
      "properties": {
        "Q_m": 135.01102680317072,
        "eta": 0.05,
        "kind": "sample"
      }
    },
    {
      "type": "Feature",
      "geometry": {
        "type": "Point",
        "coordinates": [
          833.0501500178161,
          557.2887132238533
        ]
      },
      "properties": {
        "Q_m": 135.01923250736505,
        "eta": 0.05,
        "kind": "sample"
      }
    },
    {
      "type": "Feature",
      "geometry": {
        "type": "Point",
        "coordinates": [
          833.0501500178161,
          -557.2887132238533
        ]
      },
      "properties": {
        "Q_m": 135.01923250736587,
        "eta": 0.05,
        "kind": "sample"
      }
    },
    {
      "type": "Feature",
      "geometry": {
        "type": "Point",
        "coordinates": [
          791.4369002996782,
          -611.0217847468143
        ]
      },
      "properties": {
        "Q_m": 135.02772001160528,
        "eta": 0.05,
        "kind": "sample"
      }
    },
    {
      "type": "Feature",
      "geometry": {
        "type": "Point",
        "coordinates": [
          791.4369002996782,
          611.0217847468143
        ]
      },
      "properties": {
        "Q_m": 135.0277200116061,
        "eta": 0.05,
        "kind": "sample"
      }
    },
    {
      "type": "Feature",
      "geometry": {
        "type": "Point",
        "coordinates": [
          841.6868622234673,
          -546.5420989192611
        ]
      },
      "properties": {
        "Q_m": 135.0283259093817,
        "eta": 0.05,
        "kind": "sample"
      }
    },
    {
      "type": "Feature",
      "geometry": {
        "type": "Point",
        "coordinates": [
          841.6868622234673,
          546.542098919261
        ]
      },
      "properties": {
        "Q_m": 135.02832590938254,
        "eta": 0.05,
        "kind": "sample"
      }
    },
    {
      "type": "Feature",
      "geometry": {
        "type": "Point",
        "coordinates": [
          824.4134378121648,
          -568.0353275284456
        ]
      },
      "properties": {
        "Q_m": 135.03468950697803,
        "eta": 0.05,
        "kind": "sample"
      }
    },
    {
      "type": "Feature",
      "geometry": {
        "type": "Point",
        "coordinates": [
          824.4134378121648,
          568.0353275284454
        ]
      },
      "properties": {
        "Q_m": 135.03468950697928,
        "eta": 0.05,
        "kind": "sample"
      }
    },
    {
      "type": "Feature",
      "geometry": {
        "type": "Point",
        "coordinates": [
          786.725966369323,
          -617.1627072065814
        ]
      },
      "properties": {
        "Q_m": 135.05469543647152,
        "eta": 0.05,
        "kind": "sample"
      }
    },
    {
      "type": "Feature",
      "geometry": {
        "type": "Point",
        "coordinates": [
          786.725966369323,
          617.1627072065812
        ]
      },
      "properties": {
        "Q_m": 135.0546954364728,
        "eta": 0.05,
        "kind": "sample"
      }
    },
    {
      "type": "Feature",
      "geometry": {
        "type": "Point",
        "coordinates": [
          765.5267636827245,
          -646.3320888904744
        ]
      },
      "properties": {
        "Q_m": 135.06021930996192,
        "eta": 0.05,
        "kind": "sample"
      }
    },
    {
      "type": "Feature",
      "geometry": {
        "type": "Point",
        "coordinates": [
          765.5267636827245,
          646.3320888904744
        ]
      },
      "properties": {
        "Q_m": 135.06021930996252,
        "eta": 0.05,
        "kind": "sample"
      }
    },
    {
      "type": "Feature",
      "geometry": {
        "type": "Point",
        "coordinates": [
          811.0657916761584,
          584.9228642928045
        ]
      },
      "properties": {
        "Q_m": 135.06274996867228,
        "eta": 0.05,
        "kind": "sample"
      }
    },
    {
      "type": "Feature",
      "geometry": {
        "type": "Point",
        "coordinates": [
          811.0657916761584,
          -584.9228642928047
        ]
      },
      "properties": {
        "Q_m": 135.0627499686729,
        "eta": 0.05,
        "kind": "sample"
      }
    },
    {
      "type": "Feature",
      "geometry": {
        "type": "Point",
        "coordinates": [
          801.6439238154479,
          -597.2047092123387
        ]
      },
      "properties": {
        "Q_m": 135.06414705854758,
        "eta": 0.05,
        "kind": "sample"
      }
    },
    {
      "type": "Feature",
      "geometry": {
        "type": "Point",
        "coordinates": [
          801.6439238154479,
          597.2047092123386
        ]
      },
      "properties": {
        "Q_m": 135.0641470585484,
        "eta": 0.05,
        "kind": "sample"
      }
    },
    {
      "type": "Feature",
      "geometry": {
        "type": "Point",
        "coordinates": [
          837.7610839481713,
          551.1477907640863
        ]
      },
      "properties": {
        "Q_m": 135.0656675563126,
        "eta": 0.05,
        "kind": "sample"
      }
    },
    {
      "type": "Feature",
      "geometry": {
        "type": "Point",
        "coordinates": [
          837.7610839481713,
          -551.1477907640864
        ]
      },
      "properties": {
        "Q_m": 135.06566755631323,
        "eta": 0.05,
        "kind": "sample"
      }
    },
    {
      "type": "Feature",
      "geometry": {
        "type": "Point",
        "coordinates": [
          829.12437174252,
          561.8944050686785
        ]
      },
      "properties": {
        "Q_m": 135.06662079048476,
        "eta": 0.05,
        "kind": "sample"
      }
    },
    {
      "type": "Feature",
      "geometry": {
        "type": "Point",
        "coordinates": [
          829.12437174252,
          -561.8944050686785
        ]
      },
      "properties": {
        "Q_m": 135.0666207904856,
        "eta": 0.05,
        "kind": "sample"
      }
    },
    {
      "type": "Feature",
      "geometry": {
        "type": "Point",
        "coordinates": [
          782.0150324389679,
          -623.3036296663483
        ]
      },
      "properties": {
        "Q_m": 135.0880019704128,
        "eta": 0.05,
        "kind": "sample"
      }
    },
    {
      "type": "Feature",
      "geometry": {
        "type": "Point",
        "coordinates": [
          782.0150324389679,
          623.3036296663483
        ]
      },
      "properties": {
        "Q_m": 135.08800197041404,
        "eta": 0.05,
        "kind": "sample"
      }
    },
    {
      "type": "Feature",
      "geometry": {
        "type": "Point",
        "coordinates": [
          820.4876595368688,
          -572.6410193732708
        ]
      },
      "properties": {
        "Q_m": 135.0915097824106,
        "eta": 0.05,
        "kind": "sample"
      }
    },
    {
      "type": "Feature",
      "geometry": {
        "type": "Point",
        "coordinates": [
          820.4876595368688,
          572.6410193732706
        ]
      },
      "properties": {
        "Q_m": 135.0915097824112,
        "eta": 0.05,
        "kind": "sample"
      }
    },
    {
      "type": "Feature",
      "geometry": {
        "type": "Point",
        "coordinates": [
          792.2220559547375,
          609.4865541318725
        ]
      },
      "properties": {
        "Q_m": 135.0937487316918,
        "eta": 0.05,
        "kind": "sample"
      }
    },
    {
      "type": "Feature",
      "geometry": {
        "type": "Point",
        "coordinates": [
          792.2220559547375,
          -609.4865541318726
        ]
      },
      "properties": {
        "Q_m": 135.09374873169222,
        "eta": 0.05,
        "kind": "sample"
      }
    },
    {
      "type": "Feature",
      "geometry": {
        "type": "Point",
        "coordinates": [
          833.8353056728753,
          555.7534826089116
        ]
      },
      "properties": {
        "Q_m": 135.1071172402074,
        "eta": 0.05,
        "kind": "sample"
      }
    },
    {
      "type": "Feature",
      "geometry": {
        "type": "Point",
        "coordinates": [
          833.8353056728753,
          -555.7534826089116
        ]
      },
      "properties": {
        "Q_m": 135.10711724020825,
        "eta": 0.05,
        "kind": "sample"
      }
    },
    {
      "type": "Feature",
      "geometry": {
        "type": "Point",
        "coordinates": [
          766.3119193377837,
          644.7968582755327
        ]
      },
      "properties": {
        "Q_m": 135.11419018155144,
        "eta": 0.05,
        "kind": "sample"
      }
    },
    {
      "type": "Feature",
      "geometry": {
        "type": "Point",
        "coordinates": [
          766.3119193377837,
          -644.7968582755327
        ]
      },
      "properties": {
        "Q_m": 135.1141901815527,
        "eta": 0.05,
        "kind": "sample"
      }
    },
    {
      "type": "Feature",
      "geometry": {
        "type": "Point",
        "coordinates": [
          825.198593467224,
          566.5000969135036
        ]
      },
      "properties": {
        "Q_m": 135.1178594759565,
        "eta": 0.05,
        "kind": "sample"
      }
    },
    {
      "type": "Feature",
      "geometry": {
        "type": "Point",
        "coordinates": [
          825.198593467224,
          -566.5000969135037
        ]
      },
      "properties": {
        "Q_m": 135.11785947595672,
        "eta": 0.05,
        "kind": "sample"
      }
    },
    {
      "type": "Feature",
      "geometry": {
        "type": "Point",
        "coordinates": [
          777.3040985086126,
          629.4445521261152
        ]
      },
      "properties": {
        "Q_m": 135.12744246317175,
        "eta": 0.05,
        "kind": "sample"
      }
    },
    {
      "type": "Feature",
      "geometry": {
        "type": "Point",
        "coordinates": [
          777.3040985086126,
          -629.4445521261152
        ]
      },
      "properties": {
        "Q_m": 135.12744246317217,
        "eta": 0.05,
        "kind": "sample"
      }
    },
    {
      "type": "Feature",
      "geometry": {
        "type": "Point",
        "coordinates": [
          802.4290794705071,
          -595.669478597397
        ]
      },
      "properties": {
        "Q_m": 135.13546050096767,
        "eta": 0.05,
        "kind": "sample"
      }
    },
    {
      "type": "Feature",
      "geometry": {
        "type": "Point",
        "coordinates": [
          802.4290794705071,
          595.6694785973968
        ]
      },
      "properties": {
        "Q_m": 135.13546050096832,
        "eta": 0.05,
        "kind": "sample"
      }
    },
    {
      "type": "Feature",
      "geometry": {
        "type": "Point",
        "coordinates": [
          811.8509473312175,
          583.3876336778628
        ]
      },
      "properties": {
        "Q_m": 135.13891840731597,
        "eta": 0.05,
        "kind": "sample"
      }
    },
    {
      "type": "Feature",
      "geometry": {
        "type": "Point",
        "coordinates": [
          811.8509473312175,
          -583.3876336778629
        ]
      },
      "properties": {
        "Q_m": 135.1389184073166,
        "eta": 0.05,
        "kind": "sample"
      }
    },
    {
      "type": "Feature",
      "geometry": {
        "type": "Point",
        "coordinates": [
          797.7181455401519,
          -601.810401057164
        ]
      },
      "properties": {
        "Q_m": 135.14453378584412,
        "eta": 0.05,
        "kind": "sample"
      }
    },
    {
      "type": "Feature",
      "geometry": {
        "type": "Point",
        "coordinates": [
          797.7181455401519,
          601.8104010571637
        ]
      },
      "properties": {
        "Q_m": 135.14453378584494,
        "eta": 0.05,
        "kind": "sample"
      }
    },
    {
      "type": "Feature",
      "geometry": {
        "type": "Point",
        "coordinates": [
          782.800188094027,
          621.7683990514065
        ]
      },
      "properties": {
        "Q_m": 135.14977063209287,
        "eta": 0.05,
        "kind": "sample"
      }
    },
    {
      "type": "Feature",
      "geometry": {
        "type": "Point",
        "coordinates": [
          782.800188094027,
          -621.7683990514066
        ]
      },
      "properties": {
        "Q_m": 135.14977063209392,
        "eta": 0.05,
        "kind": "sample"
      }
    },
    {
      "type": "Feature",
      "geometry": {
        "type": "Point",
        "coordinates": [
          816.5618812615728,
          577.2467112180959
        ]
      },
      "properties": {
        "Q_m": 135.1519439664843,
        "eta": 0.05,
        "kind": "sample"
      }
    },
    {
      "type": "Feature",
      "geometry": {
        "type": "Point",
        "coordinates": [
          816.5618812615728,
          -577.2467112180959
        ]
      },
      "properties": {
        "Q_m": 135.1519439664845,
        "eta": 0.05,
        "kind": "sample"
      }
    },
    {
      "type": "Feature",
      "geometry": {
        "type": "Point",
        "coordinates": [
          829.9095273975793,
          -560.3591744537367
        ]
      },
      "properties": {
        "Q_m": 135.1525670163664,
        "eta": 0.05,
        "kind": "sample"
      }
    },
    {
      "type": "Feature",
      "geometry": {
        "type": "Point",
        "coordinates": [
          829.9095273975793,
          560.3591744537367
        ]
      },
      "properties": {
        "Q_m": 135.1525670163668,
        "eta": 0.05,
        "kind": "sample"
      }
    },
    {
      "type": "Feature",
      "geometry": {
        "type": "Point",
        "coordinates": [
          838.5462396032306,
          -549.6125601491447
        ]
      },
      "properties": {
        "Q_m": 135.15649004139772,
        "eta": 0.05,
        "kind": "sample"
      }
    },
    {
      "type": "Feature",
      "geometry": {
        "type": "Point",
        "coordinates": [
          838.5462396032306,
          549.6125601491444
        ]
      },
      "properties": {
        "Q_m": 135.15649004139811,
        "eta": 0.05,
        "kind": "sample"
      }
    },
    {
      "type": "Feature",
      "geometry": {
        "type": "Point",
        "coordinates": [
          793.0072116097966,
          -607.9513235169309
        ]
      },
      "properties": {
        "Q_m": 135.16049714595547,
        "eta": 0.05,
        "kind": "sample"
      }
    },
    {
      "type": "Feature",
      "geometry": {
        "type": "Point",
        "coordinates": [
          793.0072116097966,
          607.9513235169308
        ]
      },
      "properties": {
        "Q_m": 135.1604971459559,
        "eta": 0.05,
        "kind": "sample"
      }
    },
    {
      "type": "Feature",
      "geometry": {
        "type": "Point",
        "coordinates": [
          772.5931645782573,
          -635.5854745858824
        ]
      },
      "properties": {
        "Q_m": 135.17282804355554,
        "eta": 0.05,
        "kind": "sample"
      }
    },
    {
      "type": "Feature",
      "geometry": {
        "type": "Point",
        "coordinates": [
          772.5931645782573,
          635.5854745858821
        ]
      },
      "properties": {
        "Q_m": 135.17282804355597,
        "eta": 0.05,
        "kind": "sample"
      }
    },
    {
      "type": "Feature",
      "geometry": {
        "type": "Point",
        "coordinates": [
          821.272815191928,
          -571.105788758329
        ]
      },
      "properties": {
        "Q_m": 135.17284962222612,
        "eta": 0.05,
        "kind": "sample"
      }
    },
    {
      "type": "Feature",
      "geometry": {
        "type": "Point",
        "coordinates": [
          821.272815191928,
          571.1057887583289
        ]
      },
      "properties": {
        "Q_m": 135.17284962222675,
        "eta": 0.05,
        "kind": "sample"
      }
    },
    {
      "type": "Feature",
      "geometry": {
        "type": "Point",
        "coordinates": [
          788.2962776794413,
          -614.0922459766979
        ]
      },
      "properties": {
        "Q_m": 135.1831297492296,
        "eta": 0.05,
        "kind": "sample"
      }
    },
    {
      "type": "Feature",
      "geometry": {
        "type": "Point",
        "coordinates": [
          788.2962776794413,
          614.0922459766978
        ]
      },
      "properties": {
        "Q_m": 135.18312974923023,
        "eta": 0.05,
        "kind": "sample"
      }
    },
    {
      "type": "Feature",
      "geometry": {
        "type": "Point",
        "coordinates": [
          847.1829518088816,
          538.8659458445524
        ]
      },
      "properties": {
        "Q_m": 135.1861813710891,
        "eta": 0.05,
        "kind": "sample"
      }
    },
    {
      "type": "Feature",
      "geometry": {
        "type": "Point",
        "coordinates": [
          847.1829518088816,
          -538.8659458445524
        ]
      },
      "properties": {
        "Q_m": 135.18618137108973,
        "eta": 0.05,
        "kind": "sample"
      }
    },
    {
      "type": "Feature",
      "geometry": {
        "type": "Point",
        "coordinates": [
          834.6204613279344,
          554.2182519939697
        ]
      },
      "properties": {
        "Q_m": 135.19593318071486,
        "eta": 0.05,
        "kind": "sample"
      }
    },
    {
      "type": "Feature",
      "geometry": {
        "type": "Point",
        "coordinates": [
          834.6204613279344,
          -554.2182519939698
        ]
      },
      "properties": {
        "Q_m": 135.19593318071506,
        "eta": 0.05,
        "kind": "sample"
      }
    },
    {
      "type": "Feature",
      "geometry": {
        "type": "Point",
        "coordinates": [
          825.9837491222831,
          -564.964866298562
        ]
      },
      "properties": {
        "Q_m": 135.20191277370247,
        "eta": 0.05,
        "kind": "sample"
      }
    },
    {
      "type": "Feature",
      "geometry": {
        "type": "Point",
        "coordinates": [
          825.9837491222831,
          564.9648662985619
        ]
      },
      "properties": {
        "Q_m": 135.2019127737031,
        "eta": 0.05,
        "kind": "sample"
      }
    },
    {
      "type": "Feature",
      "geometry": {
        "type": "Point",
        "coordinates": [
          783.5853437490862,
          620.2331684364648
        ]
      },
      "properties": {
        "Q_m": 135.2122202889265,
        "eta": 0.05,
        "kind": "sample"
      }
    },
    {
      "type": "Feature",
      "geometry": {
        "type": "Point",
        "coordinates": [
          783.5853437490862,
          -620.2331684364649
        ]
      },
      "properties": {
        "Q_m": 135.21222028892734,
        "eta": 0.05,
        "kind": "sample"
      }
    },
    {
      "type": "Feature",
      "geometry": {
        "type": "Point",
        "coordinates": [
          773.3783202333166,
          -634.0502439709405
        ]
      },
      "properties": {
        "Q_m": 135.2305786818498,
        "eta": 0.05,
        "kind": "sample"
      }
    },
    {
      "type": "Feature",
      "geometry": {
        "type": "Point",
        "coordinates": [
          773.3783202333166,
          634.0502439709404
        ]
      },
      "properties": {
        "Q_m": 135.23057868185046,
        "eta": 0.05,
        "kind": "sample"
      }
    },
    {
      "type": "Feature",
      "geometry": {
        "type": "Point",
        "coordinates": [
          830.6946830526384,
          -558.823943838795
        ]
      },
      "properties": {
        "Q_m": 135.2394242295677,
        "eta": 0.05,
        "kind": "sample"
      }
    },
    {
      "type": "Feature",
      "geometry": {
        "type": "Point",
        "coordinates": [
          830.6946830526384,
          558.823943838795
        ]
      },
      "properties": {
        "Q_m": 135.23942422956787,
        "eta": 0.05,
        "kind": "sample"
      }
    },
    {
      "type": "Feature",
      "geometry": {
        "type": "Point",
        "coordinates": [
          756.8900514770733,
          -657.0787031950667
        ]
      },
      "properties": {
        "Q_m": 135.24037986066799,
        "eta": 0.05,
        "kind": "sample"
      }
    },
    {
      "type": "Feature",
      "geometry": {
        "type": "Point",
        "coordinates": [
          756.8900514770733,
          657.0787031950666
        ]
      },
      "properties": {
        "Q_m": 135.24037986066904,
        "eta": 0.05,
        "kind": "sample"
      }
    },
    {
      "type": "Feature",
      "geometry": {
        "type": "Point",
        "coordinates": [
          778.874409818731,
          626.3740908962318
        ]
      },
      "properties": {
        "Q_m": 135.24756647526755,
        "eta": 0.05,
        "kind": "sample"
      }
    },
    {
      "type": "Feature",
      "geometry": {
        "type": "Point",
        "coordinates": [
          778.874409818731,
          -626.3740908962318
        ]
      },
      "properties": {
        "Q_m": 135.2475664752686,
        "eta": 0.05,
        "kind": "sample"
      }
    },
    {
      "type": "Feature",
      "geometry": {
        "type": "Point",
        "coordinates": [
          839.3313952582897,
          548.0773295342027
        ]
      },
      "properties": {
        "Q_m": 135.24827359693248,
        "eta": 0.05,
        "kind": "sample"
      }
    },
    {
      "type": "Feature",
      "geometry": {
        "type": "Point",
        "coordinates": [
          839.3313952582897,
          -548.0773295342028
        ]
      },
      "properties": {
        "Q_m": 135.24827359693288,
        "eta": 0.05,
        "kind": "sample"
      }
    },
    {
      "type": "Feature",
      "geometry": {
        "type": "Point",
        "coordinates": [
          763.171296717547,
          -647.8673195054162
        ]
      },
      "properties": {
        "Q_m": 135.2807178205181,
        "eta": 0.05,
        "kind": "sample"
      }
    },
    {
      "type": "Feature",
      "geometry": {
        "type": "Point",
        "coordinates": [
          763.171296717547,
          647.8673195054162
        ]
      },
      "properties": {
        "Q_m": 135.28071782051876,
        "eta": 0.05,
        "kind": "sample"
      }
    },
    {
      "type": "Feature",
      "geometry": {
        "type": "Point",
        "coordinates": [
          847.9681074639409,
          537.3307152296106
        ]
      },
      "properties": {
        "Q_m": 135.283187947739,
        "eta": 0.05,
        "kind": "sample"
      }
    },
    {
      "type": "Feature",
      "geometry": {
        "type": "Point",
        "coordinates": [
          847.9681074639409,
          -537.3307152296106
        ]
      },
      "properties": {
        "Q_m": 135.2831879477392,
        "eta": 0.05,
        "kind": "sample"
      }
    },
    {
      "type": "Feature",
      "geometry": {
        "type": "Point",
        "coordinates": [
          799.2884568502703,
          598.7399398272803
        ]
      },
      "properties": {
        "Q_m": 135.2847722951588,
        "eta": 0.05,
        "kind": "sample"
      }
    },
    {
      "type": "Feature",
      "geometry": {
        "type": "Point",
        "coordinates": [
          799.2884568502703,
          -598.7399398272805
        ]
      },
      "properties": {
        "Q_m": 135.28477229515943,
        "eta": 0.05,
        "kind": "sample"
      }
    },
    {
      "type": "Feature",
      "geometry": {
        "type": "Point",
        "coordinates": [
          835.4056169829937,
          -552.6830213790281
        ]
      },
      "properties": {
        "Q_m": 135.28568902696065,
        "eta": 0.05,
        "kind": "sample"
      }
    },
    {
      "type": "Feature",
      "geometry": {
        "type": "Point",
        "coordinates": [
          835.4056169829937,
          552.683021379028
        ]
      },
      "properties": {
        "Q_m": 135.28568902696148,
        "eta": 0.05,
        "kind": "sample"
      }
    },
    {
      "type": "Feature",
      "geometry": {
        "type": "Point",
        "coordinates": [
          774.1634758883757,
          632.5150133559987
        ]
      },
      "properties": {
        "Q_m": 135.28897455915455,
        "eta": 0.05,
        "kind": "sample"
      }
    },
    {
      "type": "Feature",
      "geometry": {
        "type": "Point",
        "coordinates": [
          774.1634758883757,
          -632.5150133559988
        ]
      },
      "properties": {
        "Q_m": 135.28897455915543,
        "eta": 0.05,
        "kind": "sample"
      }
    },
    {
      "type": "Feature",
      "geometry": {
        "type": "Point",
        "coordinates": [
          818.1321925716912,
          574.1762499882125
        ]
      },
      "properties": {
        "Q_m": 135.31189395047465,
        "eta": 0.05,
        "kind": "sample"
      }
    },
    {
      "type": "Feature",
      "geometry": {
        "type": "Point",
        "coordinates": [
          818.1321925716912,
          -574.1762499882125
        ]
      },
      "properties": {
        "Q_m": 135.31189395047488,
        "eta": 0.05,
        "kind": "sample"
      }
    },
    {
      "type": "Feature",
      "geometry": {
        "type": "Point",
        "coordinates": [
          763.9564523726061,
          -646.3320888904744
        ]
      },
      "properties": {
        "Q_m": 135.3346735759014,
        "eta": 0.05,
        "kind": "sample"
      }
    },
    {
      "type": "Feature",
      "geometry": {
        "type": "Point",
        "coordinates": [
          763.9564523726061,
          646.3320888904744
        ]
      },
      "properties": {
        "Q_m": 135.3346735759014,
        "eta": 0.05,
        "kind": "sample"
      }
    },
    {
      "type": "Feature",
      "geometry": {
        "type": "Point",
        "coordinates": [
          822.8431265020464,
          -568.0353275284456
        ]
      },
      "properties": {
        "Q_m": 135.33813094959794,
        "eta": 0.05,
        "kind": "sample"
      }
    },
    {
      "type": "Feature",
      "geometry": {
        "type": "Point",
        "coordinates": [
          822.8431265020464,
          568.0353275284454
        ]
      },
      "properties": {
        "Q_m": 135.3381309495988,
        "eta": 0.05,
        "kind": "sample"
      }
    },
    {
      "type": "Feature",
      "geometry": {
        "type": "Point",
        "coordinates": [
          840.1165509133489,
          546.542098919261
        ]
      },
      "properties": {
        "Q_m": 135.3410273109751,
        "eta": 0.05,
        "kind": "sample"
      }
    },
    {
      "type": "Feature",
      "geometry": {
        "type": "Point",
        "coordinates": [
          840.1165509133489,
          -546.5420989192611
        ]
      },
      "properties": {
        "Q_m": 135.34102731097553,
        "eta": 0.05,
        "kind": "sample"
      }
    },
    {
      "type": "Feature",
      "geometry": {
        "type": "Point",
        "coordinates": [
          780.4447211288494,
          623.3036296663483
        ]
      },
      "properties": {
        "Q_m": 135.3703632507227,
        "eta": 0.05,
        "kind": "sample"
      }
    },
    {
      "type": "Feature",
      "geometry": {
        "type": "Point",
        "coordinates": [
          780.4447211288494,
          -623.3036296663483
        ]
      },
      "properties": {
        "Q_m": 135.37036325072333,
        "eta": 0.05,
        "kind": "sample"
      }
    },
    {
      "type": "Feature",
      "geometry": {
        "type": "Point",
        "coordinates": [
          836.190772638053,
          -551.1477907640864
        ]
      },
      "properties": {
        "Q_m": 135.37639358547415,
        "eta": 0.05,
        "kind": "sample"
      }
    },
    {
      "type": "Feature",
      "geometry": {
        "type": "Point",
        "coordinates": [
          836.190772638053,
          551.1477907640863
        ]
      },
      "properties": {
        "Q_m": 135.37639358547477,
        "eta": 0.05,
        "kind": "sample"
      }
    },
    {
      "type": "Feature",
      "geometry": {
        "type": "Point",
        "coordinates": [
          764.7416080276653,
          -644.7968582755327
        ]
      },
      "properties": {
        "Q_m": 135.38924147515075,
        "eta": 0.05,
        "kind": "sample"
      }
    },
    {
      "type": "Feature",
      "geometry": {
        "type": "Point",
        "coordinates": [
          764.7416080276653,
          644.7968582755327
        ]
      },
      "properties": {
        "Q_m": 135.3892414751518,
        "eta": 0.05,
        "kind": "sample"
      }
    },
    {
      "type": "Feature",
      "geometry": {
        "type": "Point",
        "coordinates": [
          844.827484843704,
          540.4011764594941
        ]
      },
      "properties": {
        "Q_m": 135.40577527984544,
        "eta": 0.05,
        "kind": "sample"
      }
    },
    {
      "type": "Feature",
      "geometry": {
        "type": "Point",
        "coordinates": [
          844.827484843704,
          -540.4011764594941
        ]
      },
      "properties": {
        "Q_m": 135.4057752798465,
        "eta": 0.05,
        "kind": "sample"
      }
    },
    {
      "type": "Feature",
      "geometry": {
        "type": "Point",
        "coordinates": [
          832.2649943627569,
          555.7534826089116
        ]
      },
      "properties": {
        "Q_m": 135.41590545070343,
        "eta": 0.05,
        "kind": "sample"
      }
    },
    {
      "type": "Feature",
      "geometry": {
        "type": "Point",
        "coordinates": [
          832.2649943627569,
          -555.7534826089116
        ]
      },
      "properties": {
        "Q_m": 135.41590545070366,
        "eta": 0.05,
        "kind": "sample"
      }
    },
    {
      "type": "Feature",
      "geometry": {
        "type": "Point",
        "coordinates": [
          823.6282821571056,
          566.5000969135036
        ]
      },
      "properties": {
        "Q_m": 135.42208820529902,
        "eta": 0.05,
        "kind": "sample"
      }
    },
    {
      "type": "Feature",
      "geometry": {
        "type": "Point",
        "coordinates": [
          823.6282821571056,
          -566.5000969135037
        ]
      },
      "properties": {
        "Q_m": 135.42208820529984,
        "eta": 0.05,
        "kind": "sample"
      }
    },
    {
      "type": "Feature",
      "geometry": {
        "type": "Point",
        "coordinates": [
          800.8587681603888,
          -595.669478597397
        ]
      },
      "properties": {
        "Q_m": 135.4280484918866,
        "eta": 0.05,
        "kind": "sample"
      }
    },
    {
      "type": "Feature",
      "geometry": {
        "type": "Point",
        "coordinates": [
          800.8587681603888,
          595.6694785973968
        ]
      },
      "properties": {
        "Q_m": 135.4280484918872,
        "eta": 0.05,
        "kind": "sample"
      }
    },
    {
      "type": "Feature",
      "geometry": {
        "type": "Point",
        "coordinates": [
          810.2806360210991,
          -583.3876336778629
        ]
      },
      "properties": {
        "Q_m": 135.43629834876367,
        "eta": 0.05,
        "kind": "sample"
      }
    },
    {
      "type": "Feature",
      "geometry": {
        "type": "Point",
        "coordinates": [
          810.2806360210991,
          583.3876336778628
        ]
      },
      "properties": {
        "Q_m": 135.4362983487643,
        "eta": 0.05,
        "kind": "sample"
      }
    },
    {
      "type": "Feature",
      "geometry": {
        "type": "Point",
        "coordinates": [
          760.0306740973101,
          650.9377807352996
        ]
      },
      "properties": {
        "Q_m": 135.44775163003231,
        "eta": 0.05,
        "kind": "sample"
      }
    },
    {
      "type": "Feature",
      "geometry": {
        "type": "Point",
        "coordinates": [
          760.0306740973101,
          -650.9377807352997
        ]
      },
      "properties": {
        "Q_m": 135.44775163003254,
        "eta": 0.05,
        "kind": "sample"
      }
    },
    {
      "type": "Feature",
      "geometry": {
        "type": "Point",
        "coordinates": [
          791.4369002996782,
          607.9513235169308
        ]
      },
      "properties": {
        "Q_m": 135.44851561667232,
        "eta": 0.05,
        "kind": "sample"
      }
    },
    {
      "type": "Feature",
      "geometry": {
        "type": "Point",
        "coordinates": [
          791.4369002996782,
          -607.9513235169309
        ]
      },
      "properties": {
        "Q_m": 135.44851561667252,
        "eta": 0.05,
        "kind": "sample"
      }
    },
    {
      "type": "Feature",
      "geometry": {
        "type": "Point",
        "coordinates": [
          836.9759282931121,
          -549.6125601491447
        ]
      },
      "properties": {
        "Q_m": 135.46805577292125,
        "eta": 0.05,
        "kind": "sample"
      }
    },
    {
      "type": "Feature",
      "geometry": {
        "type": "Point",
        "coordinates": [
          836.9759282931121,
          549.6125601491444
        ]
      },
      "properties": {
        "Q_m": 135.46805577292164,
        "eta": 0.05,
        "kind": "sample"
      }
    },
    {
      "type": "Feature",
      "geometry": {
        "type": "Point",
        "coordinates": [
          819.7025038818097,
          -571.105788758329
        ]
      },
      "properties": {
        "Q_m": 135.47526027738155,
        "eta": 0.05,
        "kind": "sample"
      }
    },
    {
      "type": "Feature",
      "geometry": {
        "type": "Point",
        "coordinates": [
          819.7025038818097,
          571.1057887583289
        ]
      },
      "properties": {
        "Q_m": 135.47526027738218,
        "eta": 0.05,
        "kind": "sample"
      }
    },
    {
      "type": "Feature",
      "geometry": {
        "type": "Point",
        "coordinates": [
          782.0150324389679,
          -620.2331684364649
        ]
      },
      "properties": {
        "Q_m": 135.4958767715269,
        "eta": 0.05,
        "kind": "sample"
      }
    },
    {
      "type": "Feature",
      "geometry": {
        "type": "Point",
        "coordinates": [
          782.0150324389679,
          620.2331684364648
        ]
      },
      "properties": {
        "Q_m": 135.4958767715273,
        "eta": 0.05,
        "kind": "sample"
      }
    },
    {
      "type": "Feature",
      "geometry": {
        "type": "Point",
        "coordinates": [
          845.6126404987633,
          538.8659458445524
        ]
      },
      "properties": {
        "Q_m": 135.50264233747353,
        "eta": 0.05,
        "kind": "sample"
      }
    },
    {
      "type": "Feature",
      "geometry": {
        "type": "Point",
        "coordinates": [
          845.6126404987633,
          -538.8659458445524
        ]
      },
      "properties": {
        "Q_m": 135.50264233747458,
        "eta": 0.05,
        "kind": "sample"
      }
    },
    {
      "type": "Feature",
      "geometry": {
        "type": "Point",
        "coordinates": [
          833.0501500178161,
          554.2182519939697
        ]
      },
      "properties": {
        "Q_m": 135.5055466371531,
        "eta": 0.05,
        "kind": "sample"
      }
    },
    {
      "type": "Feature",
      "geometry": {
        "type": "Point",
        "coordinates": [
          833.0501500178161,
          -554.2182519939698
        ]
      },
      "properties": {
        "Q_m": 135.5055466371537,
        "eta": 0.05,
        "kind": "sample"
      }
    },
    {
      "type": "Feature",
      "geometry": {
        "type": "Point",
        "coordinates": [
          824.4134378121648,
          -564.964866298562
        ]
      },
      "properties": {
        "Q_m": 135.50693386069884,
        "eta": 0.05,
        "kind": "sample"
      }
    },
    {
      "type": "Feature",
      "geometry": {
        "type": "Point",
        "coordinates": [
          824.4134378121648,
          564.9648662985619
        ]
      },
      "properties": {
        "Q_m": 135.50693386069904,
        "eta": 0.05,
        "kind": "sample"
      }
    },
    {
      "type": "Feature",
      "geometry": {
        "type": "Point",
        "coordinates": [
          829.12437174252,
          -558.823943838795
        ]
      },
      "properties": {
        "Q_m": 135.54712230386227,
        "eta": 0.05,
        "kind": "sample"
      }
    },
    {
      "type": "Feature",
      "geometry": {
        "type": "Point",
        "coordinates": [
          829.12437174252,
          558.823943838795
        ]
      },
      "properties": {
        "Q_m": 135.54712230386372,
        "eta": 0.05,
        "kind": "sample"
      }
    },
    {
      "type": "Feature",
      "geometry": {
        "type": "Point",
        "coordinates": [
          761.6009854074285,
          647.8673195054162
        ]
      },
      "properties": {
        "Q_m": 135.55502610445987,
        "eta": 0.05,
        "kind": "sample"
      }
    },
    {
      "type": "Feature",
      "geometry": {
        "type": "Point",
        "coordinates": [
          761.6009854074285,
          -647.8673195054162
        ]
      },
      "properties": {
        "Q_m": 135.55502610446052,
        "eta": 0.05,
        "kind": "sample"
      }
    },
    {
      "type": "Feature",
      "geometry": {
        "type": "Point",
        "coordinates": [
          837.7610839481713,
          548.0773295342027
        ]
      },
      "properties": {
        "Q_m": 135.56068461781553,
        "eta": 0.05,
        "kind": "sample"
      }
    },
    {
      "type": "Feature",
      "geometry": {
        "type": "Point",
        "coordinates": [
          837.7610839481713,
          -548.0773295342028
        ]
      },
      "properties": {
        "Q_m": 135.56068461781615,
        "eta": 0.05,
        "kind": "sample"
      }
    },
    {
      "type": "Feature",
      "geometry": {
        "type": "Point",
        "coordinates": [
          772.5931645782573,
          -632.5150133559988
        ]
      },
      "properties": {
        "Q_m": 135.56846296947427,
        "eta": 0.05,
        "kind": "sample"
      }
    },
    {
      "type": "Feature",
      "geometry": {
        "type": "Point",
        "coordinates": [
          772.5931645782573,
          632.5150133559987
        ]
      },
      "properties": {
        "Q_m": 135.56846296947575,
        "eta": 0.05,
        "kind": "sample"
      }
    },
    {
      "type": "Feature",
      "geometry": {
        "type": "Point",
        "coordinates": [
          802.4290794705071,
          -592.5990173675134
        ]
      },
      "properties": {
        "Q_m": 135.5744149420702,
        "eta": 0.05,
        "kind": "sample"
      }
    },
    {
      "type": "Feature",
      "geometry": {
        "type": "Point",
        "coordinates": [
          802.4290794705071,
          592.5990173675134
        ]
      },
      "properties": {
        "Q_m": 135.57441494207126,
        "eta": 0.05,
        "kind": "sample"
      }
    },
    {
      "type": "Feature",
      "geometry": {
        "type": "Point",
        "coordinates": [
          793.0072116097966,
          604.8808622870472
        ]
      },
      "properties": {
        "Q_m": 135.58556323229763,
        "eta": 0.05,
        "kind": "sample"
      }
    },
    {
      "type": "Feature",
      "geometry": {
        "type": "Point",
        "coordinates": [
          793.0072116097966,
          -604.8808622870474
        ]
      },
      "properties": {
        "Q_m": 135.58556323229826,
        "eta": 0.05,
        "kind": "sample"
      }
    },
    {
      "type": "Feature",
      "geometry": {
        "type": "Point",
        "coordinates": [
          811.8509473312175,
          580.3171724479794
        ]
      },
      "properties": {
        "Q_m": 135.59257894684492,
        "eta": 0.05,
        "kind": "sample"
      }
    },
    {
      "type": "Feature",
      "geometry": {
        "type": "Point",
        "coordinates": [
          811.8509473312175,
          -580.3171724479794
        ]
      },
      "properties": {
        "Q_m": 135.59257894684555,
        "eta": 0.05,
        "kind": "sample"
      }
    },
    {
      "type": "Feature",
      "geometry": {
        "type": "Point",
        "coordinates": [
          833.8353056728753,
          552.683021379028
        ]
      },
      "properties": {
        "Q_m": 135.59613317118811,
        "eta": 0.05,
        "kind": "sample"
      }
    },
    {
      "type": "Feature",
      "geometry": {
        "type": "Point",
        "coordinates": [
          833.8353056728753,
          -552.6830213790281
        ]
      },
      "properties": {
        "Q_m": 135.59613317118874,
        "eta": 0.05,
        "kind": "sample"
      }
    },
    {
      "type": "Feature",
      "geometry": {
        "type": "Point",
        "coordinates": [
          846.3977961538225,
          537.3307152296106
        ]
      },
      "properties": {
        "Q_m": 135.6005305885629,
        "eta": 0.05,
        "kind": "sample"
      }
    },
    {
      "type": "Feature",
      "geometry": {
        "type": "Point",
        "coordinates": [
          846.3977961538225,
          -537.3307152296106
        ]
      },
      "properties": {
        "Q_m": 135.60053058856394,
        "eta": 0.05,
        "kind": "sample"
      }
    },
    {
      "type": "Feature",
      "geometry": {
        "type": "Point",
        "coordinates": [
          783.5853437490862,
          617.1627072065812
        ]
      },
      "properties": {
        "Q_m": 135.6241519923036,
        "eta": 0.05,
        "kind": "sample"
      }
    },
    {
      "type": "Feature",
      "geometry": {
        "type": "Point",
        "coordinates": [
          783.5853437490862,
          -617.1627072065814
        ]
      },
      "properties": {
        "Q_m": 135.62415199230404,
        "eta": 0.05,
        "kind": "sample"
      }
    },
    {
      "type": "Feature",
      "geometry": {
        "type": "Point",
        "coordinates": [
          821.272815191928,
          -568.0353275284456
        ]
      },
      "properties": {
        "Q_m": 135.64210488727875,
        "eta": 0.05,
        "kind": "sample"
      }
    },
    {
      "type": "Feature",
      "geometry": {
        "type": "Point",
        "coordinates": [
          821.272815191928,
          568.0353275284454
        ]
      },
      "properties": {
        "Q_m": 135.64210488727977,
        "eta": 0.05,
        "kind": "sample"
      }
    },
    {
      "type": "Feature",
      "geometry": {
        "type": "Point",
        "coordinates": [
          838.5462396032306,
          -546.5420989192611
        ]
      },
      "properties": {
        "Q_m": 135.65428926226352,
        "eta": 0.05,
        "kind": "sample"
      }
    },
    {
      "type": "Feature",
      "geometry": {
        "type": "Point",
        "coordinates": [
          838.5462396032306,
          546.542098919261
        ]
      },
      "properties": {
        "Q_m": 135.65428926226394,
        "eta": 0.05,
        "kind": "sample"
      }
    },
    {
      "type": "Feature",
      "geometry": {
        "type": "Point",
        "coordinates": [
          763.171296717547,
          644.7968582755327
        ]
      },
      "properties": {
        "Q_m": 135.66474326113018,
        "eta": 0.05,
        "kind": "sample"
      }
    },
    {
      "type": "Feature",
      "geometry": {
        "type": "Point",
        "coordinates": [
          763.171296717547,
          -644.7968582755327
        ]
      },
      "properties": {
        "Q_m": 135.6647432611306,
        "eta": 0.05,
        "kind": "sample"
      }
    },
    {
      "type": "Feature",
      "geometry": {
        "type": "Point",
        "coordinates": [
          774.1634758883757,
          -629.4445521261152
        ]
      },
      "properties": {
        "Q_m": 135.68846834136502,
        "eta": 0.05,
        "kind": "sample"
      }
    },
    {
      "type": "Feature",
      "geometry": {
        "type": "Point",
        "coordinates": [
          774.1634758883757,
          629.4445521261152
        ]
      },
      "properties": {
        "Q_m": 135.68846834136588,
        "eta": 0.05,
        "kind": "sample"
      }
    },
    {
      "type": "Feature",
      "geometry": {
        "type": "Point",
        "coordinates": [
          847.1829518088816,
          -535.7954846146688
        ]
      },
      "properties": {
        "Q_m": 135.69944990396007,
        "eta": 0.05,
        "kind": "sample"
      }
    },
    {
      "type": "Feature",
      "geometry": {
        "type": "Point",
        "coordinates": [
          847.1829518088816,
          535.7954846146689
        ]
      },
      "properties": {
        "Q_m": 135.6994499039607,
        "eta": 0.05,
        "kind": "sample"
      }
    },
    {
      "type": "Feature",
      "geometry": {
        "type": "Point",
        "coordinates": [
          803.9993907806255,
          589.5285561376298
        ]
      },
      "properties": {
        "Q_m": 135.72392543230316,
        "eta": 0.05,
        "kind": "sample"
      }
    },
    {
      "type": "Feature",
      "geometry": {
        "type": "Point",
        "coordinates": [
          803.9993907806255,
          -589.52855613763
        ]
      },
      "properties": {
        "Q_m": 135.72392543230356,
        "eta": 0.05,
        "kind": "sample"
      }
    },
    {
      "type": "Feature",
      "geometry": {
        "type": "Point",
        "coordinates": [
          830.6946830526384,
          555.7534826089116
        ]
      },
      "properties": {
        "Q_m": 135.72524183079628,
        "eta": 0.05,
        "kind": "sample"
      }
    },
    {
      "type": "Feature",
      "geometry": {
        "type": "Point",
        "coordinates": [
          830.6946830526384,
          -555.7534826089116
        ]
      },
      "properties": {
        "Q_m": 135.7252418307969,
        "eta": 0.05,
        "kind": "sample"
      }
    },
    {
      "type": "Feature",
      "geometry": {
        "type": "Point",
        "coordinates": [
          794.577522919915,
          -601.810401057164
        ]
      },
      "properties": {
        "Q_m": 135.725579828369,
        "eta": 0.05,
        "kind": "sample"
      }
    },
    {
      "type": "Feature",
      "geometry": {
        "type": "Point",
        "coordinates": [
          794.577522919915,
          601.8104010571637
        ]
      },
      "properties": {
        "Q_m": 135.72557982836963,
        "eta": 0.05,
        "kind": "sample"
      }
    },
    {
      "type": "Feature",
      "geometry": {
        "type": "Point",
        "coordinates": [
          741.1869383758892,
          675.5014705743677
        ]
      },
      "properties": {
        "Q_m": 135.73388874765885,
        "eta": 0.05,
        "kind": "sample"
      }
    },
    {
      "type": "Feature",
      "geometry": {
        "type": "Point",
        "coordinates": [
          741.1869383758892,
          -675.5014705743677
        ]
      },
      "properties": {
        "Q_m": 135.73388874765988,
        "eta": 0.05,
        "kind": "sample"
      }
    },
    {
      "type": "Feature",
      "geometry": {
        "type": "Point",
        "coordinates": [
          813.421258641336,
          577.2467112180959
        ]
      },
      "properties": {
        "Q_m": 135.75219391647022,
        "eta": 0.05,
        "kind": "sample"
      }
    },
    {
      "type": "Feature",
      "geometry": {
        "type": "Point",
        "coordinates": [
          813.421258641336,
          -577.2467112180959
        ]
      },
      "properties": {
        "Q_m": 135.75219391647084,
        "eta": 0.05,
        "kind": "sample"
      }
    },
    {
      "type": "Feature",
      "geometry": {
        "type": "Point",
        "coordinates": [
          785.1556550592046,
          -614.0922459766979
        ]
      },
      "properties": {
        "Q_m": 135.75523486713013,
        "eta": 0.05,
        "kind": "sample"
      }
    },
    {
      "type": "Feature",
      "geometry": {
        "type": "Point",
        "coordinates": [
          785.1556550592046,
          614.0922459766978
        ]
      },
      "properties": {
        "Q_m": 135.75523486713075,
        "eta": 0.05,
        "kind": "sample"
      }
    },
    {
      "type": "Feature",
      "geometry": {
        "type": "Point",
        "coordinates": [
          764.7416080276653,
          641.7263970456493
        ]
      },
      "properties": {
        "Q_m": 135.77694181712258,
        "eta": 0.05,
        "kind": "sample"
      }
    },
    {
      "type": "Feature",
      "geometry": {
        "type": "Point",
        "coordinates": [
          764.7416080276653,
          -641.7263970456493
        ]
      },
      "properties": {
        "Q_m": 135.7769418171232,
        "eta": 0.05,
        "kind": "sample"
      }
    },
    {
      "type": "Feature",
      "geometry": {
        "type": "Point",
        "coordinates": [
          835.4056169829937,
          549.6125601491444
        ]
      },
      "properties": {
        "Q_m": 135.78017782764195,
        "eta": 0.05,
        "kind": "sample"
      }
    },
    {
      "type": "Feature",
      "geometry": {
        "type": "Point",
        "coordinates": [
          835.4056169829937,
          -549.6125601491447
        ]
      },
      "properties": {
        "Q_m": 135.78017782764258,
        "eta": 0.05,
        "kind": "sample"
      }
    },
    {
      "type": "Feature",
      "geometry": {
        "type": "Point",
        "coordinates": [
          847.9681074639409,
          -534.2602539997271
        ]
      },
      "properties": {
        "Q_m": 135.7994102817488,
        "eta": 0.05,
        "kind": "sample"
      }
    },
    {
      "type": "Feature",
      "geometry": {
        "type": "Point",
        "coordinates": [
          847.9681074639409,
          534.2602539997272
        ]
      },
      "properties": {
        "Q_m": 135.79941028174943,
        "eta": 0.05,
        "kind": "sample"
      }
    },
    {
      "type": "Feature",
      "geometry": {
        "type": "Point",
        "coordinates": [
          775.7337871984942,
          626.3740908962318
        ]
      },
      "properties": {
        "Q_m": 135.81113241967984,
        "eta": 0.05,
        "kind": "sample"
      }
    },
    {
      "type": "Feature",
      "geometry": {
        "type": "Point",
        "coordinates": [
          775.7337871984942,
          -626.3740908962318
        ]
      },
      "properties": {
        "Q_m": 135.8111324196807,
        "eta": 0.05,
        "kind": "sample"
      }
    },
    {
      "type": "Feature",
      "geometry": {
        "type": "Point",
        "coordinates": [
          822.8431265020464,
          -564.964866298562
        ]
      },
      "properties": {
        "Q_m": 135.8124912251511,
        "eta": 0.05,
        "kind": "sample"
      }
    },
    {
      "type": "Feature",
      "geometry": {
        "type": "Point",
        "coordinates": [
          822.8431265020464,
          564.9648662985619
        ]
      },
      "properties": {
        "Q_m": 135.81249122515192,
        "eta": 0.05,
        "kind": "sample"
      }
    },
    {
      "type": "Feature",
      "geometry": {
        "type": "Point",
        "coordinates": [
          736.4760044455339,
          -681.6423930341346
        ]
      },
      "properties": {
        "Q_m": 135.81770648166037,
        "eta": 0.05,
        "kind": "sample"
      }
    },
    {
      "type": "Feature",
      "geometry": {
        "type": "Point",
        "coordinates": [
          736.4760044455339,
          681.6423930341346
        ]
      },
      "properties": {
        "Q_m": 135.81770648166122,
        "eta": 0.05,
        "kind": "sample"
      }
    },
    {
      "type": "Feature",
      "geometry": {
        "type": "Point",
        "coordinates": [
          840.1165509133489,
          543.4716376893775
        ]
      },
      "properties": {
        "Q_m": 135.8444630968787,
        "eta": 0.05,
        "kind": "sample"
      }
    },
    {
      "type": "Feature",
      "geometry": {
        "type": "Point",
        "coordinates": [
          840.1165509133489,
          -543.4716376893775
        ]
      },
      "properties": {
        "Q_m": 135.84446309687957,
        "eta": 0.05,
        "kind": "sample"
      }
    },
    {
      "type": "Feature",
      "geometry": {
        "type": "Point",
        "coordinates": [
          737.2611601005931,
          -680.1071624191928
        ]
      },
      "properties": {
        "Q_m": 135.86251062178823,
        "eta": 0.05,
        "kind": "sample"
      }
    },
    {
      "type": "Feature",
      "geometry": {
        "type": "Point",
        "coordinates": [
          737.2611601005931,
          680.1071624191928
        ]
      },
      "properties": {
        "Q_m": 135.86251062178866,
        "eta": 0.05,
        "kind": "sample"
      }
    },
    {
      "type": "Feature",
      "geometry": {
        "type": "Point",
        "coordinates": [
          836.190772638053,
          -548.0773295342028
        ]
      },
      "properties": {
        "Q_m": 135.8736540015807,
        "eta": 0.05,
        "kind": "sample"
      }
    },
    {
      "type": "Feature",
      "geometry": {
        "type": "Point",
        "coordinates": [
          836.190772638053,
          548.0773295342027
        ]
      },
      "properties": {
        "Q_m": 135.8736540015809,
        "eta": 0.05,
        "kind": "sample"
      }
    },
    {
      "type": "Feature",
      "geometry": {
        "type": "Point",
        "coordinates": [
          766.3119193377837,
          -638.6559358157658
        ]
      },
      "properties": {
        "Q_m": 135.89166131513528,
        "eta": 0.05,
        "kind": "sample"
      }
    },
    {
      "type": "Feature",
      "geometry": {
        "type": "Point",
        "coordinates": [
          766.3119193377837,
          638.6559358157657
        ]
      },
      "properties": {
        "Q_m": 135.8916613151359,
        "eta": 0.05,
        "kind": "sample"
      }
    },
    {
      "type": "Feature",
      "geometry": {
        "type": "Point",
        "coordinates": [
          832.2649943627569,
          -552.6830213790281
        ]
      },
      "properties": {
        "Q_m": 135.90712947041024,
        "eta": 0.05,
        "kind": "sample"
      }
    },
    {
      "type": "Feature",
      "geometry": {
        "type": "Point",
        "coordinates": [
          832.2649943627569,
          552.683021379028
        ]
      },
      "properties": {
        "Q_m": 135.90712947041064,
        "eta": 0.05,
        "kind": "sample"
      }
    },
    {
      "type": "Feature",
      "geometry": {
        "type": "Point",
        "coordinates": [
          738.0463157556524,
          -678.5719318042511
        ]
      },
      "properties": {
        "Q_m": 135.9078490894461,
        "eta": 0.05,
        "kind": "sample"
      }
    },
    {
      "type": "Feature",
      "geometry": {
        "type": "Point",
        "coordinates": [
          738.0463157556524,
          678.5719318042511
        ]
      },
      "properties": {
        "Q_m": 135.90784908944656,
        "eta": 0.05,
        "kind": "sample"
      }
    },
    {
      "type": "Feature",
      "geometry": {
        "type": "Point",
        "coordinates": [
          844.827484843704,
          -537.3307152296106
        ]
      },
      "properties": {
        "Q_m": 135.91844653421782,
        "eta": 0.05,
        "kind": "sample"
      }
    },
    {
      "type": "Feature",
      "geometry": {
        "type": "Point",
        "coordinates": [
          844.827484843704,
          537.3307152296106
        ]
      },
      "properties": {
        "Q_m": 135.91844653421822,
        "eta": 0.05,
        "kind": "sample"
      }
    },
    {
      "type": "Feature",
      "geometry": {
        "type": "Point",
        "coordinates": [
          836.9759282931121,
          -546.5420989192611
        ]
      },
      "properties": {
        "Q_m": 135.96811162961507,
        "eta": 0.05,
        "kind": "sample"
      }
    },
    {
      "type": "Feature",
      "geometry": {
        "type": "Point",
        "coordinates": [
          836.9759282931121,
          546.542098919261
        ]
      },
      "properties": {
        "Q_m": 135.96811162961671,
        "eta": 0.05,
        "kind": "sample"
      }
    },
    {
      "type": "Feature",
      "geometry": {
        "type": "Point",
        "coordinates": [
          733.3353818252971,
          684.712854264018
        ]
      },
      "properties": {
        "Q_m": 135.9931435415422,
        "eta": 0.05,
        "kind": "sample"
      }
    },
    {
      "type": "Feature",
      "geometry": {
        "type": "Point",
        "coordinates": [
          733.3353818252971,
          -684.712854264018
        ]
      },
      "properties": {
        "Q_m": 135.99314354154328,
        "eta": 0.05,
        "kind": "sample"
      }
    },
    {
      "type": "Feature",
      "geometry": {
        "type": "Point",
        "coordinates": [
          797.7181455401519,
          595.6694785973968
        ]
      },
      "properties": {
        "Q_m": 136.01472434715225,
        "eta": 0.05,
        "kind": "sample"
      }
    },
    {
      "type": "Feature",
      "geometry": {
        "type": "Point",
        "coordinates": [
          797.7181455401519,
          -595.669478597397
        ]
      },
      "properties": {
        "Q_m": 136.01472434715265,
        "eta": 0.05,
        "kind": "sample"
      }
    },
    {
      "type": "Feature",
      "geometry": {
        "type": "Point",
        "coordinates": [
          845.6126404987633,
          535.7954846146689
        ]
      },
      "properties": {
        "Q_m": 136.01825568744542,
        "eta": 0.05,
        "kind": "sample"
      }
    },
    {
      "type": "Feature",
      "geometry": {
        "type": "Point",
        "coordinates": [
          845.6126404987633,
          -535.7954846146688
        ]
      },
      "properties": {
        "Q_m": 136.01825568744584,
        "eta": 0.05,
        "kind": "sample"
      }
    },
    {
      "type": "Feature",
      "geometry": {
        "type": "Point",
        "coordinates": [
          807.1400134008622,
          -583.3876336778629
        ]
      },
      "properties": {
        "Q_m": 136.03259999520975,
        "eta": 0.05,
        "kind": "sample"
      }
    },
    {
      "type": "Feature",
      "geometry": {
        "type": "Point",
        "coordinates": [
          807.1400134008622,
          583.3876336778628
        ]
      },
      "properties": {
        "Q_m": 136.03259999521057,
        "eta": 0.05,
        "kind": "sample"
      }
    },
    {
      "type": "Feature",
      "geometry": {
        "type": "Point",
        "coordinates": [
          841.6868622234673,
          -540.4011764594941
        ]
      },
      "properties": {
        "Q_m": 136.0386527537501,
        "eta": 0.05,
        "kind": "sample"
      }
    },
    {
      "type": "Feature",
      "geometry": {
        "type": "Point",
        "coordinates": [
          841.6868622234673,
          540.4011764594941
        ]
      },
      "properties": {
        "Q_m": 136.03865275375094,
        "eta": 0.05,
        "kind": "sample"
      }
    },
    {
      "type": "Feature",
      "geometry": {
        "type": "Point",
        "coordinates": [
          778.874409818731,
          620.2331684364648
        ]
      },
      "properties": {
        "Q_m": 136.06461174802814,
        "eta": 0.05,
        "kind": "sample"
      }
    },
    {
      "type": "Feature",
      "geometry": {
        "type": "Point",
        "coordinates": [
          778.874409818731,
          -620.2331684364649
        ]
      },
      "properties": {
        "Q_m": 136.06461174802837,
        "eta": 0.05,
        "kind": "sample"
      }
    },
    {
      "type": "Feature",
      "geometry": {
        "type": "Point",
        "coordinates": [
          816.5618812615728,
          -571.105788758329
        ]
      },
      "properties": {
        "Q_m": 136.08166740920743,
        "eta": 0.05,
        "kind": "sample"
      }
    },
    {
      "type": "Feature",
      "geometry": {
        "type": "Point",
        "coordinates": [
          816.5618812615728,
          571.1057887583289
        ]
      },
      "properties": {
        "Q_m": 136.08166740920763,
        "eta": 0.05,
        "kind": "sample"
      }
    },
    {
      "type": "Feature",
      "geometry": {
        "type": "Point",
        "coordinates": [
          734.9056931354155,
          -681.6423930341346
        ]
      },
      "properties": {
        "Q_m": 136.08222725999775,
        "eta": 0.05,
        "kind": "sample"
      }
    },
    {
      "type": "Feature",
      "geometry": {
        "type": "Point",
        "coordinates": [
          734.9056931354155,
          681.6423930341346
        ]
      },
      "properties": {
        "Q_m": 136.08222725999838,
        "eta": 0.05,
        "kind": "sample"
      }
    },
    {
      "type": "Feature",
      "geometry": {
        "type": "Point",
        "coordinates": [
          846.3977961538225,
          -534.2602539997271
        ]
      },
      "properties": {
        "Q_m": 136.11911198752784,
        "eta": 0.05,
        "kind": "sample"
      }
    },
    {
      "type": "Feature",
      "geometry": {
        "type": "Point",
        "coordinates": [
          846.3977961538225,
          534.2602539997272
        ]
      },
      "properties": {
        "Q_m": 136.1191119875287,
        "eta": 0.05,
        "kind": "sample"
      }
    },
    {
      "type": "Feature",
      "geometry": {
        "type": "Point",
        "coordinates": [
          735.6908487904748,
          680.1071624191928
        ]
      },
      "properties": {
        "Q_m": 136.12756693728306,
        "eta": 0.05,
        "kind": "sample"
      }
    },
    {
      "type": "Feature",
      "geometry": {
        "type": "Point",
        "coordinates": [
          735.6908487904748,
          -680.1071624191928
        ]
      },
      "properties": {
        "Q_m": 136.12756693728392,
        "eta": 0.05,
        "kind": "sample"
      }
    },
    {
      "type": "Feature",
      "geometry": {
        "type": "Point",
        "coordinates": [
          769.4525419580204,
          -632.5150133559988
        ]
      },
      "properties": {
        "Q_m": 136.12882556849485,
        "eta": 0.05,
        "kind": "sample"
      }
    },
    {
      "type": "Feature",
      "geometry": {
        "type": "Point",
        "coordinates": [
          769.4525419580204,
          632.5150133559987
        ]
      },
      "properties": {
        "Q_m": 136.12882556849567,
        "eta": 0.05,
        "kind": "sample"
      }
    },
    {
      "type": "Feature",
      "geometry": {
        "type": "Point",
        "coordinates": [
          799.2884568502703,
          592.5990173675134
        ]
      },
      "properties": {
        "Q_m": 136.16395741278652,
        "eta": 0.05,
        "kind": "sample"
      }
    },
    {
      "type": "Feature",
      "geometry": {
        "type": "Point",
        "coordinates": [
          799.2884568502703,
          -592.5990173675134
        ]
      },
      "properties": {
        "Q_m": 136.16395741278754,
        "eta": 0.05,
        "kind": "sample"
      }
    },
    {
      "type": "Feature",
      "geometry": {
        "type": "Point",
        "coordinates": [
          730.1947592050603,
          687.7833154939016
        ]
      },
      "properties": {
        "Q_m": 136.16898181258912,
        "eta": 0.05,
        "kind": "sample"
      }
    },
    {
      "type": "Feature",
      "geometry": {
        "type": "Point",
        "coordinates": [
          730.1947592050603,
          -687.7833154939016
        ]
      },
      "properties": {
        "Q_m": 136.16898181259037,
        "eta": 0.05,
        "kind": "sample"
      }
    },
    {
      "type": "Feature",
      "geometry": {
        "type": "Point",
        "coordinates": [
          736.4760044455339,
          -678.5719318042511
        ]
      },
      "properties": {
        "Q_m": 136.17344377813518,
        "eta": 0.05,
        "kind": "sample"
      }
    },
    {
      "type": "Feature",
      "geometry": {
        "type": "Point",
        "coordinates": [
          736.4760044455339,
          678.5719318042511
        ]
      },
      "properties": {
        "Q_m": 136.1734437781362,
        "eta": 0.05,
        "kind": "sample"
      }
    },
    {
      "type": "Feature",
      "geometry": {
        "type": "Point",
        "coordinates": [
          780.4447211288494,
          -617.1627072065814
        ]
      },
      "properties": {
        "Q_m": 136.19551694424914,
        "eta": 0.05,
        "kind": "sample"
      }
    },
    {
      "type": "Feature",
      "geometry": {
        "type": "Point",
        "coordinates": [
          780.4447211288494,
          617.1627072065812
        ]
      },
      "properties": {
        "Q_m": 136.19551694424996,
        "eta": 0.05,
        "kind": "sample"
      }
    },
    {
      "type": "Feature",
      "geometry": {
        "type": "Point",
        "coordinates": [
          730.9799148601195,
          -686.2480848789598
        ]
      },
      "properties": {
        "Q_m": 136.2127377850376,
        "eta": 0.05,
        "kind": "sample"
      }
    },
    {
      "type": "Feature",
      "geometry": {
        "type": "Point",
        "coordinates": [
          730.9799148601195,
          686.2480848789598
        ]
      },
      "properties": {
        "Q_m": 136.2127377850382,
        "eta": 0.05,
        "kind": "sample"
      }
    },
    {
      "type": "Feature",
      "geometry": {
        "type": "Point",
        "coordinates": [
          760.0306740973101,
          -644.7968582755327
        ]
      },
      "properties": {
        "Q_m": 136.21709802184319,
        "eta": 0.05,
        "kind": "sample"
      }
    },
    {
      "type": "Feature",
      "geometry": {
        "type": "Point",
        "coordinates": [
          760.0306740973101,
          644.7968582755327
        ]
      },
      "properties": {
        "Q_m": 136.21709802184404,
        "eta": 0.05,
        "kind": "sample"
      }
    },
    {
      "type": "Feature",
      "geometry": {
        "type": "Point",
        "coordinates": [
          737.2611601005931,
          677.0367011893094
        ]
      },
      "properties": {
        "Q_m": 136.2198617958392,
        "eta": 0.05,
        "kind": "sample"
      }
    },
    {
      "type": "Feature",
      "geometry": {
        "type": "Point",
        "coordinates": [
          737.2611601005931,
          -677.0367011893094
        ]
      },
      "properties": {
        "Q_m": 136.21986179584027,
        "eta": 0.05,
        "kind": "sample"
      }
    },
    {
      "type": "Feature",
      "geometry": {
        "type": "Point",
        "coordinates": [
          843.2571735335857,
          -537.3307152296106
        ]
      },
      "properties": {
        "Q_m": 136.23693564448155,
        "eta": 0.05,
        "kind": "sample"
      }
    },
    {
      "type": "Feature",
      "geometry": {
        "type": "Point",
        "coordinates": [
          843.2571735335857,
          537.3307152296106
        ]
      },
      "properties": {
        "Q_m": 136.2369356444826,
        "eta": 0.05,
        "kind": "sample"
      }
    },
    {
      "type": "Feature",
      "geometry": {
        "type": "Point",
        "coordinates": [
          818.1321925716912,
          568.0353275284454
        ]
      },
      "properties": {
        "Q_m": 136.25164978255947,
        "eta": 0.05,
        "kind": "sample"
      }
    },
    {
      "type": "Feature",
      "geometry": {
        "type": "Point",
        "coordinates": [
          818.1321925716912,
          -568.0353275284456
        ]
      },
      "properties": {
        "Q_m": 136.25164978256012,
        "eta": 0.05,
        "kind": "sample"
      }
    },
    {
      "type": "Feature",
      "geometry": {
        "type": "Point",
        "coordinates": [
          731.7650705151786,
          -684.712854264018
        ]
      },
      "properties": {
        "Q_m": 136.2570180179268,
        "eta": 0.05,
        "kind": "sample"
      }
    },
    {
      "type": "Feature",
      "geometry": {
        "type": "Point",
        "coordinates": [
          731.7650705151786,
          684.712854264018
        ]
      },
      "properties": {
        "Q_m": 136.25701801792766,
        "eta": 0.05,
        "kind": "sample"
      }
    },
    {
      "type": "Feature",
      "geometry": {
        "type": "Point",
        "coordinates": [
          738.0463157556524,
          -675.5014705743677
        ]
      },
      "properties": {
        "Q_m": 136.2668250439905,
        "eta": 0.05,
        "kind": "sample"
      }
    },
    {
      "type": "Feature",
      "geometry": {
        "type": "Point",
        "coordinates": [
          738.0463157556524,
          675.5014705743677
        ]
      },
      "properties": {
        "Q_m": 136.26682504399133,
        "eta": 0.05,
        "kind": "sample"
      }
    },
    {
      "type": "Feature",
      "geometry": {
        "type": "Point",
        "coordinates": [
          835.4056169829937,
          -546.5420989192611
        ]
      },
      "properties": {
        "Q_m": 136.28249428111252,
        "eta": 0.05,
        "kind": "sample"
      }
    },
    {
      "type": "Feature",
      "geometry": {
        "type": "Point",
        "coordinates": [
          835.4056169829937,
          546.542098919261
        ]
      },
      "properties": {
        "Q_m": 136.28249428111292,
        "eta": 0.05,
        "kind": "sample"
      }
    },
    {
      "type": "Feature",
      "geometry": {
        "type": "Point",
        "coordinates": [
          726.2689809297643,
          692.3890073387269
        ]
      },
      "properties": {
        "Q_m": 136.30249161150206,
        "eta": 0.05,
        "kind": "sample"
      }
    },
    {
      "type": "Feature",
      "geometry": {
        "type": "Point",
        "coordinates": [
          726.2689809297643,
          -692.3890073387269
        ]
      },
      "properties": {
        "Q_m": 136.30249161150311,
        "eta": 0.05,
        "kind": "sample"
      }
    },
    {
      "type": "Feature",
      "geometry": {
        "type": "Point",
        "coordinates": [
          791.4369002996782,
          601.8104010571637
        ]
      },
      "properties": {
        "Q_m": 136.3085985462696,
        "eta": 0.05,
        "kind": "sample"
      }
    },
    {
      "type": "Feature",
      "geometry": {
        "type": "Point",
        "coordinates": [
          791.4369002996782,
          -601.810401057164
        ]
      },
      "properties": {
        "Q_m": 136.30859854627042,
        "eta": 0.05,
        "kind": "sample"
      }
    },
    {
      "type": "Feature",
      "geometry": {
        "type": "Point",
        "coordinates": [
          800.8587681603888,
          -589.52855613763
        ]
      },
      "properties": {
        "Q_m": 136.31636981265348,
        "eta": 0.05,
        "kind": "sample"
      }
    },
    {
      "type": "Feature",
      "geometry": {
        "type": "Point",
        "coordinates": [
          800.8587681603888,
          589.5285561376298
        ]
      },
      "properties": {
        "Q_m": 136.3163698126541,
        "eta": 0.05,
        "kind": "sample"
      }
    },
    {
      "type": "Feature",
      "geometry": {
        "type": "Point",
        "coordinates": [
          782.0150324389679,
          614.0922459766978
        ]
      },
      "properties": {
        "Q_m": 136.32926079264686,
        "eta": 0.05,
        "kind": "sample"
      }
    },
    {
      "type": "Feature",
      "geometry": {
        "type": "Point",
        "coordinates": [
          782.0150324389679,
          -614.0922459766979
        ]
      },
      "properties": {
        "Q_m": 136.32926079264706,
        "eta": 0.05,
        "kind": "sample"
      }
    },
    {
      "type": "Feature",
      "geometry": {
        "type": "Point",
        "coordinates": [
          761.6009854074285,
          641.7263970456493
        ]
      },
      "properties": {
        "Q_m": 136.33171881453998,
        "eta": 0.05,
        "kind": "sample"
      }
    },
    {
      "type": "Feature",
      "geometry": {
        "type": "Point",
        "coordinates": [
          761.6009854074285,
          -641.7263970456493
        ]
      },
      "properties": {
        "Q_m": 136.33171881454103,
        "eta": 0.05,
        "kind": "sample"
      }
    },
    {
      "type": "Feature",
      "geometry": {
        "type": "Point",
        "coordinates": [
          727.0541365848235,
          690.8537767237851
        ]
      },
      "properties": {
        "Q_m": 136.34521633074414,
        "eta": 0.05,
        "kind": "sample"
      }
    },
    {
      "type": "Feature",
      "geometry": {
        "type": "Point",
        "coordinates": [
          727.0541365848235,
          -690.8537767237851
        ]
      },
      "properties": {
        "Q_m": 136.34521633074476,
        "eta": 0.05,
        "kind": "sample"
      }
    },
    {
      "type": "Feature",
      "geometry": {
        "type": "Point",
        "coordinates": [
          810.2806360210991,
          -577.2467112180959
        ]
      },
      "properties": {
        "Q_m": 136.3545282576631,
        "eta": 0.05,
        "kind": "sample"
      }
    },
    {
      "type": "Feature",
      "geometry": {
        "type": "Point",
        "coordinates": [
          810.2806360210991,
          577.2467112180959
        ]
      },
      "properties": {
        "Q_m": 136.35452825766376,
        "eta": 0.05,
        "kind": "sample"
      }
    },
    {
      "type": "Feature",
      "geometry": {
        "type": "Point",
        "coordinates": [
          772.5931645782573,
          -626.3740908962318
        ]
      },
      "properties": {
        "Q_m": 136.37656972694154,
        "eta": 0.05,
        "kind": "sample"
      }
    },
    {
      "type": "Feature",
      "geometry": {
        "type": "Point",
        "coordinates": [
          772.5931645782573,
          626.3740908962318
        ]
      },
      "properties": {
        "Q_m": 136.3765697269424,
        "eta": 0.05,
        "kind": "sample"
      }
    },
    {
      "type": "Feature",
      "geometry": {
        "type": "Point",
        "coordinates": [
          727.8392922398828,
          -689.3185461088433
        ]
      },
      "properties": {
        "Q_m": 136.38845660385184,
        "eta": 0.05,
        "kind": "sample"
      }
    },
    {
      "type": "Feature",
      "geometry": {
        "type": "Point",
        "coordinates": [
          727.8392922398828,
          689.3185461088433
        ]
      },
      "properties": {
        "Q_m": 136.38845660385246,
        "eta": 0.05,
        "kind": "sample"
      }
    },
    {
      "type": "Feature",
      "geometry": {
        "type": "Point",
        "coordinates": [
          860.5305979448883,
          515.8374866204263
        ]
      },
      "properties": {
        "Q_m": 136.42387415637458,
        "eta": 0.05,
        "kind": "sample"
      }
    },
    {
      "type": "Feature",
      "geometry": {
        "type": "Point",
        "coordinates": [
          860.5305979448883,
          -515.8374866204261
        ]
      },
      "properties": {
        "Q_m": 136.42387415637478,
        "eta": 0.05,
        "kind": "sample"
      }
    },
    {
      "type": "Feature",
      "geometry": {
        "type": "Point",
        "coordinates": [
          819.7025038818097,
          -564.964866298562
        ]
      },
      "properties": {
        "Q_m": 136.4252143154023,
        "eta": 0.05,
        "kind": "sample"
      }
    },
    {
      "type": "Feature",
      "geometry": {
        "type": "Point",
        "coordinates": [
          819.7025038818097,
          564.9648662985619
        ]
      },
      "properties": {
        "Q_m": 136.42521431540354,
        "eta": 0.05,
        "kind": "sample"
      }
    },
    {
      "type": "Feature",
      "geometry": {
        "type": "Point",
        "coordinates": [
          728.6244478949419,
          -687.7833154939016
        ]
      },
      "properties": {
        "Q_m": 136.43221621647098,
        "eta": 0.05,
        "kind": "sample"
      }
    },
    {
      "type": "Feature",
      "geometry": {
        "type": "Point",
        "coordinates": [
          728.6244478949419,
          687.7833154939016
        ]
      },
      "properties": {
        "Q_m": 136.43221621647183,
        "eta": 0.05,
        "kind": "sample"
      }
    },
    {
      "type": "Feature",
      "geometry": {
        "type": "Point",
        "coordinates": [
          844.827484843704,
          -534.2602539997271
        ]
      },
      "properties": {
        "Q_m": 136.43939117711963,
        "eta": 0.05,
        "kind": "sample"
      }
    },
    {
      "type": "Feature",
      "geometry": {
        "type": "Point",
        "coordinates": [
          844.827484843704,
          534.2602539997272
        ]
      },
      "properties": {
        "Q_m": 136.43939117712048,
        "eta": 0.05,
        "kind": "sample"
      }
    },
    {
      "type": "Feature",
      "geometry": {
        "type": "Point",
        "coordinates": [
          734.9056931354155,
          678.5719318042511
        ]
      },
      "properties": {
        "Q_m": 136.43945969644304,
        "eta": 0.05,
        "kind": "sample"
      }
    },
    {
      "type": "Feature",
      "geometry": {
        "type": "Point",
        "coordinates": [
          734.9056931354155,
          -678.5719318042511
        ]
      },
      "properties": {
        "Q_m": 136.4394596964443,
        "eta": 0.05,
        "kind": "sample"
      }
    },
    {
      "type": "Feature",
      "geometry": {
        "type": "Point",
        "coordinates": [
          763.171296717547,
          -638.6559358157658
        ]
      },
      "properties": {
        "Q_m": 136.4488879269462,
        "eta": 0.05,
        "kind": "sample"
      }
    },
    {
      "type": "Feature",
      "geometry": {
        "type": "Point",
        "coordinates": [
          763.171296717547,
          638.6559358157657
        ]
      },
      "properties": {
        "Q_m": 136.44888792694726,
        "eta": 0.05,
        "kind": "sample"
      }
    },
    {
      "type": "Feature",
      "geometry": {
        "type": "Point",
        "coordinates": [
          836.9759282931121,
          -543.4716376893775
        ]
      },
      "properties": {
        "Q_m": 136.47611856354027,
        "eta": 0.05,
        "kind": "sample"
      }
    },
    {
      "type": "Feature",
      "geometry": {
        "type": "Point",
        "coordinates": [
          836.9759282931121,
          543.4716376893775
        ]
      },
      "properties": {
        "Q_m": 136.4761185635411,
        "eta": 0.05,
        "kind": "sample"
      }
    },
    {
      "type": "Feature",
      "geometry": {
        "type": "Point",
        "coordinates": [
          729.4096035500011,
          -686.2480848789598
        ]
      },
      "properties": {
        "Q_m": 136.47649899163832,
        "eta": 0.05,
        "kind": "sample"
      }
    },
    {
      "type": "Feature",
      "geometry": {
        "type": "Point",
        "coordinates": [
          729.4096035500011,
          686.2480848789598
        ]
      },
      "properties": {
        "Q_m": 136.47649899163918,
        "eta": 0.05,
        "kind": "sample"
      }
    },
    {
      "type": "Feature",
      "geometry": {
        "type": "Point",
        "coordinates": [
          735.6908487904748,
          677.0367011893094
        ]
      },
      "properties": {
        "Q_m": 136.48642018104573,
        "eta": 0.05,
        "kind": "sample"
      }
    },
    {
      "type": "Feature",
      "geometry": {
        "type": "Point",
        "coordinates": [
          735.6908487904748,
          -677.0367011893094
        ]
      },
      "properties": {
        "Q_m": 136.48642018104658,
        "eta": 0.05,
        "kind": "sample"
      }
    },
    {
      "type": "Feature",
      "geometry": {
        "type": "Point",
        "coordinates": [
          730.1947592050603,
          -684.712854264018
        ]
      },
      "properties": {
        "Q_m": 136.5213087902407,
        "eta": 0.05,
        "kind": "sample"
      }
    },
    {
      "type": "Feature",
      "geometry": {
        "type": "Point",
        "coordinates": [
          730.1947592050603,
          684.712854264018
        ]
      },
      "properties": {
        "Q_m": 136.52130879024173,
        "eta": 0.05,
        "kind": "sample"
      }
    },
    {
      "type": "Feature",
      "geometry": {
        "type": "Point",
        "coordinates": [
          829.12437174252,
          -552.6830213790281
        ]
      },
      "properties": {
        "Q_m": 136.5307780267445,
        "eta": 0.05,
        "kind": "sample"
      }
    },
    {
      "type": "Feature",
      "geometry": {
        "type": "Point",
        "coordinates": [
          829.12437174252,
          552.683021379028
        ]
      },
      "properties": {
        "Q_m": 136.5307780267445,
        "eta": 0.05,
        "kind": "sample"
      }
    },
    {
      "type": "Feature",
      "geometry": {
        "type": "Point",
        "coordinates": [
          736.4760044455339,
          -675.5014705743677
        ]
      },
      "properties": {
        "Q_m": 136.53392878270472,
        "eta": 0.05,
        "kind": "sample"
      }
    },
    {
      "type": "Feature",
      "geometry": {
        "type": "Point",
        "coordinates": [
          736.4760044455339,
          675.5014705743677
        ]
      },
      "properties": {
        "Q_m": 136.53392878270557,
        "eta": 0.05,
        "kind": "sample"
      }
    },
    {
      "type": "Feature",
      "geometry": {
        "type": "Point",
        "coordinates": [
          861.3157535999476,
          514.3022560054845
        ]
      },
      "properties": {
        "Q_m": 136.536385417514,
        "eta": 0.05,
        "kind": "sample"
      }
    },
    {
      "type": "Feature",
      "geometry": {
        "type": "Point",
        "coordinates": [
          861.3157535999476,
          -514.3022560054844
        ]
      },
      "properties": {
        "Q_m": 136.53638541751485,
        "eta": 0.05,
        "kind": "sample"
      }
    },
    {
      "type": "Feature",
      "geometry": {
        "type": "Point",
        "coordinates": [
          753.7494288568364,
          650.9377807352996
        ]
      },
      "properties": {
        "Q_m": 136.54471206951402,
        "eta": 0.05,
        "kind": "sample"
      }
    },
    {
      "type": "Feature",
      "geometry": {
        "type": "Point",
        "coordinates": [
          753.7494288568364,
          -650.9377807352997
        ]
      },
      "properties": {
        "Q_m": 136.54471206951467,
        "eta": 0.05,
        "kind": "sample"
      }
    },
    {
      "type": "Feature",
      "geometry": {
        "type": "Point",
        "coordinates": [
          730.9799148601195,
          683.1776236490763
        ]
      },
      "properties": {
        "Q_m": 136.56664951148045,
        "eta": 0.05,
        "kind": "sample"
      }
    },
    {
      "type": "Feature",
      "geometry": {
        "type": "Point",
        "coordinates": [
          730.9799148601195,
          -683.1776236490763
        ]
      },
      "properties": {
        "Q_m": 136.56664951148107,
        "eta": 0.05,
        "kind": "sample"
      }
    },
    {
      "type": "Feature",
      "geometry": {
        "type": "Point",
        "coordinates": [
          794.577522919915,
          595.6694785973968
        ]
      },
      "properties": {
        "Q_m": 136.60339938732463,
        "eta": 0.05,
        "kind": "sample"
      }
    },
    {
      "type": "Feature",
      "geometry": {
        "type": "Point",
        "coordinates": [
          794.577522919915,
          -595.669478597397
        ]
      },
      "properties": {
        "Q_m": 136.60339938732525,
        "eta": 0.05,
        "kind": "sample"
      }
    },
    {
      "type": "Feature",
      "geometry": {
        "type": "Point",
        "coordinates": [
          725.4838252747052,
          690.8537767237851
        ]
      },
      "properties": {
        "Q_m": 136.6078168012942,
        "eta": 0.05,
        "kind": "sample"
      }
    },
    {
      "type": "Feature",
      "geometry": {
        "type": "Point",
        "coordinates": [
          725.4838252747052,
          -690.8537767237851
        ]
      },
      "properties": {
        "Q_m": 136.60781680129506,
        "eta": 0.05,
        "kind": "sample"
      }
    },
    {
      "type": "Feature",
      "geometry": {
        "type": "Point",
        "coordinates": [
          731.7650705151786,
          -681.6423930341346
        ]
      },
      "properties": {
        "Q_m": 136.6125250933483,
        "eta": 0.05,
        "kind": "sample"
      }
    },
    {
      "type": "Feature",
      "geometry": {
        "type": "Point",
        "coordinates": [
          731.7650705151786,
          681.6423930341346
        ]
      },
      "properties": {
        "Q_m": 136.61252509334935,
        "eta": 0.05,
        "kind": "sample"
      }
    },
    {
      "type": "Feature",
      "geometry": {
        "type": "Point",
        "coordinates": [
          775.7337871984942,
          620.2331684364648
        ]
      },
      "properties": {
        "Q_m": 136.63524218594603,
        "eta": 0.05,
        "kind": "sample"
      }
    },
    {
      "type": "Feature",
      "geometry": {
        "type": "Point",
        "coordinates": [
          775.7337871984942,
          -620.2331684364649
        ]
      },
      "properties": {
        "Q_m": 136.63524218594665,
        "eta": 0.05,
        "kind": "sample"
      }
    },
    {
      "type": "Feature",
      "geometry": {
        "type": "Point",
        "coordinates": [
          846.3977961538225,
          -531.1897927698435
        ]
      },
      "properties": {
        "Q_m": 136.6461008203229,
        "eta": 0.05,
        "kind": "sample"
      }
    },
    {
      "type": "Feature",
      "geometry": {
        "type": "Point",
        "coordinates": [
          846.3977961538225,
          531.1897927698437
        ]
      },
      "properties": {
        "Q_m": 136.64610082032416,
        "eta": 0.05,
        "kind": "sample"
      }
    },
    {
      "type": "Feature",
      "geometry": {
        "type": "Point",
        "coordinates": [
          862.1009092550067,
          512.7670253905428
        ]
      },
      "properties": {
        "Q_m": 136.65007832513226,
        "eta": 0.05,
        "kind": "sample"
      }
    },
    {
      "type": "Feature",
      "geometry": {
        "type": "Point",
        "coordinates": [
          862.1009092550067,
          -512.7670253905426
        ]
      },
      "properties": {
        "Q_m": 136.65007832513288,
        "eta": 0.05,
        "kind": "sample"
      }
    },
    {
      "type": "Feature",
      "geometry": {
        "type": "Point",
        "coordinates": [
          726.2689809297643,
          689.3185461088433
        ]
      },
      "properties": {
        "Q_m": 136.65157959825117,
        "eta": 0.05,
        "kind": "sample"
      }
    },
    {
      "type": "Feature",
      "geometry": {
        "type": "Point",
        "coordinates": [
          726.2689809297643,
          -689.3185461088433
        ]
      },
      "properties": {
        "Q_m": 136.6515795982518,
        "eta": 0.05,
        "kind": "sample"
      }
    },
    {
      "type": "Feature",
      "geometry": {
        "type": "Point",
        "coordinates": [
          838.5462396032306,
          -540.4011764594941
        ]
      },
      "properties": {
        "Q_m": 136.67380529533855,
        "eta": 0.05,
        "kind": "sample"
      }
    },
    {
      "type": "Feature",
      "geometry": {
        "type": "Point",
        "coordinates": [
          838.5462396032306,
          540.4011764594941
        ]
      },
      "properties": {
        "Q_m": 136.6738052953394,
        "eta": 0.05,
        "kind": "sample"
      }
    },
    {
      "type": "Feature",
      "geometry": {
        "type": "Point",
        "coordinates": [
          813.421258641336,
          571.1057887583289
        ]
      },
      "properties": {
        "Q_m": 136.69018821809797,
        "eta": 0.05,
        "kind": "sample"
      }
    },
    {
      "type": "Feature",
      "geometry": {
        "type": "Point",
        "coordinates": [
          813.421258641336,
          -571.105788758329
        ]
      },
      "properties": {
        "Q_m": 136.6901882180986,
        "eta": 0.05,
        "kind": "sample"
      }
    },
    {
      "type": "Feature",
      "geometry": {
        "type": "Point",
        "coordinates": [
          727.0541365848235,
          687.7833154939016
        ]
      },
      "properties": {
        "Q_m": 136.69586446217073,
        "eta": 0.05,
        "kind": "sample"
      }
    },
    {
      "type": "Feature",
      "geometry": {
        "type": "Point",
        "coordinates": [
          727.0541365848235,
          -687.7833154939016
        ]
      },
      "properties": {
        "Q_m": 136.69586446217093,
        "eta": 0.05,
        "kind": "sample"
      }
    },
    {
      "type": "Feature",
      "geometry": {
        "type": "Point",
        "coordinates": [
          733.3353818252971,
          -678.5719318042511
        ]
      },
      "properties": {
        "Q_m": 136.7058967877559,
        "eta": 0.05,
        "kind": "sample"
      }
    },
    {
      "type": "Feature",
      "geometry": {
        "type": "Point",
        "coordinates": [
          733.3353818252971,
          678.5719318042511
        ]
      },
      "properties": {
        "Q_m": 136.70589678775715,
        "eta": 0.05,
        "kind": "sample"
      }
    },
    {
      "type": "Feature",
      "geometry": {
        "type": "Point",
        "coordinates": [
          862.8860649100659,
          -511.23179477560086
        ]
      },
      "properties": {
        "Q_m": 136.76496490892325,
        "eta": 0.05,
        "kind": "sample"
      }
    },
    {
      "type": "Feature",
      "geometry": {
        "type": "Point",
        "coordinates": [
          862.8860649100659,
          511.23179477560103
        ]
      },
      "properties": {
        "Q_m": 136.76496490892387,
        "eta": 0.05,
        "kind": "sample"
      }
    },
    {
      "type": "Feature",
      "geometry": {
        "type": "Point",
        "coordinates": [
          756.8900514770733,
          -644.7968582755327
        ]
      },
      "properties": {
        "Q_m": 136.7712538953239,
        "eta": 0.05,
        "kind": "sample"
      }
    },
    {
      "type": "Feature",
      "geometry": {
        "type": "Point",
        "coordinates": [
          756.8900514770733,
          644.7968582755327
        ]
      },
      "properties": {
        "Q_m": 136.77125389532495,
        "eta": 0.05,
        "kind": "sample"
      }
    },
    {
      "type": "Feature",
      "geometry": {
        "type": "Point",
        "coordinates": [
          722.3432026544683,
          693.9242379536686
        ]
      },
      "properties": {
        "Q_m": 136.78381480835958,
        "eta": 0.05,
        "kind": "sample"
      }
    },
    {
      "type": "Feature",
      "geometry": {
        "type": "Point",
        "coordinates": [
          722.3432026544683,
          -693.9242379536686
        ]
      },
      "properties": {
        "Q_m": 136.78381480836086,
        "eta": 0.05,
        "kind": "sample"
      }
    },
    {
      "type": "Feature",
      "geometry": {
        "type": "Point",
        "coordinates": [
          728.6244478949419,
          684.712854264018
        ]
      },
      "properties": {
        "Q_m": 136.78601580422696,
        "eta": 0.05,
        "kind": "sample"
      }
    },
    {
      "type": "Feature",
      "geometry": {
        "type": "Point",
        "coordinates": [
          728.6244478949419,
          -684.712854264018
        ]
      },
      "properties": {
        "Q_m": 136.78601580422736,
        "eta": 0.05,
        "kind": "sample"
      }
    },
    {
      "type": "Feature",
      "geometry": {
        "type": "Point",
        "coordinates": [
          734.9056931354155,
          675.5014705743677
        ]
      },
      "properties": {
        "Q_m": 136.80145617158374,
        "eta": 0.05,
        "kind": "sample"
      }
    },
    {
      "type": "Feature",
      "geometry": {
        "type": "Point",
        "coordinates": [
          734.9056931354155,
          -675.5014705743677
        ]
      },
      "properties": {
        "Q_m": 136.8014561715844,
        "eta": 0.05,
        "kind": "sample"
      }
    },
    {
      "type": "Feature",
      "geometry": {
        "type": "Point",
        "coordinates": [
          729.4096035500011,
          -683.1776236490763
        ]
      },
      "properties": {
        "Q_m": 136.83189008463975,
        "eta": 0.05,
        "kind": "sample"
      }
    },
    {
      "type": "Feature",
      "geometry": {
        "type": "Point",
        "coordinates": [
          729.4096035500011,
          683.1776236490763
        ]
      },
      "properties": {
        "Q_m": 136.83189008464103,
        "eta": 0.05,
        "kind": "sample"
      }
    },
    {
      "type": "Feature",
      "geometry": {
        "type": "Point",
        "coordinates": [
          847.9681074639409,
          528.1193315399602
        ]
      },
      "properties": {
        "Q_m": 136.85714817001815,
        "eta": 0.05,
        "kind": "sample"
      }
    },
    {
      "type": "Feature",
      "geometry": {
        "type": "Point",
        "coordinates": [
          847.9681074639409,
          -528.1193315399601
        ]
      },
      "properties": {
        "Q_m": 136.85714817001855,
        "eta": 0.05,
        "kind": "sample"
      }
    },
    {
      "type": "Feature",
      "geometry": {
        "type": "Point",
        "coordinates": [
          723.9135139645867,
          -690.8537767237851
        ]
      },
      "properties": {
        "Q_m": 136.87082868655676,
        "eta": 0.05,
        "kind": "sample"
      }
    },
    {
      "type": "Feature",
      "geometry": {
        "type": "Point",
        "coordinates": [
          723.9135139645867,
          690.8537767237851
        ]
      },
      "properties": {
        "Q_m": 136.87082868655696,
        "eta": 0.05,
        "kind": "sample"
      }
    },
    {
      "type": "Feature",
      "geometry": {
        "type": "Point",
        "coordinates": [
          730.1947592050603,
          -681.6423930341346
        ]
      },
      "properties": {
        "Q_m": 136.87830203750838,
        "eta": 0.05,
        "kind": "sample"
      }
    },
    {
      "type": "Feature",
      "geometry": {
        "type": "Point",
        "coordinates": [
          730.1947592050603,
          681.6423930341346
        ]
      },
      "properties": {
        "Q_m": 136.87830203750897,
        "eta": 0.05,
        "kind": "sample"
      }
    },
    {
      "type": "Feature",
      "geometry": {
        "type": "Point",
        "coordinates": [
          863.6712205651252,
          509.69656416065925
        ]
      },
      "properties": {
        "Q_m": 136.88105736166173,
        "eta": 0.05,
        "kind": "sample"
      }
    },
    {
      "type": "Feature",
      "geometry": {
        "type": "Point",
        "coordinates": [
          863.6712205651252,
          -509.69656416065914
        ]
      },
      "properties": {
        "Q_m": 136.88105736166236,
        "eta": 0.05,
        "kind": "sample"
      }
    },
    {
      "type": "Feature",
      "geometry": {
        "type": "Point",
        "coordinates": [
          778.874409818731,
          614.0922459766978
        ]
      },
      "properties": {
        "Q_m": 136.90520684117743,
        "eta": 0.05,
        "kind": "sample"
      }
    },
    {
      "type": "Feature",
      "geometry": {
        "type": "Point",
        "coordinates": [
          778.874409818731,
          -614.0922459766979
        ]
      },
      "properties": {
        "Q_m": 136.90520684117828,
        "eta": 0.05,
        "kind": "sample"
      }
    },
    {
      "type": "Feature",
      "geometry": {
        "type": "Point",
        "coordinates": [
          797.7181455401519,
          589.5285561376298
        ]
      },
      "properties": {
        "Q_m": 136.9108405345462,
        "eta": 0.05,
        "kind": "sample"
      }
    },
    {
      "type": "Feature",
      "geometry": {
        "type": "Point",
        "coordinates": [
          797.7181455401519,
          -589.52855613763
        ]
      },
      "properties": {
        "Q_m": 136.91084053454682,
        "eta": 0.05,
        "kind": "sample"
      }
    },
    {
      "type": "Feature",
      "geometry": {
        "type": "Point",
        "coordinates": [
          832.2649943627569,
          546.542098919261
        ]
      },
      "properties": {
        "Q_m": 136.91293991739786,
        "eta": 0.05,
        "kind": "sample"
      }
    },
    {
      "type": "Feature",
      "geometry": {
        "type": "Point",
        "coordinates": [
          832.2649943627569,
          -546.5420989192611
        ]
      },
      "properties": {
        "Q_m": 136.9129399173987,
        "eta": 0.05,
        "kind": "sample"
      }
    },
    {
      "type": "Feature",
      "geometry": {
        "type": "Point",
        "coordinates": [
          725.4838252747052,
          687.7833154939016
        ]
      },
      "properties": {
        "Q_m": 136.95992649689381,
        "eta": 0.05,
        "kind": "sample"
      }
    },
    {
      "type": "Feature",
      "geometry": {
        "type": "Point",
        "coordinates": [
          725.4838252747052,
          -687.7833154939016
        ]
      },
      "properties": {
        "Q_m": 136.95992649689484,
        "eta": 0.05,
        "kind": "sample"
      }
    },
    {
      "type": "Feature",
      "geometry": {
        "type": "Point",
        "coordinates": [
          860.5305979448883,
          -512.7670253905426
        ]
      },
      "properties": {
        "Q_m": 136.98177783289083,
        "eta": 0.05,
        "kind": "sample"
      }
    },
    {
      "type": "Feature",
      "geometry": {
        "type": "Point",
        "coordinates": [
          860.5305979448883,
          512.7670253905428
        ]
      },
      "properties": {
        "Q_m": 136.98177783289168,
        "eta": 0.05,
        "kind": "sample"
      }
    },
    {
      "type": "Feature",
      "geometry": {
        "type": "Point",
        "coordinates": [
          738.0463157556524,
          669.3605481146006
        ]
      },
      "properties": {
        "Q_m": 136.9992704768679,
        "eta": 0.05,
        "kind": "sample"
      }
    },
    {
      "type": "Feature",
      "geometry": {
        "type": "Point",
        "coordinates": [
          738.0463157556524,
          -669.3605481146006
        ]
      },
      "properties": {
        "Q_m": 136.9992704768685,
        "eta": 0.05,
        "kind": "sample"
      }
    },
    {
      "type": "Feature",
      "geometry": {
        "type": "Point",
        "coordinates": [
          760.0306740973101,
          638.6559358157657
        ]
      },
      "properties": {
        "Q_m": 137.00793813643537,
        "eta": 0.05,
        "kind": "sample"
      }
    },
    {
      "type": "Feature",
      "geometry": {
        "type": "Point",
        "coordinates": [
          760.0306740973101,
          -638.6559358157658
        ]
      },
      "properties": {
        "Q_m": 137.00793813643662,
        "eta": 0.05,
        "kind": "sample"
      }
    },
    {
      "type": "Feature",
      "geometry": {
        "type": "Point",
        "coordinates": [
          816.5618812615728,
          -564.964866298562
        ]
      },
      "properties": {
        "Q_m": 137.040081117281,
        "eta": 0.05,
        "kind": "sample"
      }
    },
    {
      "type": "Feature",
      "geometry": {
        "type": "Point",
        "coordinates": [
          816.5618812615728,
          564.9648662985619
        ]
      },
      "properties": {
        "Q_m": 137.04008111728186,
        "eta": 0.05,
        "kind": "sample"
      }
    },
    {
      "type": "Feature",
      "geometry": {
        "type": "Point",
        "coordinates": [
          841.6868622234673,
          534.2602539997272
        ]
      },
      "properties": {
        "Q_m": 137.0816814497267,
        "eta": 0.05,
        "kind": "sample"
      }
    },
    {
      "type": "Feature",
      "geometry": {
        "type": "Point",
        "coordinates": [
          841.6868622234673,
          -534.2602539997271
        ]
      },
      "properties": {
        "Q_m": 137.08168144972754,
        "eta": 0.05,
        "kind": "sample"
      }
    },
    {
      "type": "Feature",
      "geometry": {
        "type": "Point",
        "coordinates": [
          861.3157535999476,
          511.23179477560103
        ]
      },
      "properties": {
        "Q_m": 137.09765451806928,
        "eta": 0.05,
        "kind": "sample"
      }
    },
    {
      "type": "Feature",
      "geometry": {
        "type": "Point",
        "coordinates": [
          861.3157535999476,
          -511.23179477560086
        ]
      },
      "properties": {
        "Q_m": 137.09765451806967,
        "eta": 0.05,
        "kind": "sample"
      }
    },
    {
      "type": "Feature",
      "geometry": {
        "type": "Point",
        "coordinates": [
          865.2415318752435,
          -506.6261029307757
        ]
      },
      "properties": {
        "Q_m": 137.11690947703343,
        "eta": 0.05,
        "kind": "sample"
      }
    },
    {
      "type": "Feature",
      "geometry": {
        "type": "Point",
        "coordinates": [
          865.2415318752435,
          506.6261029307758
        ]
      },
      "properties": {
        "Q_m": 137.11690947703406,
        "eta": 0.05,
        "kind": "sample"
      }
    },
    {
      "type": "Feature",
      "geometry": {
        "type": "Point",
        "coordinates": [
          716.0619574139946,
          -700.0651604134355
        ]
      },
      "properties": {
        "Q_m": 137.13698367213036,
        "eta": 0.05,
        "kind": "sample"
      }
    },
    {
      "type": "Feature",
      "geometry": {
        "type": "Point",
        "coordinates": [
          716.0619574139946,
          700.0651604134355
        ]
      },
      "properties": {
        "Q_m": 137.1369836721312,
        "eta": 0.05,
        "kind": "sample"
      }
    },
    {
      "type": "Feature",
      "geometry": {
        "type": "Point",
        "coordinates": [
          728.6244478949419,
          681.6423930341346
        ]
      },
      "properties": {
        "Q_m": 137.1444975938456,
        "eta": 0.05,
        "kind": "sample"
      }
    },
    {
      "type": "Feature",
      "geometry": {
        "type": "Point",
        "coordinates": [
          728.6244478949419,
          -681.6423930341346
        ]
      },
      "properties": {
        "Q_m": 137.14449759384627,
        "eta": 0.05,
        "kind": "sample"
      }
    },
    {
      "type": "Feature",
      "geometry": {
        "type": "Point",
        "coordinates": [
          741.1869383758892,
          -663.2196256548336
        ]
      },
      "properties": {
        "Q_m": 137.20623973508475,
        "eta": 0.05,
        "kind": "sample"
      }
    },
    {
      "type": "Feature",
      "geometry": {
        "type": "Point",
        "coordinates": [
          741.1869383758892,
          663.2196256548336
        ]
      },
      "properties": {
        "Q_m": 137.20623973508538,
        "eta": 0.05,
        "kind": "sample"
      }
    },
    {
      "type": "Feature",
      "geometry": {
        "type": "Point",
        "coordinates": [
          862.1009092550067,
          509.69656416065925
        ]
      },
      "properties": {
        "Q_m": 137.21474419232698,
        "eta": 0.05,
        "kind": "sample"
      }
    },
    {
      "type": "Feature",
      "geometry": {
        "type": "Point",
        "coordinates": [
          862.1009092550067,
          -509.69656416065914
        ]
      },
      "properties": {
        "Q_m": 137.2147441923274,
        "eta": 0.05,
        "kind": "sample"
      }
    },
    {
      "type": "Feature",
      "geometry": {
        "type": "Point",
        "coordinates": [
          730.1947592050603,
          -678.5719318042511
        ]
      },
      "properties": {
        "Q_m": 137.24003426627607,
        "eta": 0.05,
        "kind": "sample"
      }
    },
    {
      "type": "Feature",
      "geometry": {
        "type": "Point",
        "coordinates": [
          730.1947592050603,
          678.5719318042511
        ]
      },
      "properties": {
        "Q_m": 137.24003426627715,
        "eta": 0.05,
        "kind": "sample"
      }
    },
    {
      "type": "Feature",
      "geometry": {
        "type": "Point",
        "coordinates": [
          843.2571735335857,
          -531.1897927698435
        ]
      },
      "properties": {
        "Q_m": 137.292033659337,
        "eta": 0.05,
        "kind": "sample"
      }
    },
    {
      "type": "Feature",
      "geometry": {
        "type": "Point",
        "coordinates": [
          843.2571735335857,
          531.1897927698437
        ]
      },
      "properties": {
        "Q_m": 137.29203365933762,
        "eta": 0.05,
        "kind": "sample"
      }
    },
    {
      "type": "Feature",
      "geometry": {
        "type": "Point",
        "coordinates": [
          851.1087300841778,
          -521.9784090801932
        ]
      },
      "properties": {
        "Q_m": 137.2926014270653,
        "eta": 0.05,
        "kind": "sample"
      }
    },
    {
      "type": "Feature",
      "geometry": {
        "type": "Point",
        "coordinates": [
          851.1087300841778,
          521.9784090801932
        ]
      },
      "properties": {
        "Q_m": 137.2926014270659,
        "eta": 0.05,
        "kind": "sample"
      }
    },
    {
      "type": "Feature",
      "geometry": {
        "type": "Point",
        "coordinates": [
          719.2025800342315,
          -693.9242379536686
        ]
      },
      "properties": {
        "Q_m": 137.30898697662818,
        "eta": 0.05,
        "kind": "sample"
      }
    },
    {
      "type": "Feature",
      "geometry": {
        "type": "Point",
        "coordinates": [
          719.2025800342315,
          693.9242379536686
        ]
      },
      "properties": {
        "Q_m": 137.3089869766292,
        "eta": 0.05,
        "kind": "sample"
      }
    },
    {
      "type": "Feature",
      "geometry": {
        "type": "Point",
        "coordinates": [
          835.4056169829937,
          -540.4011764594941
        ]
      },
      "properties": {
        "Q_m": 137.31123183159733,
        "eta": 0.05,
        "kind": "sample"
      }
    },
    {
      "type": "Feature",
      "geometry": {
        "type": "Point",
        "coordinates": [
          835.4056169829937,
          540.4011764594941
        ]
      },
      "properties": {
        "Q_m": 137.31123183159835,
        "eta": 0.05,
        "kind": "sample"
      }
    },
    {
      "type": "Feature",
      "geometry": {
        "type": "Point",
        "coordinates": [
          731.7650705151786,
          675.5014705743677
        ]
      },
      "properties": {
        "Q_m": 137.3377816733275,
        "eta": 0.05,
        "kind": "sample"
      }
    },
    {
      "type": "Feature",
      "geometry": {
        "type": "Point",
        "coordinates": [
          731.7650705151786,
          -675.5014705743677
        ]
      },
      "properties": {
        "Q_m": 137.33778167332832,
        "eta": 0.05,
        "kind": "sample"
      }
    },
    {
      "type": "Feature",
      "geometry": {
        "type": "Point",
        "coordinates": [
          866.8118431853619,
          -503.5556417008922
        ]
      },
      "properties": {
        "Q_m": 137.35773558086052,
        "eta": 0.05,
        "kind": "sample"
      }
    },
    {
      "type": "Feature",
      "geometry": {
        "type": "Point",
        "coordinates": [
          866.8118431853619,
          503.5556417008923
        ]
      },
      "properties": {
        "Q_m": 137.35773558086117,
        "eta": 0.05,
        "kind": "sample"
      }
    },
    {
      "type": "Feature",
      "geometry": {
        "type": "Point",
        "coordinates": [
          785.1556550592046,
          601.8104010571637
        ]
      },
      "properties": {
        "Q_m": 137.48055106794234,
        "eta": 0.05,
        "kind": "sample"
      }
    },
    {
      "type": "Feature",
      "geometry": {
        "type": "Point",
        "coordinates": [
          785.1556550592046,
          -601.810401057164
        ]
      },
      "properties": {
        "Q_m": 137.480551067943,
        "eta": 0.05,
        "kind": "sample"
      }
    },
    {
      "type": "Feature",
      "geometry": {
        "type": "Point",
        "coordinates": [
          722.3432026544683,
          -687.7833154939016
        ]
      },
      "properties": {
        "Q_m": 137.48929172536248,
        "eta": 0.05,
        "kind": "sample"
      }
    },
    {
      "type": "Feature",
      "geometry": {
        "type": "Point",
        "coordinates": [
          722.3432026544683,
          687.7833154939016
        ]
      },
      "properties": {
        "Q_m": 137.4892917253631,
        "eta": 0.05,
        "kind": "sample"
      }
    },
    {
      "type": "Feature",
      "geometry": {
        "type": "Point",
        "coordinates": [
          844.827484843704,
          528.1193315399602
        ]
      },
      "properties": {
        "Q_m": 137.50677402476427,
        "eta": 0.05,
        "kind": "sample"
      }
    },
    {
      "type": "Feature",
      "geometry": {
        "type": "Point",
        "coordinates": [
          844.827484843704,
          -528.1193315399601
        ]
      },
      "properties": {
        "Q_m": 137.5067740247647,
        "eta": 0.05,
        "kind": "sample"
      }
    },
    {
      "type": "Feature",
      "geometry": {
        "type": "Point",
        "coordinates": [
          766.3119193377837,
          626.3740908962318
        ]
      },
      "properties": {
        "Q_m": 137.5130559132236,
        "eta": 0.05,
        "kind": "sample"
      }
    },
    {
      "type": "Feature",
      "geometry": {
        "type": "Point",
        "coordinates": [
          766.3119193377837,
          -626.3740908962318
        ]
      },
      "properties": {
        "Q_m": 137.513055913224,
        "eta": 0.05,
        "kind": "sample"
      }
    },
    {
      "type": "Feature",
      "geometry": {
        "type": "Point",
        "coordinates": [
          860.5305979448883,
          -509.69656416065914
        ]
      },
      "properties": {
        "Q_m": 137.54904560365904,
        "eta": 0.05,
        "kind": "sample"
      }
    },
    {
      "type": "Feature",
      "geometry": {
        "type": "Point",
        "coordinates": [
          860.5305979448883,
          509.69656416065925
        ]
      },
      "properties": {
        "Q_m": 137.5490456036601,
        "eta": 0.05,
        "kind": "sample"
      }
    },
    {
      "type": "Feature",
      "geometry": {
        "type": "Point",
        "coordinates": [
          803.9993907806255,
          577.2467112180959
        ]
      },
      "properties": {
        "Q_m": 137.56544669258912,
        "eta": 0.05,
        "kind": "sample"
      }
    },
    {
      "type": "Feature",
      "geometry": {
        "type": "Point",
        "coordinates": [
          803.9993907806255,
          -577.2467112180959
        ]
      },
      "properties": {
        "Q_m": 137.56544669258955,
        "eta": 0.05,
        "kind": "sample"
      }
    },
    {
      "type": "Feature",
      "geometry": {
        "type": "Point",
        "coordinates": [
          747.4681836163628,
          -650.9377807352997
        ]
      },
      "properties": {
        "Q_m": 137.6487868473519,
        "eta": 0.05,
        "kind": "sample"
      }
    },
    {
      "type": "Feature",
      "geometry": {
        "type": "Point",
        "coordinates": [
          747.4681836163628,
          650.9377807352996
        ]
      },
      "properties": {
        "Q_m": 137.64878684735294,
        "eta": 0.05,
        "kind": "sample"
      }
    },
    {
      "type": "Feature",
      "geometry": {
        "type": "Point",
        "coordinates": [
          854.2493527044146,
          -515.8374866204261
        ]
      },
      "properties": {
        "Q_m": 137.74646496071549,
        "eta": 0.05,
        "kind": "sample"
      }
    },
    {
      "type": "Feature",
      "geometry": {
        "type": "Point",
        "coordinates": [
          854.2493527044146,
          515.8374866204263
        ]
      },
      "properties": {
        "Q_m": 137.74646496071568,
        "eta": 0.05,
        "kind": "sample"
      }
    },
    {
      "type": "Feature",
      "geometry": {
        "type": "Point",
        "coordinates": [
          769.4525419580204,
          -620.2331684364649
        ]
      },
      "properties": {
        "Q_m": 137.7821868603247,
        "eta": 0.05,
        "kind": "sample"
      }
    },
    {
      "type": "Feature",
      "geometry": {
        "type": "Point",
        "coordinates": [
          769.4525419580204,
          620.2331684364648
        ]
      },
      "properties": {
        "Q_m": 137.78218686032514,
        "eta": 0.05,
        "kind": "sample"
      }
    },
    {
      "type": "Feature",
      "geometry": {
        "type": "Point",
        "coordinates": [
          822.8431265020464,
          552.683021379028
        ]
      },
      "properties": {
        "Q_m": 137.78469551250268,
        "eta": 0.05,
        "kind": "sample"
      }
    },
    {
      "type": "Feature",
      "geometry": {
        "type": "Point",
        "coordinates": [
          822.8431265020464,
          -552.6830213790281
        ]
      },
      "properties": {
        "Q_m": 137.7846955125029,
        "eta": 0.05,
        "kind": "sample"
      }
    },
    {
      "type": "Feature",
      "geometry": {
        "type": "Point",
        "coordinates": [
          862.1009092550067,
          -506.6261029307757
        ]
      },
      "properties": {
        "Q_m": 137.7889348237903,
        "eta": 0.05,
        "kind": "sample"
      }
    },
    {
      "type": "Feature",
      "geometry": {
        "type": "Point",
        "coordinates": [
          862.1009092550067,
          506.6261029307758
        ]
      },
      "properties": {
        "Q_m": 137.78893482379115,
        "eta": 0.05,
        "kind": "sample"
      }
    },
    {
      "type": "Feature",
      "geometry": {
        "type": "Point",
        "coordinates": [
          703.4994669330474,
          -712.3470053329695
        ]
      },
      "properties": {
        "Q_m": 137.8478815974433,
        "eta": 0.05,
        "kind": "sample"
      }
    },
    {
      "type": "Feature",
      "geometry": {
        "type": "Point",
        "coordinates": [
          703.4994669330474,
          712.3470053329695
        ]
      },
      "properties": {
        "Q_m": 137.84788159744352,
        "eta": 0.05,
        "kind": "sample"
      }
    },
    {
      "type": "Feature",
      "geometry": {
        "type": "Point",
        "coordinates": [
          728.6244478949419,
          -675.5014705743677
        ]
      },
      "properties": {
        "Q_m": 137.87580110300883,
        "eta": 0.05,
        "kind": "sample"
      }
    },
    {
      "type": "Feature",
      "geometry": {
        "type": "Point",
        "coordinates": [
          728.6244478949419,
          675.5014705743677
        ]
      },
      "properties": {
        "Q_m": 137.87580110300988,
        "eta": 0.05,
        "kind": "sample"
      }
    },
    {
      "type": "Feature",
      "geometry": {
        "type": "Point",
        "coordinates": [
          807.1400134008622,
          571.1057887583289
        ]
      },
      "properties": {
        "Q_m": 137.91356736146003,
        "eta": 0.05,
        "kind": "sample"
      }
    },
    {
      "type": "Feature",
      "geometry": {
        "type": "Point",
        "coordinates": [
          807.1400134008622,
          -571.105788758329
        ]
      },
      "properties": {
        "Q_m": 137.91356736146108,
        "eta": 0.05,
        "kind": "sample"
      }
    },
    {
      "type": "Feature",
      "geometry": {
        "type": "Point",
        "coordinates": [
          863.6712205651252,
          -503.5556417008922
        ]
      },
      "properties": {
        "Q_m": 138.03385687798337,
        "eta": 0.05,
        "kind": "sample"
      }
    },
    {
      "type": "Feature",
      "geometry": {
        "type": "Point",
        "coordinates": [
          863.6712205651252,
          503.5556417008923
        ]
      },
      "properties": {
        "Q_m": 138.03385687798482,
        "eta": 0.05,
        "kind": "sample"
      }
    },
    {
      "type": "Feature",
      "geometry": {
        "type": "Point",
        "coordinates": [
          772.5931645782573,
          614.0922459766978
        ]
      },
      "properties": {
        "Q_m": 138.0628566521505,
        "eta": 0.05,
        "kind": "sample"
      }
    },
    {
      "type": "Feature",
      "geometry": {
        "type": "Point",
        "coordinates": [
          772.5931645782573,
          -614.0922459766979
        ]
      },
      "properties": {
        "Q_m": 138.0628566521511,
        "eta": 0.05,
        "kind": "sample"
      }
    },
    {
      "type": "Feature",
      "geometry": {
        "type": "Point",
        "coordinates": [
          731.7650705151786,
          669.3605481146006
        ]
      },
      "properties": {
        "Q_m": 138.08252877146532,
        "eta": 0.05,
        "kind": "sample"
      }
    },
    {
      "type": "Feature",
      "geometry": {
        "type": "Point",
        "coordinates": [
          731.7650705151786,
          -669.3605481146006
        ]
      },
      "properties": {
        "Q_m": 138.08252877146552,
        "eta": 0.05,
        "kind": "sample"
      }
    },
    {
      "type": "Feature",
      "geometry": {
        "type": "Point",
        "coordinates": [
          791.4369002996782,
          -589.52855613763
        ]
      },
      "properties": {
        "Q_m": 138.10585790920294,
        "eta": 0.05,
        "kind": "sample"
      }
    },
    {
      "type": "Feature",
      "geometry": {
        "type": "Point",
        "coordinates": [
          791.4369002996782,
          589.5285561376298
        ]
      },
      "properties": {
        "Q_m": 138.10585790920356,
        "eta": 0.05,
        "kind": "sample"
      }
    },
    {
      "type": "Feature",
      "geometry": {
        "type": "Point",
        "coordinates": [
          753.7494288568364,
          638.6559358157657
        ]
      },
      "properties": {
        "Q_m": 138.13150707994515,
        "eta": 0.05,
        "kind": "sample"
      }
    },
    {
      "type": "Feature",
      "geometry": {
        "type": "Point",
        "coordinates": [
          753.7494288568364,
          -638.6559358157658
        ]
      },
      "properties": {
        "Q_m": 138.1315070799464,
        "eta": 0.05,
        "kind": "sample"
      }
    },
    {
      "type": "Feature",
      "geometry": {
        "type": "Point",
        "coordinates": [
          841.6868622234673,
          -528.1193315399601
        ]
      },
      "properties": {
        "Q_m": 138.15874338980464,
        "eta": 0.05,
        "kind": "sample"
      }
    },
    {
      "type": "Feature",
      "geometry": {
        "type": "Point",
        "coordinates": [
          841.6868622234673,
          528.1193315399602
        ]
      },
      "properties": {
        "Q_m": 138.1587433898057,
        "eta": 0.05,
        "kind": "sample"
      }
    },
    {
      "type": "Feature",
      "geometry": {
        "type": "Point",
        "coordinates": [
          709.780712173521,
          700.0651604134355
        ]
      },
      "properties": {
        "Q_m": 138.183964628607,
        "eta": 0.05,
        "kind": "sample"
      }
    },
    {
      "type": "Feature",
      "geometry": {
        "type": "Point",
        "coordinates": [
          709.780712173521,
          -700.0651604134355
        ]
      },
      "properties": {
        "Q_m": 138.1839646286076,
        "eta": 0.05,
        "kind": "sample"
      }
    },
    {
      "type": "Feature",
      "geometry": {
        "type": "Point",
        "coordinates": [
          879.3743336663092,
          -485.1328743215912
        ]
      },
      "properties": {
        "Q_m": 138.21377984673558,
        "eta": 0.05,
        "kind": "sample"
      }
    },
    {
      "type": "Feature",
      "geometry": {
        "type": "Point",
        "coordinates": [
          879.3743336663092,
          485.1328743215913
        ]
      },
      "properties": {
        "Q_m": 138.21377984673663,
        "eta": 0.05,
        "kind": "sample"
      }
    },
    {
      "type": "Feature",
      "geometry": {
        "type": "Point",
        "coordinates": [
          857.3899753246515,
          509.69656416065925
        ]
      },
      "properties": {
        "Q_m": 138.21949154342235,
        "eta": 0.05,
        "kind": "sample"
      }
    },
    {
      "type": "Feature",
      "geometry": {
        "type": "Point",
        "coordinates": [
          857.3899753246515,
          -509.69656416065914
        ]
      },
      "properties": {
        "Q_m": 138.2194915434232,
        "eta": 0.05,
        "kind": "sample"
      }
    },
    {
      "type": "Feature",
      "geometry": {
        "type": "Point",
        "coordinates": [
          810.2806360210991,
          564.9648662985619
        ]
      },
      "properties": {
        "Q_m": 138.27624226576728,
        "eta": 0.05,
        "kind": "sample"
      }
    },
    {
      "type": "Feature",
      "geometry": {
        "type": "Point",
        "coordinates": [
          810.2806360210991,
          -564.964866298562
        ]
      },
      "properties": {
        "Q_m": 138.27624226576813,
        "eta": 0.05,
        "kind": "sample"
      }
    },
    {
      "type": "Feature",
      "geometry": {
        "type": "Point",
        "coordinates": [
          734.9056931354155,
          -663.2196256548336
        ]
      },
      "properties": {
        "Q_m": 138.29860499190835,
        "eta": 0.05,
        "kind": "sample"
      }
    },
    {
      "type": "Feature",
      "geometry": {
        "type": "Point",
        "coordinates": [
          734.9056931354155,
          663.2196256548336
        ]
      },
      "properties": {
        "Q_m": 138.2986049919094,
        "eta": 0.05,
        "kind": "sample"
      }
    },
    {
      "type": "Feature",
      "geometry": {
        "type": "Point",
        "coordinates": [
          873.0930884258355,
          491.2737967813583
        ]
      },
      "properties": {
        "Q_m": 138.37289780702153,
        "eta": 0.05,
        "kind": "sample"
      }
    },
    {
      "type": "Feature",
      "geometry": {
        "type": "Point",
        "coordinates": [
          873.0930884258355,
          -491.2737967813582
        ]
      },
      "properties": {
        "Q_m": 138.37289780702173,
        "eta": 0.05,
        "kind": "sample"
      }
    },
    {
      "type": "Feature",
      "geometry": {
        "type": "Point",
        "coordinates": [
          716.0619574139946,
          -687.7833154939016
        ]
      },
      "properties": {
        "Q_m": 138.55298539714175,
        "eta": 0.05,
        "kind": "sample"
      }
    },
    {
      "type": "Feature",
      "geometry": {
        "type": "Point",
        "coordinates": [
          716.0619574139946,
          687.7833154939016
        ]
      },
      "properties": {
        "Q_m": 138.552985397143,
        "eta": 0.05,
        "kind": "sample"
      }
    },
    {
      "type": "Feature",
      "geometry": {
        "type": "Point",
        "coordinates": [
          690.9369764521001,
          -724.6288502525034
        ]
      },
      "properties": {
        "Q_m": 138.56462158510783,
        "eta": 0.05,
        "kind": "sample"
      }
    },
    {
      "type": "Feature",
      "geometry": {
        "type": "Point",
        "coordinates": [
          690.9369764521001,
          724.6288502525035
        ]
      },
      "properties": {
        "Q_m": 138.56462158510826,
        "eta": 0.05,
        "kind": "sample"
      }
    },
    {
      "type": "Feature",
      "geometry": {
        "type": "Point",
        "coordinates": [
          829.12437174252,
          540.4011764594941
        ]
      },
      "properties": {
        "Q_m": 138.59290273825042,
        "eta": 0.05,
        "kind": "sample"
      }
    },
    {
      "type": "Feature",
      "geometry": {
        "type": "Point",
        "coordinates": [
          829.12437174252,
          -540.4011764594941
        ]
      },
      "properties": {
        "Q_m": 138.59290273825064,
        "eta": 0.05,
        "kind": "sample"
      }
    },
    {
      "type": "Feature",
      "geometry": {
        "type": "Point",
        "coordinates": [
          844.827484843704,
          521.9784090801932
        ]
      },
      "properties": {
        "Q_m": 138.60931582846032,
        "eta": 0.05,
        "kind": "sample"
      }
    },
    {
      "type": "Feature",
      "geometry": {
        "type": "Point",
        "coordinates": [
          844.827484843704,
          -521.9784090801932
        ]
      },
      "properties": {
        "Q_m": 138.60931582846078,
        "eta": 0.05,
        "kind": "sample"
      }
    },
    {
      "type": "Feature",
      "geometry": {
        "type": "Point",
        "coordinates": [
          874.6633997359539,
          488.2033355514748
        ]
      },
      "properties": {
        "Q_m": 138.64020863580907,
        "eta": 0.05,
        "kind": "sample"
      }
    },
    {
      "type": "Feature",
      "geometry": {
        "type": "Point",
        "coordinates": [
          874.6633997359539,
          -488.2033355514747
        ]
      },
      "properties": {
        "Q_m": 138.64020863580953,
        "eta": 0.05,
        "kind": "sample"
      }
    },
    {
      "type": "Feature",
      "geometry": {
        "type": "Point",
        "coordinates": [
          760.0306740973101,
          626.3740908962318
        ]
      },
      "properties": {
        "Q_m": 138.6570201532128,
        "eta": 0.05,
        "kind": "sample"
      }
    },
    {
      "type": "Feature",
      "geometry": {
        "type": "Point",
        "coordinates": [
          760.0306740973101,
          -626.3740908962318
        ]
      },
      "properties": {
        "Q_m": 138.65702015321367,
        "eta": 0.05,
        "kind": "sample"
      }
    },
    {
      "type": "Feature",
      "geometry": {
        "type": "Point",
        "coordinates": [
          860.5305979448883,
          503.5556417008923
        ]
      },
      "properties": {
        "Q_m": 138.71247534822663,
        "eta": 0.05,
        "kind": "sample"
      }
    },
    {
      "type": "Feature",
      "geometry": {
        "type": "Point",
        "coordinates": [
          860.5305979448883,
          -503.5556417008922
        ]
      },
      "properties": {
        "Q_m": 138.71247534822746,
        "eta": 0.05,
        "kind": "sample"
      }
    },
    {
      "type": "Feature",
      "geometry": {
        "type": "Point",
        "coordinates": [
          876.2337110460724,
          -485.1328743215912
        ]
      },
      "properties": {
        "Q_m": 138.9131610339036,
        "eta": 0.05,
        "kind": "sample"
      }
    },
    {
      "type": "Feature",
      "geometry": {
        "type": "Point",
        "coordinates": [
          876.2337110460724,
          485.1328743215913
        ]
      },
      "properties": {
        "Q_m": 138.9131610339038,
        "eta": 0.05,
        "kind": "sample"
      }
    },
    {
      "type": "Feature",
      "geometry": {
        "type": "Point",
        "coordinates": [
          847.9681074639409,
          515.8374866204263
        ]
      },
      "properties": {
        "Q_m": 139.0787283413226,
        "eta": 0.05,
        "kind": "sample"
      }
    },
    {
      "type": "Feature",
      "geometry": {
        "type": "Point",
        "coordinates": [
          847.9681074639409,
          -515.8374866204261
        ]
      },
      "properties": {
        "Q_m": 139.07872834132345,
        "eta": 0.05,
        "kind": "sample"
      }
    },
    {
      "type": "Feature",
      "geometry": {
        "type": "Point",
        "coordinates": [
          877.8040223561908,
          482.06241309170787
        ]
      },
      "properties": {
        "Q_m": 139.19187761557976,
        "eta": 0.05,
        "kind": "sample"
      }
    },
    {
      "type": "Feature",
      "geometry": {
        "type": "Point",
        "coordinates": [
          877.8040223561908,
          -482.06241309170775
        ]
      },
      "properties": {
        "Q_m": 139.1918776155806,
        "eta": 0.05,
        "kind": "sample"
      }
    },
    {
      "type": "Feature",
      "geometry": {
        "type": "Point",
        "coordinates": [
          863.6712205651252,
          497.41471924112534
        ]
      },
      "properties": {
        "Q_m": 139.22625480676328,
        "eta": 0.05,
        "kind": "sample"
      }
    },
    {
      "type": "Feature",
      "geometry": {
        "type": "Point",
        "coordinates": [
          863.6712205651252,
          -497.4147192411252
        ]
      },
      "properties": {
        "Q_m": 139.2262548067639,
        "eta": 0.05,
        "kind": "sample"
      }
    },
    {
      "type": "Feature",
      "geometry": {
        "type": "Point",
        "coordinates": [
          766.3119193377837,
          614.0922459766978
        ]
      },
      "properties": {
        "Q_m": 139.22817915576366,
        "eta": 0.05,
        "kind": "sample"
      }
    },
    {
      "type": "Feature",
      "geometry": {
        "type": "Point",
        "coordinates": [
          766.3119193377837,
          -614.0922459766979
        ]
      },
      "properties": {
        "Q_m": 139.22817915576513,
        "eta": 0.05,
        "kind": "sample"
      }
    },
    {
      "type": "Feature",
      "geometry": {
        "type": "Point",
        "coordinates": [
          678.3744859711528,
          -736.9106951720373
        ]
      },
      "properties": {
        "Q_m": 139.2869345092132,
        "eta": 0.05,
        "kind": "sample"
      }
    },
    {
      "type": "Feature",
      "geometry": {
        "type": "Point",
        "coordinates": [
          678.3744859711528,
          736.9106951720374
        ]
      },
      "properties": {
        "Q_m": 139.28693450921403,
        "eta": 0.05,
        "kind": "sample"
      }
    },
    {
      "type": "Feature",
      "geometry": {
        "type": "Point",
        "coordinates": [
          728.6244478949419,
          663.2196256548336
        ]
      },
      "properties": {
        "Q_m": 139.39790677284606,
        "eta": 0.05,
        "kind": "sample"
      }
    },
    {
      "type": "Feature",
      "geometry": {
        "type": "Point",
        "coordinates": [
          728.6244478949419,
          -663.2196256548336
        ]
      },
      "properties": {
        "Q_m": 139.3979067728467,
        "eta": 0.05,
        "kind": "sample"
      }
    },
    {
      "type": "Feature",
      "geometry": {
        "type": "Point",
        "coordinates": [
          681.5151085913897,
          -730.7697727122704
        ]
      },
      "properties": {
        "Q_m": 139.43600373157233,
        "eta": 0.05,
        "kind": "sample"
      }
    },
    {
      "type": "Feature",
      "geometry": {
        "type": "Point",
        "coordinates": [
          681.5151085913897,
          730.7697727122704
        ]
      },
      "properties": {
        "Q_m": 139.43600373157315,
        "eta": 0.05,
        "kind": "sample"
      }
    },
    {
      "type": "Feature",
      "geometry": {
        "type": "Point",
        "coordinates": [
          835.4056169829937,
          -528.1193315399601
        ]
      },
      "properties": {
        "Q_m": 139.469708319799,
        "eta": 0.05,
        "kind": "sample"
      }
    },
    {
      "type": "Feature",
      "geometry": {
        "type": "Point",
        "coordinates": [
          835.4056169829937,
          528.1193315399602
        ]
      },
      "properties": {
        "Q_m": 139.46970831980005,
        "eta": 0.05,
        "kind": "sample"
      }
    },
    {
      "type": "Feature",
      "geometry": {
        "type": "Point",
        "coordinates": [
          879.3743336663092,
          478.99195186182436
        ]
      },
      "properties": {
        "Q_m": 139.47648455070484,
        "eta": 0.05,
        "kind": "sample"
      }
    },
    {
      "type": "Feature",
      "geometry": {
        "type": "Point",
        "coordinates": [
          879.3743336663092,
          -478.99195186182425
        ]
      },
      "properties": {
        "Q_m": 139.4764845507063,
        "eta": 0.05,
        "kind": "sample"
      }
    },
    {
      "type": "Feature",
      "geometry": {
        "type": "Point",
        "coordinates": [
          803.9993907806255,
          -564.964866298562
        ]
      },
      "properties": {
        "Q_m": 139.52096772604074,
        "eta": 0.05,
        "kind": "sample"
      }
    },
    {
      "type": "Feature",
      "geometry": {
        "type": "Point",
        "coordinates": [
          803.9993907806255,
          564.9648662985619
        ]
      },
      "properties": {
        "Q_m": 139.5209677260411,
        "eta": 0.05,
        "kind": "sample"
      }
    },
    {
      "type": "Feature",
      "geometry": {
        "type": "Point",
        "coordinates": [
          670.5229294205607,
          -746.1220788616879
        ]
      },
      "properties": {
        "Q_m": 139.58002840282333,
        "eta": 0.05,
        "kind": "sample"
      }
    },
    {
      "type": "Feature",
      "geometry": {
        "type": "Point",
        "coordinates": [
          670.5229294205607,
          746.1220788616879
        ]
      },
      "properties": {
        "Q_m": 139.58002840282396,
        "eta": 0.05,
        "kind": "sample"
      }
    },
    {
      "type": "Feature",
      "geometry": {
        "type": "Point",
        "coordinates": [
          684.6557312116265,
          -724.6288502525034
        ]
      },
      "properties": {
        "Q_m": 139.59251793950835,
        "eta": 0.05,
        "kind": "sample"
      }
    },
    {
      "type": "Feature",
      "geometry": {
        "type": "Point",
        "coordinates": [
          684.6557312116265,
          724.6288502525035
        ]
      },
      "properties": {
        "Q_m": 139.5925179395092,
        "eta": 0.05,
        "kind": "sample"
      }
    },
    {
      "type": "Feature",
      "geometry": {
        "type": "Point",
        "coordinates": [
          873.0930884258355,
          485.1328743215913
        ]
      },
      "properties": {
        "Q_m": 139.61516638745465,
        "eta": 0.05,
        "kind": "sample"
      }
    },
    {
      "type": "Feature",
      "geometry": {
        "type": "Point",
        "coordinates": [
          873.0930884258355,
          -485.1328743215912
        ]
      },
      "properties": {
        "Q_m": 139.6151663874557,
        "eta": 0.05,
        "kind": "sample"
      }
    },
    {
      "type": "Feature",
      "geometry": {
        "type": "Point",
        "coordinates": [
          672.0932407306791,
          -743.0516176318043
        ]
      },
      "properties": {
        "Q_m": 139.65010158586716,
        "eta": 0.05,
        "kind": "sample"
      }
    },
    {
      "type": "Feature",
      "geometry": {
        "type": "Point",
        "coordinates": [
          672.0932407306791,
          743.0516176318044
        ]
      },
      "properties": {
        "Q_m": 139.6501015858682,
        "eta": 0.05,
        "kind": "sample"
      }
    },
    {
      "type": "Feature",
      "geometry": {
        "type": "Point",
        "coordinates": [
          687.7963538318634,
          -718.4879277927364
        ]
      },
      "properties": {
        "Q_m": 139.75668587825567,
        "eta": 0.05,
        "kind": "sample"
      }
    },
    {
      "type": "Feature",
      "geometry": {
        "type": "Point",
        "coordinates": [
          687.7963538318634,
          718.4879277927365
        ]
      },
      "properties": {
        "Q_m": 139.75668587825606,
        "eta": 0.05,
        "kind": "sample"
      }
    },
    {
      "type": "Feature",
      "geometry": {
        "type": "Point",
        "coordinates": [
          866.8118431853619,
          491.2737967813583
        ]
      },
      "properties": {
        "Q_m": 139.7617157057959,
        "eta": 0.05,
        "kind": "sample"
      }
    },
    {
      "type": "Feature",
      "geometry": {
        "type": "Point",
        "coordinates": [
          866.8118431853619,
          -491.2737967813582
        ]
      },
      "properties": {
        "Q_m": 139.76171570579714,
        "eta": 0.05,
        "kind": "sample"
      }
    },
    {
      "type": "Feature",
      "geometry": {
        "type": "Point",
        "coordinates": [
          772.5931645782573,
          601.8104010571637
        ]
      },
      "properties": {
        "Q_m": 139.84809688814627,
        "eta": 0.05,
        "kind": "sample"
      }
    },
    {
      "type": "Feature",
      "geometry": {
        "type": "Point",
        "coordinates": [
          772.5931645782573,
          -601.810401057164
        ]
      },
      "properties": {
        "Q_m": 139.8480968881467,
        "eta": 0.05,
        "kind": "sample"
      }
    },
    {
      "type": "Feature",
      "geometry": {
        "type": "Point",
        "coordinates": [
          734.9056931354155,
          -650.9377807352997
        ]
      },
      "properties": {
        "Q_m": 139.87826298312453,
        "eta": 0.05,
        "kind": "sample"
      }
    },
    {
      "type": "Feature",
      "geometry": {
        "type": "Point",
        "coordinates": [
          734.9056931354155,
          650.9377807352996
        ]
      },
      "properties": {
        "Q_m": 139.8782629831247,
        "eta": 0.05,
        "kind": "sample"
      }
    },
    {
      "type": "Feature",
      "geometry": {
        "type": "Point",
        "coordinates": [
          874.6633997359539,
          482.06241309170787
        ]
      },
      "properties": {
        "Q_m": 139.89842792841242,
        "eta": 0.05,
        "kind": "sample"
      }
    },
    {
      "type": "Feature",
      "geometry": {
        "type": "Point",
        "coordinates": [
          874.6633997359539,
          -482.06241309170775
        ]
      },
      "properties": {
        "Q_m": 139.89842792841324,
        "eta": 0.05,
        "kind": "sample"
      }
    },
    {
      "type": "Feature",
      "geometry": {
        "type": "Point",
        "coordinates": [
          690.9369764521001,
          712.3470053329695
        ]
      },
      "properties": {
        "Q_m": 139.9287242267001,
        "eta": 0.05,
        "kind": "sample"
      }
    },
    {
      "type": "Feature",
      "geometry": {
        "type": "Point",
        "coordinates": [
          690.9369764521001,
          -712.3470053329695
        ]
      },
      "properties": {
        "Q_m": 139.92872422670135,
        "eta": 0.05,
        "kind": "sample"
      }
    },
    {
      "type": "Feature",
      "geometry": {
        "type": "Point",
        "coordinates": [
          665.8119954902055,
          749.1925400915713
        ]
      },
      "properties": {
        "Q_m": 140.01456888575143,
        "eta": 0.05,
        "kind": "sample"
      }
    },
    {
      "type": "Feature",
      "geometry": {
        "type": "Point",
        "coordinates": [
          665.8119954902055,
          -749.1925400915713
        ]
      },
      "properties": {
        "Q_m": 140.01456888575248,
        "eta": 0.05,
        "kind": "sample"
      }
    },
    {
      "type": "Feature",
      "geometry": {
        "type": "Point",
        "coordinates": [
          854.2493527044146,
          503.5556417008923
        ]
      },
      "properties": {
        "Q_m": 140.07719883952987,
        "eta": 0.05,
        "kind": "sample"
      }
    },
    {
      "type": "Feature",
      "geometry": {
        "type": "Point",
        "coordinates": [
          854.2493527044146,
          -503.5556417008922
        ]
      },
      "properties": {
        "Q_m": 140.07719883953052,
        "eta": 0.05,
        "kind": "sample"
      }
    },
    {
      "type": "Feature",
      "geometry": {
        "type": "Point",
        "coordinates": [
          667.3823068003239,
          746.1220788616879
        ]
      },
      "properties": {
        "Q_m": 140.08469257155193,
        "eta": 0.05,
        "kind": "sample"
      }
    },
    {
      "type": "Feature",
      "geometry": {
        "type": "Point",
        "coordinates": [
          667.3823068003239,
          -746.1220788616879
        ]
      },
      "properties": {
        "Q_m": 140.08469257155278,
        "eta": 0.05,
        "kind": "sample"
      }
    },
    {
      "type": "Feature",
      "geometry": {
        "type": "Point",
        "coordinates": [
          668.9526181104422,
          743.0516176318044
        ]
      },
      "properties": {
        "Q_m": 140.1565896896395,
        "eta": 0.05,
        "kind": "sample"
      }
    },
    {
      "type": "Feature",
      "geometry": {
        "type": "Point",
        "coordinates": [
          668.9526181104422,
          -743.0516176318043
        ]
      },
      "properties": {
        "Q_m": 140.15658968964055,
        "eta": 0.05,
        "kind": "sample"
      }
    },
    {
      "type": "Feature",
      "geometry": {
        "type": "Point",
        "coordinates": [
          876.2337110460724,
          -478.99195186182425
        ]
      },
      "properties": {
        "Q_m": 140.1876497341908,
        "eta": 0.05,
        "kind": "sample"
      }
    },
    {
      "type": "Feature",
      "geometry": {
        "type": "Point",
        "coordinates": [
          876.2337110460724,
          478.99195186182436
        ]
      },
      "properties": {
        "Q_m": 140.18764973419167,
        "eta": 0.05,
        "kind": "sample"
      }
    },
    {
      "type": "Feature",
      "geometry": {
        "type": "Point",
        "coordinates": [
          670.5229294205607,
          -739.9811564019208
        ]
      },
      "properties": {
        "Q_m": 140.23028431411896,
        "eta": 0.05,
        "kind": "sample"
      }
    },
    {
      "type": "Feature",
      "geometry": {
        "type": "Point",
        "coordinates": [
          670.5229294205607,
          739.981156401921
        ]
      },
      "properties": {
        "Q_m": 140.2302843141196,
        "eta": 0.05,
        "kind": "sample"
      }
    },
    {
      "type": "Feature",
      "geometry": {
        "type": "Point",
        "coordinates": [
          697.2182216925737,
          -700.0651604134355
        ]
      },
      "properties": {
        "Q_m": 140.2973208258764,
        "eta": 0.05,
        "kind": "sample"
      }
    },
    {
      "type": "Feature",
      "geometry": {
        "type": "Point",
        "coordinates": [
          697.2182216925737,
          700.0651604134355
        ]
      },
      "properties": {
        "Q_m": 140.29732082587765,
        "eta": 0.05,
        "kind": "sample"
      }
    },
    {
      "type": "Feature",
      "geometry": {
        "type": "Point",
        "coordinates": [
          672.0932407306791,
          736.9106951720374
        ]
      },
      "properties": {
        "Q_m": 140.30580096027407,
        "eta": 0.05,
        "kind": "sample"
      }
    },
    {
      "type": "Feature",
      "geometry": {
        "type": "Point",
        "coordinates": [
          672.0932407306791,
          -736.9106951720373
        ]
      },
      "properties": {
        "Q_m": 140.30580096027472,
        "eta": 0.05,
        "kind": "sample"
      }
    },
    {
      "type": "Feature",
      "geometry": {
        "type": "Point",
        "coordinates": [
          810.2806360210991,
          -552.6830213790281
        ]
      },
      "properties": {
        "Q_m": 140.31898566559016,
        "eta": 0.05,
        "kind": "sample"
      }
    },
    {
      "type": "Feature",
      "geometry": {
        "type": "Point",
        "coordinates": [
          810.2806360210991,
          552.683021379028
        ]
      },
      "properties": {
        "Q_m": 140.31898566559056,
        "eta": 0.05,
        "kind": "sample"
      }
    },
    {
      "type": "Feature",
      "geometry": {
        "type": "Point",
        "coordinates": [
          869.9524658055986,
          -485.1328743215912
        ]
      },
      "properties": {
        "Q_m": 140.31979454575756,
        "eta": 0.05,
        "kind": "sample"
      }
    },
    {
      "type": "Feature",
      "geometry": {
        "type": "Point",
        "coordinates": [
          869.9524658055986,
          485.1328743215913
        ]
      },
      "properties": {
        "Q_m": 140.3197945457582,
        "eta": 0.05,
        "kind": "sample"
      }
    },
    {
      "type": "Feature",
      "geometry": {
        "type": "Point",
        "coordinates": [
          741.1869383758892,
          -638.6559358157658
        ]
      },
      "properties": {
        "Q_m": 140.40050396857467,
        "eta": 0.05,
        "kind": "sample"
      }
    },
    {
      "type": "Feature",
      "geometry": {
        "type": "Point",
        "coordinates": [
          741.1869383758892,
          638.6559358157657
        ]
      },
      "properties": {
        "Q_m": 140.40050396857592,
        "eta": 0.05,
        "kind": "sample"
      }
    },
    {
      "type": "Feature",
      "geometry": {
        "type": "Point",
        "coordinates": [
          841.6868622234673,
          -515.8374866204261
        ]
      },
      "properties": {
        "Q_m": 140.42065508249172,
        "eta": 0.05,
        "kind": "sample"
      }
    },
    {
      "type": "Feature",
      "geometry": {
        "type": "Point",
        "coordinates": [
          841.6868622234673,
          515.8374866204263
        ]
      },
      "properties": {
        "Q_m": 140.42065508249277,
        "eta": 0.05,
        "kind": "sample"
      }
    },
    {
      "type": "Feature",
      "geometry": {
        "type": "Point",
        "coordinates": [
          778.874409818731,
          -589.52855613763
        ]
      },
      "properties": {
        "Q_m": 140.52017582998445,
        "eta": 0.05,
        "kind": "sample"
      }
    },
    {
      "type": "Feature",
      "geometry": {
        "type": "Point",
        "coordinates": [
          778.874409818731,
          589.5285561376298
        ]
      },
      "properties": {
        "Q_m": 140.52017582998508,
        "eta": 0.05,
        "kind": "sample"
      }
    },
    {
      "type": "Feature",
      "geometry": {
        "type": "Point",
        "coordinates": [
          857.3899753246515,
          497.41471924112534
        ]
      },
      "properties": {
        "Q_m": 140.60792836543717,
        "eta": 0.05,
        "kind": "sample"
      }
    },
    {
      "type": "Feature",
      "geometry": {
        "type": "Point",
        "coordinates": [
          857.3899753246515,
          -497.4147192411252
        ]
      },
      "properties": {
        "Q_m": 140.60792836543823,
        "eta": 0.05,
        "kind": "sample"
      }
    },
    {
      "type": "Feature",
      "geometry": {
        "type": "Point",
        "coordinates": [
          678.3744859711528,
          -724.6288502525034
        ]
      },
      "properties": {
        "Q_m": 140.62659408160445,
        "eta": 0.05,
        "kind": "sample"
      }
    },
    {
      "type": "Feature",
      "geometry": {
        "type": "Point",
        "coordinates": [
          678.3744859711528,
          724.6288502525035
        ]
      },
      "properties": {
        "Q_m": 140.62659408160465,
        "eta": 0.05,
        "kind": "sample"
      }
    },
    {
      "type": "Feature",
      "geometry": {
        "type": "Point",
        "coordinates": [
          665.8119954902055,
          743.0516176318044
        ]
      },
      "properties": {
        "Q_m": 140.6645731664344,
        "eta": 0.05,
        "kind": "sample"
      }
    },
    {
      "type": "Feature",
      "geometry": {
        "type": "Point",
        "coordinates": [
          665.8119954902055,
          -743.0516176318043
        ]
      },
      "properties": {
        "Q_m": 140.66457316643545,
        "eta": 0.05,
        "kind": "sample"
      }
    },
    {
      "type": "Feature",
      "geometry": {
        "type": "Point",
        "coordinates": [
          703.4994669330474,
          -687.7833154939016
        ]
      },
      "properties": {
        "Q_m": 140.70021475668636,
        "eta": 0.05,
        "kind": "sample"
      }
    },
    {
      "type": "Feature",
      "geometry": {
        "type": "Point",
        "coordinates": [
          703.4994669330474,
          687.7833154939016
        ]
      },
      "properties": {
        "Q_m": 140.70021475668742,
        "eta": 0.05,
        "kind": "sample"
      }
    },
    {
      "type": "Feature",
      "geometry": {
        "type": "Point",
        "coordinates": [
          667.3823068003239,
          739.981156401921
        ]
      },
      "properties": {
        "Q_m": 140.74011730860343,
        "eta": 0.05,
        "kind": "sample"
      }
    },
    {
      "type": "Feature",
      "geometry": {
        "type": "Point",
        "coordinates": [
          667.3823068003239,
          -739.9811564019208
        ]
      },
      "properties": {
        "Q_m": 140.74011730860406,
        "eta": 0.05,
        "kind": "sample"
      }
    },
    {
      "type": "Feature",
      "geometry": {
        "type": "Polygon",
        "coordinates": [
          [
            [
              725.4838252747052,
              -690.8537767237851
            ],
            [
              727.0541365848235,
              -690.8537767237851
            ],
            [
              727.0541365848235,
              -687.7833154939016
            ],
            [
              725.4838252747052,
              -687.7833154939016
            ],
            [
              725.4838252747052,
              -690.8537767237851
            ]
          ]
        ]
      },
      "properties": {
        "eta": 0.05,
        "kind": "inside_cell",
        "depth": 5,
        "approximate_area_m2": 4.821579996565945
      }
    },
    {
      "type": "Feature",
      "geometry": {
        "type": "Polygon",
        "coordinates": [
          [
            [
              728.6244478949419,
              -687.7833154939016
            ],
            [
              730.1947592050603,
              -687.7833154939016
            ],
            [
              730.1947592050603,
              -684.712854264018
            ],
            [
              728.6244478949419,
              -684.712854264018
            ],
            [
              728.6244478949419,
              -687.7833154939016
            ]
          ]
        ]
      },
      "properties": {
        "eta": 0.05,
        "kind": "inside_cell",
        "depth": 5,
        "approximate_area_m2": 4.821579996566294
      }
    },
    {
      "type": "Feature",
      "geometry": {
        "type": "Polygon",
        "coordinates": [
          [
            [
              730.1947592050603,
              -684.712854264018
            ],
            [
              731.7650705151786,
              -684.712854264018
            ],
            [
              731.7650705151786,
              -681.6423930341346
            ],
            [
              730.1947592050603,
              -681.6423930341346
            ],
            [
              730.1947592050603,
              -684.712854264018
            ]
          ]
        ]
      },
      "properties": {
        "eta": 0.05,
        "kind": "inside_cell",
        "depth": 5,
        "approximate_area_m2": 4.821579996565767
      }
    },
    {
      "type": "Feature",
      "geometry": {
        "type": "Polygon",
        "coordinates": [
          [
            [
              728.6244478949419,
              -684.712854264018
            ],
            [
              730.1947592050603,
              -684.712854264018
            ],
            [
              730.1947592050603,
              -681.6423930341346
            ],
            [
              728.6244478949419,
              -681.6423930341346
            ],
            [
              728.6244478949419,
              -684.712854264018
            ]
          ]
        ]
      },
      "properties": {
        "eta": 0.05,
        "kind": "inside_cell",
        "depth": 5,
        "approximate_area_m2": 4.821579996566116
      }
    },
    {
      "type": "Feature",
      "geometry": {
        "type": "Polygon",
        "coordinates": [
          [
            [
              731.7650705151786,
              -681.6423930341346
            ],
            [
              734.9056931354155,
              -681.6423930341346
            ],
            [
              734.9056931354155,
              -675.5014705743677
            ],
            [
              731.7650705151786,
              -675.5014705743677
            ],
            [
              731.7650705151786,
              -681.6423930341346
            ]
          ]
        ]
      },
      "properties": {
        "eta": 0.05,
        "kind": "inside_cell",
        "depth": 4,
        "approximate_area_m2": 19.286319986264463
      }
    },
    {
      "type": "Feature",
      "geometry": {
        "type": "Polygon",
        "coordinates": [
          [
            [
              728.6244478949419,
              -681.6423930341346
            ],
            [
              731.7650705151786,
              -681.6423930341346
            ],
            [
              731.7650705151786,
              -675.5014705743677
            ],
            [
              728.6244478949419,
              -675.5014705743677
            ],
            [
              728.6244478949419,
              -681.6423930341346
            ]
          ]
        ]
      },
      "properties": {
        "eta": 0.05,
        "kind": "inside_cell",
        "depth": 4,
        "approximate_area_m2": 19.286319986263766
      }
    },
    {
      "type": "Feature",
      "geometry": {
        "type": "Polygon",
        "coordinates": [
          [
            [
              734.9056931354155,
              -681.6423930341346
            ],
            [
              736.4760044455339,
              -681.6423930341346
            ],
            [
              736.4760044455339,
              -678.5719318042511
            ],
            [
              734.9056931354155,
              -678.5719318042511
            ],
            [
              734.9056931354155,
              -681.6423930341346
            ]
          ]
        ]
      },
      "properties": {
        "eta": 0.05,
        "kind": "inside_cell",
        "depth": 5,
        "approximate_area_m2": 4.821579996566116
      }
    },
    {
      "type": "Feature",
      "geometry": {
        "type": "Polygon",
        "coordinates": [
          [
            [
              736.4760044455339,
              -678.5719318042511
            ],
            [
              738.0463157556524,
              -678.5719318042511
            ],
            [
              738.0463157556524,
              -675.5014705743677
            ],
            [
              736.4760044455339,
              -675.5014705743677
            ],
            [
              736.4760044455339,
              -678.5719318042511
            ]
          ]
        ]
      },
      "properties": {
        "eta": 0.05,
        "kind": "inside_cell",
        "depth": 5,
        "approximate_area_m2": 4.821579996566116
      }
    },
    {
      "type": "Feature",
      "geometry": {
        "type": "Polygon",
        "coordinates": [
          [
            [
              734.9056931354155,
              -678.5719318042511
            ],
            [
              736.4760044455339,
              -678.5719318042511
            ],
            [
              736.4760044455339,
              -675.5014705743677
            ],
            [
              734.9056931354155,
              -675.5014705743677
            ],
            [
              734.9056931354155,
              -678.5719318042511
            ]
          ]
        ]
      },
      "properties": {
        "eta": 0.05,
        "kind": "inside_cell",
        "depth": 5,
        "approximate_area_m2": 4.821579996566116
      }
    },
    {
      "type": "Feature",
      "geometry": {
        "type": "Polygon",
        "coordinates": [
          [
            [
              734.9056931354155,
              -675.5014705743677
            ],
            [
              741.1869383758892,
              -675.5014705743677
            ],
            [
              741.1869383758892,
              -663.2196256548336
            ],
            [
              734.9056931354155,
              -663.2196256548336
            ],
            [
              734.9056931354155,
              -675.5014705743677
            ]
          ]
        ]
      },
      "properties": {
        "eta": 0.05,
        "kind": "inside_cell",
        "depth": 3,
        "approximate_area_m2": 77.14527994505929
      }
    },
    {
      "type": "Feature",
      "geometry": {
        "type": "Polygon",
        "coordinates": [
          [
            [
              728.6244478949419,
              -675.5014705743677
            ],
            [
              734.9056931354155,
              -675.5014705743677
            ],
            [
              734.9056931354155,
              -663.2196256548336
            ],
            [
              728.6244478949419,
              -663.2196256548336
            ],
            [
              728.6244478949419,
              -675.5014705743677
            ]
          ]
        ]
      },
      "properties": {
        "eta": 0.05,
        "kind": "inside_cell",
        "depth": 3,
        "approximate_area_m2": 77.1452799450579
      }
    },
    {
      "type": "Feature",
      "geometry": {
        "type": "Polygon",
        "coordinates": [
          [
            [
              728.6244478949419,
              663.2196256548336
            ],
            [
              734.9056931354155,
              663.2196256548336
            ],
            [
              734.9056931354155,
              675.5014705743677
            ],
            [
              728.6244478949419,
              675.5014705743677
            ],
            [
              728.6244478949419,
              663.2196256548336
            ]
          ]
        ]
      },
      "properties": {
        "eta": 0.05,
        "kind": "inside_cell",
        "depth": 3,
        "approximate_area_m2": 77.1452799450579
      }
    },
    {
      "type": "Feature",
      "geometry": {
        "type": "Polygon",
        "coordinates": [
          [
            [
              734.9056931354155,
              663.2196256548336
            ],
            [
              741.1869383758892,
              663.2196256548336
            ],
            [
              741.1869383758892,
              675.5014705743677
            ],
            [
              734.9056931354155,
              675.5014705743677
            ],
            [
              734.9056931354155,
              663.2196256548336
            ]
          ]
        ]
      },
      "properties": {
        "eta": 0.05,
        "kind": "inside_cell",
        "depth": 3,
        "approximate_area_m2": 77.14527994505929
      }
    },
    {
      "type": "Feature",
      "geometry": {
        "type": "Polygon",
        "coordinates": [
          [
            [
              734.9056931354155,
              675.5014705743677
            ],
            [
              736.4760044455339,
              675.5014705743677
            ],
            [
              736.4760044455339,
              678.5719318042511
            ],
            [
              734.9056931354155,
              678.5719318042511
            ],
            [
              734.9056931354155,
              675.5014705743677
            ]
          ]
        ]
      },
      "properties": {
        "eta": 0.05,
        "kind": "inside_cell",
        "depth": 5,
        "approximate_area_m2": 4.821579996566116
      }
    },
    {
      "type": "Feature",
      "geometry": {
        "type": "Polygon",
        "coordinates": [
          [
            [
              736.4760044455339,
              675.5014705743677
            ],
            [
              738.0463157556524,
              675.5014705743677
            ],
            [
              738.0463157556524,
              678.5719318042511
            ],
            [
              736.4760044455339,
              678.5719318042511
            ],
            [
              736.4760044455339,
              675.5014705743677
            ]
          ]
        ]
      },
      "properties": {
        "eta": 0.05,
        "kind": "inside_cell",
        "depth": 5,
        "approximate_area_m2": 4.821579996566116
      }
    },
    {
      "type": "Feature",
      "geometry": {
        "type": "Polygon",
        "coordinates": [
          [
            [
              734.9056931354155,
              678.5719318042511
            ],
            [
              736.4760044455339,
              678.5719318042511
            ],
            [
              736.4760044455339,
              681.6423930341346
            ],
            [
              734.9056931354155,
              681.6423930341346
            ],
            [
              734.9056931354155,
              678.5719318042511
            ]
          ]
        ]
      },
      "properties": {
        "eta": 0.05,
        "kind": "inside_cell",
        "depth": 5,
        "approximate_area_m2": 4.821579996566116
      }
    },
    {
      "type": "Feature",
      "geometry": {
        "type": "Polygon",
        "coordinates": [
          [
            [
              728.6244478949419,
              675.5014705743677
            ],
            [
              731.7650705151786,
              675.5014705743677
            ],
            [
              731.7650705151786,
              681.6423930341346
            ],
            [
              728.6244478949419,
              681.6423930341346
            ],
            [
              728.6244478949419,
              675.5014705743677
            ]
          ]
        ]
      },
      "properties": {
        "eta": 0.05,
        "kind": "inside_cell",
        "depth": 4,
        "approximate_area_m2": 19.286319986263766
      }
    },
    {
      "type": "Feature",
      "geometry": {
        "type": "Polygon",
        "coordinates": [
          [
            [
              731.7650705151786,
              675.5014705743677
            ],
            [
              734.9056931354155,
              675.5014705743677
            ],
            [
              734.9056931354155,
              681.6423930341346
            ],
            [
              731.7650705151786,
              681.6423930341346
            ],
            [
              731.7650705151786,
              675.5014705743677
            ]
          ]
        ]
      },
      "properties": {
        "eta": 0.05,
        "kind": "inside_cell",
        "depth": 4,
        "approximate_area_m2": 19.286319986264463
      }
    },
    {
      "type": "Feature",
      "geometry": {
        "type": "Polygon",
        "coordinates": [
          [
            [
              728.6244478949419,
              681.6423930341346
            ],
            [
              730.1947592050603,
              681.6423930341346
            ],
            [
              730.1947592050603,
              684.712854264018
            ],
            [
              728.6244478949419,
              684.712854264018
            ],
            [
              728.6244478949419,
              681.6423930341346
            ]
          ]
        ]
      },
      "properties": {
        "eta": 0.05,
        "kind": "inside_cell",
        "depth": 5,
        "approximate_area_m2": 4.821579996566116
      }
    },
    {
      "type": "Feature",
      "geometry": {
        "type": "Polygon",
        "coordinates": [
          [
            [
              730.1947592050603,
              681.6423930341346
            ],
            [
              731.7650705151786,
              681.6423930341346
            ],
            [
              731.7650705151786,
              684.712854264018
            ],
            [
              730.1947592050603,
              684.712854264018
            ],
            [
              730.1947592050603,
              681.6423930341346
            ]
          ]
        ]
      },
      "properties": {
        "eta": 0.05,
        "kind": "inside_cell",
        "depth": 5,
        "approximate_area_m2": 4.821579996565767
      }
    },
    {
      "type": "Feature",
      "geometry": {
        "type": "Polygon",
        "coordinates": [
          [
            [
              728.6244478949419,
              684.712854264018
            ],
            [
              730.1947592050603,
              684.712854264018
            ],
            [
              730.1947592050603,
              687.7833154939016
            ],
            [
              728.6244478949419,
              687.7833154939016
            ],
            [
              728.6244478949419,
              684.712854264018
            ]
          ]
        ]
      },
      "properties": {
        "eta": 0.05,
        "kind": "inside_cell",
        "depth": 5,
        "approximate_area_m2": 4.821579996566294
      }
    },
    {
      "type": "Feature",
      "geometry": {
        "type": "Polygon",
        "coordinates": [
          [
            [
              725.4838252747052,
              687.7833154939016
            ],
            [
              727.0541365848235,
              687.7833154939016
            ],
            [
              727.0541365848235,
              690.8537767237851
            ],
            [
              725.4838252747052,
              690.8537767237851
            ],
            [
              725.4838252747052,
              687.7833154939016
            ]
          ]
        ]
      },
      "properties": {
        "eta": 0.05,
        "kind": "inside_cell",
        "depth": 5,
        "approximate_area_m2": 4.821579996565945
      }
    },
    {
      "type": "Feature",
      "geometry": {
        "type": "Polygon",
        "coordinates": [
          [
            [
              760.0306740973101,
              -650.9377807352997
            ],
            [
              763.171296717547,
              -650.9377807352997
            ],
            [
              763.171296717547,
              -644.7968582755327
            ],
            [
              760.0306740973101,
              -644.7968582755327
            ],
            [
              760.0306740973101,
              -650.9377807352997
            ]
          ]
        ]
      },
      "properties": {
        "eta": 0.05,
        "kind": "inside_cell",
        "depth": 4,
        "approximate_area_m2": 19.28631998626482
      }
    },
    {
      "type": "Feature",
      "geometry": {
        "type": "Polygon",
        "coordinates": [
          [
            [
              764.7416080276653,
              -647.8673195054162
            ],
            [
              766.3119193377837,
              -647.8673195054162
            ],
            [
              766.3119193377837,
              -644.7968582755327
            ],
            [
              764.7416080276653,
              -644.7968582755327
            ],
            [
              764.7416080276653,
              -647.8673195054162
            ]
          ]
        ]
      },
      "properties": {
        "eta": 0.05,
        "kind": "inside_cell",
        "depth": 5,
        "approximate_area_m2": 4.821579996566116
      }
    },
    {
      "type": "Feature",
      "geometry": {
        "type": "Polygon",
        "coordinates": [
          [
            [
              763.171296717547,
              -647.8673195054162
            ],
            [
              764.7416080276653,
              -647.8673195054162
            ],
            [
              764.7416080276653,
              -644.7968582755327
            ],
            [
              763.171296717547,
              -644.7968582755327
            ],
            [
              763.171296717547,
              -647.8673195054162
            ]
          ]
        ]
      },
      "properties": {
        "eta": 0.05,
        "kind": "inside_cell",
        "depth": 5,
        "approximate_area_m2": 4.821579996565767
      }
    },
    {
      "type": "Feature",
      "geometry": {
        "type": "Polygon",
        "coordinates": [
          [
            [
              763.171296717547,
              -644.7968582755327
            ],
            [
              766.3119193377837,
              -644.7968582755327
            ],
            [
              766.3119193377837,
              -638.6559358157658
            ],
            [
              763.171296717547,
              -638.6559358157658
            ],
            [
              763.171296717547,
              -644.7968582755327
            ]
          ]
        ]
      },
      "properties": {
        "eta": 0.05,
        "kind": "inside_cell",
        "depth": 4,
        "approximate_area_m2": 19.286319986263766
      }
    },
    {
      "type": "Feature",
      "geometry": {
        "type": "Polygon",
        "coordinates": [
          [
            [
              760.0306740973101,
              -644.7968582755327
            ],
            [
              763.171296717547,
              -644.7968582755327
            ],
            [
              763.171296717547,
              -638.6559358157658
            ],
            [
              760.0306740973101,
              -638.6559358157658
            ],
            [
              760.0306740973101,
              -644.7968582755327
            ]
          ]
        ]
      },
      "properties": {
        "eta": 0.05,
        "kind": "inside_cell",
        "depth": 4,
        "approximate_area_m2": 19.286319986264463
      }
    },
    {
      "type": "Feature",
      "geometry": {
        "type": "Polygon",
        "coordinates": [
          [
            [
              753.7494288568364,
              -650.9377807352997
            ],
            [
              760.0306740973101,
              -650.9377807352997
            ],
            [
              760.0306740973101,
              -638.6559358157658
            ],
            [
              753.7494288568364,
              -638.6559358157658
            ],
            [
              753.7494288568364,
              -650.9377807352997
            ]
          ]
        ]
      },
      "properties": {
        "eta": 0.05,
        "kind": "inside_cell",
        "depth": 3,
        "approximate_area_m2": 77.14527994505858
      }
    },
    {
      "type": "Feature",
      "geometry": {
        "type": "Polygon",
        "coordinates": [
          [
            [
              785.1556550592046,
              -623.3036296663483
            ],
            [
              786.725966369323,
              -623.3036296663483
            ],
            [
              786.725966369323,
              -620.2331684364649
            ],
            [
              785.1556550592046,
              -620.2331684364649
            ],
            [
              785.1556550592046,
              -623.3036296663483
            ]
          ]
        ]
      },
      "properties": {
        "eta": 0.05,
        "kind": "inside_cell",
        "depth": 5,
        "approximate_area_m2": 4.821579996566116
      }
    },
    {
      "type": "Feature",
      "geometry": {
        "type": "Polygon",
        "coordinates": [
          [
            [
              789.8665889895598,
              -617.1627072065814
            ],
            [
              791.4369002996782,
              -617.1627072065814
            ],
            [
              791.4369002996782,
              -614.0922459766979
            ],
            [
              789.8665889895598,
              -614.0922459766979
            ],
            [
              789.8665889895598,
              -617.1627072065814
            ]
          ]
        ]
      },
      "properties": {
        "eta": 0.05,
        "kind": "inside_cell",
        "depth": 5,
        "approximate_area_m2": 4.821579996566294
      }
    },
    {
      "type": "Feature",
      "geometry": {
        "type": "Polygon",
        "coordinates": [
          [
            [
              788.2962776794413,
              -617.1627072065814
            ],
            [
              789.8665889895598,
              -617.1627072065814
            ],
            [
              789.8665889895598,
              -614.0922459766979
            ],
            [
              788.2962776794413,
              -614.0922459766979
            ],
            [
              788.2962776794413,
              -617.1627072065814
            ]
          ]
        ]
      },
      "properties": {
        "eta": 0.05,
        "kind": "inside_cell",
        "depth": 5,
        "approximate_area_m2": 4.821579996566294
      }
    },
    {
      "type": "Feature",
      "geometry": {
        "type": "Polygon",
        "coordinates": [
          [
            [
              785.1556550592046,
              -620.2331684364649
            ],
            [
              788.2962776794413,
              -620.2331684364649
            ],
            [
              788.2962776794413,
              -614.0922459766979
            ],
            [
              785.1556550592046,
              -614.0922459766979
            ],
            [
              785.1556550592046,
              -620.2331684364649
            ]
          ]
        ]
      },
      "properties": {
        "eta": 0.05,
        "kind": "inside_cell",
        "depth": 4,
        "approximate_area_m2": 19.28631998626412
      }
    },
    {
      "type": "Feature",
      "geometry": {
        "type": "Polygon",
        "coordinates": [
          [
            [
              778.874409818731,
              -626.3740908962318
            ],
            [
              782.0150324389679,
              -626.3740908962318
            ],
            [
              782.0150324389679,
              -620.2331684364649
            ],
            [
              778.874409818731,
              -620.2331684364649
            ],
            [
              778.874409818731,
              -626.3740908962318
            ]
          ]
        ]
      },
      "properties": {
        "eta": 0.05,
        "kind": "inside_cell",
        "depth": 4,
        "approximate_area_m2": 19.286319986264463
      }
    },
    {
      "type": "Feature",
      "geometry": {
        "type": "Polygon",
        "coordinates": [
          [
            [
              782.0150324389679,
              -626.3740908962318
            ],
            [
              783.5853437490862,
              -626.3740908962318
            ],
            [
              783.5853437490862,
              -623.3036296663483
            ],
            [
              782.0150324389679,
              -623.3036296663483
            ],
            [
              782.0150324389679,
              -626.3740908962318
            ]
          ]
        ]
      },
      "properties": {
        "eta": 0.05,
        "kind": "inside_cell",
        "depth": 5,
        "approximate_area_m2": 4.821579996565767
      }
    },
    {
      "type": "Feature",
      "geometry": {
        "type": "Polygon",
        "coordinates": [
          [
            [
              783.5853437490862,
              -623.3036296663483
            ],
            [
              785.1556550592046,
              -623.3036296663483
            ],
            [
              785.1556550592046,
              -620.2331684364649
            ],
            [
              783.5853437490862,
              -620.2331684364649
            ],
            [
              783.5853437490862,
              -623.3036296663483
            ]
          ]
        ]
      },
      "properties": {
        "eta": 0.05,
        "kind": "inside_cell",
        "depth": 5,
        "approximate_area_m2": 4.821579996566116
      }
    },
    {
      "type": "Feature",
      "geometry": {
        "type": "Polygon",
        "coordinates": [
          [
            [
              782.0150324389679,
              -623.3036296663483
            ],
            [
              783.5853437490862,
              -623.3036296663483
            ],
            [
              783.5853437490862,
              -620.2331684364649
            ],
            [
              782.0150324389679,
              -620.2331684364649
            ],
            [
              782.0150324389679,
              -623.3036296663483
            ]
          ]
        ]
      },
      "properties": {
        "eta": 0.05,
        "kind": "inside_cell",
        "depth": 5,
        "approximate_area_m2": 4.821579996565767
      }
    },
    {
      "type": "Feature",
      "geometry": {
        "type": "Polygon",
        "coordinates": [
          [
            [
              782.0150324389679,
              -620.2331684364649
            ],
            [
              785.1556550592046,
              -620.2331684364649
            ],
            [
              785.1556550592046,
              -614.0922459766979
            ],
            [
              782.0150324389679,
              -614.0922459766979
            ],
            [
              782.0150324389679,
              -620.2331684364649
            ]
          ]
        ]
      },
      "properties": {
        "eta": 0.05,
        "kind": "inside_cell",
        "depth": 4,
        "approximate_area_m2": 19.28631998626412
      }
    },
    {
      "type": "Feature",
      "geometry": {
        "type": "Polygon",
        "coordinates": [
          [
            [
              778.874409818731,
              -620.2331684364649
            ],
            [
              782.0150324389679,
              -620.2331684364649
            ],
            [
              782.0150324389679,
              -614.0922459766979
            ],
            [
              778.874409818731,
              -614.0922459766979
            ],
            [
              778.874409818731,
              -620.2331684364649
            ]
          ]
        ]
      },
      "properties": {
        "eta": 0.05,
        "kind": "inside_cell",
        "depth": 4,
        "approximate_area_m2": 19.28631998626482
      }
    },
    {
      "type": "Feature",
      "geometry": {
        "type": "Polygon",
        "coordinates": [
          [
            [
              791.4369002996782,
              -614.0922459766979
            ],
            [
              793.0072116097966,
              -614.0922459766979
            ],
            [
              793.0072116097966,
              -611.0217847468143
            ],
            [
              791.4369002996782,
              -611.0217847468143
            ],
            [
              791.4369002996782,
              -614.0922459766979
            ]
          ]
        ]
      },
      "properties": {
        "eta": 0.05,
        "kind": "inside_cell",
        "depth": 5,
        "approximate_area_m2": 4.821579996566294
      }
    },
    {
      "type": "Feature",
      "geometry": {
        "type": "Polygon",
        "coordinates": [
          [
            [
              793.0072116097966,
              -611.0217847468143
            ],
            [
              794.577522919915,
              -611.0217847468143
            ],
            [
              794.577522919915,
              -607.9513235169309
            ],
            [
              793.0072116097966,
              -607.9513235169309
            ],
            [
              793.0072116097966,
              -611.0217847468143
            ]
          ]
        ]
      },
      "properties": {
        "eta": 0.05,
        "kind": "inside_cell",
        "depth": 5,
        "approximate_area_m2": 4.821579996566116
      }
    },
    {
      "type": "Feature",
      "geometry": {
        "type": "Polygon",
        "coordinates": [
          [
            [
              791.4369002996782,
              -611.0217847468143
            ],
            [
              793.0072116097966,
              -611.0217847468143
            ],
            [
              793.0072116097966,
              -607.9513235169309
            ],
            [
              791.4369002996782,
              -607.9513235169309
            ],
            [
              791.4369002996782,
              -611.0217847468143
            ]
          ]
        ]
      },
      "properties": {
        "eta": 0.05,
        "kind": "inside_cell",
        "depth": 5,
        "approximate_area_m2": 4.821579996566116
      }
    },
    {
      "type": "Feature",
      "geometry": {
        "type": "Polygon",
        "coordinates": [
          [
            [
              794.577522919915,
              -611.0217847468143
            ],
            [
              796.1478342300335,
              -611.0217847468143
            ],
            [
              796.1478342300335,
              -607.9513235169309
            ],
            [
              794.577522919915,
              -607.9513235169309
            ],
            [
              794.577522919915,
              -611.0217847468143
            ]
          ]
        ]
      },
      "properties": {
        "eta": 0.05,
        "kind": "inside_cell",
        "depth": 5,
        "approximate_area_m2": 4.821579996566116
      }
    },
    {
      "type": "Feature",
      "geometry": {
        "type": "Polygon",
        "coordinates": [
          [
            [
              794.577522919915,
              -607.9513235169309
            ],
            [
              797.7181455401519,
              -607.9513235169309
            ],
            [
              797.7181455401519,
              -601.810401057164
            ],
            [
              794.577522919915,
              -601.810401057164
            ],
            [
              794.577522919915,
              -607.9513235169309
            ]
          ]
        ]
      },
      "properties": {
        "eta": 0.05,
        "kind": "inside_cell",
        "depth": 4,
        "approximate_area_m2": 19.286319986264463
      }
    },
    {
      "type": "Feature",
      "geometry": {
        "type": "Polygon",
        "coordinates": [
          [
            [
              791.4369002996782,
              -607.9513235169309
            ],
            [
              794.577522919915,
              -607.9513235169309
            ],
            [
              794.577522919915,
              -601.810401057164
            ],
            [
              791.4369002996782,
              -601.810401057164
            ],
            [
              791.4369002996782,
              -607.9513235169309
            ]
          ]
        ]
      },
      "properties": {
        "eta": 0.05,
        "kind": "inside_cell",
        "depth": 4,
        "approximate_area_m2": 19.286319986264463
      }
    },
    {
      "type": "Feature",
      "geometry": {
        "type": "Polygon",
        "coordinates": [
          [
            [
              797.7181455401519,
              -601.810401057164
            ],
            [
              800.8587681603888,
              -601.810401057164
            ],
            [
              800.8587681603888,
              -595.669478597397
            ],
            [
              797.7181455401519,
              -595.669478597397
            ],
            [
              797.7181455401519,
              -601.810401057164
            ]
          ]
        ]
      },
      "properties": {
        "eta": 0.05,
        "kind": "inside_cell",
        "depth": 4,
        "approximate_area_m2": 19.28631998626482
      }
    },
    {
      "type": "Feature",
      "geometry": {
        "type": "Polygon",
        "coordinates": [
          [
            [
              800.8587681603888,
              -601.810401057164
            ],
            [
              802.4290794705071,
              -601.810401057164
            ],
            [
              802.4290794705071,
              -598.7399398272805
            ],
            [
              800.8587681603888,
              -598.7399398272805
            ],
            [
              800.8587681603888,
              -601.810401057164
            ]
          ]
        ]
      },
      "properties": {
        "eta": 0.05,
        "kind": "inside_cell",
        "depth": 5,
        "approximate_area_m2": 4.821579996565767
      }
    },
    {
      "type": "Feature",
      "geometry": {
        "type": "Polygon",
        "coordinates": [
          [
            [
              802.4290794705071,
              -598.7399398272805
            ],
            [
              803.9993907806255,
              -598.7399398272805
            ],
            [
              803.9993907806255,
              -595.669478597397
            ],
            [
              802.4290794705071,
              -595.669478597397
            ],
            [
              802.4290794705071,
              -598.7399398272805
            ]
          ]
        ]
      },
      "properties": {
        "eta": 0.05,
        "kind": "inside_cell",
        "depth": 5,
        "approximate_area_m2": 4.821579996566294
      }
    },
    {
      "type": "Feature",
      "geometry": {
        "type": "Polygon",
        "coordinates": [
          [
            [
              800.8587681603888,
              -598.7399398272805
            ],
            [
              802.4290794705071,
              -598.7399398272805
            ],
            [
              802.4290794705071,
              -595.669478597397
            ],
            [
              800.8587681603888,
              -595.669478597397
            ],
            [
              800.8587681603888,
              -598.7399398272805
            ]
          ]
        ]
      },
      "properties": {
        "eta": 0.05,
        "kind": "inside_cell",
        "depth": 5,
        "approximate_area_m2": 4.821579996565945
      }
    },
    {
      "type": "Feature",
      "geometry": {
        "type": "Polygon",
        "coordinates": [
          [
            [
              800.8587681603888,
              -595.669478597397
            ],
            [
              803.9993907806255,
              -595.669478597397
            ],
            [
              803.9993907806255,
              -589.52855613763
            ],
            [
              800.8587681603888,
              -589.52855613763
            ],
            [
              800.8587681603888,
              -595.669478597397
            ]
          ]
        ]
      },
      "properties": {
        "eta": 0.05,
        "kind": "inside_cell",
        "depth": 4,
        "approximate_area_m2": 19.28631998626412
      }
    },
    {
      "type": "Feature",
      "geometry": {
        "type": "Polygon",
        "coordinates": [
          [
            [
              797.7181455401519,
              -595.669478597397
            ],
            [
              800.8587681603888,
              -595.669478597397
            ],
            [
              800.8587681603888,
              -589.52855613763
            ],
            [
              797.7181455401519,
              -589.52855613763
            ],
            [
              797.7181455401519,
              -595.669478597397
            ]
          ]
        ]
      },
      "properties": {
        "eta": 0.05,
        "kind": "inside_cell",
        "depth": 4,
        "approximate_area_m2": 19.28631998626482
      }
    },
    {
      "type": "Feature",
      "geometry": {
        "type": "Polygon",
        "coordinates": [
          [
            [
              791.4369002996782,
              -601.810401057164
            ],
            [
              797.7181455401519,
              -601.810401057164
            ],
            [
              797.7181455401519,
              -589.52855613763
            ],
            [
              791.4369002996782,
              -589.52855613763
            ],
            [
              791.4369002996782,
              -601.810401057164
            ]
          ]
        ]
      },
      "properties": {
        "eta": 0.05,
        "kind": "inside_cell",
        "depth": 3,
        "approximate_area_m2": 77.14527994505929
      }
    },
    {
      "type": "Feature",
      "geometry": {
        "type": "Polygon",
        "coordinates": [
          [
            [
              778.874409818731,
              -614.0922459766979
            ],
            [
              791.4369002996782,
              -614.0922459766979
            ],
            [
              791.4369002996782,
              -589.52855613763
            ],
            [
              778.874409818731,
              -589.52855613763
            ],
            [
              778.874409818731,
              -614.0922459766979
            ]
          ]
        ]
      },
      "properties": {
        "eta": 0.05,
        "kind": "inside_cell",
        "depth": 2,
        "approximate_area_m2": 308.58111978023015
      }
    },
    {
      "type": "Feature",
      "geometry": {
        "type": "Polygon",
        "coordinates": [
          [
            [
              766.3119193377837,
              -638.6559358157658
            ],
            [
              772.5931645782573,
              -638.6559358157658
            ],
            [
              772.5931645782573,
              -626.3740908962318
            ],
            [
              766.3119193377837,
              -626.3740908962318
            ],
            [
              766.3119193377837,
              -638.6559358157658
            ]
          ]
        ]
      },
      "properties": {
        "eta": 0.05,
        "kind": "inside_cell",
        "depth": 3,
        "approximate_area_m2": 77.1452799450579
      }
    },
    {
      "type": "Feature",
      "geometry": {
        "type": "Polygon",
        "coordinates": [
          [
            [
              772.5931645782573,
              -638.6559358157658
            ],
            [
              774.1634758883757,
              -638.6559358157658
            ],
            [
              774.1634758883757,
              -635.5854745858824
            ],
            [
              772.5931645782573,
              -635.5854745858824
            ],
            [
              772.5931645782573,
              -638.6559358157658
            ]
          ]
        ]
      },
      "properties": {
        "eta": 0.05,
        "kind": "inside_cell",
        "depth": 5,
        "approximate_area_m2": 4.821579996566116
      }
    },
    {
      "type": "Feature",
      "geometry": {
        "type": "Polygon",
        "coordinates": [
          [
            [
              774.1634758883757,
              -635.5854745858824
            ],
            [
              775.7337871984942,
              -635.5854745858824
            ],
            [
              775.7337871984942,
              -632.5150133559988
            ],
            [
              774.1634758883757,
              -632.5150133559988
            ],
            [
              774.1634758883757,
              -635.5854745858824
            ]
          ]
        ]
      },
      "properties": {
        "eta": 0.05,
        "kind": "inside_cell",
        "depth": 5,
        "approximate_area_m2": 4.821579996566294
      }
    },
    {
      "type": "Feature",
      "geometry": {
        "type": "Polygon",
        "coordinates": [
          [
            [
              772.5931645782573,
              -635.5854745858824
            ],
            [
              774.1634758883757,
              -635.5854745858824
            ],
            [
              774.1634758883757,
              -632.5150133559988
            ],
            [
              772.5931645782573,
              -632.5150133559988
            ],
            [
              772.5931645782573,
              -635.5854745858824
            ]
          ]
        ]
      },
      "properties": {
        "eta": 0.05,
        "kind": "inside_cell",
        "depth": 5,
        "approximate_area_m2": 4.821579996566294
      }
    },
    {
      "type": "Feature",
      "geometry": {
        "type": "Polygon",
        "coordinates": [
          [
            [
              775.7337871984942,
              -632.5150133559988
            ],
            [
              778.874409818731,
              -632.5150133559988
            ],
            [
              778.874409818731,
              -626.3740908962318
            ],
            [
              775.7337871984942,
              -626.3740908962318
            ],
            [
              775.7337871984942,
              -632.5150133559988
            ]
          ]
        ]
      },
      "properties": {
        "eta": 0.05,
        "kind": "inside_cell",
        "depth": 4,
        "approximate_area_m2": 19.28631998626482
      }
    },
    {
      "type": "Feature",
      "geometry": {
        "type": "Polygon",
        "coordinates": [
          [
            [
              772.5931645782573,
              -632.5150133559988
            ],
            [
              775.7337871984942,
              -632.5150133559988
            ],
            [
              775.7337871984942,
              -626.3740908962318
            ],
            [
              772.5931645782573,
              -626.3740908962318
            ],
            [
              772.5931645782573,
              -632.5150133559988
            ]
          ]
        ]
      },
      "properties": {
        "eta": 0.05,
        "kind": "inside_cell",
        "depth": 4,
        "approximate_area_m2": 19.28631998626482
      }
    },
    {
      "type": "Feature",
      "geometry": {
        "type": "Polygon",
        "coordinates": [
          [
            [
              772.5931645782573,
              -626.3740908962318
            ],
            [
              778.874409818731,
              -626.3740908962318
            ],
            [
              778.874409818731,
              -614.0922459766979
            ],
            [
              772.5931645782573,
              -614.0922459766979
            ],
            [
              772.5931645782573,
              -626.3740908962318
            ]
          ]
        ]
      },
      "properties": {
        "eta": 0.05,
        "kind": "inside_cell",
        "depth": 3,
        "approximate_area_m2": 77.14527994505858
      }
    },
    {
      "type": "Feature",
      "geometry": {
        "type": "Polygon",
        "coordinates": [
          [
            [
              766.3119193377837,
              -626.3740908962318
            ],
            [
              772.5931645782573,
              -626.3740908962318
            ],
            [
              772.5931645782573,
              -614.0922459766979
            ],
            [
              766.3119193377837,
              -614.0922459766979
            ],
            [
              766.3119193377837,
              -626.3740908962318
            ]
          ]
        ]
      },
      "properties": {
        "eta": 0.05,
        "kind": "inside_cell",
        "depth": 3,
        "approximate_area_m2": 77.14527994505717
      }
    },
    {
      "type": "Feature",
      "geometry": {
        "type": "Polygon",
        "coordinates": [
          [
            [
              766.3119193377837,
              614.0922459766978
            ],
            [
              772.5931645782573,
              614.0922459766978
            ],
            [
              772.5931645782573,
              626.3740908962318
            ],
            [
              766.3119193377837,
              626.3740908962318
            ],
            [
              766.3119193377837,
              614.0922459766978
            ]
          ]
        ]
      },
      "properties": {
        "eta": 0.05,
        "kind": "inside_cell",
        "depth": 3,
        "approximate_area_m2": 77.1452799450579
      }
    },
    {
      "type": "Feature",
      "geometry": {
        "type": "Polygon",
        "coordinates": [
          [
            [
              772.5931645782573,
              614.0922459766978
            ],
            [
              778.874409818731,
              614.0922459766978
            ],
            [
              778.874409818731,
              626.3740908962318
            ],
            [
              772.5931645782573,
              626.3740908962318
            ],
            [
              772.5931645782573,
              614.0922459766978
            ]
          ]
        ]
      },
      "properties": {
        "eta": 0.05,
        "kind": "inside_cell",
        "depth": 3,
        "approximate_area_m2": 77.14527994505929
      }
    },
    {
      "type": "Feature",
      "geometry": {
        "type": "Polygon",
        "coordinates": [
          [
            [
              772.5931645782573,
              626.3740908962318
            ],
            [
              775.7337871984942,
              626.3740908962318
            ],
            [
              775.7337871984942,
              632.5150133559987
            ],
            [
              772.5931645782573,
              632.5150133559987
            ],
            [
              772.5931645782573,
              626.3740908962318
            ]
          ]
        ]
      },
      "properties": {
        "eta": 0.05,
        "kind": "inside_cell",
        "depth": 4,
        "approximate_area_m2": 19.286319986264463
      }
    },
    {
      "type": "Feature",
      "geometry": {
        "type": "Polygon",
        "coordinates": [
          [
            [
              775.7337871984942,
              626.3740908962318
            ],
            [
              778.874409818731,
              626.3740908962318
            ],
            [
              778.874409818731,
              632.5150133559987
            ],
            [
              775.7337871984942,
              632.5150133559987
            ],
            [
              775.7337871984942,
              626.3740908962318
            ]
          ]
        ]
      },
      "properties": {
        "eta": 0.05,
        "kind": "inside_cell",
        "depth": 4,
        "approximate_area_m2": 19.286319986264463
      }
    },
    {
      "type": "Feature",
      "geometry": {
        "type": "Polygon",
        "coordinates": [
          [
            [
              772.5931645782573,
              632.5150133559987
            ],
            [
              774.1634758883757,
              632.5150133559987
            ],
            [
              774.1634758883757,
              635.5854745858821
            ],
            [
              772.5931645782573,
              635.5854745858821
            ],
            [
              772.5931645782573,
              632.5150133559987
            ]
          ]
        ]
      },
      "properties": {
        "eta": 0.05,
        "kind": "inside_cell",
        "depth": 5,
        "approximate_area_m2": 4.821579996566116
      }
    },
    {
      "type": "Feature",
      "geometry": {
        "type": "Polygon",
        "coordinates": [
          [
            [
              774.1634758883757,
              632.5150133559987
            ],
            [
              775.7337871984942,
              632.5150133559987
            ],
            [
              775.7337871984942,
              635.5854745858821
            ],
            [
              774.1634758883757,
              635.5854745858821
            ],
            [
              774.1634758883757,
              632.5150133559987
            ]
          ]
        ]
      },
      "properties": {
        "eta": 0.05,
        "kind": "inside_cell",
        "depth": 5,
        "approximate_area_m2": 4.821579996566116
      }
    },
    {
      "type": "Feature",
      "geometry": {
        "type": "Polygon",
        "coordinates": [
          [
            [
              772.5931645782573,
              635.5854745858821
            ],
            [
              774.1634758883757,
              635.5854745858821
            ],
            [
              774.1634758883757,
              638.6559358157657
            ],
            [
              772.5931645782573,
              638.6559358157657
            ],
            [
              772.5931645782573,
              635.5854745858821
            ]
          ]
        ]
      },
      "properties": {
        "eta": 0.05,
        "kind": "inside_cell",
        "depth": 5,
        "approximate_area_m2": 4.821579996566294
      }
    },
    {
      "type": "Feature",
      "geometry": {
        "type": "Polygon",
        "coordinates": [
          [
            [
              766.3119193377837,
              626.3740908962318
            ],
            [
              772.5931645782573,
              626.3740908962318
            ],
            [
              772.5931645782573,
              638.6559358157657
            ],
            [
              766.3119193377837,
              638.6559358157657
            ],
            [
              766.3119193377837,
              626.3740908962318
            ]
          ]
        ]
      },
      "properties": {
        "eta": 0.05,
        "kind": "inside_cell",
        "depth": 3,
        "approximate_area_m2": 77.14527994505717
      }
    },
    {
      "type": "Feature",
      "geometry": {
        "type": "Polygon",
        "coordinates": [
          [
            [
              778.874409818731,
              589.5285561376298
            ],
            [
              791.4369002996782,
              589.5285561376298
            ],
            [
              791.4369002996782,
              614.0922459766978
            ],
            [
              778.874409818731,
              614.0922459766978
            ],
            [
              778.874409818731,
              589.5285561376298
            ]
          ]
        ]
      },
      "properties": {
        "eta": 0.05,
        "kind": "inside_cell",
        "depth": 2,
        "approximate_area_m2": 308.58111978023015
      }
    },
    {
      "type": "Feature",
      "geometry": {
        "type": "Polygon",
        "coordinates": [
          [
            [
              791.4369002996782,
              589.5285561376298
            ],
            [
              797.7181455401519,
              589.5285561376298
            ],
            [
              797.7181455401519,
              601.8104010571637
            ],
            [
              791.4369002996782,
              601.8104010571637
            ],
            [
              791.4369002996782,
              589.5285561376298
            ]
          ]
        ]
      },
      "properties": {
        "eta": 0.05,
        "kind": "inside_cell",
        "depth": 3,
        "approximate_area_m2": 77.14527994505858
      }
    },
    {
      "type": "Feature",
      "geometry": {
        "type": "Polygon",
        "coordinates": [
          [
            [
              797.7181455401519,
              589.5285561376298
            ],
            [
              800.8587681603888,
              589.5285561376298
            ],
            [
              800.8587681603888,
              595.6694785973968
            ],
            [
              797.7181455401519,
              595.6694785973968
            ],
            [
              797.7181455401519,
              589.5285561376298
            ]
          ]
        ]
      },
      "properties": {
        "eta": 0.05,
        "kind": "inside_cell",
        "depth": 4,
        "approximate_area_m2": 19.28631998626482
      }
    },
    {
      "type": "Feature",
      "geometry": {
        "type": "Polygon",
        "coordinates": [
          [
            [
              800.8587681603888,
              589.5285561376298
            ],
            [
              803.9993907806255,
              589.5285561376298
            ],
            [
              803.9993907806255,
              595.6694785973968
            ],
            [
              800.8587681603888,
              595.6694785973968
            ],
            [
              800.8587681603888,
              589.5285561376298
            ]
          ]
        ]
      },
      "properties": {
        "eta": 0.05,
        "kind": "inside_cell",
        "depth": 4,
        "approximate_area_m2": 19.28631998626412
      }
    },
    {
      "type": "Feature",
      "geometry": {
        "type": "Polygon",
        "coordinates": [
          [
            [
              800.8587681603888,
              595.6694785973968
            ],
            [
              802.4290794705071,
              595.6694785973968
            ],
            [
              802.4290794705071,
              598.7399398272803
            ],
            [
              800.8587681603888,
              598.7399398272803
            ],
            [
              800.8587681603888,
              595.6694785973968
            ]
          ]
        ]
      },
      "properties": {
        "eta": 0.05,
        "kind": "inside_cell",
        "depth": 5,
        "approximate_area_m2": 4.821579996565767
      }
    },
    {
      "type": "Feature",
      "geometry": {
        "type": "Polygon",
        "coordinates": [
          [
            [
              802.4290794705071,
              595.6694785973968
            ],
            [
              803.9993907806255,
              595.6694785973968
            ],
            [
              803.9993907806255,
              598.7399398272803
            ],
            [
              802.4290794705071,
              598.7399398272803
            ],
            [
              802.4290794705071,
              595.6694785973968
            ]
          ]
        ]
      },
      "properties": {
        "eta": 0.05,
        "kind": "inside_cell",
        "depth": 5,
        "approximate_area_m2": 4.821579996566116
      }
    },
    {
      "type": "Feature",
      "geometry": {
        "type": "Polygon",
        "coordinates": [
          [
            [
              800.8587681603888,
              598.7399398272803
            ],
            [
              802.4290794705071,
              598.7399398272803
            ],
            [
              802.4290794705071,
              601.8104010571637
            ],
            [
              800.8587681603888,
              601.8104010571637
            ],
            [
              800.8587681603888,
              598.7399398272803
            ]
          ]
        ]
      },
      "properties": {
        "eta": 0.05,
        "kind": "inside_cell",
        "depth": 5,
        "approximate_area_m2": 4.821579996565767
      }
    },
    {
      "type": "Feature",
      "geometry": {
        "type": "Polygon",
        "coordinates": [
          [
            [
              797.7181455401519,
              595.6694785973968
            ],
            [
              800.8587681603888,
              595.6694785973968
            ],
            [
              800.8587681603888,
              601.8104010571637
            ],
            [
              797.7181455401519,
              601.8104010571637
            ],
            [
              797.7181455401519,
              595.6694785973968
            ]
          ]
        ]
      },
      "properties": {
        "eta": 0.05,
        "kind": "inside_cell",
        "depth": 4,
        "approximate_area_m2": 19.286319986264463
      }
    },
    {
      "type": "Feature",
      "geometry": {
        "type": "Polygon",
        "coordinates": [
          [
            [
              791.4369002996782,
              601.8104010571637
            ],
            [
              794.577522919915,
              601.8104010571637
            ],
            [
              794.577522919915,
              607.9513235169308
            ],
            [
              791.4369002996782,
              607.9513235169308
            ],
            [
              791.4369002996782,
              601.8104010571637
            ]
          ]
        ]
      },
      "properties": {
        "eta": 0.05,
        "kind": "inside_cell",
        "depth": 4,
        "approximate_area_m2": 19.28631998626482
      }
    },
    {
      "type": "Feature",
      "geometry": {
        "type": "Polygon",
        "coordinates": [
          [
            [
              794.577522919915,
              601.8104010571637
            ],
            [
              797.7181455401519,
              601.8104010571637
            ],
            [
              797.7181455401519,
              607.9513235169308
            ],
            [
              794.577522919915,
              607.9513235169308
            ],
            [
              794.577522919915,
              601.8104010571637
            ]
          ]
        ]
      },
      "properties": {
        "eta": 0.05,
        "kind": "inside_cell",
        "depth": 4,
        "approximate_area_m2": 19.28631998626482
      }
    },
    {
      "type": "Feature",
      "geometry": {
        "type": "Polygon",
        "coordinates": [
          [
            [
              794.577522919915,
              607.9513235169308
            ],
            [
              796.1478342300335,
              607.9513235169308
            ],
            [
              796.1478342300335,
              611.0217847468143
            ],
            [
              794.577522919915,
              611.0217847468143
            ],
            [
              794.577522919915,
              607.9513235169308
            ]
          ]
        ]
      },
      "properties": {
        "eta": 0.05,
        "kind": "inside_cell",
        "depth": 5,
        "approximate_area_m2": 4.821579996566294
      }
    },
    {
      "type": "Feature",
      "geometry": {
        "type": "Polygon",
        "coordinates": [
          [
            [
              791.4369002996782,
              607.9513235169308
            ],
            [
              793.0072116097966,
              607.9513235169308
            ],
            [
              793.0072116097966,
              611.0217847468143
            ],
            [
              791.4369002996782,
              611.0217847468143
            ],
            [
              791.4369002996782,
              607.9513235169308
            ]
          ]
        ]
      },
      "properties": {
        "eta": 0.05,
        "kind": "inside_cell",
        "depth": 5,
        "approximate_area_m2": 4.821579996566294
      }
    },
    {
      "type": "Feature",
      "geometry": {
        "type": "Polygon",
        "coordinates": [
          [
            [
              793.0072116097966,
              607.9513235169308
            ],
            [
              794.577522919915,
              607.9513235169308
            ],
            [
              794.577522919915,
              611.0217847468143
            ],
            [
              793.0072116097966,
              611.0217847468143
            ],
            [
              793.0072116097966,
              607.9513235169308
            ]
          ]
        ]
      },
      "properties": {
        "eta": 0.05,
        "kind": "inside_cell",
        "depth": 5,
        "approximate_area_m2": 4.821579996566294
      }
    },
    {
      "type": "Feature",
      "geometry": {
        "type": "Polygon",
        "coordinates": [
          [
            [
              791.4369002996782,
              611.0217847468143
            ],
            [
              793.0072116097966,
              611.0217847468143
            ],
            [
              793.0072116097966,
              614.0922459766978
            ],
            [
              791.4369002996782,
              614.0922459766978
            ],
            [
              791.4369002996782,
              611.0217847468143
            ]
          ]
        ]
      },
      "properties": {
        "eta": 0.05,
        "kind": "inside_cell",
        "depth": 5,
        "approximate_area_m2": 4.821579996566116
      }
    },
    {
      "type": "Feature",
      "geometry": {
        "type": "Polygon",
        "coordinates": [
          [
            [
              778.874409818731,
              614.0922459766978
            ],
            [
              782.0150324389679,
              614.0922459766978
            ],
            [
              782.0150324389679,
              620.2331684364648
            ],
            [
              778.874409818731,
              620.2331684364648
            ],
            [
              778.874409818731,
              614.0922459766978
            ]
          ]
        ]
      },
      "properties": {
        "eta": 0.05,
        "kind": "inside_cell",
        "depth": 4,
        "approximate_area_m2": 19.28631998626482
      }
    },
    {
      "type": "Feature",
      "geometry": {
        "type": "Polygon",
        "coordinates": [
          [
            [
              782.0150324389679,
              614.0922459766978
            ],
            [
              785.1556550592046,
              614.0922459766978
            ],
            [
              785.1556550592046,
              620.2331684364648
            ],
            [
              782.0150324389679,
              620.2331684364648
            ],
            [
              782.0150324389679,
              614.0922459766978
            ]
          ]
        ]
      },
      "properties": {
        "eta": 0.05,
        "kind": "inside_cell",
        "depth": 4,
        "approximate_area_m2": 19.28631998626412
      }
    },
    {
      "type": "Feature",
      "geometry": {
        "type": "Polygon",
        "coordinates": [
          [
            [
              782.0150324389679,
              620.2331684364648
            ],
            [
              783.5853437490862,
              620.2331684364648
            ],
            [
              783.5853437490862,
              623.3036296663483
            ],
            [
              782.0150324389679,
              623.3036296663483
            ],
            [
              782.0150324389679,
              620.2331684364648
            ]
          ]
        ]
      },
      "properties": {
        "eta": 0.05,
        "kind": "inside_cell",
        "depth": 5,
        "approximate_area_m2": 4.821579996565945
      }
    },
    {
      "type": "Feature",
      "geometry": {
        "type": "Polygon",
        "coordinates": [
          [
            [
              783.5853437490862,
              620.2331684364648
            ],
            [
              785.1556550592046,
              620.2331684364648
            ],
            [
              785.1556550592046,
              623.3036296663483
            ],
            [
              783.5853437490862,
              623.3036296663483
            ],
            [
              783.5853437490862,
              620.2331684364648
            ]
          ]
        ]
      },
      "properties": {
        "eta": 0.05,
        "kind": "inside_cell",
        "depth": 5,
        "approximate_area_m2": 4.821579996566294
      }
    },
    {
      "type": "Feature",
      "geometry": {
        "type": "Polygon",
        "coordinates": [
          [
            [
              782.0150324389679,
              623.3036296663483
            ],
            [
              783.5853437490862,
              623.3036296663483
            ],
            [
              783.5853437490862,
              626.3740908962318
            ],
            [
              782.0150324389679,
              626.3740908962318
            ],
            [
              782.0150324389679,
              623.3036296663483
            ]
          ]
        ]
      },
      "properties": {
        "eta": 0.05,
        "kind": "inside_cell",
        "depth": 5,
        "approximate_area_m2": 4.821579996565767
      }
    },
    {
      "type": "Feature",
      "geometry": {
        "type": "Polygon",
        "coordinates": [
          [
            [
              778.874409818731,
              620.2331684364648
            ],
            [
              782.0150324389679,
              620.2331684364648
            ],
            [
              782.0150324389679,
              626.3740908962318
            ],
            [
              778.874409818731,
              626.3740908962318
            ],
            [
              778.874409818731,
              620.2331684364648
            ]
          ]
        ]
      },
      "properties": {
        "eta": 0.05,
        "kind": "inside_cell",
        "depth": 4,
        "approximate_area_m2": 19.28631998626482
      }
    },
    {
      "type": "Feature",
      "geometry": {
        "type": "Polygon",
        "coordinates": [
          [
            [
              785.1556550592046,
              614.0922459766978
            ],
            [
              788.2962776794413,
              614.0922459766978
            ],
            [
              788.2962776794413,
              620.2331684364648
            ],
            [
              785.1556550592046,
              620.2331684364648
            ],
            [
              785.1556550592046,
              614.0922459766978
            ]
          ]
        ]
      },
      "properties": {
        "eta": 0.05,
        "kind": "inside_cell",
        "depth": 4,
        "approximate_area_m2": 19.28631998626412
      }
    },
    {
      "type": "Feature",
      "geometry": {
        "type": "Polygon",
        "coordinates": [
          [
            [
              788.2962776794413,
              614.0922459766978
            ],
            [
              789.8665889895598,
              614.0922459766978
            ],
            [
              789.8665889895598,
              617.1627072065812
            ],
            [
              788.2962776794413,
              617.1627072065812
            ],
            [
              788.2962776794413,
              614.0922459766978
            ]
          ]
        ]
      },
      "properties": {
        "eta": 0.05,
        "kind": "inside_cell",
        "depth": 5,
        "approximate_area_m2": 4.821579996566116
      }
    },
    {
      "type": "Feature",
      "geometry": {
        "type": "Polygon",
        "coordinates": [
          [
            [
              789.8665889895598,
              614.0922459766978
            ],
            [
              791.4369002996782,
              614.0922459766978
            ],
            [
              791.4369002996782,
              617.1627072065812
            ],
            [
              789.8665889895598,
              617.1627072065812
            ],
            [
              789.8665889895598,
              614.0922459766978
            ]
          ]
        ]
      },
      "properties": {
        "eta": 0.05,
        "kind": "inside_cell",
        "depth": 5,
        "approximate_area_m2": 4.821579996566116
      }
    },
    {
      "type": "Feature",
      "geometry": {
        "type": "Polygon",
        "coordinates": [
          [
            [
              785.1556550592046,
              620.2331684364648
            ],
            [
              786.725966369323,
              620.2331684364648
            ],
            [
              786.725966369323,
              623.3036296663483
            ],
            [
              785.1556550592046,
              623.3036296663483
            ],
            [
              785.1556550592046,
              620.2331684364648
            ]
          ]
        ]
      },
      "properties": {
        "eta": 0.05,
        "kind": "inside_cell",
        "depth": 5,
        "approximate_area_m2": 4.821579996566294
      }
    },
    {
      "type": "Feature",
      "geometry": {
        "type": "Polygon",
        "coordinates": [
          [
            [
              753.7494288568364,
              638.6559358157657
            ],
            [
              760.0306740973101,
              638.6559358157657
            ],
            [
              760.0306740973101,
              650.9377807352996
            ],
            [
              753.7494288568364,
              650.9377807352996
            ],
            [
              753.7494288568364,
              638.6559358157657
            ]
          ]
        ]
      },
      "properties": {
        "eta": 0.05,
        "kind": "inside_cell",
        "depth": 3,
        "approximate_area_m2": 77.14527994505858
      }
    },
    {
      "type": "Feature",
      "geometry": {
        "type": "Polygon",
        "coordinates": [
          [
            [
              760.0306740973101,
              638.6559358157657
            ],
            [
              763.171296717547,
              638.6559358157657
            ],
            [
              763.171296717547,
              644.7968582755327
            ],
            [
              760.0306740973101,
              644.7968582755327
            ],
            [
              760.0306740973101,
              638.6559358157657
            ]
          ]
        ]
      },
      "properties": {
        "eta": 0.05,
        "kind": "inside_cell",
        "depth": 4,
        "approximate_area_m2": 19.28631998626482
      }
    },
    {
      "type": "Feature",
      "geometry": {
        "type": "Polygon",
        "coordinates": [
          [
            [
              763.171296717547,
              638.6559358157657
            ],
            [
              766.3119193377837,
              638.6559358157657
            ],
            [
              766.3119193377837,
              644.7968582755327
            ],
            [
              763.171296717547,
              644.7968582755327
            ],
            [
              763.171296717547,
              638.6559358157657
            ]
          ]
        ]
      },
      "properties": {
        "eta": 0.05,
        "kind": "inside_cell",
        "depth": 4,
        "approximate_area_m2": 19.28631998626412
      }
    },
    {
      "type": "Feature",
      "geometry": {
        "type": "Polygon",
        "coordinates": [
          [
            [
              763.171296717547,
              644.7968582755327
            ],
            [
              764.7416080276653,
              644.7968582755327
            ],
            [
              764.7416080276653,
              647.8673195054162
            ],
            [
              763.171296717547,
              647.8673195054162
            ],
            [
              763.171296717547,
              644.7968582755327
            ]
          ]
        ]
      },
      "properties": {
        "eta": 0.05,
        "kind": "inside_cell",
        "depth": 5,
        "approximate_area_m2": 4.821579996565767
      }
    },
    {
      "type": "Feature",
      "geometry": {
        "type": "Polygon",
        "coordinates": [
          [
            [
              764.7416080276653,
              644.7968582755327
            ],
            [
              766.3119193377837,
              644.7968582755327
            ],
            [
              766.3119193377837,
              647.8673195054162
            ],
            [
              764.7416080276653,
              647.8673195054162
            ],
            [
              764.7416080276653,
              644.7968582755327
            ]
          ]
        ]
      },
      "properties": {
        "eta": 0.05,
        "kind": "inside_cell",
        "depth": 5,
        "approximate_area_m2": 4.821579996566116
      }
    },
    {
      "type": "Feature",
      "geometry": {
        "type": "Polygon",
        "coordinates": [
          [
            [
              760.0306740973101,
              644.7968582755327
            ],
            [
              763.171296717547,
              644.7968582755327
            ],
            [
              763.171296717547,
              650.9377807352996
            ],
            [
              760.0306740973101,
              650.9377807352996
            ],
            [
              760.0306740973101,
              644.7968582755327
            ]
          ]
        ]
      },
      "properties": {
        "eta": 0.05,
        "kind": "inside_cell",
        "depth": 4,
        "approximate_area_m2": 19.286319986264463
      }
    },
    {
      "type": "Feature",
      "geometry": {
        "type": "Polygon",
        "coordinates": [
          [
            [
              803.9993907806255,
              -589.52855613763
            ],
            [
              810.2806360210991,
              -589.52855613763
            ],
            [
              810.2806360210991,
              -577.2467112180959
            ],
            [
              803.9993907806255,
              -577.2467112180959
            ],
            [
              803.9993907806255,
              -589.52855613763
            ]
          ]
        ]
      },
      "properties": {
        "eta": 0.05,
        "kind": "inside_cell",
        "depth": 3,
        "approximate_area_m2": 77.1452799450579
      }
    },
    {
      "type": "Feature",
      "geometry": {
        "type": "Polygon",
        "coordinates": [
          [
            [
              810.2806360210991,
              -589.52855613763
            ],
            [
              811.8509473312175,
              -589.52855613763
            ],
            [
              811.8509473312175,
              -586.4580949077465
            ],
            [
              810.2806360210991,
              -586.4580949077465
            ],
            [
              810.2806360210991,
              -589.52855613763
            ]
          ]
        ]
      },
      "properties": {
        "eta": 0.05,
        "kind": "inside_cell",
        "depth": 5,
        "approximate_area_m2": 4.821579996566116
      }
    },
    {
      "type": "Feature",
      "geometry": {
        "type": "Polygon",
        "coordinates": [
          [
            [
              811.8509473312175,
              -586.4580949077465
            ],
            [
              813.421258641336,
              -586.4580949077465
            ],
            [
              813.421258641336,
              -583.3876336778629
            ],
            [
              811.8509473312175,
              -583.3876336778629
            ],
            [
              811.8509473312175,
              -586.4580949077465
            ]
          ]
        ]
      },
      "properties": {
        "eta": 0.05,
        "kind": "inside_cell",
        "depth": 5,
        "approximate_area_m2": 4.821579996566294
      }
    },
    {
      "type": "Feature",
      "geometry": {
        "type": "Polygon",
        "coordinates": [
          [
            [
              810.2806360210991,
              -586.4580949077465
            ],
            [
              811.8509473312175,
              -586.4580949077465
            ],
            [
              811.8509473312175,
              -583.3876336778629
            ],
            [
              810.2806360210991,
              -583.3876336778629
            ],
            [
              810.2806360210991,
              -586.4580949077465
            ]
          ]
        ]
      },
      "properties": {
        "eta": 0.05,
        "kind": "inside_cell",
        "depth": 5,
        "approximate_area_m2": 4.821579996566294
      }
    },
    {
      "type": "Feature",
      "geometry": {
        "type": "Polygon",
        "coordinates": [
          [
            [
              813.421258641336,
              -583.3876336778629
            ],
            [
              816.5618812615728,
              -583.3876336778629
            ],
            [
              816.5618812615728,
              -577.2467112180959
            ],
            [
              813.421258641336,
              -577.2467112180959
            ],
            [
              813.421258641336,
              -583.3876336778629
            ]
          ]
        ]
      },
      "properties": {
        "eta": 0.05,
        "kind": "inside_cell",
        "depth": 4,
        "approximate_area_m2": 19.28631998626482
      }
    },
    {
      "type": "Feature",
      "geometry": {
        "type": "Polygon",
        "coordinates": [
          [
            [
              810.2806360210991,
              -583.3876336778629
            ],
            [
              813.421258641336,
              -583.3876336778629
            ],
            [
              813.421258641336,
              -577.2467112180959
            ],
            [
              810.2806360210991,
              -577.2467112180959
            ],
            [
              810.2806360210991,
              -583.3876336778629
            ]
          ]
        ]
      },
      "properties": {
        "eta": 0.05,
        "kind": "inside_cell",
        "depth": 4,
        "approximate_area_m2": 19.28631998626482
      }
    },
    {
      "type": "Feature",
      "geometry": {
        "type": "Polygon",
        "coordinates": [
          [
            [
              810.2806360210991,
              -577.2467112180959
            ],
            [
              816.5618812615728,
              -577.2467112180959
            ],
            [
              816.5618812615728,
              -564.964866298562
            ],
            [
              810.2806360210991,
              -564.964866298562
            ],
            [
              810.2806360210991,
              -577.2467112180959
            ]
          ]
        ]
      },
      "properties": {
        "eta": 0.05,
        "kind": "inside_cell",
        "depth": 3,
        "approximate_area_m2": 77.14527994505858
      }
    },
    {
      "type": "Feature",
      "geometry": {
        "type": "Polygon",
        "coordinates": [
          [
            [
              803.9993907806255,
              -577.2467112180959
            ],
            [
              810.2806360210991,
              -577.2467112180959
            ],
            [
              810.2806360210991,
              -564.964866298562
            ],
            [
              803.9993907806255,
              -564.964866298562
            ],
            [
              803.9993907806255,
              -577.2467112180959
            ]
          ]
        ]
      },
      "properties": {
        "eta": 0.05,
        "kind": "inside_cell",
        "depth": 3,
        "approximate_area_m2": 77.14527994505717
      }
    },
    {
      "type": "Feature",
      "geometry": {
        "type": "Polygon",
        "coordinates": [
          [
            [
              822.8431265020464,
              -571.105788758329
            ],
            [
              824.4134378121648,
              -571.105788758329
            ],
            [
              824.4134378121648,
              -568.0353275284456
            ],
            [
              822.8431265020464,
              -568.0353275284456
            ],
            [
              822.8431265020464,
              -571.105788758329
            ]
          ]
        ]
      },
      "properties": {
        "eta": 0.05,
        "kind": "inside_cell",
        "depth": 5,
        "approximate_area_m2": 4.821579996566116
      }
    },
    {
      "type": "Feature",
      "geometry": {
        "type": "Polygon",
        "coordinates": [
          [
            [
              824.4134378121648,
              -568.0353275284456
            ],
            [
              825.9837491222831,
              -568.0353275284456
            ],
            [
              825.9837491222831,
              -564.964866298562
            ],
            [
              824.4134378121648,
              -564.964866298562
            ],
            [
              824.4134378121648,
              -568.0353275284456
            ]
          ]
        ]
      },
      "properties": {
        "eta": 0.05,
        "kind": "inside_cell",
        "depth": 5,
        "approximate_area_m2": 4.821579996565945
      }
    },
    {
      "type": "Feature",
      "geometry": {
        "type": "Polygon",
        "coordinates": [
          [
            [
              822.8431265020464,
              -568.0353275284456
            ],
            [
              824.4134378121648,
              -568.0353275284456
            ],
            [
              824.4134378121648,
              -564.964866298562
            ],
            [
              822.8431265020464,
              -564.964866298562
            ],
            [
              822.8431265020464,
              -568.0353275284456
            ]
          ]
        ]
      },
      "properties": {
        "eta": 0.05,
        "kind": "inside_cell",
        "depth": 5,
        "approximate_area_m2": 4.821579996566294
      }
    },
    {
      "type": "Feature",
      "geometry": {
        "type": "Polygon",
        "coordinates": [
          [
            [
              816.5618812615728,
              -577.2467112180959
            ],
            [
              819.7025038818097,
              -577.2467112180959
            ],
            [
              819.7025038818097,
              -571.105788758329
            ],
            [
              816.5618812615728,
              -571.105788758329
            ],
            [
              816.5618812615728,
              -577.2467112180959
            ]
          ]
        ]
      },
      "properties": {
        "eta": 0.05,
        "kind": "inside_cell",
        "depth": 4,
        "approximate_area_m2": 19.286319986264463
      }
    },
    {
      "type": "Feature",
      "geometry": {
        "type": "Polygon",
        "coordinates": [
          [
            [
              819.7025038818097,
              -577.2467112180959
            ],
            [
              821.272815191928,
              -577.2467112180959
            ],
            [
              821.272815191928,
              -574.1762499882125
            ],
            [
              819.7025038818097,
              -574.1762499882125
            ],
            [
              819.7025038818097,
              -577.2467112180959
            ]
          ]
        ]
      },
      "properties": {
        "eta": 0.05,
        "kind": "inside_cell",
        "depth": 5,
        "approximate_area_m2": 4.821579996565767
      }
    },
    {
      "type": "Feature",
      "geometry": {
        "type": "Polygon",
        "coordinates": [
          [
            [
              821.272815191928,
              -574.1762499882125
            ],
            [
              822.8431265020464,
              -574.1762499882125
            ],
            [
              822.8431265020464,
              -571.105788758329
            ],
            [
              821.272815191928,
              -571.105788758329
            ],
            [
              821.272815191928,
              -574.1762499882125
            ]
          ]
        ]
      },
      "properties": {
        "eta": 0.05,
        "kind": "inside_cell",
        "depth": 5,
        "approximate_area_m2": 4.821579996566116
      }
    },
    {
      "type": "Feature",
      "geometry": {
        "type": "Polygon",
        "coordinates": [
          [
            [
              819.7025038818097,
              -574.1762499882125
            ],
            [
              821.272815191928,
              -574.1762499882125
            ],
            [
              821.272815191928,
              -571.105788758329
            ],
            [
              819.7025038818097,
              -571.105788758329
            ],
            [
              819.7025038818097,
              -574.1762499882125
            ]
          ]
        ]
      },
      "properties": {
        "eta": 0.05,
        "kind": "inside_cell",
        "depth": 5,
        "approximate_area_m2": 4.821579996565767
      }
    },
    {
      "type": "Feature",
      "geometry": {
        "type": "Polygon",
        "coordinates": [
          [
            [
              819.7025038818097,
              -571.105788758329
            ],
            [
              822.8431265020464,
              -571.105788758329
            ],
            [
              822.8431265020464,
              -564.964866298562
            ],
            [
              819.7025038818097,
              -564.964866298562
            ],
            [
              819.7025038818097,
              -571.105788758329
            ]
          ]
        ]
      },
      "properties": {
        "eta": 0.05,
        "kind": "inside_cell",
        "depth": 4,
        "approximate_area_m2": 19.28631998626412
      }
    },
    {
      "type": "Feature",
      "geometry": {
        "type": "Polygon",
        "coordinates": [
          [
            [
              816.5618812615728,
              -571.105788758329
            ],
            [
              819.7025038818097,
              -571.105788758329
            ],
            [
              819.7025038818097,
              -564.964866298562
            ],
            [
              816.5618812615728,
              -564.964866298562
            ],
            [
              816.5618812615728,
              -571.105788758329
            ]
          ]
        ]
      },
      "properties": {
        "eta": 0.05,
        "kind": "inside_cell",
        "depth": 4,
        "approximate_area_m2": 19.28631998626482
      }
    },
    {
      "type": "Feature",
      "geometry": {
        "type": "Polygon",
        "coordinates": [
          [
            [
              829.12437174252,
              -561.8944050686785
            ],
            [
              830.6946830526384,
              -561.8944050686785
            ],
            [
              830.6946830526384,
              -558.823943838795
            ],
            [
              829.12437174252,
              -558.823943838795
            ],
            [
              829.12437174252,
              -561.8944050686785
            ]
          ]
        ]
      },
      "properties": {
        "eta": 0.05,
        "kind": "inside_cell",
        "depth": 5,
        "approximate_area_m2": 4.821579996566116
      }
    },
    {
      "type": "Feature",
      "geometry": {
        "type": "Polygon",
        "coordinates": [
          [
            [
              832.2649943627569,
              -558.823943838795
            ],
            [
              833.8353056728753,
              -558.823943838795
            ],
            [
              833.8353056728753,
              -555.7534826089116
            ],
            [
              832.2649943627569,
              -555.7534826089116
            ],
            [
              832.2649943627569,
              -558.823943838795
            ]
          ]
        ]
      },
      "properties": {
        "eta": 0.05,
        "kind": "inside_cell",
        "depth": 5,
        "approximate_area_m2": 4.821579996566116
      }
    },
    {
      "type": "Feature",
      "geometry": {
        "type": "Polygon",
        "coordinates": [
          [
            [
              833.8353056728753,
              -555.7534826089116
            ],
            [
              835.4056169829937,
              -555.7534826089116
            ],
            [
              835.4056169829937,
              -552.6830213790281
            ],
            [
              833.8353056728753,
              -552.6830213790281
            ],
            [
              833.8353056728753,
              -555.7534826089116
            ]
          ]
        ]
      },
      "properties": {
        "eta": 0.05,
        "kind": "inside_cell",
        "depth": 5,
        "approximate_area_m2": 4.821579996566116
      }
    },
    {
      "type": "Feature",
      "geometry": {
        "type": "Polygon",
        "coordinates": [
          [
            [
              832.2649943627569,
              -555.7534826089116
            ],
            [
              833.8353056728753,
              -555.7534826089116
            ],
            [
              833.8353056728753,
              -552.6830213790281
            ],
            [
              832.2649943627569,
              -552.6830213790281
            ],
            [
              832.2649943627569,
              -555.7534826089116
            ]
          ]
        ]
      },
      "properties": {
        "eta": 0.05,
        "kind": "inside_cell",
        "depth": 5,
        "approximate_area_m2": 4.821579996566116
      }
    },
    {
      "type": "Feature",
      "geometry": {
        "type": "Polygon",
        "coordinates": [
          [
            [
              829.12437174252,
              -558.823943838795
            ],
            [
              832.2649943627569,
              -558.823943838795
            ],
            [
              832.2649943627569,
              -552.6830213790281
            ],
            [
              829.12437174252,
              -552.6830213790281
            ],
            [
              829.12437174252,
              -558.823943838795
            ]
          ]
        ]
      },
      "properties": {
        "eta": 0.05,
        "kind": "inside_cell",
        "depth": 4,
        "approximate_area_m2": 19.286319986264463
      }
    },
    {
      "type": "Feature",
      "geometry": {
        "type": "Polygon",
        "coordinates": [
          [
            [
              835.4056169829937,
              -552.6830213790281
            ],
            [
              836.9759282931121,
              -552.6830213790281
            ],
            [
              836.9759282931121,
              -549.6125601491447
            ],
            [
              835.4056169829937,
              -549.6125601491447
            ],
            [
              835.4056169829937,
              -552.6830213790281
            ]
          ]
        ]
      },
      "properties": {
        "eta": 0.05,
        "kind": "inside_cell",
        "depth": 5,
        "approximate_area_m2": 4.821579996566116
      }
    },
    {
      "type": "Feature",
      "geometry": {
        "type": "Polygon",
        "coordinates": [
          [
            [
              836.9759282931121,
              -549.6125601491447
            ],
            [
              838.5462396032306,
              -549.6125601491447
            ],
            [
              838.5462396032306,
              -546.5420989192611
            ],
            [
              836.9759282931121,
              -546.5420989192611
            ],
            [
              836.9759282931121,
              -549.6125601491447
            ]
          ]
        ]
      },
      "properties": {
        "eta": 0.05,
        "kind": "inside_cell",
        "depth": 5,
        "approximate_area_m2": 4.821579996566294
      }
    },
    {
      "type": "Feature",
      "geometry": {
        "type": "Polygon",
        "coordinates": [
          [
            [
              835.4056169829937,
              -549.6125601491447
            ],
            [
              836.9759282931121,
              -549.6125601491447
            ],
            [
              836.9759282931121,
              -546.5420989192611
            ],
            [
              835.4056169829937,
              -546.5420989192611
            ],
            [
              835.4056169829937,
              -549.6125601491447
            ]
          ]
        ]
      },
      "properties": {
        "eta": 0.05,
        "kind": "inside_cell",
        "depth": 5,
        "approximate_area_m2": 4.821579996566294
      }
    },
    {
      "type": "Feature",
      "geometry": {
        "type": "Polygon",
        "coordinates": [
          [
            [
              838.5462396032306,
              -549.6125601491447
            ],
            [
              840.1165509133489,
              -549.6125601491447
            ],
            [
              840.1165509133489,
              -546.5420989192611
            ],
            [
              838.5462396032306,
              -546.5420989192611
            ],
            [
              838.5462396032306,
              -549.6125601491447
            ]
          ]
        ]
      },
      "properties": {
        "eta": 0.05,
        "kind": "inside_cell",
        "depth": 5,
        "approximate_area_m2": 4.821579996565945
      }
    },
    {
      "type": "Feature",
      "geometry": {
        "type": "Polygon",
        "coordinates": [
          [
            [
              838.5462396032306,
              -546.5420989192611
            ],
            [
              841.6868622234673,
              -546.5420989192611
            ],
            [
              841.6868622234673,
              -540.4011764594941
            ],
            [
              838.5462396032306,
              -540.4011764594941
            ],
            [
              838.5462396032306,
              -546.5420989192611
            ]
          ]
        ]
      },
      "properties": {
        "eta": 0.05,
        "kind": "inside_cell",
        "depth": 4,
        "approximate_area_m2": 19.28631998626412
      }
    },
    {
      "type": "Feature",
      "geometry": {
        "type": "Polygon",
        "coordinates": [
          [
            [
              835.4056169829937,
              -546.5420989192611
            ],
            [
              838.5462396032306,
              -546.5420989192611
            ],
            [
              838.5462396032306,
              -540.4011764594941
            ],
            [
              835.4056169829937,
              -540.4011764594941
            ],
            [
              835.4056169829937,
              -546.5420989192611
            ]
          ]
        ]
      },
      "properties": {
        "eta": 0.05,
        "kind": "inside_cell",
        "depth": 4,
        "approximate_area_m2": 19.28631998626482
      }
    },
    {
      "type": "Feature",
      "geometry": {
        "type": "Polygon",
        "coordinates": [
          [
            [
              829.12437174252,
              -552.6830213790281
            ],
            [
              835.4056169829937,
              -552.6830213790281
            ],
            [
              835.4056169829937,
              -540.4011764594941
            ],
            [
              829.12437174252,
              -540.4011764594941
            ],
            [
              829.12437174252,
              -552.6830213790281
            ]
          ]
        ]
      },
      "properties": {
        "eta": 0.05,
        "kind": "inside_cell",
        "depth": 3,
        "approximate_area_m2": 77.14527994505929
      }
    },
    {
      "type": "Feature",
      "geometry": {
        "type": "Polygon",
        "coordinates": [
          [
            [
              841.6868622234673,
              -540.4011764594941
            ],
            [
              844.827484843704,
              -540.4011764594941
            ],
            [
              844.827484843704,
              -534.2602539997271
            ],
            [
              841.6868622234673,
              -534.2602539997271
            ],
            [
              841.6868622234673,
              -540.4011764594941
            ]
          ]
        ]
      },
      "properties": {
        "eta": 0.05,
        "kind": "inside_cell",
        "depth": 4,
        "approximate_area_m2": 19.28631998626412
      }
    },
    {
      "type": "Feature",
      "geometry": {
        "type": "Polygon",
        "coordinates": [
          [
            [
              846.3977961538225,
              -537.3307152296106
            ],
            [
              847.9681074639409,
              -537.3307152296106
            ],
            [
              847.9681074639409,
              -534.2602539997271
            ],
            [
              846.3977961538225,
              -534.2602539997271
            ],
            [
              846.3977961538225,
              -537.3307152296106
            ]
          ]
        ]
      },
      "properties": {
        "eta": 0.05,
        "kind": "inside_cell",
        "depth": 5,
        "approximate_area_m2": 4.821579996566294
      }
    },
    {
      "type": "Feature",
      "geometry": {
        "type": "Polygon",
        "coordinates": [
          [
            [
              844.827484843704,
              -537.3307152296106
            ],
            [
              846.3977961538225,
              -537.3307152296106
            ],
            [
              846.3977961538225,
              -534.2602539997271
            ],
            [
              844.827484843704,
              -534.2602539997271
            ],
            [
              844.827484843704,
              -537.3307152296106
            ]
          ]
        ]
      },
      "properties": {
        "eta": 0.05,
        "kind": "inside_cell",
        "depth": 5,
        "approximate_area_m2": 4.821579996566294
      }
    },
    {
      "type": "Feature",
      "geometry": {
        "type": "Polygon",
        "coordinates": [
          [
            [
              844.827484843704,
              -534.2602539997271
            ],
            [
              847.9681074639409,
              -534.2602539997271
            ],
            [
              847.9681074639409,
              -528.1193315399601
            ],
            [
              844.827484843704,
              -528.1193315399601
            ],
            [
              844.827484843704,
              -534.2602539997271
            ]
          ]
        ]
      },
      "properties": {
        "eta": 0.05,
        "kind": "inside_cell",
        "depth": 4,
        "approximate_area_m2": 19.28631998626482
      }
    },
    {
      "type": "Feature",
      "geometry": {
        "type": "Polygon",
        "coordinates": [
          [
            [
              841.6868622234673,
              -534.2602539997271
            ],
            [
              844.827484843704,
              -534.2602539997271
            ],
            [
              844.827484843704,
              -528.1193315399601
            ],
            [
              841.6868622234673,
              -528.1193315399601
            ],
            [
              841.6868622234673,
              -534.2602539997271
            ]
          ]
        ]
      },
      "properties": {
        "eta": 0.05,
        "kind": "inside_cell",
        "depth": 4,
        "approximate_area_m2": 19.28631998626412
      }
    },
    {
      "type": "Feature",
      "geometry": {
        "type": "Polygon",
        "coordinates": [
          [
            [
              841.6868622234673,
              -528.1193315399601
            ],
            [
              847.9681074639409,
              -528.1193315399601
            ],
            [
              847.9681074639409,
              -515.8374866204261
            ],
            [
              841.6868622234673,
              -515.8374866204261
            ],
            [
              841.6868622234673,
              -528.1193315399601
            ]
          ]
        ]
      },
      "properties": {
        "eta": 0.05,
        "kind": "inside_cell",
        "depth": 3,
        "approximate_area_m2": 77.14527994505717
      }
    },
    {
      "type": "Feature",
      "geometry": {
        "type": "Polygon",
        "coordinates": [
          [
            [
              841.6868622234673,
              515.8374866204263
            ],
            [
              847.9681074639409,
              515.8374866204263
            ],
            [
              847.9681074639409,
              528.1193315399602
            ],
            [
              841.6868622234673,
              528.1193315399602
            ],
            [
              841.6868622234673,
              515.8374866204263
            ]
          ]
        ]
      },
      "properties": {
        "eta": 0.05,
        "kind": "inside_cell",
        "depth": 3,
        "approximate_area_m2": 77.14527994505717
      }
    },
    {
      "type": "Feature",
      "geometry": {
        "type": "Polygon",
        "coordinates": [
          [
            [
              841.6868622234673,
              528.1193315399602
            ],
            [
              844.827484843704,
              528.1193315399602
            ],
            [
              844.827484843704,
              534.2602539997272
            ],
            [
              841.6868622234673,
              534.2602539997272
            ],
            [
              841.6868622234673,
              528.1193315399602
            ]
          ]
        ]
      },
      "properties": {
        "eta": 0.05,
        "kind": "inside_cell",
        "depth": 4,
        "approximate_area_m2": 19.28631998626412
      }
    },
    {
      "type": "Feature",
      "geometry": {
        "type": "Polygon",
        "coordinates": [
          [
            [
              844.827484843704,
              528.1193315399602
            ],
            [
              847.9681074639409,
              528.1193315399602
            ],
            [
              847.9681074639409,
              534.2602539997272
            ],
            [
              844.827484843704,
              534.2602539997272
            ],
            [
              844.827484843704,
              528.1193315399602
            ]
          ]
        ]
      },
      "properties": {
        "eta": 0.05,
        "kind": "inside_cell",
        "depth": 4,
        "approximate_area_m2": 19.28631998626482
      }
    },
    {
      "type": "Feature",
      "geometry": {
        "type": "Polygon",
        "coordinates": [
          [
            [
              844.827484843704,
              534.2602539997272
            ],
            [
              846.3977961538225,
              534.2602539997272
            ],
            [
              846.3977961538225,
              537.3307152296106
            ],
            [
              844.827484843704,
              537.3307152296106
            ],
            [
              844.827484843704,
              534.2602539997272
            ]
          ]
        ]
      },
      "properties": {
        "eta": 0.05,
        "kind": "inside_cell",
        "depth": 5,
        "approximate_area_m2": 4.821579996566116
      }
    },
    {
      "type": "Feature",
      "geometry": {
        "type": "Polygon",
        "coordinates": [
          [
            [
              846.3977961538225,
              534.2602539997272
            ],
            [
              847.9681074639409,
              534.2602539997272
            ],
            [
              847.9681074639409,
              537.3307152296106
            ],
            [
              846.3977961538225,
              537.3307152296106
            ],
            [
              846.3977961538225,
              534.2602539997272
            ]
          ]
        ]
      },
      "properties": {
        "eta": 0.05,
        "kind": "inside_cell",
        "depth": 5,
        "approximate_area_m2": 4.821579996566116
      }
    },
    {
      "type": "Feature",
      "geometry": {
        "type": "Polygon",
        "coordinates": [
          [
            [
              841.6868622234673,
              534.2602539997272
            ],
            [
              844.827484843704,
              534.2602539997272
            ],
            [
              844.827484843704,
              540.4011764594941
            ],
            [
              841.6868622234673,
              540.4011764594941
            ],
            [
              841.6868622234673,
              534.2602539997272
            ]
          ]
        ]
      },
      "properties": {
        "eta": 0.05,
        "kind": "inside_cell",
        "depth": 4,
        "approximate_area_m2": 19.286319986263766
      }
    },
    {
      "type": "Feature",
      "geometry": {
        "type": "Polygon",
        "coordinates": [
          [
            [
              829.12437174252,
              540.4011764594941
            ],
            [
              835.4056169829937,
              540.4011764594941
            ],
            [
              835.4056169829937,
              552.683021379028
            ],
            [
              829.12437174252,
              552.683021379028
            ],
            [
              829.12437174252,
              540.4011764594941
            ]
          ]
        ]
      },
      "properties": {
        "eta": 0.05,
        "kind": "inside_cell",
        "depth": 3,
        "approximate_area_m2": 77.14527994505858
      }
    },
    {
      "type": "Feature",
      "geometry": {
        "type": "Polygon",
        "coordinates": [
          [
            [
              835.4056169829937,
              540.4011764594941
            ],
            [
              838.5462396032306,
              540.4011764594941
            ],
            [
              838.5462396032306,
              546.542098919261
            ],
            [
              835.4056169829937,
              546.542098919261
            ],
            [
              835.4056169829937,
              540.4011764594941
            ]
          ]
        ]
      },
      "properties": {
        "eta": 0.05,
        "kind": "inside_cell",
        "depth": 4,
        "approximate_area_m2": 19.286319986264463
      }
    },
    {
      "type": "Feature",
      "geometry": {
        "type": "Polygon",
        "coordinates": [
          [
            [
              838.5462396032306,
              540.4011764594941
            ],
            [
              841.6868622234673,
              540.4011764594941
            ],
            [
              841.6868622234673,
              546.542098919261
            ],
            [
              838.5462396032306,
              546.542098919261
            ],
            [
              838.5462396032306,
              540.4011764594941
            ]
          ]
        ]
      },
      "properties": {
        "eta": 0.05,
        "kind": "inside_cell",
        "depth": 4,
        "approximate_area_m2": 19.286319986263766
      }
    },
    {
      "type": "Feature",
      "geometry": {
        "type": "Polygon",
        "coordinates": [
          [
            [
              838.5462396032306,
              546.542098919261
            ],
            [
              840.1165509133489,
              546.542098919261
            ],
            [
              840.1165509133489,
              549.6125601491444
            ],
            [
              838.5462396032306,
              549.6125601491444
            ],
            [
              838.5462396032306,
              546.542098919261
            ]
          ]
        ]
      },
      "properties": {
        "eta": 0.05,
        "kind": "inside_cell",
        "depth": 5,
        "approximate_area_m2": 4.821579996565767
      }
    },
    {
      "type": "Feature",
      "geometry": {
        "type": "Polygon",
        "coordinates": [
          [
            [
              835.4056169829937,
              546.542098919261
            ],
            [
              836.9759282931121,
              546.542098919261
            ],
            [
              836.9759282931121,
              549.6125601491444
            ],
            [
              835.4056169829937,
              549.6125601491444
            ],
            [
              835.4056169829937,
              546.542098919261
            ]
          ]
        ]
      },
      "properties": {
        "eta": 0.05,
        "kind": "inside_cell",
        "depth": 5,
        "approximate_area_m2": 4.821579996566116
      }
    },
    {
      "type": "Feature",
      "geometry": {
        "type": "Polygon",
        "coordinates": [
          [
            [
              836.9759282931121,
              546.542098919261
            ],
            [
              838.5462396032306,
              546.542098919261
            ],
            [
              838.5462396032306,
              549.6125601491444
            ],
            [
              836.9759282931121,
              549.6125601491444
            ],
            [
              836.9759282931121,
              546.542098919261
            ]
          ]
        ]
      },
      "properties": {
        "eta": 0.05,
        "kind": "inside_cell",
        "depth": 5,
        "approximate_area_m2": 4.821579996566116
      }
    },
    {
      "type": "Feature",
      "geometry": {
        "type": "Polygon",
        "coordinates": [
          [
            [
              835.4056169829937,
              549.6125601491444
            ],
            [
              836.9759282931121,
              549.6125601491444
            ],
            [
              836.9759282931121,
              552.683021379028
            ],
            [
              835.4056169829937,
              552.683021379028
            ],
            [
              835.4056169829937,
              549.6125601491444
            ]
          ]
        ]
      },
      "properties": {
        "eta": 0.05,
        "kind": "inside_cell",
        "depth": 5,
        "approximate_area_m2": 4.821579996566294
      }
    },
    {
      "type": "Feature",
      "geometry": {
        "type": "Polygon",
        "coordinates": [
          [
            [
              829.12437174252,
              552.683021379028
            ],
            [
              832.2649943627569,
              552.683021379028
            ],
            [
              832.2649943627569,
              558.823943838795
            ],
            [
              829.12437174252,
              558.823943838795
            ],
            [
              829.12437174252,
              552.683021379028
            ]
          ]
        ]
      },
      "properties": {
        "eta": 0.05,
        "kind": "inside_cell",
        "depth": 4,
        "approximate_area_m2": 19.28631998626482
      }
    },
    {
      "type": "Feature",
      "geometry": {
        "type": "Polygon",
        "coordinates": [
          [
            [
              832.2649943627569,
              552.683021379028
            ],
            [
              833.8353056728753,
              552.683021379028
            ],
            [
              833.8353056728753,
              555.7534826089116
            ],
            [
              832.2649943627569,
              555.7534826089116
            ],
            [
              832.2649943627569,
              552.683021379028
            ]
          ]
        ]
      },
      "properties": {
        "eta": 0.05,
        "kind": "inside_cell",
        "depth": 5,
        "approximate_area_m2": 4.821579996566294
      }
    },
    {
      "type": "Feature",
      "geometry": {
        "type": "Polygon",
        "coordinates": [
          [
            [
              833.8353056728753,
              552.683021379028
            ],
            [
              835.4056169829937,
              552.683021379028
            ],
            [
              835.4056169829937,
              555.7534826089116
            ],
            [
              833.8353056728753,
              555.7534826089116
            ],
            [
              833.8353056728753,
              552.683021379028
            ]
          ]
        ]
      },
      "properties": {
        "eta": 0.05,
        "kind": "inside_cell",
        "depth": 5,
        "approximate_area_m2": 4.821579996566294
      }
    },
    {
      "type": "Feature",
      "geometry": {
        "type": "Polygon",
        "coordinates": [
          [
            [
              832.2649943627569,
              555.7534826089116
            ],
            [
              833.8353056728753,
              555.7534826089116
            ],
            [
              833.8353056728753,
              558.823943838795
            ],
            [
              832.2649943627569,
              558.823943838795
            ],
            [
              832.2649943627569,
              555.7534826089116
            ]
          ]
        ]
      },
      "properties": {
        "eta": 0.05,
        "kind": "inside_cell",
        "depth": 5,
        "approximate_area_m2": 4.821579996566116
      }
    },
    {
      "type": "Feature",
      "geometry": {
        "type": "Polygon",
        "coordinates": [
          [
            [
              829.12437174252,
              558.823943838795
            ],
            [
              830.6946830526384,
              558.823943838795
            ],
            [
              830.6946830526384,
              561.8944050686785
            ],
            [
              829.12437174252,
              561.8944050686785
            ],
            [
              829.12437174252,
              558.823943838795
            ]
          ]
        ]
      },
      "properties": {
        "eta": 0.05,
        "kind": "inside_cell",
        "depth": 5,
        "approximate_area_m2": 4.821579996566116
      }
    },
    {
      "type": "Feature",
      "geometry": {
        "type": "Polygon",
        "coordinates": [
          [
            [
              816.5618812615728,
              564.9648662985619
            ],
            [
              819.7025038818097,
              564.9648662985619
            ],
            [
              819.7025038818097,
              571.1057887583289
            ],
            [
              816.5618812615728,
              571.1057887583289
            ],
            [
              816.5618812615728,
              564.9648662985619
            ]
          ]
        ]
      },
      "properties": {
        "eta": 0.05,
        "kind": "inside_cell",
        "depth": 4,
        "approximate_area_m2": 19.28631998626482
      }
    },
    {
      "type": "Feature",
      "geometry": {
        "type": "Polygon",
        "coordinates": [
          [
            [
              819.7025038818097,
              564.9648662985619
            ],
            [
              822.8431265020464,
              564.9648662985619
            ],
            [
              822.8431265020464,
              571.1057887583289
            ],
            [
              819.7025038818097,
              571.1057887583289
            ],
            [
              819.7025038818097,
              564.9648662985619
            ]
          ]
        ]
      },
      "properties": {
        "eta": 0.05,
        "kind": "inside_cell",
        "depth": 4,
        "approximate_area_m2": 19.28631998626412
      }
    },
    {
      "type": "Feature",
      "geometry": {
        "type": "Polygon",
        "coordinates": [
          [
            [
              819.7025038818097,
              571.1057887583289
            ],
            [
              821.272815191928,
              571.1057887583289
            ],
            [
              821.272815191928,
              574.1762499882125
            ],
            [
              819.7025038818097,
              574.1762499882125
            ],
            [
              819.7025038818097,
              571.1057887583289
            ]
          ]
        ]
      },
      "properties": {
        "eta": 0.05,
        "kind": "inside_cell",
        "depth": 5,
        "approximate_area_m2": 4.821579996565945
      }
    },
    {
      "type": "Feature",
      "geometry": {
        "type": "Polygon",
        "coordinates": [
          [
            [
              821.272815191928,
              571.1057887583289
            ],
            [
              822.8431265020464,
              571.1057887583289
            ],
            [
              822.8431265020464,
              574.1762499882125
            ],
            [
              821.272815191928,
              574.1762499882125
            ],
            [
              821.272815191928,
              571.1057887583289
            ]
          ]
        ]
      },
      "properties": {
        "eta": 0.05,
        "kind": "inside_cell",
        "depth": 5,
        "approximate_area_m2": 4.821579996566294
      }
    },
    {
      "type": "Feature",
      "geometry": {
        "type": "Polygon",
        "coordinates": [
          [
            [
              819.7025038818097,
              574.1762499882125
            ],
            [
              821.272815191928,
              574.1762499882125
            ],
            [
              821.272815191928,
              577.2467112180959
            ],
            [
              819.7025038818097,
              577.2467112180959
            ],
            [
              819.7025038818097,
              574.1762499882125
            ]
          ]
        ]
      },
      "properties": {
        "eta": 0.05,
        "kind": "inside_cell",
        "depth": 5,
        "approximate_area_m2": 4.821579996565767
      }
    },
    {
      "type": "Feature",
      "geometry": {
        "type": "Polygon",
        "coordinates": [
          [
            [
              816.5618812615728,
              571.1057887583289
            ],
            [
              819.7025038818097,
              571.1057887583289
            ],
            [
              819.7025038818097,
              577.2467112180959
            ],
            [
              816.5618812615728,
              577.2467112180959
            ],
            [
              816.5618812615728,
              571.1057887583289
            ]
          ]
        ]
      },
      "properties": {
        "eta": 0.05,
        "kind": "inside_cell",
        "depth": 4,
        "approximate_area_m2": 19.28631998626482
      }
    },
    {
      "type": "Feature",
      "geometry": {
        "type": "Polygon",
        "coordinates": [
          [
            [
              822.8431265020464,
              564.9648662985619
            ],
            [
              824.4134378121648,
              564.9648662985619
            ],
            [
              824.4134378121648,
              568.0353275284454
            ],
            [
              822.8431265020464,
              568.0353275284454
            ],
            [
              822.8431265020464,
              564.9648662985619
            ]
          ]
        ]
      },
      "properties": {
        "eta": 0.05,
        "kind": "inside_cell",
        "depth": 5,
        "approximate_area_m2": 4.821579996566116
      }
    },
    {
      "type": "Feature",
      "geometry": {
        "type": "Polygon",
        "coordinates": [
          [
            [
              824.4134378121648,
              564.9648662985619
            ],
            [
              825.9837491222831,
              564.9648662985619
            ],
            [
              825.9837491222831,
              568.0353275284454
            ],
            [
              824.4134378121648,
              568.0353275284454
            ],
            [
              824.4134378121648,
              564.9648662985619
            ]
          ]
        ]
      },
      "properties": {
        "eta": 0.05,
        "kind": "inside_cell",
        "depth": 5,
        "approximate_area_m2": 4.821579996565767
      }
    },
    {
      "type": "Feature",
      "geometry": {
        "type": "Polygon",
        "coordinates": [
          [
            [
              822.8431265020464,
              568.0353275284454
            ],
            [
              824.4134378121648,
              568.0353275284454
            ],
            [
              824.4134378121648,
              571.1057887583289
            ],
            [
              822.8431265020464,
              571.1057887583289
            ],
            [
              822.8431265020464,
              568.0353275284454
            ]
          ]
        ]
      },
      "properties": {
        "eta": 0.05,
        "kind": "inside_cell",
        "depth": 5,
        "approximate_area_m2": 4.821579996566294
      }
    },
    {
      "type": "Feature",
      "geometry": {
        "type": "Polygon",
        "coordinates": [
          [
            [
              803.9993907806255,
              564.9648662985619
            ],
            [
              810.2806360210991,
              564.9648662985619
            ],
            [
              810.2806360210991,
              577.2467112180959
            ],
            [
              803.9993907806255,
              577.2467112180959
            ],
            [
              803.9993907806255,
              564.9648662985619
            ]
          ]
        ]
      },
      "properties": {
        "eta": 0.05,
        "kind": "inside_cell",
        "depth": 3,
        "approximate_area_m2": 77.1452799450579
      }
    },
    {
      "type": "Feature",
      "geometry": {
        "type": "Polygon",
        "coordinates": [
          [
            [
              810.2806360210991,
              564.9648662985619
            ],
            [
              816.5618812615728,
              564.9648662985619
            ],
            [
              816.5618812615728,
              577.2467112180959
            ],
            [
              810.2806360210991,
              577.2467112180959
            ],
            [
              810.2806360210991,
              564.9648662985619
            ]
          ]
        ]
      },
      "properties": {
        "eta": 0.05,
        "kind": "inside_cell",
        "depth": 3,
        "approximate_area_m2": 77.14527994505929
      }
    },
    {
      "type": "Feature",
      "geometry": {
        "type": "Polygon",
        "coordinates": [
          [
            [
              810.2806360210991,
              577.2467112180959
            ],
            [
              813.421258641336,
              577.2467112180959
            ],
            [
              813.421258641336,
              583.3876336778628
            ],
            [
              810.2806360210991,
              583.3876336778628
            ],
            [
              810.2806360210991,
              577.2467112180959
            ]
          ]
        ]
      },
      "properties": {
        "eta": 0.05,
        "kind": "inside_cell",
        "depth": 4,
        "approximate_area_m2": 19.286319986264463
      }
    },
    {
      "type": "Feature",
      "geometry": {
        "type": "Polygon",
        "coordinates": [
          [
            [
              813.421258641336,
              577.2467112180959
            ],
            [
              816.5618812615728,
              577.2467112180959
            ],
            [
              816.5618812615728,
              583.3876336778628
            ],
            [
              813.421258641336,
              583.3876336778628
            ],
            [
              813.421258641336,
              577.2467112180959
            ]
          ]
        ]
      },
      "properties": {
        "eta": 0.05,
        "kind": "inside_cell",
        "depth": 4,
        "approximate_area_m2": 19.286319986264463
      }
    },
    {
      "type": "Feature",
      "geometry": {
        "type": "Polygon",
        "coordinates": [
          [
            [
              810.2806360210991,
              583.3876336778628
            ],
            [
              811.8509473312175,
              583.3876336778628
            ],
            [
              811.8509473312175,
              586.4580949077463
            ],
            [
              810.2806360210991,
              586.4580949077463
            ],
            [
              810.2806360210991,
              583.3876336778628
            ]
          ]
        ]
      },
      "properties": {
        "eta": 0.05,
        "kind": "inside_cell",
        "depth": 5,
        "approximate_area_m2": 4.821579996566116
      }
    },
    {
      "type": "Feature",
      "geometry": {
        "type": "Polygon",
        "coordinates": [
          [
            [
              811.8509473312175,
              583.3876336778628
            ],
            [
              813.421258641336,
              583.3876336778628
            ],
            [
              813.421258641336,
              586.4580949077463
            ],
            [
              811.8509473312175,
              586.4580949077463
            ],
            [
              811.8509473312175,
              583.3876336778628
            ]
          ]
        ]
      },
      "properties": {
        "eta": 0.05,
        "kind": "inside_cell",
        "depth": 5,
        "approximate_area_m2": 4.821579996566116
      }
    },
    {
      "type": "Feature",
      "geometry": {
        "type": "Polygon",
        "coordinates": [
          [
            [
              810.2806360210991,
              586.4580949077463
            ],
            [
              811.8509473312175,
              586.4580949077463
            ],
            [
              811.8509473312175,
              589.5285561376298
            ],
            [
              810.2806360210991,
              589.5285561376298
            ],
            [
              810.2806360210991,
              586.4580949077463
            ]
          ]
        ]
      },
      "properties": {
        "eta": 0.05,
        "kind": "inside_cell",
        "depth": 5,
        "approximate_area_m2": 4.821579996566294
      }
    },
    {
      "type": "Feature",
      "geometry": {
        "type": "Polygon",
        "coordinates": [
          [
            [
              803.9993907806255,
              577.2467112180959
            ],
            [
              810.2806360210991,
              577.2467112180959
            ],
            [
              810.2806360210991,
              589.5285561376298
            ],
            [
              803.9993907806255,
              589.5285561376298
            ],
            [
              803.9993907806255,
              577.2467112180959
            ]
          ]
        ]
      },
      "properties": {
        "eta": 0.05,
        "kind": "inside_cell",
        "depth": 3,
        "approximate_area_m2": 77.14527994505717
      }
    },
    {
      "type": "Feature",
      "geometry": {
        "type": "Polygon",
        "coordinates": [
          [
            [
              854.2493527044146,
              -515.8374866204261
            ],
            [
              860.5305979448883,
              -515.8374866204261
            ],
            [
              860.5305979448883,
              -503.5556417008922
            ],
            [
              854.2493527044146,
              -503.5556417008922
            ],
            [
              854.2493527044146,
              -515.8374866204261
            ]
          ]
        ]
      },
      "properties": {
        "eta": 0.05,
        "kind": "inside_cell",
        "depth": 3,
        "approximate_area_m2": 77.14527994505893
      }
    },
    {
      "type": "Feature",
      "geometry": {
        "type": "Polygon",
        "coordinates": [
          [
            [
              860.5305979448883,
              -512.7670253905426
            ],
            [
              862.1009092550067,
              -512.7670253905426
            ],
            [
              862.1009092550067,
              -509.69656416065914
            ],
            [
              860.5305979448883,
              -509.69656416065914
            ],
            [
              860.5305979448883,
              -512.7670253905426
            ]
          ]
        ]
      },
      "properties": {
        "eta": 0.05,
        "kind": "inside_cell",
        "depth": 5,
        "approximate_area_m2": 4.821579996566116
      }
    },
    {
      "type": "Feature",
      "geometry": {
        "type": "Polygon",
        "coordinates": [
          [
            [
              860.5305979448883,
              -509.69656416065914
            ],
            [
              863.6712205651252,
              -509.69656416065914
            ],
            [
              863.6712205651252,
              -503.5556417008922
            ],
            [
              860.5305979448883,
              -503.5556417008922
            ],
            [
              860.5305979448883,
              -509.69656416065914
            ]
          ]
        ]
      },
      "properties": {
        "eta": 0.05,
        "kind": "inside_cell",
        "depth": 4,
        "approximate_area_m2": 19.286319986264644
      }
    },
    {
      "type": "Feature",
      "geometry": {
        "type": "Polygon",
        "coordinates": [
          [
            [
              876.2337110460724,
              -485.1328743215912
            ],
            [
              879.3743336663092,
              -485.1328743215912
            ],
            [
              879.3743336663092,
              -478.99195186182425
            ],
            [
              876.2337110460724,
              -478.99195186182425
            ],
            [
              876.2337110460724,
              -485.1328743215912
            ]
          ]
        ]
      },
      "properties": {
        "eta": 0.05,
        "kind": "inside_cell",
        "depth": 4,
        "approximate_area_m2": 19.286319986264644
      }
    },
    {
      "type": "Feature",
      "geometry": {
        "type": "Polygon",
        "coordinates": [
          [
            [
              876.2337110460724,
              478.99195186182436
            ],
            [
              879.3743336663092,
              478.99195186182436
            ],
            [
              879.3743336663092,
              485.1328743215913
            ],
            [
              876.2337110460724,
              485.1328743215913
            ],
            [
              876.2337110460724,
              478.99195186182436
            ]
          ]
        ]
      },
      "properties": {
        "eta": 0.05,
        "kind": "inside_cell",
        "depth": 4,
        "approximate_area_m2": 19.286319986264644
      }
    },
    {
      "type": "Feature",
      "geometry": {
        "type": "Polygon",
        "coordinates": [
          [
            [
              860.5305979448883,
              503.5556417008923
            ],
            [
              863.6712205651252,
              503.5556417008923
            ],
            [
              863.6712205651252,
              509.69656416065925
            ],
            [
              860.5305979448883,
              509.69656416065925
            ],
            [
              860.5305979448883,
              503.5556417008923
            ]
          ]
        ]
      },
      "properties": {
        "eta": 0.05,
        "kind": "inside_cell",
        "depth": 4,
        "approximate_area_m2": 19.286319986264644
      }
    },
    {
      "type": "Feature",
      "geometry": {
        "type": "Polygon",
        "coordinates": [
          [
            [
              860.5305979448883,
              509.69656416065925
            ],
            [
              862.1009092550067,
              509.69656416065925
            ],
            [
              862.1009092550067,
              512.7670253905428
            ],
            [
              860.5305979448883,
              512.7670253905428
            ],
            [
              860.5305979448883,
              509.69656416065925
            ]
          ]
        ]
      },
      "properties": {
        "eta": 0.05,
        "kind": "inside_cell",
        "depth": 5,
        "approximate_area_m2": 4.821579996566294
      }
    },
    {
      "type": "Feature",
      "geometry": {
        "type": "Polygon",
        "coordinates": [
          [
            [
              854.2493527044146,
              503.5556417008923
            ],
            [
              860.5305979448883,
              503.5556417008923
            ],
            [
              860.5305979448883,
              515.8374866204263
            ],
            [
              854.2493527044146,
              515.8374866204263
            ],
            [
              854.2493527044146,
              503.5556417008923
            ]
          ]
        ]
      },
      "properties": {
        "eta": 0.05,
        "kind": "inside_cell",
        "depth": 3,
        "approximate_area_m2": 77.14527994505893
      }
    }
  ]
}