step,virtual_time_before,virtual_time_after,action_type,target_x,target_y,channel,policy_mode,reason_code,movement_distance,movement_time,switch_time,action_time
1,0.0,0.0,enter,,,,lifecycle,enter_exit,0.0,0.0,0.0,0.0
1,0.0,5.0,measure,0.0,0.0,1,certificate,q4_sparse25,0.0,0.0,0.0,5.0
1,5.0,11.0,measure,0.0,0.0,2,certificate,q4_sparse25,0.0,0.0,1.0,5.0
1,11.0,17.0,measure,0.0,0.0,3,certificate,q4_sparse25,0.0,0.0,1.0,5.0
1,17.0,23.0,measure,0.0,0.0,4,certificate,q4_sparse25,0.0,0.0,1.0,5.0
1,23.0,29.0,measure,0.0,0.0,5,certificate,q4_sparse25,0.0,0.0,1.0,5.0
1,29.0,35.0,measure,0.0,0.0,6,certificate,q4_sparse25,0.0,0.0,1.0,5.0
1,35.0,41.0,measure,0.0,0.0,7,certificate,q4_sparse25,0.0,0.0,1.0,5.0
1,41.0,47.0,measure,0.0,0.0,8,certificate,q4_sparse25,0.0,0.0,1.0,5.0
1,47.0,53.0,measure,0.0,0.0,9,certificate,q4_sparse25,0.0,0.0,1.0,5.0
1,53.0,59.0,measure,0.0,0.0,10,certificate,q4_sparse25,0.0,0.0,1.0,5.0
1,59.0,65.0,measure,0.0,0.0,11,certificate,q4_sparse25,0.0,0.0,1.0,5.0
1,65.0,71.0,measure,0.0,0.0,12,certificate,q4_sparse25,0.0,0.0,1.0,5.0
1,71.0,77.0,measure,0.0,0.0,13,certificate,q4_sparse25,0.0,0.0,1.0,5.0
1,77.0,83.0,measure,0.0,0.0,14,certificate,q4_sparse25,0.0,0.0,1.0,5.0
1,83.0,89.0,measure,0.0,0.0,15,certificate,q4_sparse25,0.0,0.0,1.0,5.0
1,89.0,95.0,measure,0.0,0.0,16,certificate,q4_sparse25,0.0,0.0,1.0,5.0
1,95.0,101.0,measure,0.0,0.0,17,certificate,q4_sparse25,0.0,0.0,1.0,5.0
1,101.0,107.0,measure,0.0,0.0,18,certificate,q4_sparse25,0.0,0.0,1.0,5.0
1,107.0,113.0,measure,0.0,0.0,19,certificate,q4_sparse25,0.0,0.0,1.0,5.0
1,113.0,119.0,measure,0.0,0.0,20,certificate,q4_sparse25,0.0,0.0,1.0,5.0
2,119.0,285.851618,measure,-366.66634546367777,-721.4252868260304,20,active_localization,nbv:opportunistic,809.258088,161.851618,0.0,5.0
2,285.851618,291.851618,measure,-366.66634546367777,-721.4252868260304,4,active_localization,nbv,0.0,0.0,1.0,5.0
2,291.851618,297.851618,measure,-366.66634546367777,-721.4252868260304,1,active_localization,nbv:opportunistic,0.0,0.0,1.0,5.0
2,297.851618,303.851618,measure,-366.66634546367777,-721.4252868260304,2,active_localization,nbv:opportunistic,0.0,0.0,1.0,5.0
2,303.851618,309.851618,measure,-366.66634546367777,-721.4252868260304,3,active_localization,nbv:opportunistic,0.0,0.0,1.0,5.0
2,309.851618,315.851618,measure,-366.66634546367777,-721.4252868260304,5,active_localization,nbv:opportunistic,0.0,0.0,1.0,5.0
2,315.851618,321.851618,measure,-366.66634546367777,-721.4252868260304,6,active_localization,nbv:opportunistic,0.0,0.0,1.0,5.0
2,321.851618,327.851618,measure,-366.66634546367777,-721.4252868260304,7,active_localization,nbv:opportunistic,0.0,0.0,1.0,5.0
2,327.851618,333.851618,measure,-366.66634546367777,-721.4252868260304,8,active_localization,nbv:opportunistic,0.0,0.0,1.0,5.0
2,333.851618,339.851618,measure,-366.66634546367777,-721.4252868260304,9,active_localization,nbv:opportunistic,0.0,0.0,1.0,5.0
2,339.851618,345.851618,measure,-366.66634546367777,-721.4252868260304,10,active_localization,nbv:opportunistic,0.0,0.0,1.0,5.0
2,345.851618,351.851618,measure,-366.66634546367777,-721.4252868260304,11,active_localization,nbv:opportunistic,0.0,0.0,1.0,5.0
2,351.851618,357.851618,measure,-366.66634546367777,-721.4252868260304,12,active_localization,nbv:opportunistic,0.0,0.0,1.0,5.0
2,357.851618,363.851618,measure,-366.66634546367777,-721.4252868260304,13,active_localization,nbv:opportunistic,0.0,0.0,1.0,5.0
2,363.851618,369.851618,measure,-366.66634546367777,-721.4252868260304,14,active_localization,nbv:opportunistic,0.0,0.0,1.0,5.0
2,369.851618,375.851618,measure,-366.66634546367777,-721.4252868260304,15,active_localization,nbv:opportunistic,0.0,0.0,1.0,5.0
2,375.851618,381.851618,measure,-366.66634546367777,-721.4252868260304,16,active_localization,nbv:opportunistic,0.0,0.0,1.0,5.0
2,381.851618,387.851618,measure,-366.66634546367777,-721.4252868260304,17,active_localization,nbv:opportunistic,0.0,0.0,1.0,5.0
2,387.851618,393.851618,measure,-366.66634546367777,-721.4252868260304,18,active_localization,nbv:opportunistic,0.0,0.0,1.0,5.0
2,393.851618,399.851618,measure,-366.66634546367777,-721.4252868260304,19,active_localization,nbv:opportunistic,0.0,0.0,1.0,5.0
3,399.851618,533.332623,clear,272.0315955474499,-652.5111413007747,10,ready_clear,clear,642.405027,128.481005,0.0,5.0
3,533.332623,538.332623,measure,272.0315955474499,-652.5111413007747,19,ready_clear,clear:opportunistic,0.0,0.0,0.0,5.0
3,538.332623,544.332623,measure,272.0315955474499,-652.5111413007747,1,ready_clear,clear:opportunistic,0.0,0.0,1.0,5.0
3,544.332623,550.332623,measure,272.0315955474499,-652.5111413007747,2,ready_clear,clear:opportunistic,0.0,0.0,1.0,5.0
3,550.332623,556.332623,measure,272.0315955474499,-652.5111413007747,3,ready_clear,clear:opportunistic,0.0,0.0,1.0,5.0
3,556.332623,562.332623,measure,272.0315955474499,-652.5111413007747,4,ready_clear,clear:opportunistic,0.0,0.0,1.0,5.0
3,562.332623,568.332623,measure,272.0315955474499,-652.5111413007747,5,ready_clear,clear:opportunistic,0.0,0.0,1.0,5.0
3,568.332623,574.332623,measure,272.0315955474499,-652.5111413007747,6,ready_clear,clear:opportunistic,0.0,0.0,1.0,5.0
3,574.332623,580.332623,measure,272.0315955474499,-652.5111413007747,7,ready_clear,clear:opportunistic,0.0,0.0,1.0,5.0
3,580.332623,586.332623,measure,272.0315955474499,-652.5111413007747,8,ready_clear,clear:opportunistic,0.0,0.0,1.0,5.0
3,586.332623,592.332623,measure,272.0315955474499,-652.5111413007747,9,ready_clear,clear:opportunistic,0.0,0.0,1.0,5.0
3,592.332623,598.332623,measure,272.0315955474499,-652.5111413007747,11,ready_clear,clear:opportunistic,0.0,0.0,1.0,5.0
3,598.332623,604.332623,measure,272.0315955474499,-652.5111413007747,12,ready_clear,clear:opportunistic,0.0,0.0,1.0,5.0
3,604.332623,610.332623,measure,272.0315955474499,-652.5111413007747,13,ready_clear,clear:opportunistic,0.0,0.0,1.0,5.0
3,610.332623,616.332623,measure,272.0315955474499,-652.5111413007747,14,ready_clear,clear:opportunistic,0.0,0.0,1.0,5.0
3,616.332623,622.332623,measure,272.0315955474499,-652.5111413007747,15,ready_clear,clear:opportunistic,0.0,0.0,1.0,5.0
3,622.332623,628.332623,measure,272.0315955474499,-652.5111413007747,16,ready_clear,clear:opportunistic,0.0,0.0,1.0,5.0
3,628.332623,634.332623,measure,272.0315955474499,-652.5111413007747,17,ready_clear,clear:opportunistic,0.0,0.0,1.0,5.0
3,634.332623,640.332623,measure,272.0315955474499,-652.5111413007747,18,ready_clear,clear:opportunistic,0.0,0.0,1.0,5.0
3,640.332623,646.332623,measure,272.0315955474499,-652.5111413007747,20,ready_clear,clear:opportunistic,0.0,0.0,1.0,5.0
4,646.332623,795.070609,measure,975.3583177220111,-504.7047265427393,20,active_localization,nbv:opportunistic,718.689929,143.737986,0.0,5.0
4,795.070609,801.070609,measure,975.3583177220111,-504.7047265427393,18,active_localization,nbv,0.0,0.0,1.0,5.0
4,801.070609,807.070609,measure,975.3583177220111,-504.7047265427393,1,active_localization,nbv:opportunistic,0.0,0.0,1.0,5.0
4,807.070609,813.070609,measure,975.3583177220111,-504.7047265427393,2,active_localization,nbv:opportunistic,0.0,0.0,1.0,5.0
4,813.070609,819.070609,measure,975.3583177220111,-504.7047265427393,3,active_localization,nbv:opportunistic,0.0,0.0,1.0,5.0
4,819.070609,825.070609,measure,975.3583177220111,-504.7047265427393,4,active_localization,nbv:opportunistic,0.0,0.0,1.0,5.0
4,825.070609,831.070609,measure,975.3583177220111,-504.7047265427393,5,active_localization,nbv:opportunistic,0.0,0.0,1.0,5.0
4,831.070609,837.070609,measure,975.3583177220111,-504.7047265427393,6,active_localization,nbv:opportunistic,0.0,0.0,1.0,5.0
4,837.070609,843.070609,measure,975.3583177220111,-504.7047265427393,7,active_localization,nbv:opportunistic,0.0,0.0,1.0,5.0
4,843.070609,849.070609,measure,975.3583177220111,-504.7047265427393,8,active_localization,nbv:opportunistic,0.0,0.0,1.0,5.0
4,849.070609,855.070609,measure,975.3583177220111,-504.7047265427393,9,active_localization,nbv:opportunistic,0.0,0.0,1.0,5.0
4,855.070609,861.070609,measure,975.3583177220111,-504.7047265427393,11,active_localization,nbv:opportunistic,0.0,0.0,1.0,5.0
4,861.070609,867.070609,measure,975.3583177220111,-504.7047265427393,12,active_localization,nbv:opportunistic,0.0,0.0,1.0,5.0
4,867.070609,873.070609,measure,975.3583177220111,-504.7047265427393,13,active_localization,nbv:opportunistic,0.0,0.0,1.0,5.0
4,873.070609,879.070609,measure,975.3583177220111,-504.7047265427393,14,active_localization,nbv:opportunistic,0.0,0.0,1.0,5.0
4,879.070609,885.070609,measure,975.3583177220111,-504.7047265427393,15,active_localization,nbv:opportunistic,0.0,0.0,1.0,5.0
4,885.070609,891.070609,measure,975.3583177220111,-504.7047265427393,16,active_localization,nbv:opportunistic,0.0,0.0,1.0,5.0
4,891.070609,897.070609,measure,975.3583177220111,-504.7047265427393,17,active_localization,nbv:opportunistic,0.0,0.0,1.0,5.0
4,897.070609,903.070609,measure,975.3583177220111,-504.7047265427393,19,active_localization,nbv:opportunistic,0.0,0.0,1.0,5.0
5,903.070609,1070.062237,measure,216.91449423517497,-220.45983897162174,19,active_localization,nbv:opportunistic,809.958141,161.991628,0.0,5.0
5,1070.062237,1076.062237,measure,216.91449423517497,-220.45983897162174,13,active_localization,nbv,0.0,0.0,1.0,5.0
5,1076.062237,1082.062237,measure,216.91449423517497,-220.45983897162174,1,active_localization,nbv:opportunistic,0.0,0.0,1.0,5.0
5,1082.062237,1088.062237,measure,216.91449423517497,-220.45983897162174,2,active_localization,nbv:opportunistic,0.0,0.0,1.0,5.0
5,1088.062237,1094.062237,measure,216.91449423517497,-220.45983897162174,3,active_localization,nbv:opportunistic,0.0,0.0,1.0,5.0
5,1094.062237,1100.062237,measure,216.91449423517497,-220.45983897162174,4,active_localization,nbv:opportunistic,0.0,0.0,1.0,5.0
5,1100.062237,1106.062237,measure,216.91449423517497,-220.45983897162174,5,active_localization,nbv:opportunistic,0.0,0.0,1.0,5.0
5,1106.062237,1112.062237,measure,216.91449423517497,-220.45983897162174,6,active_localization,nbv:opportunistic,0.0,0.0,1.0,5.0
5,1112.062237,1118.062237,measure,216.91449423517497,-220.45983897162174,7,active_localization,nbv:opportunistic,0.0,0.0,1.0,5.0
5,1118.062237,1124.062237,measure,216.91449423517497,-220.45983897162174,8,active_localization,nbv:opportunistic,0.0,0.0,1.0,5.0
5,1124.062237,1130.062237,measure,216.91449423517497,-220.45983897162174,9,active_localization,nbv:opportunistic,0.0,0.0,1.0,5.0
5,1130.062237,1136.062237,measure,216.91449423517497,-220.45983897162174,11,active_localization,nbv:opportunistic,0.0,0.0,1.0,5.0
5,1136.062237,1142.062237,measure,216.91449423517497,-220.45983897162174,12,active_localization,nbv:opportunistic,0.0,0.0,1.0,5.0
5,1142.062237,1148.062237,measure,216.91449423517497,-220.45983897162174,14,active_localization,nbv:opportunistic,0.0,0.0,1.0,5.0
5,1148.062237,1154.062237,measure,216.91449423517497,-220.45983897162174,15,active_localization,nbv:opportunistic,0.0,0.0,1.0,5.0
5,1154.062237,1160.062237,measure,216.91449423517497,-220.45983897162174,16,active_localization,nbv:opportunistic,0.0,0.0,1.0,5.0
5,1160.062237,1166.062237,measure,216.91449423517497,-220.45983897162174,17,active_localization,nbv:opportunistic,0.0,0.0,1.0,5.0
5,1166.062237,1172.062237,measure,216.91449423517497,-220.45983897162174,18,active_localization,nbv:opportunistic,0.0,0.0,1.0,5.0
5,1172.062237,1178.062237,measure,216.91449423517497,-220.45983897162174,20,active_localization,nbv:opportunistic,0.0,0.0,1.0,5.0
6,1178.062237,1380.084679,measure,1116.9658714590628,179.9818998430867,20,active_localization,nbv:opportunistic,985.112211,197.022442,0.0,5.0
6,1380.084679,1386.084679,measure,1116.9658714590628,179.9818998430867,1,active_localization,nbv,0.0,0.0,1.0,5.0
6,1386.084679,1392.084679,measure,1116.9658714590628,179.9818998430867,2,active_localization,nbv:opportunistic,0.0,0.0,1.0,5.0
6,1392.084679,1398.084679,measure,1116.9658714590628,179.9818998430867,3,active_localization,nbv:opportunistic,0.0,0.0,1.0,5.0
6,1398.084679,1404.084679,measure,1116.9658714590628,179.9818998430867,4,active_localization,nbv:opportunistic,0.0,0.0,1.0,5.0
6,1404.084679,1410.084679,measure,1116.9658714590628,179.9818998430867,5,active_localization,nbv:opportunistic,0.0,0.0,1.0,5.0
6,1410.084679,1416.084679,measure,1116.9658714590628,179.9818998430867,6,active_localization,nbv:opportunistic,0.0,0.0,1.0,5.0
6,1416.084679,1422.084679,measure,1116.9658714590628,179.9818998430867,7,active_localization,nbv:opportunistic,0.0,0.0,1.0,5.0
6,1422.084679,1428.084679,measure,1116.9658714590628,179.9818998430867,8,active_localization,nbv:opportunistic,0.0,0.0,1.0,5.0
6,1428.084679,1434.084679,measure,1116.9658714590628,179.9818998430867,9,active_localization,nbv:opportunistic,0.0,0.0,1.0,5.0
6,1434.084679,1440.084679,measure,1116.9658714590628,179.9818998430867,11,active_localization,nbv:opportunistic,0.0,0.0,1.0,5.0
6,1440.084679,1446.084679,measure,1116.9658714590628,179.9818998430867,12,active_localization,nbv:opportunistic,0.0,0.0,1.0,5.0
6,1446.084679,1452.084679,measure,1116.9658714590628,179.9818998430867,13,active_localization,nbv:opportunistic,0.0,0.0,1.0,5.0
6,1452.084679,1458.084679,measure,1116.9658714590628,179.9818998430867,14,active_localization,nbv:opportunistic,0.0,0.0,1.0,5.0
6,1458.084679,1464.084679,measure,1116.9658714590628,179.9818998430867,15,active_localization,nbv:opportunistic,0.0,0.0,1.0,5.0
6,1464.084679,1470.084679,measure,1116.9658714590628,179.9818998430867,16,active_localization,nbv:opportunistic,0.0,0.0,1.0,5.0
6,1470.084679,1476.084679,measure,1116.9658714590628,179.9818998430867,17,active_localization,nbv:opportunistic,0.0,0.0,1.0,5.0
6,1476.084679,1482.084679,measure,1116.9658714590628,179.9818998430867,18,active_localization,nbv:opportunistic,0.0,0.0,1.0,5.0
6,1482.084679,1488.084679,measure,1116.9658714590628,179.9818998430867,19,active_localization,nbv:opportunistic,0.0,0.0,1.0,5.0
7,1488.084679,1691.078208,measure,134.44013940824,301.1393106592761,19,active_localization,nbv:opportunistic,989.967642,197.993528,0.0,5.0
7,1691.078208,1697.078208,measure,134.44013940824,301.1393106592761,13,active_localization,nbv,0.0,0.0,1.0,5.0
7,1697.078208,1703.078208,measure,134.44013940824,301.1393106592761,1,active_localization,nbv:opportunistic,0.0,0.0,1.0,5.0
7,1703.078208,1709.078208,measure,134.44013940824,301.1393106592761,2,active_localization,nbv:opportunistic,0.0,0.0,1.0,5.0
7,1709.078208,1715.078208,measure,134.44013940824,301.1393106592761,3,active_localization,nbv:opportunistic,0.0,0.0,1.0,5.0
7,1715.078208,1721.078208,measure,134.44013940824,301.1393106592761,4,active_localization,nbv:opportunistic,0.0,0.0,1.0,5.0
7,1721.078208,1727.078208,measure,134.44013940824,301.1393106592761,5,active_localization,nbv:opportunistic,0.0,0.0,1.0,5.0
7,1727.078208,1733.078208,measure,134.44013940824,301.1393106592761,6,active_localization,nbv:opportunistic,0.0,0.0,1.0,5.0
7,1733.078208,1739.078208,measure,134.44013940824,301.1393106592761,7,active_localization,nbv:opportunistic,0.0,0.0,1.0,5.0
7,1739.078208,1745.078208,measure,134.44013940824,301.1393106592761,8,active_localization,nbv:opportunistic,0.0,0.0,1.0,5.0
7,1745.078208,1751.078208,measure,134.44013940824,301.1393106592761,9,active_localization,nbv:opportunistic,0.0,0.0,1.0,5.0
7,1751.078208,1757.078208,measure,134.44013940824,301.1393106592761,11,active_localization,nbv:opportunistic,0.0,0.0,1.0,5.0
7,1757.078208,1763.078208,measure,134.44013940824,301.1393106592761,12,active_localization,nbv:opportunistic,0.0,0.0,1.0,5.0
7,1763.078208,1769.078208,measure,134.44013940824,301.1393106592761,14,active_localization,nbv:opportunistic,0.0,0.0,1.0,5.0
7,1769.078208,1775.078208,measure,134.44013940824,301.1393106592761,15,active_localization,nbv:opportunistic,0.0,0.0,1.0,5.0
7,1775.078208,1781.078208,measure,134.44013940824,301.1393106592761,16,active_localization,nbv:opportunistic,0.0,0.0,1.0,5.0
7,1781.078208,1787.078208,measure,134.44013940824,301.1393106592761,17,active_localization,nbv:opportunistic,0.0,0.0,1.0,5.0
7,1787.078208,1793.078208,measure,134.44013940824,301.1393106592761,18,active_localization,nbv:opportunistic,0.0,0.0,1.0,5.0
7,1793.078208,1799.078208,measure,134.44013940824,301.1393106592761,20,active_localization,nbv:opportunistic,0.0,0.0,1.0,5.0
8,1799.078208,1809.677783,clear,127.70107334972873,273.96457617215873,13,ready_clear,clear,27.997879,5.599576,0.0,5.0
8,1809.677783,1814.677783,measure,127.70107334972873,273.96457617215873,20,ready_clear,clear:opportunistic,0.0,0.0,0.0,5.0
8,1814.677783,1820.677783,measure,127.70107334972873,273.96457617215873,1,ready_clear,clear:opportunistic,0.0,0.0,1.0,5.0
8,1820.677783,1826.677783,measure,127.70107334972873,273.96457617215873,2,ready_clear,clear:opportunistic,0.0,0.0,1.0,5.0
8,1826.677783,1832.677783,measure,127.70107334972873,273.96457617215873,3,ready_clear,clear:opportunistic,0.0,0.0,1.0,5.0
8,1832.677783,1838.677783,measure,127.70107334972873,273.96457617215873,4,ready_clear,clear:opportunistic,0.0,0.0,1.0,5.0
8,1838.677783,1844.677783,measure,127.70107334972873,273.96457617215873,5,ready_clear,clear:opportunistic,0.0,0.0,1.0,5.0
8,1844.677783,1850.677783,measure,127.70107334972873,273.96457617215873,6,ready_clear,clear:opportunistic,0.0,0.0,1.0,5.0
8,1850.677783,1856.677783,measure,127.70107334972873,273.96457617215873,7,ready_clear,clear:opportunistic,0.0,0.0,1.0,5.0
8,1856.677783,1862.677783,measure,127.70107334972873,273.96457617215873,8,ready_clear,clear:opportunistic,0.0,0.0,1.0,5.0
8,1862.677783,1868.677783,measure,127.70107334972873,273.96457617215873,9,ready_clear,clear:opportunistic,0.0,0.0,1.0,5.0
8,1868.677783,1874.677783,measure,127.70107334972873,273.96457617215873,11,ready_clear,clear:opportunistic,0.0,0.0,1.0,5.0
8,1874.677783,1880.677783,measure,127.70107334972873,273.96457617215873,12,ready_clear,clear:opportunistic,0.0,0.0,1.0,5.0
8,1880.677783,1886.677783,measure,127.70107334972873,273.96457617215873,14,ready_clear,clear:opportunistic,0.0,0.0,1.0,5.0
8,1886.677783,1892.677783,measure,127.70107334972873,273.96457617215873,15,ready_clear,clear:opportunistic,0.0,0.0,1.0,5.0
8,1892.677783,1898.677783,measure,127.70107334972873,273.96457617215873,16,ready_clear,clear:opportunistic,0.0,0.0,1.0,5.0
8,1898.677783,1904.677783,measure,127.70107334972873,273.96457617215873,17,ready_clear,clear:opportunistic,0.0,0.0,1.0,5.0
8,1904.677783,1910.677783,measure,127.70107334972873,273.96457617215873,18,ready_clear,clear:opportunistic,0.0,0.0,1.0,5.0
8,1910.677783,1916.677783,measure,127.70107334972873,273.96457617215873,19,ready_clear,clear:opportunistic,0.0,0.0,1.0,5.0
9,1916.677783,2165.499252,measure,-799.607965398553,-517.4396575532528,19,active_localization,nbv:opportunistic,1219.107343,243.821469,0.0,5.0
9,2165.499252,2171.499252,measure,-799.607965398553,-517.4396575532528,4,active_localization,nbv,0.0,0.0,1.0,5.0
9,2171.499252,2177.499252,measure,-799.607965398553,-517.4396575532528,1,active_localization,nbv:opportunistic,0.0,0.0,1.0,5.0
9,2177.499252,2183.499252,measure,-799.607965398553,-517.4396575532528,2,active_localization,nbv:opportunistic,0.0,0.0,1.0,5.0
9,2183.499252,2189.499252,measure,-799.607965398553,-517.4396575532528,3,active_localization,nbv:opportunistic,0.0,0.0,1.0,5.0
9,2189.499252,2195.499252,measure,-799.607965398553,-517.4396575532528,5,active_localization,nbv:opportunistic,0.0,0.0,1.0,5.0
9,2195.499252,2201.499252,measure,-799.607965398553,-517.4396575532528,6,active_localization,nbv:opportunistic,0.0,0.0,1.0,5.0
9,2201.499252,2207.499252,measure,-799.607965398553,-517.4396575532528,7,active_localization,nbv:opportunistic,0.0,0.0,1.0,5.0
9,2207.499252,2213.499252,measure,-799.607965398553,-517.4396575532528,8,active_localization,nbv:opportunistic,0.0,0.0,1.0,5.0
9,2213.499252,2219.499252,measure,-799.607965398553,-517.4396575532528,9,active_localization,nbv:opportunistic,0.0,0.0,1.0,5.0
9,2219.499252,2225.499252,measure,-799.607965398553,-517.4396575532528,11,active_localization,nbv:opportunistic,0.0,0.0,1.0,5.0
9,2225.499252,2231.499252,measure,-799.607965398553,-517.4396575532528,12,active_localization,nbv:opportunistic,0.0,0.0,1.0,5.0
9,2231.499252,2237.499252,measure,-799.607965398553,-517.4396575532528,14,active_localization,nbv:opportunistic,0.0,0.0,1.0,5.0
9,2237.499252,2243.499252,measure,-799.607965398553,-517.4396575532528,15,active_localization,nbv:opportunistic,0.0,0.0,1.0,5.0
9,2243.499252,2249.499252,measure,-799.607965398553,-517.4396575532528,16,active_localization,nbv:opportunistic,0.0,0.0,1.0,5.0
9,2249.499252,2255.499252,measure,-799.607965398553,-517.4396575532528,17,active_localization,nbv:opportunistic,0.0,0.0,1.0,5.0
9,2255.499252,2261.499252,measure,-799.607965398553,-517.4396575532528,18,active_localization,nbv:opportunistic,0.0,0.0,1.0,5.0
9,2261.499252,2267.499252,measure,-799.607965398553,-517.4396575532528,20,active_localization,nbv:opportunistic,0.0,0.0,1.0,5.0
10,2267.499252,2301.53405,clear,-666.8205539092006,-576.116654761323,4,ready_clear,clear,145.173988,29.034798,0.0,5.0
10,2301.53405,2306.53405,measure,-666.8205539092006,-576.116654761323,20,ready_clear,clear:opportunistic,0.0,0.0,0.0,5.0
10,2306.53405,2312.53405,measure,-666.8205539092006,-576.116654761323,1,ready_clear,clear:opportunistic,0.0,0.0,1.0,5.0
10,2312.53405,2318.53405,measure,-666.8205539092006,-576.116654761323,2,ready_clear,clear:opportunistic,0.0,0.0,1.0,5.0
10,2318.53405,2324.53405,measure,-666.8205539092006,-576.116654761323,3,ready_clear,clear:opportunistic,0.0,0.0,1.0,5.0
10,2324.53405,2330.53405,measure,-666.8205539092006,-576.116654761323,5,ready_clear,clear:opportunistic,0.0,0.0,1.0,5.0
10,2330.53405,2336.53405,measure,-666.8205539092006,-576.116654761323,6,ready_clear,clear:opportunistic,0.0,0.0,1.0,5.0
10,2336.53405,2342.53405,measure,-666.8205539092006,-576.116654761323,7,ready_clear,clear:opportunistic,0.0,0.0,1.0,5.0
10,2342.53405,2348.53405,measure,-666.8205539092006,-576.116654761323,8,ready_clear,clear:opportunistic,0.0,0.0,1.0,5.0
10,2348.53405,2354.53405,measure,-666.8205539092006,-576.116654761323,9,ready_clear,clear:opportunistic,0.0,0.0,1.0,5.0
10,2354.53405,2360.53405,measure,-666.8205539092006,-576.116654761323,11,ready_clear,clear:opportunistic,0.0,0.0,1.0,5.0
10,2360.53405,2366.53405,measure,-666.8205539092006,-576.116654761323,12,ready_clear,clear:opportunistic,0.0,0.0,1.0,5.0
10,2366.53405,2372.53405,measure,-666.8205539092006,-576.116654761323,14,ready_clear,clear:opportunistic,0.0,0.0,1.0,5.0
10,2372.53405,2378.53405,measure,-666.8205539092006,-576.116654761323,15,ready_clear,clear:opportunistic,0.0,0.0,1.0,5.0
10,2378.53405,2384.53405,measure,-666.8205539092006,-576.116654761323,16,ready_clear,clear:opportunistic,0.0,0.0,1.0,5.0
10,2384.53405,2390.53405,measure,-666.8205539092006,-576.116654761323,17,ready_clear,clear:opportunistic,0.0,0.0,1.0,5.0
10,2390.53405,2396.53405,measure,-666.8205539092006,-576.116654761323,18,ready_clear,clear:opportunistic,0.0,0.0,1.0,5.0
10,2396.53405,2402.53405,measure,-666.8205539092006,-576.116654761323,19,ready_clear,clear:opportunistic,0.0,0.0,1.0,5.0
11,2402.53405,2580.398925,measure,-1043.2234798128152,201.9434122992375,19,active_localization,nbv:opportunistic,864.324378,172.864876,0.0,5.0
11,2580.398925,2586.398925,measure,-1043.2234798128152,201.9434122992375,7,active_localization,nbv,0.0,0.0,1.0,5.0
11,2586.398925,2592.398925,measure,-1043.2234798128152,201.9434122992375,1,active_localization,nbv:opportunistic,0.0,0.0,1.0,5.0
11,2592.398925,2598.398925,measure,-1043.2234798128152,201.9434122992375,2,active_localization,nbv:opportunistic,0.0,0.0,1.0,5.0
11,2598.398925,2604.398925,measure,-1043.2234798128152,201.9434122992375,3,active_localization,nbv:opportunistic,0.0,0.0,1.0,5.0
11,2604.398925,2610.398925,measure,-1043.2234798128152,201.9434122992375,5,active_localization,nbv:opportunistic,0.0,0.0,1.0,5.0
11,2610.398925,2616.398925,measure,-1043.2234798128152,201.9434122992375,6,active_localization,nbv:opportunistic,0.0,0.0,1.0,5.0
11,2616.398925,2622.398925,measure,-1043.2234798128152,201.9434122992375,8,active_localization,nbv:opportunistic,0.0,0.0,1.0,5.0
11,2622.398925,2628.398925,measure,-1043.2234798128152,201.9434122992375,9,active_localization,nbv:opportunistic,0.0,0.0,1.0,5.0
11,2628.398925,2634.398925,measure,-1043.2234798128152,201.9434122992375,11,active_localization,nbv:opportunistic,0.0,0.0,1.0,5.0
11,2634.398925,2640.398925,measure,-1043.2234798128152,201.9434122992375,12,active_localization,nbv:opportunistic,0.0,0.0,1.0,5.0
11,2640.398925,2646.398925,measure,-1043.2234798128152,201.9434122992375,14,active_localization,nbv:opportunistic,0.0,0.0,1.0,5.0
11,2646.398925,2652.398925,measure,-1043.2234798128152,201.9434122992375,15,active_localization,nbv:opportunistic,0.0,0.0,1.0,5.0
11,2652.398925,2658.398925,measure,-1043.2234798128152,201.9434122992375,16,active_localization,nbv:opportunistic,0.0,0.0,1.0,5.0
11,2658.398925,2664.398925,measure,-1043.2234798128152,201.9434122992375,17,active_localization,nbv:opportunistic,0.0,0.0,1.0,5.0
11,2664.398925,2670.398925,measure,-1043.2234798128152,201.9434122992375,18,active_localization,nbv:opportunistic,0.0,0.0,1.0,5.0
11,2670.398925,2676.398925,measure,-1043.2234798128152,201.9434122992375,20,active_localization,nbv:opportunistic,0.0,0.0,1.0,5.0
12,2676.398925,2826.32482,measure,-712.3041559535459,846.5985722744176,20,active_localization,nbv:opportunistic,724.629474,144.925895,0.0,5.0
12,2826.32482,2832.32482,measure,-712.3041559535459,846.5985722744176,12,active_localization,nbv,0.0,0.0,1.0,5.0
12,2832.32482,2838.32482,measure,-712.3041559535459,846.5985722744176,1,active_localization,nbv:opportunistic,0.0,0.0,1.0,5.0
12,2838.32482,2844.32482,measure,-712.3041559535459,846.5985722744176,2,active_localization,nbv:opportunistic,0.0,0.0,1.0,5.0
12,2844.32482,2850.32482,measure,-712.3041559535459,846.5985722744176,3,active_localization,nbv:opportunistic,0.0,0.0,1.0,5.0
12,2850.32482,2856.32482,measure,-712.3041559535459,846.5985722744176,5,active_localization,nbv:opportunistic,0.0,0.0,1.0,5.0
12,2856.32482,2862.32482,measure,-712.3041559535459,846.5985722744176,6,active_localization,nbv:opportunistic,0.0,0.0,1.0,5.0
12,2862.32482,2868.32482,measure,-712.3041559535459,846.5985722744176,7,active_localization,nbv:opportunistic,0.0,0.0,1.0,5.0
12,2868.32482,2874.32482,measure,-712.3041559535459,846.5985722744176,8,active_localization,nbv:opportunistic,0.0,0.0,1.0,5.0
12,2874.32482,2880.32482,measure,-712.3041559535459,846.5985722744176,9,active_localization,nbv:opportunistic,0.0,0.0,1.0,5.0
12,2880.32482,2886.32482,measure,-712.3041559535459,846.5985722744176,11,active_localization,nbv:opportunistic,0.0,0.0,1.0,5.0
12,2886.32482,2892.32482,measure,-712.3041559535459,846.5985722744176,14,active_localization,nbv:opportunistic,0.0,0.0,1.0,5.0
12,2892.32482,2898.32482,measure,-712.3041559535459,846.5985722744176,15,active_localization,nbv:opportunistic,0.0,0.0,1.0,5.0
12,2898.32482,2904.32482,measure,-712.3041559535459,846.5985722744176,16,active_localization,nbv:opportunistic,0.0,0.0,1.0,5.0
12,2904.32482,2910.32482,measure,-712.3041559535459,846.5985722744176,17,active_localization,nbv:opportunistic,0.0,0.0,1.0,5.0
12,2910.32482,2916.32482,measure,-712.3041559535459,846.5985722744176,18,active_localization,nbv:opportunistic,0.0,0.0,1.0,5.0
12,2916.32482,2922.32482,measure,-712.3041559535459,846.5985722744176,19,active_localization,nbv:opportunistic,0.0,0.0,1.0,5.0
13,2922.32482,3079.865301,measure,11.484140175748308,1087.1094001755598,19,active_localization,nbv:opportunistic,762.702403,152.540481,0.0,5.0
13,3079.865301,3085.865301,measure,11.484140175748308,1087.1094001755598,5,active_localization,nbv,0.0,0.0,1.0,5.0
13,3085.865301,3091.865301,measure,11.484140175748308,1087.1094001755598,1,active_localization,nbv:opportunistic,0.0,0.0,1.0,5.0
13,3091.865301,3097.865301,measure,11.484140175748308,1087.1094001755598,2,active_localization,nbv:opportunistic,0.0,0.0,1.0,5.0
13,3097.865301,3103.865301,measure,11.484140175748308,1087.1094001755598,3,active_localization,nbv:opportunistic,0.0,0.0,1.0,5.0
13,3103.865301,3109.865301,measure,11.484140175748308,1087.1094001755598,6,active_localization,nbv:opportunistic,0.0,0.0,1.0,5.0
13,3109.865301,3115.865301,measure,11.484140175748308,1087.1094001755598,7,active_localization,nbv:opportunistic,0.0,0.0,1.0,5.0
13,3115.865301,3121.865301,measure,11.484140175748308,1087.1094001755598,8,active_localization,nbv:opportunistic,0.0,0.0,1.0,5.0
13,3121.865301,3127.865301,measure,11.484140175748308,1087.1094001755598,9,active_localization,nbv:opportunistic,0.0,0.0,1.0,5.0
13,3127.865301,3133.865301,measure,11.484140175748308,1087.1094001755598,11,active_localization,nbv:opportunistic,0.0,0.0,1.0,5.0
13,3133.865301,3139.865301,measure,11.484140175748308,1087.1094001755598,12,active_localization,nbv:opportunistic,0.0,0.0,1.0,5.0
13,3139.865301,3145.865301,measure,11.484140175748308,1087.1094001755598,14,active_localization,nbv:opportunistic,0.0,0.0,1.0,5.0
13,3145.865301,3151.865301,measure,11.484140175748308,1087.1094001755598,15,active_localization,nbv:opportunistic,0.0,0.0,1.0,5.0
13,3151.865301,3157.865301,measure,11.484140175748308,1087.1094001755598,16,active_localization,nbv:opportunistic,0.0,0.0,1.0,5.0
13,3157.865301,3163.865301,measure,11.484140175748308,1087.1094001755598,17,active_localization,nbv:opportunistic,0.0,0.0,1.0,5.0
13,3163.865301,3169.865301,measure,11.484140175748308,1087.1094001755598,18,active_localization,nbv:opportunistic,0.0,0.0,1.0,5.0
13,3169.865301,3175.865301,measure,11.484140175748308,1087.1094001755598,20,active_localization,nbv:opportunistic,0.0,0.0,1.0,5.0
14,3175.865301,3238.714743,measure,245.8780928473947,917.6295349746149,20,certificate,q4_sparse25,289.247212,57.849442,0.0,5.0
14,3238.714743,3244.714743,measure,245.8780928473947,917.6295349746149,2,certificate,q4_sparse25,0.0,0.0,1.0,5.0
14,3244.714743,3250.714743,measure,245.8780928473947,917.6295349746149,3,certificate,q4_sparse25,0.0,0.0,1.0,5.0
14,3250.714743,3256.714743,measure,245.8780928473947,917.6295349746149,6,certificate,q4_sparse25,0.0,0.0,1.0,5.0
14,3256.714743,3262.714743,measure,245.8780928473947,917.6295349746149,8,certificate,q4_sparse25,0.0,0.0,1.0,5.0
14,3262.714743,3268.714743,measure,245.8780928473947,917.6295349746149,9,certificate,q4_sparse25,0.0,0.0,1.0,5.0
14,3268.714743,3274.714743,measure,245.8780928473947,917.6295349746149,11,certificate,q4_sparse25,0.0,0.0,1.0,5.0
14,3274.714743,3280.714743,measure,245.8780928473947,917.6295349746149,14,certificate,q4_sparse25,0.0,0.0,1.0,5.0
14,3280.714743,3286.714743,measure,245.8780928473947,917.6295349746149,15,certificate,q4_sparse25,0.0,0.0,1.0,5.0
14,3286.714743,3292.714743,measure,245.8780928473947,917.6295349746149,16,certificate,q4_sparse25,0.0,0.0,1.0,5.0
14,3292.714743,3298.714743,measure,245.8780928473947,917.6295349746149,19,certificate,q4_sparse25,0.0,0.0,1.0,5.0
15,3298.714743,3402.06598,measure,671.7514421272202,671.7514421272202,19,certificate,q4_sparse25,491.756186,98.351237,0.0,5.0
15,3402.06598,3408.06598,measure,671.7514421272202,671.7514421272202,2,certificate,q4_sparse25,0.0,0.0,1.0,5.0
15,3408.06598,3414.06598,measure,671.7514421272202,671.7514421272202,3,certificate,q4_sparse25,0.0,0.0,1.0,5.0
15,3414.06598,3420.06598,measure,671.7514421272202,671.7514421272202,6,certificate,q4_sparse25,0.0,0.0,1.0,5.0
15,3420.06598,3426.06598,measure,671.7514421272202,671.7514421272202,8,certificate,q4_sparse25,0.0,0.0,1.0,5.0
15,3426.06598,3432.06598,measure,671.7514421272202,671.7514421272202,9,certificate,q4_sparse25,0.0,0.0,1.0,5.0
15,3432.06598,3438.06598,measure,671.7514421272202,671.7514421272202,11,certificate,q4_sparse25,0.0,0.0,1.0,5.0
15,3438.06598,3444.06598,measure,671.7514421272202,671.7514421272202,14,certificate,q4_sparse25,0.0,0.0,1.0,5.0
15,3444.06598,3450.06598,measure,671.7514421272202,671.7514421272202,15,certificate,q4_sparse25,0.0,0.0,1.0,5.0
15,3450.06598,3456.06598,measure,671.7514421272202,671.7514421272202,16,certificate,q4_sparse25,0.0,0.0,1.0,5.0
15,3456.06598,3462.06598,measure,671.7514421272202,671.7514421272202,20,certificate,q4_sparse25,0.0,0.0,1.0,5.0
16,3462.06598,3565.417217,measure,917.6295349746149,245.8780928473947,20,certificate,q4_sparse25,491.756186,98.351237,0.0,5.0
16,3565.417217,3571.417217,measure,917.6295349746149,245.8780928473947,2,certificate,q4_sparse25,0.0,0.0,1.0,5.0
16,3571.417217,3577.417217,measure,917.6295349746149,245.8780928473947,3,certificate,q4_sparse25,0.0,0.0,1.0,5.0
16,3577.417217,3583.417217,measure,917.6295349746149,245.8780928473947,6,certificate,q4_sparse25,0.0,0.0,1.0,5.0
16,3583.417217,3589.417217,measure,917.6295349746149,245.8780928473947,8,certificate,q4_sparse25,0.0,0.0,1.0,5.0
16,3589.417217,3595.417217,measure,917.6295349746149,245.8780928473947,9,certificate,q4_sparse25,0.0,0.0,1.0,5.0
16,3595.417217,3601.417217,measure,917.6295349746149,245.8780928473947,11,certificate,q4_sparse25,0.0,0.0,1.0,5.0
16,3601.417217,3607.417217,measure,917.6295349746149,245.8780928473947,14,certificate,q4_sparse25,0.0,0.0,1.0,5.0
16,3607.417217,3613.417217,measure,917.6295349746149,245.8780928473947,15,certificate,q4_sparse25,0.0,0.0,1.0,5.0
16,3613.417217,3619.417217,measure,917.6295349746149,245.8780928473947,16,certificate,q4_sparse25,0.0,0.0,1.0,5.0
16,3619.417217,3625.417217,measure,917.6295349746149,245.8780928473947,19,certificate,q4_sparse25,0.0,0.0,1.0,5.0
17,3625.417217,3728.768454,measure,917.6295349746149,-245.87809284739464,19,certificate,q4_sparse25,491.756186,98.351237,0.0,5.0
17,3728.768454,3734.768454,measure,917.6295349746149,-245.87809284739464,2,certificate,q4_sparse25,0.0,0.0,1.0,5.0
17,3734.768454,3740.768454,measure,917.6295349746149,-245.87809284739464,3,certificate,q4_sparse25,0.0,0.0,1.0,5.0
17,3740.768454,3746.768454,measure,917.6295349746149,-245.87809284739464,6,certificate,q4_sparse25,0.0,0.0,1.0,5.0
17,3746.768454,3752.768454,measure,917.6295349746149,-245.87809284739464,8,certificate,q4_sparse25,0.0,0.0,1.0,5.0
17,3752.768454,3758.768454,measure,917.6295349746149,-245.87809284739464,9,certificate,q4_sparse25,0.0,0.0,1.0,5.0
17,3758.768454,3764.768454,measure,917.6295349746149,-245.87809284739464,11,certificate,q4_sparse25,0.0,0.0,1.0,5.0
17,3764.768454,3770.768454,measure,917.6295349746149,-245.87809284739464,14,certificate,q4_sparse25,0.0,0.0,1.0,5.0
17,3770.768454,3776.768454,measure,917.6295349746149,-245.87809284739464,15,certificate,q4_sparse25,0.0,0.0,1.0,5.0
17,3776.768454,3782.768454,measure,917.6295349746149,-245.87809284739464,16,certificate,q4_sparse25,0.0,0.0,1.0,5.0
17,3782.768454,3788.768454,measure,917.6295349746149,-245.87809284739464,20,certificate,q4_sparse25,0.0,0.0,1.0,5.0
18,3788.768454,3892.119692,measure,671.75144212722,-671.7514421272203,20,certificate,q4_sparse25,491.756186,98.351237,0.0,5.0
18,3892.119692,3898.119692,measure,671.75144212722,-671.7514421272203,2,certificate,q4_sparse25,0.0,0.0,1.0,5.0
18,3898.119692,3904.119692,measure,671.75144212722,-671.7514421272203,3,certificate,q4_sparse25,0.0,0.0,1.0,5.0
18,3904.119692,3910.119692,measure,671.75144212722,-671.7514421272203,6,certificate,q4_sparse25,0.0,0.0,1.0,5.0
18,3910.119692,3916.119692,measure,671.75144212722,-671.7514421272203,8,certificate,q4_sparse25,0.0,0.0,1.0,5.0
18,3916.119692,3922.119692,measure,671.75144212722,-671.7514421272203,9,certificate,q4_sparse25,0.0,0.0,1.0,5.0
18,3922.119692,3928.119692,measure,671.75144212722,-671.7514421272203,11,certificate,q4_sparse25,0.0,0.0,1.0,5.0
18,3928.119692,3934.119692,measure,671.75144212722,-671.7514421272203,14,certificate,q4_sparse25,0.0,0.0,1.0,5.0
18,3934.119692,3940.119692,measure,671.75144212722,-671.7514421272203,15,certificate,q4_sparse25,0.0,0.0,1.0,5.0
18,3940.119692,3946.119692,measure,671.75144212722,-671.7514421272203,16,certificate,q4_sparse25,0.0,0.0,1.0,5.0
18,3946.119692,3952.119692,measure,671.75144212722,-671.7514421272203,19,certificate,q4_sparse25,0.0,0.0,1.0,5.0
19,3952.119692,4055.470929,measure,245.87809284739427,-917.629534974615,19,certificate,q4_sparse25,491.756186,98.351237,0.0,5.0
19,4055.470929,4061.470929,measure,245.87809284739427,-917.629534974615,2,certificate,q4_sparse25,0.0,0.0,1.0,5.0
19,4061.470929,4067.470929,measure,245.87809284739427,-917.629534974615,3,certificate,q4_sparse25,0.0,0.0,1.0,5.0
19,4067.470929,4073.470929,measure,245.87809284739427,-917.629534974615,6,certificate,q4_sparse25,0.0,0.0,1.0,5.0
19,4073.470929,4079.470929,measure,245.87809284739427,-917.629534974615,8,certificate,q4_sparse25,0.0,0.0,1.0,5.0
19,4079.470929,4085.470929,measure,245.87809284739427,-917.629534974615,9,certificate,q4_sparse25,0.0,0.0,1.0,5.0
19,4085.470929,4091.470929,measure,245.87809284739427,-917.629534974615,11,certificate,q4_sparse25,0.0,0.0,1.0,5.0
19,4091.470929,4097.470929,measure,245.87809284739427,-917.629534974615,14,certificate,q4_sparse25,0.0,0.0,1.0,5.0
19,4097.470929,4103.470929,measure,245.87809284739427,-917.629534974615,15,certificate,q4_sparse25,0.0,0.0,1.0,5.0
19,4103.470929,4109.470929,measure,245.87809284739427,-917.629534974615,16,certificate,q4_sparse25,0.0,0.0,1.0,5.0
19,4109.470929,4115.470929,measure,245.87809284739427,-917.629534974615,20,certificate,q4_sparse25,0.0,0.0,1.0,5.0
20,4115.470929,4218.822166,measure,-245.87809284739458,-917.6295349746149,20,certificate,q4_sparse25,491.756186,98.351237,0.0,5.0
20,4218.822166,4224.822166,measure,-245.87809284739458,-917.6295349746149,2,certificate,q4_sparse25,0.0,0.0,1.0,5.0
20,4224.822166,4230.822166,measure,-245.87809284739458,-917.6295349746149,3,certificate,q4_sparse25,0.0,0.0,1.0,5.0
20,4230.822166,4236.822166,measure,-245.87809284739458,-917.6295349746149,6,certificate,q4_sparse25,0.0,0.0,1.0,5.0
20,4236.822166,4242.822166,measure,-245.87809284739458,-917.6295349746149,8,certificate,q4_sparse25,0.0,0.0,1.0,5.0
20,4242.822166,4248.822166,measure,-245.87809284739458,-917.6295349746149,9,certificate,q4_sparse25,0.0,0.0,1.0,5.0
20,4248.822166,4254.822166,measure,-245.87809284739458,-917.6295349746149,11,certificate,q4_sparse25,0.0,0.0,1.0,5.0
20,4254.822166,4260.822166,measure,-245.87809284739458,-917.6295349746149,14,certificate,q4_sparse25,0.0,0.0,1.0,5.0
20,4260.822166,4266.822166,measure,-245.87809284739458,-917.6295349746149,15,certificate,q4_sparse25,0.0,0.0,1.0,5.0
20,4266.822166,4272.822166,measure,-245.87809284739458,-917.6295349746149,16,certificate,q4_sparse25,0.0,0.0,1.0,5.0
20,4272.822166,4278.822166,measure,-245.87809284739458,-917.6295349746149,19,certificate,q4_sparse25,0.0,0.0,1.0,5.0
21,4278.822166,4382.173403,measure,-671.7514421272203,-671.7514421272201,19,certificate,q4_sparse25,491.756186,98.351237,0.0,5.0
21,4382.173403,4388.173403,measure,-671.7514421272203,-671.7514421272201,2,certificate,q4_sparse25,0.0,0.0,1.0,5.0
21,4388.173403,4394.173403,measure,-671.7514421272203,-671.7514421272201,3,certificate,q4_sparse25,0.0,0.0,1.0,5.0
21,4394.173403,4400.173403,measure,-671.7514421272203,-671.7514421272201,6,certificate,q4_sparse25,0.0,0.0,1.0,5.0
21,4400.173403,4406.173403,measure,-671.7514421272203,-671.7514421272201,8,certificate,q4_sparse25,0.0,0.0,1.0,5.0
21,4406.173403,4412.173403,measure,-671.7514421272203,-671.7514421272201,9,certificate,q4_sparse25,0.0,0.0,1.0,5.0
21,4412.173403,4418.173403,measure,-671.7514421272203,-671.7514421272201,11,certificate,q4_sparse25,0.0,0.0,1.0,5.0
21,4418.173403,4424.173403,measure,-671.7514421272203,-671.7514421272201,14,certificate,q4_sparse25,0.0,0.0,1.0,5.0
21,4424.173403,4430.173403,measure,-671.7514421272203,-671.7514421272201,15,certificate,q4_sparse25,0.0,0.0,1.0,5.0
21,4430.173403,4436.173403,measure,-671.7514421272203,-671.7514421272201,16,certificate,q4_sparse25,0.0,0.0,1.0,5.0
21,4436.173403,4442.173403,measure,-671.7514421272203,-671.7514421272201,20,certificate,q4_sparse25,0.0,0.0,1.0,5.0
22,4442.173403,4545.52464,measure,-917.6295349746149,-245.87809284739475,20,certificate,q4_sparse25,491.756186,98.351237,0.0,5.0
22,4545.52464,4551.52464,measure,-917.6295349746149,-245.87809284739475,2,certificate,q4_sparse25,0.0,0.0,1.0,5.0
22,4551.52464,4557.52464,measure,-917.6295349746149,-245.87809284739475,3,certificate,q4_sparse25,0.0,0.0,1.0,5.0
22,4557.52464,4563.52464,measure,-917.6295349746149,-245.87809284739475,6,certificate,q4_sparse25,0.0,0.0,1.0,5.0
22,4563.52464,4569.52464,measure,-917.6295349746149,-245.87809284739475,8,certificate,q4_sparse25,0.0,0.0,1.0,5.0
22,4569.52464,4575.52464,measure,-917.6295349746149,-245.87809284739475,9,certificate,q4_sparse25,0.0,0.0,1.0,5.0
22,4575.52464,4581.52464,measure,-917.6295349746149,-245.87809284739475,11,certificate,q4_sparse25,0.0,0.0,1.0,5.0
22,4581.52464,4587.52464,measure,-917.6295349746149,-245.87809284739475,14,certificate,q4_sparse25,0.0,0.0,1.0,5.0
22,4587.52464,4593.52464,measure,-917.6295349746149,-245.87809284739475,15,certificate,q4_sparse25,0.0,0.0,1.0,5.0
22,4593.52464,4599.52464,measure,-917.6295349746149,-245.87809284739475,16,certificate,q4_sparse25,0.0,0.0,1.0,5.0
22,4599.52464,4605.52464,measure,-917.6295349746149,-245.87809284739475,19,certificate,q4_sparse25,0.0,0.0,1.0,5.0
23,4605.52464,4821.06548,measure,-1680.857987706111,479.15188040478523,19,active_localization,nbv:opportunistic,1052.7042,210.54084,0.0,5.0
23,4821.06548,4827.06548,measure,-1680.857987706111,479.15188040478523,7,active_localization,nbv,0.0,0.0,1.0,5.0
23,4827.06548,4833.06548,measure,-1680.857987706111,479.15188040478523,1,active_localization,nbv:opportunistic,0.0,0.0,1.0,5.0
23,4833.06548,4839.06548,measure,-1680.857987706111,479.15188040478523,2,active_localization,nbv:opportunistic,0.0,0.0,1.0,5.0
23,4839.06548,4845.06548,measure,-1680.857987706111,479.15188040478523,3,active_localization,nbv:opportunistic,0.0,0.0,1.0,5.0
23,4845.06548,4851.06548,measure,-1680.857987706111,479.15188040478523,5,active_localization,nbv:opportunistic,0.0,0.0,1.0,5.0
23,4851.06548,4857.06548,measure,-1680.857987706111,479.15188040478523,6,active_localization,nbv:opportunistic,0.0,0.0,1.0,5.0
23,4857.06548,4863.06548,measure,-1680.857987706111,479.15188040478523,8,active_localization,nbv:opportunistic,0.0,0.0,1.0,5.0
23,4863.06548,4869.06548,measure,-1680.857987706111,479.15188040478523,9,active_localization,nbv:opportunistic,0.0,0.0,1.0,5.0
23,4869.06548,4875.06548,measure,-1680.857987706111,479.15188040478523,11,active_localization,nbv:opportunistic,0.0,0.0,1.0,5.0
23,4875.06548,4881.06548,measure,-1680.857987706111,479.15188040478523,12,active_localization,nbv:opportunistic,0.0,0.0,1.0,5.0
23,4881.06548,4887.06548,measure,-1680.857987706111,479.15188040478523,14,active_localization,nbv:opportunistic,0.0,0.0,1.0,5.0
23,4887.06548,4893.06548,measure,-1680.857987706111,479.15188040478523,15,active_localization,nbv:opportunistic,0.0,0.0,1.0,5.0
23,4893.06548,4899.06548,measure,-1680.857987706111,479.15188040478523,16,active_localization,nbv:opportunistic,0.0,0.0,1.0,5.0
23,4899.06548,4905.06548,measure,-1680.857987706111,479.15188040478523,17,active_localization,nbv:opportunistic,0.0,0.0,1.0,5.0
23,4905.06548,4911.06548,measure,-1680.857987706111,479.15188040478523,18,active_localization,nbv:opportunistic,0.0,0.0,1.0,5.0
23,4911.06548,4917.06548,measure,-1680.857987706111,479.15188040478523,20,active_localization,nbv:opportunistic,0.0,0.0,1.0,5.0
24,4917.06548,5014.058154,measure,-1619.4675050769004,934.9999999999999,20,certificate,q4_sparse25,459.963368,91.992674,0.0,5.0
24,5014.058154,5020.058154,measure,-1619.4675050769004,934.9999999999999,2,certificate,q4_sparse25,0.0,0.0,1.0,5.0
24,5020.058154,5026.058154,measure,-1619.4675050769004,934.9999999999999,3,certificate,q4_sparse25,0.0,0.0,1.0,5.0
24,5026.058154,5032.058154,measure,-1619.4675050769004,934.9999999999999,6,certificate,q4_sparse25,0.0,0.0,1.0,5.0
24,5032.058154,5038.058154,measure,-1619.4675050769004,934.9999999999999,8,certificate,q4_sparse25,0.0,0.0,1.0,5.0
24,5038.058154,5044.058154,measure,-1619.4675050769004,934.9999999999999,9,certificate,q4_sparse25,0.0,0.0,1.0,5.0
24,5044.058154,5050.058154,measure,-1619.4675050769004,934.9999999999999,11,certificate,q4_sparse25,0.0,0.0,1.0,5.0
24,5050.058154,5056.058154,measure,-1619.4675050769004,934.9999999999999,14,certificate,q4_sparse25,0.0,0.0,1.0,5.0
24,5056.058154,5062.058154,measure,-1619.4675050769004,934.9999999999999,15,certificate,q4_sparse25,0.0,0.0,1.0,5.0
24,5062.058154,5068.058154,measure,-1619.4675050769004,934.9999999999999,16,certificate,q4_sparse25,0.0,0.0,1.0,5.0
24,5068.058154,5074.058154,measure,-1619.4675050769004,934.9999999999999,19,certificate,q4_sparse25,0.0,0.0,1.0,5.0
25,5074.058154,5272.654799,measure,-1870.0,2.2900895144055503e-13,19,certificate,q4_sparse25,967.983229,193.596646,0.0,5.0
25,5272.654799,5278.654799,measure,-1870.0,2.2900895144055503e-13,2,certificate,q4_sparse25,0.0,0.0,1.0,5.0
25,5278.654799,5284.654799,measure,-1870.0,2.2900895144055503e-13,3,certificate,q4_sparse25,0.0,0.0,1.0,5.0
25,5284.654799,5290.654799,measure,-1870.0,2.2900895144055503e-13,6,certificate,q4_sparse25,0.0,0.0,1.0,5.0
25,5290.654799,5296.654799,measure,-1870.0,2.2900895144055503e-13,8,certificate,q4_sparse25,0.0,0.0,1.0,5.0
25,5296.654799,5302.654799,measure,-1870.0,2.2900895144055503e-13,9,certificate,q4_sparse25,0.0,0.0,1.0,5.0
25,5302.654799,5308.654799,measure,-1870.0,2.2900895144055503e-13,11,certificate,q4_sparse25,0.0,0.0,1.0,5.0
25,5308.654799,5314.654799,measure,-1870.0,2.2900895144055503e-13,14,certificate,q4_sparse25,0.0,0.0,1.0,5.0
25,5314.654799,5320.654799,measure,-1870.0,2.2900895144055503e-13,15,certificate,q4_sparse25,0.0,0.0,1.0,5.0
25,5320.654799,5326.654799,measure,-1870.0,2.2900895144055503e-13,16,certificate,q4_sparse25,0.0,0.0,1.0,5.0
25,5326.654799,5332.654799,measure,-1870.0,2.2900895144055503e-13,20,certificate,q4_sparse25,0.0,0.0,1.0,5.0
26,5332.654799,5531.251445,measure,-1619.4675050769001,-935.0000000000002,20,certificate,q4_sparse25,967.983229,193.596646,0.0,5.0
26,5531.251445,5537.251445,measure,-1619.4675050769001,-935.0000000000002,2,certificate,q4_sparse25,0.0,0.0,1.0,5.0
26,5537.251445,5543.251445,measure,-1619.4675050769001,-935.0000000000002,3,certificate,q4_sparse25,0.0,0.0,1.0,5.0
26,5543.251445,5549.251445,measure,-1619.4675050769001,-935.0000000000002,6,certificate,q4_sparse25,0.0,0.0,1.0,5.0
26,5549.251445,5555.251445,measure,-1619.4675050769001,-935.0000000000002,8,certificate,q4_sparse25,0.0,0.0,1.0,5.0
26,5555.251445,5561.251445,measure,-1619.4675050769001,-935.0000000000002,9,certificate,q4_sparse25,0.0,0.0,1.0,5.0
26,5561.251445,5567.251445,measure,-1619.4675050769001,-935.0000000000002,11,certificate,q4_sparse25,0.0,0.0,1.0,5.0
26,5567.251445,5573.251445,measure,-1619.4675050769001,-935.0000000000002,14,certificate,q4_sparse25,0.0,0.0,1.0,5.0
26,5573.251445,5579.251445,measure,-1619.4675050769001,-935.0000000000002,15,certificate,q4_sparse25,0.0,0.0,1.0,5.0
26,5579.251445,5585.251445,measure,-1619.4675050769001,-935.0000000000002,16,certificate,q4_sparse25,0.0,0.0,1.0,5.0
26,5585.251445,5591.251445,measure,-1619.4675050769001,-935.0000000000002,19,certificate,q4_sparse25,0.0,0.0,1.0,5.0
27,5591.251445,5789.848091,measure,-935.0000000000008,-1619.4675050769,19,certificate,q4_sparse25,967.983229,193.596646,0.0,5.0
27,5789.848091,5795.848091,measure,-935.0000000000008,-1619.4675050769,2,certificate,q4_sparse25,0.0,0.0,1.0,5.0
27,5795.848091,5801.848091,measure,-935.0000000000008,-1619.4675050769,3,certificate,q4_sparse25,0.0,0.0,1.0,5.0
27,5801.848091,5807.848091,measure,-935.0000000000008,-1619.4675050769,6,certificate,q4_sparse25,0.0,0.0,1.0,5.0
27,5807.848091,5813.848091,measure,-935.0000000000008,-1619.4675050769,8,certificate,q4_sparse25,0.0,0.0,1.0,5.0
27,5813.848091,5819.848091,measure,-935.0000000000008,-1619.4675050769,9,certificate,q4_sparse25,0.0,0.0,1.0,5.0
27,5819.848091,5825.848091,measure,-935.0000000000008,-1619.4675050769,11,certificate,q4_sparse25,0.0,0.0,1.0,5.0
27,5825.848091,5831.848091,measure,-935.0000000000008,-1619.4675050769,14,certificate,q4_sparse25,0.0,0.0,1.0,5.0
27,5831.848091,5837.848091,measure,-935.0000000000008,-1619.4675050769,15,certificate,q4_sparse25,0.0,0.0,1.0,5.0
27,5837.848091,5843.848091,measure,-935.0000000000008,-1619.4675050769,16,certificate,q4_sparse25,0.0,0.0,1.0,5.0
27,5843.848091,5849.848091,measure,-935.0000000000008,-1619.4675050769,20,certificate,q4_sparse25,0.0,0.0,1.0,5.0
28,5849.848091,6048.444737,measure,-3.4351342716083257e-13,-1870.0,20,certificate,q4_sparse25,967.983229,193.596646,0.0,5.0
28,6048.444737,6054.444737,measure,-3.4351342716083257e-13,-1870.0,2,certificate,q4_sparse25,0.0,0.0,1.0,5.0
28,6054.444737,6060.444737,measure,-3.4351342716083257e-13,-1870.0,3,certificate,q4_sparse25,0.0,0.0,1.0,5.0
28,6060.444737,6066.444737,measure,-3.4351342716083257e-13,-1870.0,6,certificate,q4_sparse25,0.0,0.0,1.0,5.0
28,6066.444737,6072.444737,measure,-3.4351342716083257e-13,-1870.0,8,certificate,q4_sparse25,0.0,0.0,1.0,5.0
28,6072.444737,6078.444737,measure,-3.4351342716083257e-13,-1870.0,9,certificate,q4_sparse25,0.0,0.0,1.0,5.0
28,6078.444737,6084.444737,measure,-3.4351342716083257e-13,-1870.0,11,certificate,q4_sparse25,0.0,0.0,1.0,5.0
28,6084.444737,6090.444737,measure,-3.4351342716083257e-13,-1870.0,14,certificate,q4_sparse25,0.0,0.0,1.0,5.0
28,6090.444737,6096.444737,measure,-3.4351342716083257e-13,-1870.0,15,certificate,q4_sparse25,0.0,0.0,1.0,5.0
28,6096.444737,6102.444737,measure,-3.4351342716083257e-13,-1870.0,16,certificate,q4_sparse25,0.0,0.0,1.0,5.0
28,6102.444737,6108.444737,measure,-3.4351342716083257e-13,-1870.0,19,certificate,q4_sparse25,0.0,0.0,1.0,5.0
29,6108.444737,6307.041382,measure,935.0000000000002,-1619.4675050769001,19,certificate,q4_sparse25,967.983229,193.596646,0.0,5.0
29,6307.041382,6313.041382,measure,935.0000000000002,-1619.4675050769001,2,certificate,q4_sparse25,0.0,0.0,1.0,5.0
29,6313.041382,6319.041382,measure,935.0000000000002,-1619.4675050769001,3,certificate,q4_sparse25,0.0,0.0,1.0,5.0
29,6319.041382,6325.041382,measure,935.0000000000002,-1619.4675050769001,6,certificate,q4_sparse25,0.0,0.0,1.0,5.0
29,6325.041382,6331.041382,measure,935.0000000000002,-1619.4675050769001,8,certificate,q4_sparse25,0.0,0.0,1.0,5.0
29,6331.041382,6337.041382,measure,935.0000000000002,-1619.4675050769001,9,certificate,q4_sparse25,0.0,0.0,1.0,5.0
29,6337.041382,6343.041382,measure,935.0000000000002,-1619.4675050769001,11,certificate,q4_sparse25,0.0,0.0,1.0,5.0
29,6343.041382,6349.041382,measure,935.0000000000002,-1619.4675050769001,14,certificate,q4_sparse25,0.0,0.0,1.0,5.0
29,6349.041382,6355.041382,measure,935.0000000000002,-1619.4675050769001,15,certificate,q4_sparse25,0.0,0.0,1.0,5.0
29,6355.041382,6361.041382,measure,935.0000000000002,-1619.4675050769001,16,certificate,q4_sparse25,0.0,0.0,1.0,5.0
29,6361.041382,6367.041382,measure,935.0000000000002,-1619.4675050769001,20,certificate,q4_sparse25,0.0,0.0,1.0,5.0
30,6367.041382,6565.638028,measure,1619.4675050768997,-935.0000000000008,20,certificate,q4_sparse25,967.983229,193.596646,0.0,5.0
30,6565.638028,6571.638028,measure,1619.4675050768997,-935.0000000000008,2,certificate,q4_sparse25,0.0,0.0,1.0,5.0
30,6571.638028,6577.638028,measure,1619.4675050768997,-935.0000000000008,3,certificate,q4_sparse25,0.0,0.0,1.0,5.0
30,6577.638028,6583.638028,measure,1619.4675050768997,-935.0000000000008,6,certificate,q4_sparse25,0.0,0.0,1.0,5.0
30,6583.638028,6589.638028,measure,1619.4675050768997,-935.0000000000008,8,certificate,q4_sparse25,0.0,0.0,1.0,5.0
30,6589.638028,6595.638028,measure,1619.4675050768997,-935.0000000000008,9,certificate,q4_sparse25,0.0,0.0,1.0,5.0
30,6595.638028,6601.638028,measure,1619.4675050768997,-935.0000000000008,11,certificate,q4_sparse25,0.0,0.0,1.0,5.0
30,6601.638028,6607.638028,measure,1619.4675050768997,-935.0000000000008,14,certificate,q4_sparse25,0.0,0.0,1.0,5.0
30,6607.638028,6613.638028,measure,1619.4675050768997,-935.0000000000008,15,certificate,q4_sparse25,0.0,0.0,1.0,5.0
30,6613.638028,6619.638028,measure,1619.4675050768997,-935.0000000000008,16,certificate,q4_sparse25,0.0,0.0,1.0,5.0
30,6619.638028,6625.638028,measure,1619.4675050768997,-935.0000000000008,19,certificate,q4_sparse25,0.0,0.0,1.0,5.0
31,6625.638028,6674.12291,measure,1402.4578270930651,-921.5771567361505,19,active_localization,nbv:opportunistic,217.424408,43.484882,0.0,5.0
31,6674.12291,6680.12291,measure,1402.4578270930651,-921.5771567361505,18,active_localization,nbv,0.0,0.0,1.0,5.0
31,6680.12291,6686.12291,measure,1402.4578270930651,-921.5771567361505,1,active_localization,nbv:opportunistic,0.0,0.0,1.0,5.0
31,6686.12291,6692.12291,measure,1402.4578270930651,-921.5771567361505,2,active_localization,nbv:opportunistic,0.0,0.0,1.0,5.0
31,6692.12291,6698.12291,measure,1402.4578270930651,-921.5771567361505,3,active_localization,nbv:opportunistic,0.0,0.0,1.0,5.0
31,6698.12291,6704.12291,measure,1402.4578270930651,-921.5771567361505,5,active_localization,nbv:opportunistic,0.0,0.0,1.0,5.0
31,6704.12291,6710.12291,measure,1402.4578270930651,-921.5771567361505,6,active_localization,nbv:opportunistic,0.0,0.0,1.0,5.0
31,6710.12291,6716.12291,measure,1402.4578270930651,-921.5771567361505,7,active_localization,nbv:opportunistic,0.0,0.0,1.0,5.0
31,6716.12291,6722.12291,measure,1402.4578270930651,-921.5771567361505,8,active_localization,nbv:opportunistic,0.0,0.0,1.0,5.0
31,6722.12291,6728.12291,measure,1402.4578270930651,-921.5771567361505,9,active_localization,nbv:opportunistic,0.0,0.0,1.0,5.0
31,6728.12291,6734.12291,measure,1402.4578270930651,-921.5771567361505,11,active_localization,nbv:opportunistic,0.0,0.0,1.0,5.0
31,6734.12291,6740.12291,measure,1402.4578270930651,-921.5771567361505,12,active_localization,nbv:opportunistic,0.0,0.0,1.0,5.0
31,6740.12291,6746.12291,measure,1402.4578270930651,-921.5771567361505,14,active_localization,nbv:opportunistic,0.0,0.0,1.0,5.0
31,6746.12291,6752.12291,measure,1402.4578270930651,-921.5771567361505,15,active_localization,nbv:opportunistic,0.0,0.0,1.0,5.0
31,6752.12291,6758.12291,measure,1402.4578270930651,-921.5771567361505,16,active_localization,nbv:opportunistic,0.0,0.0,1.0,5.0
31,6758.12291,6764.12291,measure,1402.4578270930651,-921.5771567361505,17,active_localization,nbv:opportunistic,0.0,0.0,1.0,5.0
31,6764.12291,6770.12291,measure,1402.4578270930651,-921.5771567361505,20,active_localization,nbv:opportunistic,0.0,0.0,1.0,5.0
32,6770.12291,6981.801417,measure,1870.0,0.0,20,certificate,q4_sparse25,1033.392539,206.678508,0.0,5.0
32,6981.801417,6987.801417,measure,1870.0,0.0,2,certificate,q4_sparse25,0.0,0.0,1.0,5.0
32,6987.801417,6993.801417,measure,1870.0,0.0,3,certificate,q4_sparse25,0.0,0.0,1.0,5.0
32,6993.801417,6999.801417,measure,1870.0,0.0,6,certificate,q4_sparse25,0.0,0.0,1.0,5.0
32,6999.801417,7005.801417,measure,1870.0,0.0,8,certificate,q4_sparse25,0.0,0.0,1.0,5.0
32,7005.801417,7011.801417,measure,1870.0,0.0,9,certificate,q4_sparse25,0.0,0.0,1.0,5.0
32,7011.801417,7017.801417,measure,1870.0,0.0,11,certificate,q4_sparse25,0.0,0.0,1.0,5.0
32,7017.801417,7023.801417,measure,1870.0,0.0,14,certificate,q4_sparse25,0.0,0.0,1.0,5.0
32,7023.801417,7029.801417,measure,1870.0,0.0,15,certificate,q4_sparse25,0.0,0.0,1.0,5.0
32,7029.801417,7035.801417,measure,1870.0,0.0,16,certificate,q4_sparse25,0.0,0.0,1.0,5.0
32,7035.801417,7041.801417,measure,1870.0,0.0,19,certificate,q4_sparse25,0.0,0.0,1.0,5.0
33,7041.801417,7216.662338,measure,1052.8995157824684,231.65731100139783,19,active_localization,nbv:opportunistic,849.304604,169.860921,0.0,5.0
33,7216.662338,7222.662338,measure,1052.8995157824684,231.65731100139783,8,active_localization,nbv,0.0,0.0,1.0,5.0
33,7222.662338,7228.662338,measure,1052.8995157824684,231.65731100139783,1,active_localization,nbv:opportunistic,0.0,0.0,1.0,5.0
33,7228.662338,7234.662338,measure,1052.8995157824684,231.65731100139783,2,active_localization,nbv:opportunistic,0.0,0.0,1.0,5.0
33,7234.662338,7240.662338,measure,1052.8995157824684,231.65731100139783,3,active_localization,nbv:opportunistic,0.0,0.0,1.0,5.0
33,7240.662338,7246.662338,measure,1052.8995157824684,231.65731100139783,5,active_localization,nbv:opportunistic,0.0,0.0,1.0,5.0
33,7246.662338,7252.662338,measure,1052.8995157824684,231.65731100139783,6,active_localization,nbv:opportunistic,0.0,0.0,1.0,5.0
33,7252.662338,7258.662338,measure,1052.8995157824684,231.65731100139783,7,active_localization,nbv:opportunistic,0.0,0.0,1.0,5.0
33,7258.662338,7264.662338,measure,1052.8995157824684,231.65731100139783,9,active_localization,nbv:opportunistic,0.0,0.0,1.0,5.0
33,7264.662338,7270.662338,measure,1052.8995157824684,231.65731100139783,11,active_localization,nbv:opportunistic,0.0,0.0,1.0,5.0
33,7270.662338,7276.662338,measure,1052.8995157824684,231.65731100139783,12,active_localization,nbv:opportunistic,0.0,0.0,1.0,5.0
33,7276.662338,7282.662338,measure,1052.8995157824684,231.65731100139783,14,active_localization,nbv:opportunistic,0.0,0.0,1.0,5.0
33,7282.662338,7288.662338,measure,1052.8995157824684,231.65731100139783,15,active_localization,nbv:opportunistic,0.0,0.0,1.0,5.0
33,7288.662338,7294.662338,measure,1052.8995157824684,231.65731100139783,16,active_localization,nbv:opportunistic,0.0,0.0,1.0,5.0
33,7294.662338,7300.662338,measure,1052.8995157824684,231.65731100139783,17,active_localization,nbv:opportunistic,0.0,0.0,1.0,5.0
33,7300.662338,7306.662338,measure,1052.8995157824684,231.65731100139783,18,active_localization,nbv:opportunistic,0.0,0.0,1.0,5.0
33,7306.662338,7312.662338,measure,1052.8995157824684,231.65731100139783,20,active_localization,nbv:opportunistic,0.0,0.0,1.0,5.0
34,7312.662338,7399.189625,measure,1344.4360167288687,-53.25308218107381,20,active_localization,nbv:opportunistic,407.636435,81.527287,0.0,5.0
34,7399.189625,7405.189625,measure,1344.4360167288687,-53.25308218107381,1,active_localization,nbv,0.0,0.0,1.0,5.0
34,7405.189625,7411.189625,measure,1344.4360167288687,-53.25308218107381,2,active_localization,nbv:opportunistic,0.0,0.0,1.0,5.0
34,7411.189625,7417.189625,measure,1344.4360167288687,-53.25308218107381,3,active_localization,nbv:opportunistic,0.0,0.0,1.0,5.0
34,7417.189625,7423.189625,measure,1344.4360167288687,-53.25308218107381,5,active_localization,nbv:opportunistic,0.0,0.0,1.0,5.0
34,7423.189625,7429.189625,measure,1344.4360167288687,-53.25308218107381,6,active_localization,nbv:opportunistic,0.0,0.0,1.0,5.0
34,7429.189625,7435.189625,measure,1344.4360167288687,-53.25308218107381,7,active_localization,nbv:opportunistic,0.0,0.0,1.0,5.0
34,7435.189625,7441.189625,measure,1344.4360167288687,-53.25308218107381,8,active_localization,nbv:opportunistic,0.0,0.0,1.0,5.0
34,7441.189625,7447.189625,measure,1344.4360167288687,-53.25308218107381,9,active_localization,nbv:opportunistic,0.0,0.0,1.0,5.0
34,7447.189625,7453.189625,measure,1344.4360167288687,-53.25308218107381,11,active_localization,nbv:opportunistic,0.0,0.0,1.0,5.0
34,7453.189625,7459.189625,measure,1344.4360167288687,-53.25308218107381,12,active_localization,nbv:opportunistic,0.0,0.0,1.0,5.0
34,7459.189625,7465.189625,measure,1344.4360167288687,-53.25308218107381,14,active_localization,nbv:opportunistic,0.0,0.0,1.0,5.0
34,7465.189625,7471.189625,measure,1344.4360167288687,-53.25308218107381,15,active_localization,nbv:opportunistic,0.0,0.0,1.0,5.0
34,7471.189625,7477.189625,measure,1344.4360167288687,-53.25308218107381,16,active_localization,nbv:opportunistic,0.0,0.0,1.0,5.0
34,7477.189625,7483.189625,measure,1344.4360167288687,-53.25308218107381,17,active_localization,nbv:opportunistic,0.0,0.0,1.0,5.0
34,7483.189625,7489.189625,measure,1344.4360167288687,-53.25308218107381,18,active_localization,nbv:opportunistic,0.0,0.0,1.0,5.0
34,7489.189625,7495.189625,measure,1344.4360167288687,-53.25308218107381,19,active_localization,nbv:opportunistic,0.0,0.0,1.0,5.0
35,7495.189625,7500.897415,clear,1342.5008045868583,-50.290127944891665,1,ready_clear,clear,3.538947,0.707789,0.0,5.0
35,7500.897415,7505.897415,measure,1342.5008045868583,-50.290127944891665,19,ready_clear,clear:opportunistic,0.0,0.0,0.0,5.0
35,7505.897415,7511.897415,measure,1342.5008045868583,-50.290127944891665,2,ready_clear,clear:opportunistic,0.0,0.0,1.0,5.0
35,7511.897415,7517.897415,measure,1342.5008045868583,-50.290127944891665,3,ready_clear,clear:opportunistic,0.0,0.0,1.0,5.0
35,7517.897415,7523.897415,measure,1342.5008045868583,-50.290127944891665,5,ready_clear,clear:opportunistic,0.0,0.0,1.0,5.0
35,7523.897415,7529.897415,measure,1342.5008045868583,-50.290127944891665,6,ready_clear,clear:opportunistic,0.0,0.0,1.0,5.0
35,7529.897415,7535.897415,measure,1342.5008045868583,-50.290127944891665,7,ready_clear,clear:opportunistic,0.0,0.0,1.0,5.0
35,7535.897415,7541.897415,measure,1342.5008045868583,-50.290127944891665,8,ready_clear,clear:opportunistic,0.0,0.0,1.0,5.0
35,7541.897415,7547.897415,measure,1342.5008045868583,-50.290127944891665,9,ready_clear,clear:opportunistic,0.0,0.0,1.0,5.0
35,7547.897415,7553.897415,measure,1342.5008045868583,-50.290127944891665,11,ready_clear,clear:opportunistic,0.0,0.0,1.0,5.0
35,7553.897415,7559.897415,measure,1342.5008045868583,-50.290127944891665,12,ready_clear,clear:opportunistic,0.0,0.0,1.0,5.0
35,7559.897415,7565.897415,measure,1342.5008045868583,-50.290127944891665,14,ready_clear,clear:opportunistic,0.0,0.0,1.0,5.0
35,7565.897415,7571.897415,measure,1342.5008045868583,-50.290127944891665,15,ready_clear,clear:opportunistic,0.0,0.0,1.0,5.0
35,7571.897415,7577.897415,measure,1342.5008045868583,-50.290127944891665,16,ready_clear,clear:opportunistic,0.0,0.0,1.0,5.0
35,7577.897415,7583.897415,measure,1342.5008045868583,-50.290127944891665,17,ready_clear,clear:opportunistic,0.0,0.0,1.0,5.0
35,7583.897415,7589.897415,measure,1342.5008045868583,-50.290127944891665,18,ready_clear,clear:opportunistic,0.0,0.0,1.0,5.0
35,7589.897415,7595.897415,measure,1342.5008045868583,-50.290127944891665,20,ready_clear,clear:opportunistic,0.0,0.0,1.0,5.0
36,7595.897415,7805.593012,measure,1619.4675050769004,934.9999999999999,20,certificate,q4_sparse25,1023.477987,204.695597,0.0,5.0
36,7805.593012,7811.593012,measure,1619.4675050769004,934.9999999999999,2,certificate,q4_sparse25,0.0,0.0,1.0,5.0
36,7811.593012,7817.593012,measure,1619.4675050769004,934.9999999999999,3,certificate,q4_sparse25,0.0,0.0,1.0,5.0
36,7817.593012,7823.593012,measure,1619.4675050769004,934.9999999999999,6,certificate,q4_sparse25,0.0,0.0,1.0,5.0
36,7823.593012,7829.593012,measure,1619.4675050769004,934.9999999999999,9,certificate,q4_sparse25,0.0,0.0,1.0,5.0
36,7829.593012,7835.593012,measure,1619.4675050769004,934.9999999999999,11,certificate,q4_sparse25,0.0,0.0,1.0,5.0
36,7835.593012,7841.593012,measure,1619.4675050769004,934.9999999999999,14,certificate,q4_sparse25,0.0,0.0,1.0,5.0
36,7841.593012,7847.593012,measure,1619.4675050769004,934.9999999999999,15,certificate,q4_sparse25,0.0,0.0,1.0,5.0
36,7847.593012,7853.593012,measure,1619.4675050769004,934.9999999999999,16,certificate,q4_sparse25,0.0,0.0,1.0,5.0
36,7853.593012,7859.593012,measure,1619.4675050769004,934.9999999999999,19,certificate,q4_sparse25,0.0,0.0,1.0,5.0
37,7859.593012,8058.189658,measure,935.0000000000002,1619.4675050769001,19,certificate,q4_sparse25,967.983229,193.596646,0.0,5.0
37,8058.189658,8064.189658,measure,935.0000000000002,1619.4675050769001,2,certificate,q4_sparse25,0.0,0.0,1.0,5.0
37,8064.189658,8070.189658,measure,935.0000000000002,1619.4675050769001,3,certificate,q4_sparse25,0.0,0.0,1.0,5.0
37,8070.189658,8076.189658,measure,935.0000000000002,1619.4675050769001,6,certificate,q4_sparse25,0.0,0.0,1.0,5.0
37,8076.189658,8082.189658,measure,935.0000000000002,1619.4675050769001,9,certificate,q4_sparse25,0.0,0.0,1.0,5.0
37,8082.189658,8088.189658,measure,935.0000000000002,1619.4675050769001,11,certificate,q4_sparse25,0.0,0.0,1.0,5.0
37,8088.189658,8094.189658,measure,935.0000000000002,1619.4675050769001,14,certificate,q4_sparse25,0.0,0.0,1.0,5.0
37,8094.189658,8100.189658,measure,935.0000000000002,1619.4675050769001,15,certificate,q4_sparse25,0.0,0.0,1.0,5.0
37,8100.189658,8106.189658,measure,935.0000000000002,1619.4675050769001,16,certificate,q4_sparse25,0.0,0.0,1.0,5.0
37,8106.189658,8112.189658,measure,935.0000000000002,1619.4675050769001,20,certificate,q4_sparse25,0.0,0.0,1.0,5.0
38,8112.189658,8310.786304,measure,1.1450447572027751e-13,1870.0,20,certificate,q4_sparse25,967.983229,193.596646,0.0,5.0
38,8310.786304,8316.786304,measure,1.1450447572027751e-13,1870.0,2,certificate,q4_sparse25,0.0,0.0,1.0,5.0
38,8316.786304,8322.786304,measure,1.1450447572027751e-13,1870.0,3,certificate,q4_sparse25,0.0,0.0,1.0,5.0
38,8322.786304,8328.786304,measure,1.1450447572027751e-13,1870.0,6,certificate,q4_sparse25,0.0,0.0,1.0,5.0
38,8328.786304,8334.786304,measure,1.1450447572027751e-13,1870.0,9,certificate,q4_sparse25,0.0,0.0,1.0,5.0
38,8334.786304,8340.786304,measure,1.1450447572027751e-13,1870.0,11,certificate,q4_sparse25,0.0,0.0,1.0,5.0
38,8340.786304,8346.786304,measure,1.1450447572027751e-13,1870.0,14,certificate,q4_sparse25,0.0,0.0,1.0,5.0
38,8346.786304,8352.786304,measure,1.1450447572027751e-13,1870.0,15,certificate,q4_sparse25,0.0,0.0,1.0,5.0
38,8352.786304,8358.786304,measure,1.1450447572027751e-13,1870.0,16,certificate,q4_sparse25,0.0,0.0,1.0,5.0
38,8358.786304,8364.786304,measure,1.1450447572027751e-13,1870.0,19,certificate,q4_sparse25,0.0,0.0,1.0,5.0
39,8364.786304,8563.382949,measure,-934.9999999999995,1619.4675050769004,19,certificate,q4_sparse25,967.983229,193.596646,0.0,5.0
39,8563.382949,8569.382949,measure,-934.9999999999995,1619.4675050769004,2,certificate,q4_sparse25,0.0,0.0,1.0,5.0
39,8569.382949,8575.382949,measure,-934.9999999999995,1619.4675050769004,3,certificate,q4_sparse25,0.0,0.0,1.0,5.0
39,8575.382949,8581.382949,measure,-934.9999999999995,1619.4675050769004,6,certificate,q4_sparse25,0.0,0.0,1.0,5.0
39,8581.382949,8587.382949,measure,-934.9999999999995,1619.4675050769004,9,certificate,q4_sparse25,0.0,0.0,1.0,5.0
39,8587.382949,8593.382949,measure,-934.9999999999995,1619.4675050769004,11,certificate,q4_sparse25,0.0,0.0,1.0,5.0
39,8593.382949,8599.382949,measure,-934.9999999999995,1619.4675050769004,14,certificate,q4_sparse25,0.0,0.0,1.0,5.0
39,8599.382949,8605.382949,measure,-934.9999999999995,1619.4675050769004,15,certificate,q4_sparse25,0.0,0.0,1.0,5.0
39,8605.382949,8611.382949,measure,-934.9999999999995,1619.4675050769004,16,certificate,q4_sparse25,0.0,0.0,1.0,5.0
39,8611.382949,8617.382949,measure,-934.9999999999995,1619.4675050769004,20,certificate,q4_sparse25,0.0,0.0,1.0,5.0
40,8617.382949,8819.102601,measure,-245.8780928473948,917.6295349746149,20,certificate,q4_sparse25,983.598261,196.719652,0.0,5.0
40,8819.102601,8825.102601,measure,-245.8780928473948,917.6295349746149,2,certificate,q4_sparse25,0.0,0.0,1.0,5.0
40,8825.102601,8831.102601,measure,-245.8780928473948,917.6295349746149,3,certificate,q4_sparse25,0.0,0.0,1.0,5.0
40,8831.102601,8837.102601,measure,-245.8780928473948,917.6295349746149,6,certificate,q4_sparse25,0.0,0.0,1.0,5.0
40,8837.102601,8843.102601,measure,-245.8780928473948,917.6295349746149,9,certificate,q4_sparse25,0.0,0.0,1.0,5.0
40,8843.102601,8849.102601,measure,-245.8780928473948,917.6295349746149,11,certificate,q4_sparse25,0.0,0.0,1.0,5.0
40,8849.102601,8855.102601,measure,-245.8780928473948,917.6295349746149,14,certificate,q4_sparse25,0.0,0.0,1.0,5.0
40,8855.102601,8861.102601,measure,-245.8780928473948,917.6295349746149,15,certificate,q4_sparse25,0.0,0.0,1.0,5.0
40,8861.102601,8867.102601,measure,-245.8780928473948,917.6295349746149,16,certificate,q4_sparse25,0.0,0.0,1.0,5.0
40,8867.102601,8873.102601,measure,-245.8780928473948,917.6295349746149,19,certificate,q4_sparse25,0.0,0.0,1.0,5.0
41,8873.102601,8976.453839,measure,-671.7514421272201,671.7514421272202,19,certificate,q4_sparse25,491.756186,98.351237,0.0,5.0
41,8976.453839,8982.453839,measure,-671.7514421272201,671.7514421272202,2,certificate,q4_sparse25,0.0,0.0,1.0,5.0
41,8982.453839,8988.453839,measure,-671.7514421272201,671.7514421272202,3,certificate,q4_sparse25,0.0,0.0,1.0,5.0
41,8988.453839,8994.453839,measure,-671.7514421272201,671.7514421272202,6,certificate,q4_sparse25,0.0,0.0,1.0,5.0
41,8994.453839,9000.453839,measure,-671.7514421272201,671.7514421272202,9,certificate,q4_sparse25,0.0,0.0,1.0,5.0
41,9000.453839,9006.453839,measure,-671.7514421272201,671.7514421272202,11,certificate,q4_sparse25,0.0,0.0,1.0,5.0
41,9006.453839,9012.453839,measure,-671.7514421272201,671.7514421272202,14,certificate,q4_sparse25,0.0,0.0,1.0,5.0
41,9012.453839,9018.453839,measure,-671.7514421272201,671.7514421272202,15,certificate,q4_sparse25,0.0,0.0,1.0,5.0
41,9018.453839,9024.453839,measure,-671.7514421272201,671.7514421272202,16,certificate,q4_sparse25,0.0,0.0,1.0,5.0
41,9024.453839,9030.453839,measure,-671.7514421272201,671.7514421272202,20,certificate,q4_sparse25,0.0,0.0,1.0,5.0
42,9030.453839,9133.805076,measure,-917.6295349746148,245.87809284739495,20,certificate,q4_sparse25,491.756186,98.351237,0.0,5.0
42,9133.805076,9139.805076,measure,-917.6295349746148,245.87809284739495,2,certificate,q4_sparse25,0.0,0.0,1.0,5.0
42,9139.805076,9145.805076,measure,-917.6295349746148,245.87809284739495,3,certificate,q4_sparse25,0.0,0.0,1.0,5.0
42,9145.805076,9151.805076,measure,-917.6295349746148,245.87809284739495,6,certificate,q4_sparse25,0.0,0.0,1.0,5.0
42,9151.805076,9157.805076,measure,-917.6295349746148,245.87809284739495,9,certificate,q4_sparse25,0.0,0.0,1.0,5.0
42,9157.805076,9163.805076,measure,-917.6295349746148,245.87809284739495,11,certificate,q4_sparse25,0.0,0.0,1.0,5.0
42,9163.805076,9169.805076,measure,-917.6295349746148,245.87809284739495,14,certificate,q4_sparse25,0.0,0.0,1.0,5.0
42,9169.805076,9175.805076,measure,-917.6295349746148,245.87809284739495,15,certificate,q4_sparse25,0.0,0.0,1.0,5.0
42,9175.805076,9181.805076,measure,-917.6295349746148,245.87809284739495,16,certificate,q4_sparse25,0.0,0.0,1.0,5.0
42,9181.805076,9187.805076,measure,-917.6295349746148,245.87809284739495,19,certificate,q4_sparse25,0.0,0.0,1.0,5.0
43,9187.805076,9319.497711,clear,-714.9836478778549,856.5985722744197,5,fallback_clear,fallback,643.463177,128.692635,0.0,3.0
43,9319.497711,9325.497711,measure,-714.9836478778549,856.5985722744197,5,fallback_clear,fallback:opportunistic,0.0,0.0,1.0,5.0
43,9325.497711,9331.497711,measure,-714.9836478778549,856.5985722744197,7,fallback_clear,fallback:opportunistic,0.0,0.0,1.0,5.0
43,9331.497711,9337.497711,measure,-714.9836478778549,856.5985722744197,8,fallback_clear,fallback:opportunistic,0.0,0.0,1.0,5.0
43,9337.497711,9343.497711,measure,-714.9836478778549,856.5985722744197,12,fallback_clear,fallback:opportunistic,0.0,0.0,1.0,5.0
43,9343.497711,9349.497711,measure,-714.9836478778549,856.5985722744197,17,fallback_clear,fallback:opportunistic,0.0,0.0,1.0,5.0
43,9349.497711,9355.497711,measure,-714.9836478778549,856.5985722744197,18,fallback_clear,fallback:opportunistic,0.0,0.0,1.0,5.0
44,9355.497711,9365.425914,clear,-680.3426317264773,856.5985722744197,5,fallback_clear,fallback,34.641016,6.928203,0.0,3.0
44,9365.425914,9370.425914,measure,-680.3426317264773,856.5985722744197,18,fallback_clear,fallback:opportunistic,0.0,0.0,0.0,5.0
44,9370.425914,9376.425914,measure,-680.3426317264773,856.5985722744197,5,fallback_clear,fallback:opportunistic,0.0,0.0,1.0,5.0
44,9376.425914,9382.425914,measure,-680.3426317264773,856.5985722744197,7,fallback_clear,fallback:opportunistic,0.0,0.0,1.0,5.0
44,9382.425914,9388.425914,measure,-680.3426317264773,856.5985722744197,8,fallback_clear,fallback:opportunistic,0.0,0.0,1.0,5.0
44,9388.425914,9394.425914,measure,-680.3426317264773,856.5985722744197,12,fallback_clear,fallback:opportunistic,0.0,0.0,1.0,5.0
44,9394.425914,9400.425914,measure,-680.3426317264773,856.5985722744197,17,fallback_clear,fallback:opportunistic,0.0,0.0,1.0,5.0
45,9400.425914,9410.354118,clear,-697.663139802166,886.5985722744197,5,fallback_clear,fallback,34.641016,6.928203,0.0,3.0
45,9410.354118,9415.354118,measure,-697.663139802166,886.5985722744197,17,fallback_clear,fallback:opportunistic,0.0,0.0,0.0,5.0
45,9415.354118,9421.354118,measure,-697.663139802166,886.5985722744197,5,fallback_clear,fallback:opportunistic,0.0,0.0,1.0,5.0
45,9421.354118,9427.354118,measure,-697.663139802166,886.5985722744197,7,fallback_clear,fallback:opportunistic,0.0,0.0,1.0,5.0
45,9427.354118,9433.354118,measure,-697.663139802166,886.5985722744197,8,fallback_clear,fallback:opportunistic,0.0,0.0,1.0,5.0
45,9433.354118,9439.354118,measure,-697.663139802166,886.5985722744197,12,fallback_clear,fallback:opportunistic,0.0,0.0,1.0,5.0
45,9439.354118,9445.354118,measure,-697.663139802166,886.5985722744197,18,fallback_clear,fallback:opportunistic,0.0,0.0,1.0,5.0
46,9445.354118,9455.282321,clear,-663.0221236507884,886.5985722744197,5,fallback_clear,fallback,34.641016,6.928203,0.0,3.0
46,9455.282321,9460.282321,measure,-663.0221236507884,886.5985722744197,18,fallback_clear,fallback:opportunistic,0.0,0.0,0.0,5.0
46,9460.282321,9466.282321,measure,-663.0221236507884,886.5985722744197,5,fallback_clear,fallback:opportunistic,0.0,0.0,1.0,5.0
46,9466.282321,9472.282321,measure,-663.0221236507884,886.5985722744197,7,fallback_clear,fallback:opportunistic,0.0,0.0,1.0,5.0
46,9472.282321,9478.282321,measure,-663.0221236507884,886.5985722744197,8,fallback_clear,fallback:opportunistic,0.0,0.0,1.0,5.0
46,9478.282321,9484.282321,measure,-663.0221236507884,886.5985722744197,12,fallback_clear,fallback:opportunistic,0.0,0.0,1.0,5.0
46,9484.282321,9490.282321,measure,-663.0221236507884,886.5985722744197,17,fallback_clear,fallback:opportunistic,0.0,0.0,1.0,5.0
47,9490.282321,9500.210524,clear,-645.7016155750997,916.5985722744197,5,fallback_clear,fallback,34.641016,6.928203,0.0,3.0
47,9500.210524,9505.210524,measure,-645.7016155750997,916.5985722744197,17,fallback_clear,fallback:opportunistic,0.0,0.0,0.0,5.0
47,9505.210524,9511.210524,measure,-645.7016155750997,916.5985722744197,5,fallback_clear,fallback:opportunistic,0.0,0.0,1.0,5.0
47,9511.210524,9517.210524,measure,-645.7016155750997,916.5985722744197,7,fallback_clear,fallback:opportunistic,0.0,0.0,1.0,5.0
47,9517.210524,9523.210524,measure,-645.7016155750997,916.5985722744197,8,fallback_clear,fallback:opportunistic,0.0,0.0,1.0,5.0
47,9523.210524,9529.210524,measure,-645.7016155750997,916.5985722744197,12,fallback_clear,fallback:opportunistic,0.0,0.0,1.0,5.0
47,9529.210524,9535.210524,measure,-645.7016155750997,916.5985722744197,18,fallback_clear,fallback:opportunistic,0.0,0.0,1.0,5.0
48,9535.210524,9545.138727,clear,-611.0605994237221,916.5985722744197,5,fallback_clear,fallback,34.641016,6.928203,0.0,3.0
48,9545.138727,9550.138727,measure,-611.0605994237221,916.5985722744197,18,fallback_clear,fallback:opportunistic,0.0,0.0,0.0,5.0
48,9550.138727,9556.138727,measure,-611.0605994237221,916.5985722744197,5,fallback_clear,fallback:opportunistic,0.0,0.0,1.0,5.0
48,9556.138727,9562.138727,measure,-611.0605994237221,916.5985722744197,7,fallback_clear,fallback:opportunistic,0.0,0.0,1.0,5.0
48,9562.138727,9568.138727,measure,-611.0605994237221,916.5985722744197,8,fallback_clear,fallback:opportunistic,0.0,0.0,1.0,5.0
48,9568.138727,9574.138727,measure,-611.0605994237221,916.5985722744197,12,fallback_clear,fallback:opportunistic,0.0,0.0,1.0,5.0
48,9574.138727,9580.138727,measure,-611.0605994237221,916.5985722744197,17,fallback_clear,fallback:opportunistic,0.0,0.0,1.0,5.0
49,9580.138727,9590.06693,clear,-628.3811074994109,946.5985722744197,5,fallback_clear,fallback,34.641016,6.928203,0.0,3.0
49,9590.06693,9595.06693,measure,-628.3811074994109,946.5985722744197,17,fallback_clear,fallback:opportunistic,0.0,0.0,0.0,5.0
49,9595.06693,9601.06693,measure,-628.3811074994109,946.5985722744197,5,fallback_clear,fallback:opportunistic,0.0,0.0,1.0,5.0
49,9601.06693,9607.06693,measure,-628.3811074994109,946.5985722744197,7,fallback_clear,fallback:opportunistic,0.0,0.0,1.0,5.0
49,9607.06693,9613.06693,measure,-628.3811074994109,946.5985722744197,8,fallback_clear,fallback:opportunistic,0.0,0.0,1.0,5.0
49,9613.06693,9619.06693,measure,-628.3811074994109,946.5985722744197,12,fallback_clear,fallback:opportunistic,0.0,0.0,1.0,5.0
49,9619.06693,9625.06693,measure,-628.3811074994109,946.5985722744197,18,fallback_clear,fallback:opportunistic,0.0,0.0,1.0,5.0
50,9625.06693,9634.995134,clear,-593.7400913480333,946.5985722744197,5,fallback_clear,fallback,34.641016,6.928203,0.0,3.0
50,9634.995134,9639.995134,measure,-593.7400913480333,946.5985722744197,18,fallback_clear,fallback:opportunistic,0.0,0.0,0.0,5.0
50,9639.995134,9645.995134,measure,-593.7400913480333,946.5985722744197,5,fallback_clear,fallback:opportunistic,0.0,0.0,1.0,5.0
50,9645.995134,9651.995134,measure,-593.7400913480333,946.5985722744197,7,fallback_clear,fallback:opportunistic,0.0,0.0,1.0,5.0
50,9651.995134,9657.995134,measure,-593.7400913480333,946.5985722744197,8,fallback_clear,fallback:opportunistic,0.0,0.0,1.0,5.0
50,9657.995134,9663.995134,measure,-593.7400913480333,946.5985722744197,12,fallback_clear,fallback:opportunistic,0.0,0.0,1.0,5.0
50,9663.995134,9669.995134,measure,-593.7400913480333,946.5985722744197,17,fallback_clear,fallback:opportunistic,0.0,0.0,1.0,5.0
51,9669.995134,9679.923337,clear,-576.4195832723445,976.5985722744197,5,fallback_clear,fallback,34.641016,6.928203,0.0,3.0
51,9679.923337,9684.923337,measure,-576.4195832723445,976.5985722744197,17,fallback_clear,fallback:opportunistic,0.0,0.0,0.0,5.0
51,9684.923337,9690.923337,measure,-576.4195832723445,976.5985722744197,5,fallback_clear,fallback:opportunistic,0.0,0.0,1.0,5.0
51,9690.923337,9696.923337,measure,-576.4195832723445,976.5985722744197,7,fallback_clear,fallback:opportunistic,0.0,0.0,1.0,5.0
51,9696.923337,9702.923337,measure,-576.4195832723445,976.5985722744197,8,fallback_clear,fallback:opportunistic,0.0,0.0,1.0,5.0
51,9702.923337,9708.923337,measure,-576.4195832723445,976.5985722744197,12,fallback_clear,fallback:opportunistic,0.0,0.0,1.0,5.0
51,9708.923337,9714.923337,measure,-576.4195832723445,976.5985722744197,18,fallback_clear,fallback:opportunistic,0.0,0.0,1.0,5.0
52,9714.923337,9724.85154,clear,-541.778567120967,976.5985722744197,5,fallback_clear,fallback,34.641016,6.928203,0.0,3.0
52,9724.85154,9729.85154,measure,-541.778567120967,976.5985722744197,18,fallback_clear,fallback:opportunistic,0.0,0.0,0.0,5.0
52,9729.85154,9735.85154,measure,-541.778567120967,976.5985722744197,5,fallback_clear,fallback:opportunistic,0.0,0.0,1.0,5.0
52,9735.85154,9741.85154,measure,-541.778567120967,976.5985722744197,7,fallback_clear,fallback:opportunistic,0.0,0.0,1.0,5.0
52,9741.85154,9747.85154,measure,-541.778567120967,976.5985722744197,8,fallback_clear,fallback:opportunistic,0.0,0.0,1.0,5.0
52,9747.85154,9753.85154,measure,-541.778567120967,976.5985722744197,12,fallback_clear,fallback:opportunistic,0.0,0.0,1.0,5.0
52,9753.85154,9759.85154,measure,-541.778567120967,976.5985722744197,17,fallback_clear,fallback:opportunistic,0.0,0.0,1.0,5.0
53,9759.85154,9769.779743,clear,-559.0990751966557,1006.5985722744197,5,fallback_clear,fallback,34.641016,6.928203,0.0,3.0
53,9769.779743,9774.779743,measure,-559.0990751966557,1006.5985722744197,17,fallback_clear,fallback:opportunistic,0.0,0.0,0.0,5.0
53,9774.779743,9780.779743,measure,-559.0990751966557,1006.5985722744197,5,fallback_clear,fallback:opportunistic,0.0,0.0,1.0,5.0
53,9780.779743,9786.779743,measure,-559.0990751966557,1006.5985722744197,7,fallback_clear,fallback:opportunistic,0.0,0.0,1.0,5.0
53,9786.779743,9792.779743,measure,-559.0990751966557,1006.5985722744197,8,fallback_clear,fallback:opportunistic,0.0,0.0,1.0,5.0
53,9792.779743,9798.779743,measure,-559.0990751966557,1006.5985722744197,12,fallback_clear,fallback:opportunistic,0.0,0.0,1.0,5.0
53,9798.779743,9804.779743,measure,-559.0990751966557,1006.5985722744197,18,fallback_clear,fallback:opportunistic,0.0,0.0,1.0,5.0
54,9804.779743,9814.707947,clear,-524.4580590452781,1006.5985722744197,5,fallback_clear,fallback,34.641016,6.928203,0.0,3.0
54,9814.707947,9819.707947,measure,-524.4580590452781,1006.5985722744197,18,fallback_clear,fallback:opportunistic,0.0,0.0,0.0,5.0
54,9819.707947,9825.707947,measure,-524.4580590452781,1006.5985722744197,5,fallback_clear,fallback:opportunistic,0.0,0.0,1.0,5.0
54,9825.707947,9831.707947,measure,-524.4580590452781,1006.5985722744197,7,fallback_clear,fallback:opportunistic,0.0,0.0,1.0,5.0
54,9831.707947,9837.707947,measure,-524.4580590452781,1006.5985722744197,8,fallback_clear,fallback:opportunistic,0.0,0.0,1.0,5.0
54,9837.707947,9843.707947,measure,-524.4580590452781,1006.5985722744197,12,fallback_clear,fallback:opportunistic,0.0,0.0,1.0,5.0
54,9843.707947,9849.707947,measure,-524.4580590452781,1006.5985722744197,17,fallback_clear,fallback:opportunistic,0.0,0.0,1.0,5.0
55,9849.707947,9859.63615,clear,-507.1375509695894,1036.5985722744197,5,fallback_clear,fallback,34.641016,6.928203,0.0,3.0
55,9859.63615,9864.63615,measure,-507.1375509695894,1036.5985722744197,17,fallback_clear,fallback:opportunistic,0.0,0.0,0.0,5.0
55,9864.63615,9870.63615,measure,-507.1375509695894,1036.5985722744197,5,fallback_clear,fallback:opportunistic,0.0,0.0,1.0,5.0
55,9870.63615,9876.63615,measure,-507.1375509695894,1036.5985722744197,7,fallback_clear,fallback:opportunistic,0.0,0.0,1.0,5.0
55,9876.63615,9882.63615,measure,-507.1375509695894,1036.5985722744197,8,fallback_clear,fallback:opportunistic,0.0,0.0,1.0,5.0
55,9882.63615,9888.63615,measure,-507.1375509695894,1036.5985722744197,12,fallback_clear,fallback:opportunistic,0.0,0.0,1.0,5.0
55,9888.63615,9894.63615,measure,-507.1375509695894,1036.5985722744197,18,fallback_clear,fallback:opportunistic,0.0,0.0,1.0,5.0
56,9894.63615,9904.564353,clear,-472.4965348182119,1036.5985722744197,5,fallback_clear,fallback,34.641016,6.928203,0.0,3.0
56,9904.564353,9909.564353,measure,-472.4965348182119,1036.5985722744197,18,fallback_clear,fallback:opportunistic,0.0,0.0,0.0,5.0
56,9909.564353,9915.564353,measure,-472.4965348182119,1036.5985722744197,5,fallback_clear,fallback:opportunistic,0.0,0.0,1.0,5.0
56,9915.564353,9921.564353,measure,-472.4965348182119,1036.5985722744197,7,fallback_clear,fallback:opportunistic,0.0,0.0,1.0,5.0
56,9921.564353,9927.564353,measure,-472.4965348182119,1036.5985722744197,8,fallback_clear,fallback:opportunistic,0.0,0.0,1.0,5.0
56,9927.564353,9933.564353,measure,-472.4965348182119,1036.5985722744197,12,fallback_clear,fallback:opportunistic,0.0,0.0,1.0,5.0
56,9933.564353,9939.564353,measure,-472.4965348182119,1036.5985722744197,17,fallback_clear,fallback:opportunistic,0.0,0.0,1.0,5.0
57,9939.564353,9949.492556,clear,-489.8170428939006,1066.5985722744197,5,fallback_clear,fallback,34.641016,6.928203,0.0,3.0
57,9949.492556,9954.492556,measure,-489.8170428939006,1066.5985722744197,17,fallback_clear,fallback:opportunistic,0.0,0.0,0.0,5.0
57,9954.492556,9960.492556,measure,-489.8170428939006,1066.5985722744197,5,fallback_clear,fallback:opportunistic,0.0,0.0,1.0,5.0
57,9960.492556,9966.492556,measure,-489.8170428939006,1066.5985722744197,7,fallback_clear,fallback:opportunistic,0.0,0.0,1.0,5.0
57,9966.492556,9972.492556,measure,-489.8170428939006,1066.5985722744197,8,fallback_clear,fallback:opportunistic,0.0,0.0,1.0,5.0
57,9972.492556,9978.492556,measure,-489.8170428939006,1066.5985722744197,12,fallback_clear,fallback:opportunistic,0.0,0.0,1.0,5.0
57,9978.492556,9984.492556,measure,-489.8170428939006,1066.5985722744197,18,fallback_clear,fallback:opportunistic,0.0,0.0,1.0,5.0
58,9984.492556,9994.42076,clear,-472.4965348182119,1096.5985722744197,5,fallback_clear,fallback,34.641016,6.928203,0.0,3.0
58,9994.42076,9999.42076,measure,-472.4965348182119,1096.5985722744197,18,fallback_clear,fallback:opportunistic,0.0,0.0,0.0,5.0
58,9999.42076,10005.42076,measure,-472.4965348182119,1096.5985722744197,5,fallback_clear,fallback:opportunistic,0.0,0.0,1.0,5.0
58,10005.42076,10011.42076,measure,-472.4965348182119,1096.5985722744197,7,fallback_clear,fallback:opportunistic,0.0,0.0,1.0,5.0
58,10011.42076,10017.42076,measure,-472.4965348182119,1096.5985722744197,8,fallback_clear,fallback:opportunistic,0.0,0.0,1.0,5.0
58,10017.42076,10023.42076,measure,-472.4965348182119,1096.5985722744197,12,fallback_clear,fallback:opportunistic,0.0,0.0,1.0,5.0
58,10023.42076,10029.42076,measure,-472.4965348182119,1096.5985722744197,17,fallback_clear,fallback:opportunistic,0.0,0.0,1.0,5.0
59,10029.42076,10039.348963,clear,-437.85551866683437,1096.5985722744197,5,fallback_clear,fallback,34.641016,6.928203,0.0,3.0
59,10039.348963,10044.348963,measure,-437.85551866683437,1096.5985722744197,17,fallback_clear,fallback:opportunistic,0.0,0.0,0.0,5.0
59,10044.348963,10050.348963,measure,-437.85551866683437,1096.5985722744197,5,fallback_clear,fallback:opportunistic,0.0,0.0,1.0,5.0
59,10050.348963,10056.348963,measure,-437.85551866683437,1096.5985722744197,7,fallback_clear,fallback:opportunistic,0.0,0.0,1.0,5.0
59,10056.348963,10062.348963,measure,-437.85551866683437,1096.5985722744197,8,fallback_clear,fallback:opportunistic,0.0,0.0,1.0,5.0
59,10062.348963,10068.348963,measure,-437.85551866683437,1096.5985722744197,12,fallback_clear,fallback:opportunistic,0.0,0.0,1.0,5.0
59,10068.348963,10074.348963,measure,-437.85551866683437,1096.5985722744197,18,fallback_clear,fallback:opportunistic,0.0,0.0,1.0,5.0
60,10074.348963,10084.277166,clear,-455.17602674252305,1066.5985722744197,5,fallback_clear,fallback,34.641016,6.928203,0.0,3.0
60,10084.277166,10089.277166,measure,-455.17602674252305,1066.5985722744197,18,fallback_clear,fallback:opportunistic,0.0,0.0,0.0,5.0
60,10089.277166,10095.277166,measure,-455.17602674252305,1066.5985722744197,5,fallback_clear,fallback:opportunistic,0.0,0.0,1.0,5.0
60,10095.277166,10101.277166,measure,-455.17602674252305,1066.5985722744197,7,fallback_clear,fallback:opportunistic,0.0,0.0,1.0,5.0
60,10101.277166,10107.277166,measure,-455.17602674252305,1066.5985722744197,8,fallback_clear,fallback:opportunistic,0.0,0.0,1.0,5.0
60,10107.277166,10113.277166,measure,-455.17602674252305,1066.5985722744197,12,fallback_clear,fallback:opportunistic,0.0,0.0,1.0,5.0
60,10113.277166,10119.277166,measure,-455.17602674252305,1066.5985722744197,17,fallback_clear,fallback:opportunistic,0.0,0.0,1.0,5.0
61,10119.277166,10134.277166,clear,-403.21450251545684,1096.5985722744197,5,fallback_clear,fallback,60.0,12.0,0.0,3.0
61,10134.277166,10139.277166,measure,-403.21450251545684,1096.5985722744197,17,fallback_clear,fallback:opportunistic,0.0,0.0,0.0,5.0
61,10139.277166,10145.277166,measure,-403.21450251545684,1096.5985722744197,5,fallback_clear,fallback:opportunistic,0.0,0.0,1.0,5.0
61,10145.277166,10151.277166,measure,-403.21450251545684,1096.5985722744197,7,fallback_clear,fallback:opportunistic,0.0,0.0,1.0,5.0
61,10151.277166,10157.277166,measure,-403.21450251545684,1096.5985722744197,8,fallback_clear,fallback:opportunistic,0.0,0.0,1.0,5.0
61,10157.277166,10163.277166,measure,-403.21450251545684,1096.5985722744197,12,fallback_clear,fallback:opportunistic,0.0,0.0,1.0,5.0
61,10163.277166,10169.277166,measure,-403.21450251545684,1096.5985722744197,18,fallback_clear,fallback:opportunistic,0.0,0.0,1.0,5.0
62,10169.277166,10179.205369,clear,-420.5350105911455,1126.5985722744197,5,fallback_clear,fallback,34.641016,6.928203,0.0,3.0
62,10179.205369,10184.205369,measure,-420.5350105911455,1126.5985722744197,18,fallback_clear,fallback:opportunistic,0.0,0.0,0.0,5.0
62,10184.205369,10190.205369,measure,-420.5350105911455,1126.5985722744197,5,fallback_clear,fallback:opportunistic,0.0,0.0,1.0,5.0
62,10190.205369,10196.205369,measure,-420.5350105911455,1126.5985722744197,7,fallback_clear,fallback:opportunistic,0.0,0.0,1.0,5.0
62,10196.205369,10202.205369,measure,-420.5350105911455,1126.5985722744197,8,fallback_clear,fallback:opportunistic,0.0,0.0,1.0,5.0
62,10202.205369,10208.205369,measure,-420.5350105911455,1126.5985722744197,12,fallback_clear,fallback:opportunistic,0.0,0.0,1.0,5.0
62,10208.205369,10214.205369,measure,-420.5350105911455,1126.5985722744197,17,fallback_clear,fallback:opportunistic,0.0,0.0,1.0,5.0
63,10214.205369,10224.133572,clear,-403.21450251545684,1156.5985722744197,5,fallback_clear,fallback,34.641016,6.928203,0.0,3.0
63,10224.133572,10229.133572,measure,-403.21450251545684,1156.5985722744197,17,fallback_clear,fallback:opportunistic,0.0,0.0,0.0,5.0
63,10229.133572,10235.133572,measure,-403.21450251545684,1156.5985722744197,5,fallback_clear,fallback:opportunistic,0.0,0.0,1.0,5.0
63,10235.133572,10241.133572,measure,-403.21450251545684,1156.5985722744197,7,fallback_clear,fallback:opportunistic,0.0,0.0,1.0,5.0
63,10241.133572,10247.133572,measure,-403.21450251545684,1156.5985722744197,8,fallback_clear,fallback:opportunistic,0.0,0.0,1.0,5.0
63,10247.133572,10253.133572,measure,-403.21450251545684,1156.5985722744197,12,fallback_clear,fallback:opportunistic,0.0,0.0,1.0,5.0
63,10253.133572,10259.133572,measure,-403.21450251545684,1156.5985722744197,18,fallback_clear,fallback:opportunistic,0.0,0.0,1.0,5.0
64,10259.133572,10269.061776,clear,-368.5734863640793,1156.5985722744197,5,fallback_clear,fallback,34.641016,6.928203,0.0,3.0
64,10269.061776,10274.061776,measure,-368.5734863640793,1156.5985722744197,18,fallback_clear,fallback:opportunistic,0.0,0.0,0.0,5.0
64,10274.061776,10280.061776,measure,-368.5734863640793,1156.5985722744197,5,fallback_clear,fallback:opportunistic,0.0,0.0,1.0,5.0
64,10280.061776,10286.061776,measure,-368.5734863640793,1156.5985722744197,7,fallback_clear,fallback:opportunistic,0.0,0.0,1.0,5.0
64,10286.061776,10292.061776,measure,-368.5734863640793,1156.5985722744197,8,fallback_clear,fallback:opportunistic,0.0,0.0,1.0,5.0
64,10292.061776,10298.061776,measure,-368.5734863640793,1156.5985722744197,12,fallback_clear,fallback:opportunistic,0.0,0.0,1.0,5.0
64,10298.061776,10304.061776,measure,-368.5734863640793,1156.5985722744197,17,fallback_clear,fallback:opportunistic,0.0,0.0,1.0,5.0
65,10304.061776,10313.989979,clear,-385.893994439768,1126.5985722744197,5,fallback_clear,fallback,34.641016,6.928203,0.0,3.0
65,10313.989979,10318.989979,measure,-385.893994439768,1126.5985722744197,17,fallback_clear,fallback:opportunistic,0.0,0.0,0.0,5.0
65,10318.989979,10324.989979,measure,-385.893994439768,1126.5985722744197,5,fallback_clear,fallback:opportunistic,0.0,0.0,1.0,5.0
65,10324.989979,10330.989979,measure,-385.893994439768,1126.5985722744197,7,fallback_clear,fallback:opportunistic,0.0,0.0,1.0,5.0
65,10330.989979,10336.989979,measure,-385.893994439768,1126.5985722744197,8,fallback_clear,fallback:opportunistic,0.0,0.0,1.0,5.0
65,10336.989979,10342.989979,measure,-385.893994439768,1126.5985722744197,12,fallback_clear,fallback:opportunistic,0.0,0.0,1.0,5.0
65,10342.989979,10348.989979,measure,-385.893994439768,1126.5985722744197,18,fallback_clear,fallback:opportunistic,0.0,0.0,1.0,5.0
66,10348.989979,10363.989979,clear,-333.9324702127018,1156.5985722744197,5,fallback_clear,fallback,60.0,12.0,0.0,3.0
66,10363.989979,10368.989979,measure,-333.9324702127018,1156.5985722744197,18,fallback_clear,fallback:opportunistic,0.0,0.0,0.0,5.0
66,10368.989979,10374.989979,measure,-333.9324702127018,1156.5985722744197,5,fallback_clear,fallback:opportunistic,0.0,0.0,1.0,5.0
66,10374.989979,10380.989979,measure,-333.9324702127018,1156.5985722744197,7,fallback_clear,fallback:opportunistic,0.0,0.0,1.0,5.0
66,10380.989979,10386.989979,measure,-333.9324702127018,1156.5985722744197,8,fallback_clear,fallback:opportunistic,0.0,0.0,1.0,5.0
66,10386.989979,10392.989979,measure,-333.9324702127018,1156.5985722744197,12,fallback_clear,fallback:opportunistic,0.0,0.0,1.0,5.0
66,10392.989979,10398.989979,measure,-333.9324702127018,1156.5985722744197,17,fallback_clear,fallback:opportunistic,0.0,0.0,1.0,5.0
67,10398.989979,10408.918182,clear,-351.25297828839047,1186.5985722744197,5,fallback_clear,fallback,34.641016,6.928203,0.0,3.0
67,10408.918182,10413.918182,measure,-351.25297828839047,1186.5985722744197,17,fallback_clear,fallback:opportunistic,0.0,0.0,0.0,5.0
67,10413.918182,10419.918182,measure,-351.25297828839047,1186.5985722744197,5,fallback_clear,fallback:opportunistic,0.0,0.0,1.0,5.0
67,10419.918182,10425.918182,measure,-351.25297828839047,1186.5985722744197,7,fallback_clear,fallback:opportunistic,0.0,0.0,1.0,5.0
67,10425.918182,10431.918182,measure,-351.25297828839047,1186.5985722744197,8,fallback_clear,fallback:opportunistic,0.0,0.0,1.0,5.0
67,10431.918182,10437.918182,measure,-351.25297828839047,1186.5985722744197,12,fallback_clear,fallback:opportunistic,0.0,0.0,1.0,5.0
67,10437.918182,10443.918182,measure,-351.25297828839047,1186.5985722744197,18,fallback_clear,fallback:opportunistic,0.0,0.0,1.0,5.0
68,10443.918182,10453.846385,clear,-333.9324702127018,1216.5985722744197,5,fallback_clear,fallback,34.641016,6.928203,0.0,3.0
68,10453.846385,10458.846385,measure,-333.9324702127018,1216.5985722744197,18,fallback_clear,fallback:opportunistic,0.0,0.0,0.0,5.0
68,10458.846385,10464.846385,measure,-333.9324702127018,1216.5985722744197,5,fallback_clear,fallback:opportunistic,0.0,0.0,1.0,5.0
68,10464.846385,10470.846385,measure,-333.9324702127018,1216.5985722744197,7,fallback_clear,fallback:opportunistic,0.0,0.0,1.0,5.0
68,10470.846385,10476.846385,measure,-333.9324702127018,1216.5985722744197,8,fallback_clear,fallback:opportunistic,0.0,0.0,1.0,5.0
68,10476.846385,10482.846385,measure,-333.9324702127018,1216.5985722744197,12,fallback_clear,fallback:opportunistic,0.0,0.0,1.0,5.0
68,10482.846385,10488.846385,measure,-333.9324702127018,1216.5985722744197,17,fallback_clear,fallback:opportunistic,0.0,0.0,1.0,5.0
69,10488.846385,10498.774589,clear,-299.29145406132426,1216.5985722744197,5,fallback_clear,fallback,34.641016,6.928203,0.0,3.0
69,10498.774589,10503.774589,measure,-299.29145406132426,1216.5985722744197,17,fallback_clear,fallback:opportunistic,0.0,0.0,0.0,5.0
69,10503.774589,10509.774589,measure,-299.29145406132426,1216.5985722744197,5,fallback_clear,fallback:opportunistic,0.0,0.0,1.0,5.0
69,10509.774589,10515.774589,measure,-299.29145406132426,1216.5985722744197,7,fallback_clear,fallback:opportunistic,0.0,0.0,1.0,5.0
69,10515.774589,10521.774589,measure,-299.29145406132426,1216.5985722744197,8,fallback_clear,fallback:opportunistic,0.0,0.0,1.0,5.0
69,10521.774589,10527.774589,measure,-299.29145406132426,1216.5985722744197,12,fallback_clear,fallback:opportunistic,0.0,0.0,1.0,5.0
69,10527.774589,10533.774589,measure,-299.29145406132426,1216.5985722744197,18,fallback_clear,fallback:opportunistic,0.0,0.0,1.0,5.0
70,10533.774589,10543.702792,clear,-316.61196213701294,1186.5985722744197,5,fallback_clear,fallback,34.641016,6.928203,0.0,3.0
70,10543.702792,10548.702792,measure,-316.61196213701294,1186.5985722744197,18,fallback_clear,fallback:opportunistic,0.0,0.0,0.0,5.0
70,10548.702792,10554.702792,measure,-316.61196213701294,1186.5985722744197,5,fallback_clear,fallback:opportunistic,0.0,0.0,1.0,5.0
70,10554.702792,10560.702792,measure,-316.61196213701294,1186.5985722744197,7,fallback_clear,fallback:opportunistic,0.0,0.0,1.0,5.0
70,10560.702792,10566.702792,measure,-316.61196213701294,1186.5985722744197,8,fallback_clear,fallback:opportunistic,0.0,0.0,1.0,5.0
70,10566.702792,10572.702792,measure,-316.61196213701294,1186.5985722744197,12,fallback_clear,fallback:opportunistic,0.0,0.0,1.0,5.0
70,10572.702792,10578.702792,measure,-316.61196213701294,1186.5985722744197,17,fallback_clear,fallback:opportunistic,0.0,0.0,1.0,5.0
71,10578.702792,10593.702792,clear,-264.65043790994673,1216.5985722744197,5,fallback_clear,fallback,60.0,12.0,0.0,3.0
71,10593.702792,10598.702792,measure,-264.65043790994673,1216.5985722744197,17,fallback_clear,fallback:opportunistic,0.0,0.0,0.0,5.0
71,10598.702792,10604.702792,measure,-264.65043790994673,1216.5985722744197,5,fallback_clear,fallback:opportunistic,0.0,0.0,1.0,5.0
71,10604.702792,10610.702792,measure,-264.65043790994673,1216.5985722744197,7,fallback_clear,fallback:opportunistic,0.0,0.0,1.0,5.0
71,10610.702792,10616.702792,measure,-264.65043790994673,1216.5985722744197,8,fallback_clear,fallback:opportunistic,0.0,0.0,1.0,5.0
71,10616.702792,10622.702792,measure,-264.65043790994673,1216.5985722744197,12,fallback_clear,fallback:opportunistic,0.0,0.0,1.0,5.0
71,10622.702792,10628.702792,measure,-264.65043790994673,1216.5985722744197,18,fallback_clear,fallback:opportunistic,0.0,0.0,1.0,5.0
72,10628.702792,10638.630995,clear,-281.9709459856354,1246.5985722744197,5,fallback_clear,fallback,34.641016,6.928203,0.0,3.0
72,10638.630995,10643.630995,measure,-281.9709459856354,1246.5985722744197,18,fallback_clear,fallback:opportunistic,0.0,0.0,0.0,5.0
72,10643.630995,10649.630995,measure,-281.9709459856354,1246.5985722744197,5,fallback_clear,fallback:opportunistic,0.0,0.0,1.0,5.0
72,10649.630995,10655.630995,measure,-281.9709459856354,1246.5985722744197,7,fallback_clear,fallback:opportunistic,0.0,0.0,1.0,5.0
72,10655.630995,10661.630995,measure,-281.9709459856354,1246.5985722744197,8,fallback_clear,fallback:opportunistic,0.0,0.0,1.0,5.0
72,10661.630995,10667.630995,measure,-281.9709459856354,1246.5985722744197,12,fallback_clear,fallback:opportunistic,0.0,0.0,1.0,5.0
72,10667.630995,10673.630995,measure,-281.9709459856354,1246.5985722744197,17,fallback_clear,fallback:opportunistic,0.0,0.0,1.0,5.0
73,10673.630995,10683.559198,clear,-264.65043790994673,1276.5985722744197,5,fallback_clear,fallback,34.641016,6.928203,0.0,3.0
73,10683.559198,10688.559198,measure,-264.65043790994673,1276.5985722744197,17,fallback_clear,fallback:opportunistic,0.0,0.0,0.0,5.0
73,10688.559198,10694.559198,measure,-264.65043790994673,1276.5985722744197,5,fallback_clear,fallback:opportunistic,0.0,0.0,1.0,5.0
73,10694.559198,10700.559198,measure,-264.65043790994673,1276.5985722744197,7,fallback_clear,fallback:opportunistic,0.0,0.0,1.0,5.0
73,10700.559198,10706.559198,measure,-264.65043790994673,1276.5985722744197,8,fallback_clear,fallback:opportunistic,0.0,0.0,1.0,5.0
73,10706.559198,10712.559198,measure,-264.65043790994673,1276.5985722744197,12,fallback_clear,fallback:opportunistic,0.0,0.0,1.0,5.0
73,10712.559198,10718.559198,measure,-264.65043790994673,1276.5985722744197,18,fallback_clear,fallback:opportunistic,0.0,0.0,1.0,5.0
74,10718.559198,10728.487402,clear,-230.0094217585692,1276.5985722744197,5,fallback_clear,fallback,34.641016,6.928203,0.0,3.0
74,10728.487402,10733.487402,measure,-230.0094217585692,1276.5985722744197,18,fallback_clear,fallback:opportunistic,0.0,0.0,0.0,5.0
74,10733.487402,10739.487402,measure,-230.0094217585692,1276.5985722744197,5,fallback_clear,fallback:opportunistic,0.0,0.0,1.0,5.0
74,10739.487402,10745.487402,measure,-230.0094217585692,1276.5985722744197,7,fallback_clear,fallback:opportunistic,0.0,0.0,1.0,5.0
74,10745.487402,10751.487402,measure,-230.0094217585692,1276.5985722744197,8,fallback_clear,fallback:opportunistic,0.0,0.0,1.0,5.0
74,10751.487402,10757.487402,measure,-230.0094217585692,1276.5985722744197,12,fallback_clear,fallback:opportunistic,0.0,0.0,1.0,5.0
74,10757.487402,10763.487402,measure,-230.0094217585692,1276.5985722744197,17,fallback_clear,fallback:opportunistic,0.0,0.0,1.0,5.0
75,10763.487402,10773.415605,clear,-247.32992983425788,1246.5985722744197,5,fallback_clear,fallback,34.641016,6.928203,0.0,3.0
75,10773.415605,10778.415605,measure,-247.32992983425788,1246.5985722744197,17,fallback_clear,fallback:opportunistic,0.0,0.0,0.0,5.0
75,10778.415605,10784.415605,measure,-247.32992983425788,1246.5985722744197,5,fallback_clear,fallback:opportunistic,0.0,0.0,1.0,5.0
75,10784.415605,10790.415605,measure,-247.32992983425788,1246.5985722744197,7,fallback_clear,fallback:opportunistic,0.0,0.0,1.0,5.0
75,10790.415605,10796.415605,measure,-247.32992983425788,1246.5985722744197,8,fallback_clear,fallback:opportunistic,0.0,0.0,1.0,5.0
75,10796.415605,10802.415605,measure,-247.32992983425788,1246.5985722744197,12,fallback_clear,fallback:opportunistic,0.0,0.0,1.0,5.0
75,10802.415605,10808.415605,measure,-247.32992983425788,1246.5985722744197,18,fallback_clear,fallback:opportunistic,0.0,0.0,1.0,5.0
76,10808.415605,10823.415605,clear,-247.32992983425788,1306.5985722744197,5,fallback_clear,fallback,60.0,12.0,0.0,3.0
76,10823.415605,10828.415605,measure,-247.32992983425788,1306.5985722744197,18,fallback_clear,fallback:opportunistic,0.0,0.0,0.0,5.0
76,10828.415605,10834.415605,measure,-247.32992983425788,1306.5985722744197,5,fallback_clear,fallback:opportunistic,0.0,0.0,1.0,5.0
76,10834.415605,10840.415605,measure,-247.32992983425788,1306.5985722744197,7,fallback_clear,fallback:opportunistic,0.0,0.0,1.0,5.0
76,10840.415605,10846.415605,measure,-247.32992983425788,1306.5985722744197,8,fallback_clear,fallback:opportunistic,0.0,0.0,1.0,5.0
76,10846.415605,10852.415605,measure,-247.32992983425788,1306.5985722744197,12,fallback_clear,fallback:opportunistic,0.0,0.0,1.0,5.0
76,10852.415605,10858.415605,measure,-247.32992983425788,1306.5985722744197,17,fallback_clear,fallback:opportunistic,0.0,0.0,1.0,5.0
77,10858.415605,10868.343808,clear,-212.68891368288035,1306.5985722744197,5,fallback_clear,fallback,34.641016,6.928203,0.0,3.0
77,10868.343808,10873.343808,measure,-212.68891368288035,1306.5985722744197,17,fallback_clear,fallback:opportunistic,0.0,0.0,0.0,5.0
77,10873.343808,10879.343808,measure,-212.68891368288035,1306.5985722744197,5,fallback_clear,fallback:opportunistic,0.0,0.0,1.0,5.0
77,10879.343808,10885.343808,measure,-212.68891368288035,1306.5985722744197,7,fallback_clear,fallback:opportunistic,0.0,0.0,1.0,5.0
77,10885.343808,10891.343808,measure,-212.68891368288035,1306.5985722744197,8,fallback_clear,fallback:opportunistic,0.0,0.0,1.0,5.0
77,10891.343808,10897.343808,measure,-212.68891368288035,1306.5985722744197,12,fallback_clear,fallback:opportunistic,0.0,0.0,1.0,5.0
77,10897.343808,10903.343808,measure,-212.68891368288035,1306.5985722744197,18,fallback_clear,fallback:opportunistic,0.0,0.0,1.0,5.0
78,10903.343808,10913.272011,clear,-195.36840560719168,1336.5985722744197,5,fallback_clear,fallback,34.641016,6.928203,0.0,3.0
78,10913.272011,10918.272011,measure,-195.36840560719168,1336.5985722744197,18,fallback_clear,fallback:opportunistic,0.0,0.0,0.0,5.0
78,10918.272011,10924.272011,measure,-195.36840560719168,1336.5985722744197,5,fallback_clear,fallback:opportunistic,0.0,0.0,1.0,5.0
78,10924.272011,10930.272011,measure,-195.36840560719168,1336.5985722744197,7,fallback_clear,fallback:opportunistic,0.0,0.0,1.0,5.0
78,10930.272011,10936.272011,measure,-195.36840560719168,1336.5985722744197,8,fallback_clear,fallback:opportunistic,0.0,0.0,1.0,5.0
78,10936.272011,10942.272011,measure,-195.36840560719168,1336.5985722744197,12,fallback_clear,fallback:opportunistic,0.0,0.0,1.0,5.0
78,10942.272011,10948.272011,measure,-195.36840560719168,1336.5985722744197,17,fallback_clear,fallback:opportunistic,0.0,0.0,1.0,5.0
79,10948.272011,10958.200214,clear,-160.72738945581415,1336.5985722744197,5,fallback_clear,fallback,34.641016,6.928203,0.0,3.0
79,10958.200214,10963.200214,measure,-160.72738945581415,1336.5985722744197,17,fallback_clear,fallback:opportunistic,0.0,0.0,0.0,5.0
79,10963.200214,10969.200214,measure,-160.72738945581415,1336.5985722744197,5,fallback_clear,fallback:opportunistic,0.0,0.0,1.0,5.0
79,10969.200214,10975.200214,measure,-160.72738945581415,1336.5985722744197,7,fallback_clear,fallback:opportunistic,0.0,0.0,1.0,5.0
79,10975.200214,10981.200214,measure,-160.72738945581415,1336.5985722744197,8,fallback_clear,fallback:opportunistic,0.0,0.0,1.0,5.0
79,10981.200214,10987.200214,measure,-160.72738945581415,1336.5985722744197,12,fallback_clear,fallback:opportunistic,0.0,0.0,1.0,5.0
79,10987.200214,10993.200214,measure,-160.72738945581415,1336.5985722744197,18,fallback_clear,fallback:opportunistic,0.0,0.0,1.0,5.0
80,10993.200214,11003.128418,clear,-178.04789753150283,1306.5985722744197,5,fallback_clear,fallback,34.641016,6.928203,0.0,3.0
80,11003.128418,11008.128418,measure,-178.04789753150283,1306.5985722744197,18,fallback_clear,fallback:opportunistic,0.0,0.0,0.0,5.0
80,11008.128418,11014.128418,measure,-178.04789753150283,1306.5985722744197,5,fallback_clear,fallback:opportunistic,0.0,0.0,1.0,5.0
80,11014.128418,11020.128418,measure,-178.04789753150283,1306.5985722744197,7,fallback_clear,fallback:opportunistic,0.0,0.0,1.0,5.0
80,11020.128418,11026.128418,measure,-178.04789753150283,1306.5985722744197,8,fallback_clear,fallback:opportunistic,0.0,0.0,1.0,5.0
80,11026.128418,11032.128418,measure,-178.04789753150283,1306.5985722744197,12,fallback_clear,fallback:opportunistic,0.0,0.0,1.0,5.0
80,11032.128418,11038.128418,measure,-178.04789753150283,1306.5985722744197,17,fallback_clear,fallback:opportunistic,0.0,0.0,1.0,5.0
81,11038.128418,11053.128418,clear,-178.04789753150283,1366.5985722744197,5,fallback_clear,fallback,60.0,12.0,0.0,3.0
81,11053.128418,11058.128418,measure,-178.04789753150283,1366.5985722744197,17,fallback_clear,fallback:opportunistic,0.0,0.0,0.0,5.0
81,11058.128418,11064.128418,measure,-178.04789753150283,1366.5985722744197,5,fallback_clear,fallback:opportunistic,0.0,0.0,1.0,5.0
81,11064.128418,11070.128418,measure,-178.04789753150283,1366.5985722744197,7,fallback_clear,fallback:opportunistic,0.0,0.0,1.0,5.0
81,11070.128418,11076.128418,measure,-178.04789753150283,1366.5985722744197,8,fallback_clear,fallback:opportunistic,0.0,0.0,1.0,5.0
81,11076.128418,11082.128418,measure,-178.04789753150283,1366.5985722744197,12,fallback_clear,fallback:opportunistic,0.0,0.0,1.0,5.0
81,11082.128418,11088.128418,measure,-178.04789753150283,1366.5985722744197,18,fallback_clear,fallback:opportunistic,0.0,0.0,1.0,5.0
82,11088.128418,11098.056621,clear,-160.72738945581415,1396.5985722744197,5,fallback_clear,fallback,34.641016,6.928203,0.0,3.0
82,11098.056621,11103.056621,measure,-160.72738945581415,1396.5985722744197,18,fallback_clear,fallback:opportunistic,0.0,0.0,0.0,5.0
82,11103.056621,11109.056621,measure,-160.72738945581415,1396.5985722744197,5,fallback_clear,fallback:opportunistic,0.0,0.0,1.0,5.0
82,11109.056621,11115.056621,measure,-160.72738945581415,1396.5985722744197,7,fallback_clear,fallback:opportunistic,0.0,0.0,1.0,5.0
82,11115.056621,11121.056621,measure,-160.72738945581415,1396.5985722744197,8,fallback_clear,fallback:opportunistic,0.0,0.0,1.0,5.0
82,11121.056621,11127.056621,measure,-160.72738945581415,1396.5985722744197,12,fallback_clear,fallback:opportunistic,0.0,0.0,1.0,5.0
82,11127.056621,11133.056621,measure,-160.72738945581415,1396.5985722744197,17,fallback_clear,fallback:opportunistic,0.0,0.0,1.0,5.0
83,11133.056621,11142.984824,clear,-126.0863733044366,1396.5985722744197,5,fallback_clear,fallback,34.641016,6.928203,0.0,3.0
83,11142.984824,11147.984824,measure,-126.0863733044366,1396.5985722744197,17,fallback_clear,fallback:opportunistic,0.0,0.0,0.0,5.0
83,11147.984824,11153.984824,measure,-126.0863733044366,1396.5985722744197,5,fallback_clear,fallback:opportunistic,0.0,0.0,1.0,5.0
83,11153.984824,11159.984824,measure,-126.0863733044366,1396.5985722744197,7,fallback_clear,fallback:opportunistic,0.0,0.0,1.0,5.0
83,11159.984824,11165.984824,measure,-126.0863733044366,1396.5985722744197,8,fallback_clear,fallback:opportunistic,0.0,0.0,1.0,5.0
83,11165.984824,11171.984824,measure,-126.0863733044366,1396.5985722744197,12,fallback_clear,fallback:opportunistic,0.0,0.0,1.0,5.0
83,11171.984824,11177.984824,measure,-126.0863733044366,1396.5985722744197,18,fallback_clear,fallback:opportunistic,0.0,0.0,1.0,5.0
84,11177.984824,11187.913027,clear,-143.4068813801253,1366.5985722744197,5,fallback_clear,fallback,34.641016,6.928203,0.0,3.0
84,11187.913027,11192.913027,measure,-143.4068813801253,1366.5985722744197,18,fallback_clear,fallback:opportunistic,0.0,0.0,0.0,5.0
84,11192.913027,11198.913027,measure,-143.4068813801253,1366.5985722744197,5,fallback_clear,fallback:opportunistic,0.0,0.0,1.0,5.0
84,11198.913027,11204.913027,measure,-143.4068813801253,1366.5985722744197,7,fallback_clear,fallback:opportunistic,0.0,0.0,1.0,5.0
84,11204.913027,11210.913027,measure,-143.4068813801253,1366.5985722744197,8,fallback_clear,fallback:opportunistic,0.0,0.0,1.0,5.0
84,11210.913027,11216.913027,measure,-143.4068813801253,1366.5985722744197,12,fallback_clear,fallback:opportunistic,0.0,0.0,1.0,5.0
84,11216.913027,11222.913027,measure,-143.4068813801253,1366.5985722744197,17,fallback_clear,fallback:opportunistic,0.0,0.0,1.0,5.0
85,11222.913027,11232.841231,clear,-108.76586522874776,1366.5985722744197,5,fallback_clear,fallback,34.641016,6.928203,0.0,3.0
85,11232.841231,11237.841231,measure,-108.76586522874776,1366.5985722744197,17,fallback_clear,fallback:opportunistic,0.0,0.0,0.0,5.0
85,11237.841231,11243.841231,measure,-108.76586522874776,1366.5985722744197,5,fallback_clear,fallback:opportunistic,0.0,0.0,1.0,5.0
85,11243.841231,11249.841231,measure,-108.76586522874776,1366.5985722744197,7,fallback_clear,fallback:opportunistic,0.0,0.0,1.0,5.0
85,11249.841231,11255.841231,measure,-108.76586522874776,1366.5985722744197,8,fallback_clear,fallback:opportunistic,0.0,0.0,1.0,5.0
85,11255.841231,11261.841231,measure,-108.76586522874776,1366.5985722744197,12,fallback_clear,fallback:opportunistic,0.0,0.0,1.0,5.0
85,11261.841231,11267.841231,measure,-108.76586522874776,1366.5985722744197,18,fallback_clear,fallback:opportunistic,0.0,0.0,1.0,5.0
86,11267.841231,11277.769434,clear,-91.44535715305906,1396.5985722744197,5,fallback_clear,fallback,34.641016,6.928203,0.0,3.0
86,11277.769434,11282.769434,measure,-91.44535715305906,1396.5985722744197,18,fallback_clear,fallback:opportunistic,0.0,0.0,0.0,5.0
86,11282.769434,11288.769434,measure,-91.44535715305906,1396.5985722744197,5,fallback_clear,fallback:opportunistic,0.0,0.0,1.0,5.0
86,11288.769434,11294.769434,measure,-91.44535715305906,1396.5985722744197,7,fallback_clear,fallback:opportunistic,0.0,0.0,1.0,5.0
86,11294.769434,11300.769434,measure,-91.44535715305906,1396.5985722744197,8,fallback_clear,fallback:opportunistic,0.0,0.0,1.0,5.0
86,11300.769434,11306.769434,measure,-91.44535715305906,1396.5985722744197,12,fallback_clear,fallback:opportunistic,0.0,0.0,1.0,5.0
86,11306.769434,11312.769434,measure,-91.44535715305906,1396.5985722744197,17,fallback_clear,fallback:opportunistic,0.0,0.0,1.0,5.0
87,11312.769434,11322.697637,clear,-108.76586522874776,1426.5985722744197,5,fallback_clear,fallback,34.641016,6.928203,0.0,3.0
87,11322.697637,11327.697637,measure,-108.76586522874776,1426.5985722744197,17,fallback_clear,fallback:opportunistic,0.0,0.0,0.0,5.0
87,11327.697637,11333.697637,measure,-108.76586522874776,1426.5985722744197,5,fallback_clear,fallback:opportunistic,0.0,0.0,1.0,5.0
87,11333.697637,11339.697637,measure,-108.76586522874776,1426.5985722744197,7,fallback_clear,fallback:opportunistic,0.0,0.0,1.0,5.0
87,11339.697637,11345.697637,measure,-108.76586522874776,1426.5985722744197,8,fallback_clear,fallback:opportunistic,0.0,0.0,1.0,5.0
87,11345.697637,11351.697637,measure,-108.76586522874776,1426.5985722744197,12,fallback_clear,fallback:opportunistic,0.0,0.0,1.0,5.0
87,11351.697637,11357.697637,measure,-108.76586522874776,1426.5985722744197,18,fallback_clear,fallback:opportunistic,0.0,0.0,1.0,5.0
88,11357.697637,11367.62584,clear,-91.44535715305906,1456.5985722744197,5,fallback_clear,fallback,34.641016,6.928203,0.0,3.0
88,11367.62584,11372.62584,measure,-91.44535715305906,1456.5985722744197,18,fallback_clear,fallback:opportunistic,0.0,0.0,0.0,5.0
88,11372.62584,11378.62584,measure,-91.44535715305906,1456.5985722744197,5,fallback_clear,fallback:opportunistic,0.0,0.0,1.0,5.0
88,11378.62584,11384.62584,measure,-91.44535715305906,1456.5985722744197,7,fallback_clear,fallback:opportunistic,0.0,0.0,1.0,5.0
88,11384.62584,11390.62584,measure,-91.44535715305906,1456.5985722744197,8,fallback_clear,fallback:opportunistic,0.0,0.0,1.0,5.0
88,11390.62584,11396.62584,measure,-91.44535715305906,1456.5985722744197,12,fallback_clear,fallback:opportunistic,0.0,0.0,1.0,5.0
88,11396.62584,11402.62584,measure,-91.44535715305906,1456.5985722744197,17,fallback_clear,fallback:opportunistic,0.0,0.0,1.0,5.0
89,11402.62584,11776.557681,clear,-1639.2951371006227,434.87365065830613,7,fallback_clear,fallback,1854.659202,370.93184,0.0,3.0
89,11776.557681,11781.557681,measure,-1639.2951371006227,434.87365065830613,17,fallback_clear,fallback:opportunistic,0.0,0.0,0.0,5.0
89,11781.557681,11787.557681,measure,-1639.2951371006227,434.87365065830613,5,fallback_clear,fallback:opportunistic,0.0,0.0,1.0,5.0
89,11787.557681,11793.557681,measure,-1639.2951371006227,434.87365065830613,7,fallback_clear,fallback:opportunistic,0.0,0.0,1.0,5.0
89,11793.557681,11799.557681,measure,-1639.2951371006227,434.87365065830613,8,fallback_clear,fallback:opportunistic,0.0,0.0,1.0,5.0
89,11799.557681,11805.557681,measure,-1639.2951371006227,434.87365065830613,12,fallback_clear,fallback:opportunistic,0.0,0.0,1.0,5.0
89,11805.557681,11811.557681,measure,-1639.2951371006227,434.87365065830613,18,fallback_clear,fallback:opportunistic,0.0,0.0,1.0,5.0
90,11811.557681,11821.485884,clear,-1673.9361532520002,434.87365065830613,7,fallback_clear,fallback,34.641016,6.928203,0.0,3.0
90,11821.485884,11826.485884,measure,-1673.9361532520002,434.87365065830613,18,fallback_clear,fallback:opportunistic,0.0,0.0,0.0,5.0
90,11826.485884,11832.485884,measure,-1673.9361532520002,434.87365065830613,5,fallback_clear,fallback:opportunistic,0.0,0.0,1.0,5.0
90,11832.485884,11838.485884,measure,-1673.9361532520002,434.87365065830613,7,fallback_clear,fallback:opportunistic,0.0,0.0,1.0,5.0
90,11838.485884,11844.485884,measure,-1673.9361532520002,434.87365065830613,8,fallback_clear,fallback:opportunistic,0.0,0.0,1.0,5.0
90,11844.485884,11850.485884,measure,-1673.9361532520002,434.87365065830613,12,fallback_clear,fallback:opportunistic,0.0,0.0,1.0,5.0
90,11850.485884,11856.485884,measure,-1673.9361532520002,434.87365065830613,17,fallback_clear,fallback:opportunistic,0.0,0.0,1.0,5.0
91,11856.485884,12333.263202,clear,648.6880835802144,900.7495340173506,8,fallback_clear,fallback,2368.886592,473.777318,0.0,3.0
91,12333.263202,12338.263202,measure,648.6880835802144,900.7495340173506,17,fallback_clear,fallback:opportunistic,0.0,0.0,0.0,5.0
91,12338.263202,12344.263202,measure,648.6880835802144,900.7495340173506,5,fallback_clear,fallback:opportunistic,0.0,0.0,1.0,5.0
91,12344.263202,12350.263202,measure,648.6880835802144,900.7495340173506,7,fallback_clear,fallback:opportunistic,0.0,0.0,1.0,5.0
91,12350.263202,12356.263202,measure,648.6880835802144,900.7495340173506,8,fallback_clear,fallback:opportunistic,0.0,0.0,1.0,5.0
91,12356.263202,12362.263202,measure,648.6880835802144,900.7495340173506,12,fallback_clear,fallback:opportunistic,0.0,0.0,1.0,5.0
91,12362.263202,12368.263202,measure,648.6880835802144,900.7495340173506,18,fallback_clear,fallback:opportunistic,0.0,0.0,1.0,5.0
92,12368.263202,12378.191406,clear,666.0085916559033,870.7495340173506,8,fallback_clear,fallback,34.641016,6.928203,0.0,3.0
92,12378.191406,12383.191406,measure,666.0085916559033,870.7495340173506,18,fallback_clear,fallback:opportunistic,0.0,0.0,0.0,5.0
92,12383.191406,12389.191406,measure,666.0085916559033,870.7495340173506,5,fallback_clear,fallback:opportunistic,0.0,0.0,1.0,5.0
92,12389.191406,12395.191406,measure,666.0085916559033,870.7495340173506,7,fallback_clear,fallback:opportunistic,0.0,0.0,1.0,5.0
92,12395.191406,12401.191406,measure,666.0085916559033,870.7495340173506,8,fallback_clear,fallback:opportunistic,0.0,0.0,1.0,5.0
92,12401.191406,12407.191406,measure,666.0085916559033,870.7495340173506,12,fallback_clear,fallback:opportunistic,0.0,0.0,1.0,5.0
92,12407.191406,12413.191406,measure,666.0085916559033,870.7495340173506,17,fallback_clear,fallback:opportunistic,0.0,0.0,1.0,5.0
93,12413.191406,12423.119609,clear,683.329099731592,840.7495340173506,8,fallback_clear,fallback,34.641016,6.928203,0.0,3.0
93,12423.119609,12428.119609,measure,683.329099731592,840.7495340173506,17,fallback_clear,fallback:opportunistic,0.0,0.0,0.0,5.0
93,12428.119609,12434.119609,measure,683.329099731592,840.7495340173506,5,fallback_clear,fallback:opportunistic,0.0,0.0,1.0,5.0
93,12434.119609,12440.119609,measure,683.329099731592,840.7495340173506,7,fallback_clear,fallback:opportunistic,0.0,0.0,1.0,5.0
93,12440.119609,12446.119609,measure,683.329099731592,840.7495340173506,8,fallback_clear,fallback:opportunistic,0.0,0.0,1.0,5.0
93,12446.119609,12452.119609,measure,683.329099731592,840.7495340173506,12,fallback_clear,fallback:opportunistic,0.0,0.0,1.0,5.0
93,12452.119609,12458.119609,measure,683.329099731592,840.7495340173506,18,fallback_clear,fallback:opportunistic,0.0,0.0,1.0,5.0
94,12458.119609,12468.047812,clear,717.9701158829696,840.7495340173506,8,fallback_clear,fallback,34.641016,6.928203,0.0,3.0
94,12468.047812,12473.047812,measure,717.9701158829696,840.7495340173506,18,fallback_clear,fallback:opportunistic,0.0,0.0,0.0,5.0
94,12473.047812,12479.047812,measure,717.9701158829696,840.7495340173506,5,fallback_clear,fallback:opportunistic,0.0,0.0,1.0,5.0
94,12479.047812,12485.047812,measure,717.9701158829696,840.7495340173506,7,fallback_clear,fallback:opportunistic,0.0,0.0,1.0,5.0
94,12485.047812,12491.047812,measure,717.9701158829696,840.7495340173506,8,fallback_clear,fallback:opportunistic,0.0,0.0,1.0,5.0
94,12491.047812,12497.047812,measure,717.9701158829696,840.7495340173506,12,fallback_clear,fallback:opportunistic,0.0,0.0,1.0,5.0
94,12497.047812,12503.047812,measure,717.9701158829696,840.7495340173506,17,fallback_clear,fallback:opportunistic,0.0,0.0,1.0,5.0
95,12503.047812,12512.976015,clear,700.6496078072809,870.7495340173506,8,fallback_clear,fallback,34.641016,6.928203,0.0,3.0
95,12512.976015,12517.976015,measure,700.6496078072809,870.7495340173506,17,fallback_clear,fallback:opportunistic,0.0,0.0,0.0,5.0
95,12517.976015,12523.976015,measure,700.6496078072809,870.7495340173506,5,fallback_clear,fallback:opportunistic,0.0,0.0,1.0,5.0
95,12523.976015,12529.976015,measure,700.6496078072809,870.7495340173506,7,fallback_clear,fallback:opportunistic,0.0,0.0,1.0,5.0
95,12529.976015,12535.976015,measure,700.6496078072809,870.7495340173506,8,fallback_clear,fallback:opportunistic,0.0,0.0,1.0,5.0
95,12535.976015,12541.976015,measure,700.6496078072809,870.7495340173506,12,fallback_clear,fallback:opportunistic,0.0,0.0,1.0,5.0
95,12541.976015,12547.976015,measure,700.6496078072809,870.7495340173506,18,fallback_clear,fallback:opportunistic,0.0,0.0,1.0,5.0
96,12547.976015,12557.904218,clear,717.9701158829696,900.7495340173506,8,fallback_clear,fallback,34.641016,6.928203,0.0,3.0
96,12557.904218,12562.904218,measure,717.9701158829696,900.7495340173506,18,fallback_clear,fallback:opportunistic,0.0,0.0,0.0,5.0
96,12562.904218,12568.904218,measure,717.9701158829696,900.7495340173506,5,fallback_clear,fallback:opportunistic,0.0,0.0,1.0,5.0
96,12568.904218,12574.904218,measure,717.9701158829696,900.7495340173506,7,fallback_clear,fallback:opportunistic,0.0,0.0,1.0,5.0
96,12574.904218,12580.904218,measure,717.9701158829696,900.7495340173506,8,fallback_clear,fallback:opportunistic,0.0,0.0,1.0,5.0
96,12580.904218,12586.904218,measure,717.9701158829696,900.7495340173506,12,fallback_clear,fallback:opportunistic,0.0,0.0,1.0,5.0
96,12586.904218,12592.904218,measure,717.9701158829696,900.7495340173506,17,fallback_clear,fallback:opportunistic,0.0,0.0,1.0,5.0
97,12592.904218,12602.832422,clear,735.2906239586584,870.7495340173506,8,fallback_clear,fallback,34.641016,6.928203,0.0,3.0
97,12602.832422,12607.832422,measure,735.2906239586584,870.7495340173506,17,fallback_clear,fallback:opportunistic,0.0,0.0,0.0,5.0
97,12607.832422,12613.832422,measure,735.2906239586584,870.7495340173506,5,fallback_clear,fallback:opportunistic,0.0,0.0,1.0,5.0
97,12613.832422,12619.832422,measure,735.2906239586584,870.7495340173506,7,fallback_clear,fallback:opportunistic,0.0,0.0,1.0,5.0
97,12619.832422,12625.832422,measure,735.2906239586584,870.7495340173506,8,fallback_clear,fallback:opportunistic,0.0,0.0,1.0,5.0
97,12625.832422,12631.832422,measure,735.2906239586584,870.7495340173506,12,fallback_clear,fallback:opportunistic,0.0,0.0,1.0,5.0
97,12631.832422,12637.832422,measure,735.2906239586584,870.7495340173506,18,fallback_clear,fallback:opportunistic,0.0,0.0,1.0,5.0
98,12637.832422,12647.760625,clear,752.6111320343472,840.7495340173506,8,fallback_clear,fallback,34.641016,6.928203,0.0,3.0
98,12647.760625,12652.760625,measure,752.6111320343472,840.7495340173506,18,fallback_clear,fallback:opportunistic,0.0,0.0,0.0,5.0
98,12652.760625,12658.760625,measure,752.6111320343472,840.7495340173506,5,fallback_clear,fallback:opportunistic,0.0,0.0,1.0,5.0
98,12658.760625,12664.760625,measure,752.6111320343472,840.7495340173506,7,fallback_clear,fallback:opportunistic,0.0,0.0,1.0,5.0
98,12664.760625,12670.760625,measure,752.6111320343472,840.7495340173506,8,fallback_clear,fallback:opportunistic,0.0,0.0,1.0,5.0
98,12670.760625,12676.760625,measure,752.6111320343472,840.7495340173506,12,fallback_clear,fallback:opportunistic,0.0,0.0,1.0,5.0
98,12676.760625,12682.760625,measure,752.6111320343472,840.7495340173506,17,fallback_clear,fallback:opportunistic,0.0,0.0,1.0,5.0
99,12682.760625,12692.688828,clear,735.2906239586584,810.7495340173506,8,fallback_clear,fallback,34.641016,6.928203,0.0,3.0
99,12692.688828,12697.688828,measure,735.2906239586584,810.7495340173506,17,fallback_clear,fallback:opportunistic,0.0,0.0,0.0,5.0
99,12697.688828,12703.688828,measure,735.2906239586584,810.7495340173506,5,fallback_clear,fallback:opportunistic,0.0,0.0,1.0,5.0
99,12703.688828,12709.688828,measure,735.2906239586584,810.7495340173506,7,fallback_clear,fallback:opportunistic,0.0,0.0,1.0,5.0
99,12709.688828,12715.688828,measure,735.2906239586584,810.7495340173506,8,fallback_clear,fallback:opportunistic,0.0,0.0,1.0,5.0
99,12715.688828,12721.688828,measure,735.2906239586584,810.7495340173506,12,fallback_clear,fallback:opportunistic,0.0,0.0,1.0,5.0
99,12721.688828,12727.688828,measure,735.2906239586584,810.7495340173506,18,fallback_clear,fallback:opportunistic,0.0,0.0,1.0,5.0
100,12727.688828,12737.617031,clear,752.6111320343472,780.7495340173506,8,fallback_clear,fallback,34.641016,6.928203,0.0,3.0
100,12737.617031,12742.617031,measure,752.6111320343472,780.7495340173506,18,fallback_clear,fallback:opportunistic,0.0,0.0,0.0,5.0
100,12742.617031,12748.617031,measure,752.6111320343472,780.7495340173506,5,fallback_clear,fallback:opportunistic,0.0,0.0,1.0,5.0
100,12748.617031,12754.617031,measure,752.6111320343472,780.7495340173506,7,fallback_clear,fallback:opportunistic,0.0,0.0,1.0,5.0
100,12754.617031,12760.617031,measure,752.6111320343472,780.7495340173506,8,fallback_clear,fallback:opportunistic,0.0,0.0,1.0,5.0
100,12760.617031,12766.617031,measure,752.6111320343472,780.7495340173506,12,fallback_clear,fallback:opportunistic,0.0,0.0,1.0,5.0
100,12766.617031,12772.617031,measure,752.6111320343472,780.7495340173506,17,fallback_clear,fallback:opportunistic,0.0,0.0,1.0,5.0
101,12772.617031,12782.545235,clear,787.2521481857248,780.7495340173506,8,fallback_clear,fallback,34.641016,6.928203,0.0,3.0
101,12782.545235,12787.545235,measure,787.2521481857248,780.7495340173506,17,fallback_clear,fallback:opportunistic,0.0,0.0,0.0,5.0
101,12787.545235,12793.545235,measure,787.2521481857248,780.7495340173506,5,fallback_clear,fallback:opportunistic,0.0,0.0,1.0,5.0
101,12793.545235,12799.545235,measure,787.2521481857248,780.7495340173506,7,fallback_clear,fallback:opportunistic,0.0,0.0,1.0,5.0
101,12799.545235,12805.545235,measure,787.2521481857248,780.7495340173506,8,fallback_clear,fallback:opportunistic,0.0,0.0,1.0,5.0
101,12805.545235,12811.545235,measure,787.2521481857248,780.7495340173506,12,fallback_clear,fallback:opportunistic,0.0,0.0,1.0,5.0
101,12811.545235,12817.545235,measure,787.2521481857248,780.7495340173506,18,fallback_clear,fallback:opportunistic,0.0,0.0,1.0,5.0
102,12817.545235,12827.473438,clear,769.931640110036,810.7495340173506,8,fallback_clear,fallback,34.641016,6.928203,0.0,3.0
102,12827.473438,12832.473438,measure,769.931640110036,810.7495340173506,18,fallback_clear,fallback:opportunistic,0.0,0.0,0.0,5.0
102,12832.473438,12838.473438,measure,769.931640110036,810.7495340173506,5,fallback_clear,fallback:opportunistic,0.0,0.0,1.0,5.0
102,12838.473438,12844.473438,measure,769.931640110036,810.7495340173506,7,fallback_clear,fallback:opportunistic,0.0,0.0,1.0,5.0
102,12844.473438,12850.473438,measure,769.931640110036,810.7495340173506,8,fallback_clear,fallback:opportunistic,0.0,0.0,1.0,5.0
102,12850.473438,12856.473438,measure,769.931640110036,810.7495340173506,12,fallback_clear,fallback:opportunistic,0.0,0.0,1.0,5.0
102,12856.473438,12862.473438,measure,769.931640110036,810.7495340173506,17,fallback_clear,fallback:opportunistic,0.0,0.0,1.0,5.0
103,12862.473438,12872.401641,clear,787.2521481857248,840.7495340173506,8,fallback_clear,fallback,34.641016,6.928203,0.0,3.0
103,12872.401641,12877.401641,measure,787.2521481857248,840.7495340173506,17,fallback_clear,fallback:opportunistic,0.0,0.0,0.0,5.0
103,12877.401641,12883.401641,measure,787.2521481857248,840.7495340173506,5,fallback_clear,fallback:opportunistic,0.0,0.0,1.0,5.0
103,12883.401641,12889.401641,measure,787.2521481857248,840.7495340173506,7,fallback_clear,fallback:opportunistic,0.0,0.0,1.0,5.0
103,12889.401641,12895.401641,measure,787.2521481857248,840.7495340173506,8,fallback_clear,fallback:opportunistic,0.0,0.0,1.0,5.0
103,12895.401641,12901.401641,measure,787.2521481857248,840.7495340173506,12,fallback_clear,fallback:opportunistic,0.0,0.0,1.0,5.0
103,12901.401641,12907.401641,measure,787.2521481857248,840.7495340173506,18,fallback_clear,fallback:opportunistic,0.0,0.0,1.0,5.0
104,12907.401641,12917.329844,clear,769.931640110036,870.7495340173506,8,fallback_clear,fallback,34.641016,6.928203,0.0,3.0
104,12917.329844,12922.329844,measure,769.931640110036,870.7495340173506,18,fallback_clear,fallback:opportunistic,0.0,0.0,0.0,5.0
104,12922.329844,12928.329844,measure,769.931640110036,870.7495340173506,5,fallback_clear,fallback:opportunistic,0.0,0.0,1.0,5.0
104,12928.329844,12934.329844,measure,769.931640110036,870.7495340173506,7,fallback_clear,fallback:opportunistic,0.0,0.0,1.0,5.0
104,12934.329844,12940.329844,measure,769.931640110036,870.7495340173506,8,fallback_clear,fallback:opportunistic,0.0,0.0,1.0,5.0
104,12940.329844,12946.329844,measure,769.931640110036,870.7495340173506,12,fallback_clear,fallback:opportunistic,0.0,0.0,1.0,5.0
104,12946.329844,12952.329844,measure,769.931640110036,870.7495340173506,17,fallback_clear,fallback:opportunistic,0.0,0.0,1.0,5.0
105,12952.329844,12969.186251,clear,804.5726562614136,810.7495340173506,8,fallback_clear,fallback,69.282032,13.856406,0.0,3.0
105,12969.186251,12974.186251,measure,804.5726562614136,810.7495340173506,17,fallback_clear,fallback:opportunistic,0.0,0.0,0.0,5.0
105,12974.186251,12980.186251,measure,804.5726562614136,810.7495340173506,5,fallback_clear,fallback:opportunistic,0.0,0.0,1.0,5.0
105,12980.186251,12986.186251,measure,804.5726562614136,810.7495340173506,7,fallback_clear,fallback:opportunistic,0.0,0.0,1.0,5.0
105,12986.186251,12992.186251,measure,804.5726562614136,810.7495340173506,8,fallback_clear,fallback:opportunistic,0.0,0.0,1.0,5.0
105,12992.186251,12998.186251,measure,804.5726562614136,810.7495340173506,12,fallback_clear,fallback:opportunistic,0.0,0.0,1.0,5.0
105,12998.186251,13004.186251,measure,804.5726562614136,810.7495340173506,18,fallback_clear,fallback:opportunistic,0.0,0.0,1.0,5.0
106,13004.186251,13014.114454,clear,821.8931643371023,780.7495340173506,8,fallback_clear,fallback,34.641016,6.928203,0.0,3.0
106,13014.114454,13019.114454,measure,821.8931643371023,780.7495340173506,18,fallback_clear,fallback:opportunistic,0.0,0.0,0.0,5.0
106,13019.114454,13025.114454,measure,821.8931643371023,780.7495340173506,5,fallback_clear,fallback:opportunistic,0.0,0.0,1.0,5.0
106,13025.114454,13031.114454,measure,821.8931643371023,780.7495340173506,7,fallback_clear,fallback:opportunistic,0.0,0.0,1.0,5.0
106,13031.114454,13037.114454,measure,821.8931643371023,780.7495340173506,8,fallback_clear,fallback:opportunistic,0.0,0.0,1.0,5.0
106,13037.114454,13043.114454,measure,821.8931643371023,780.7495340173506,12,fallback_clear,fallback:opportunistic,0.0,0.0,1.0,5.0
106,13043.114454,13049.114454,measure,821.8931643371023,780.7495340173506,17,fallback_clear,fallback:opportunistic,0.0,0.0,1.0,5.0
107,13049.114454,13059.042657,clear,804.5726562614136,750.7495340173506,8,fallback_clear,fallback,34.641016,6.928203,0.0,3.0
107,13059.042657,13064.042657,measure,804.5726562614136,750.7495340173506,17,fallback_clear,fallback:opportunistic,0.0,0.0,0.0,5.0
107,13064.042657,13070.042657,measure,804.5726562614136,750.7495340173506,5,fallback_clear,fallback:opportunistic,0.0,0.0,1.0,5.0
107,13070.042657,13076.042657,measure,804.5726562614136,750.7495340173506,7,fallback_clear,fallback:opportunistic,0.0,0.0,1.0,5.0
107,13076.042657,13082.042657,measure,804.5726562614136,750.7495340173506,8,fallback_clear,fallback:opportunistic,0.0,0.0,1.0,5.0
107,13082.042657,13088.042657,measure,804.5726562614136,750.7495340173506,12,fallback_clear,fallback:opportunistic,0.0,0.0,1.0,5.0
107,13088.042657,13094.042657,measure,804.5726562614136,750.7495340173506,18,fallback_clear,fallback:opportunistic,0.0,0.0,1.0,5.0
108,13094.042657,13103.97086,clear,839.2136724127912,750.7495340173506,8,fallback_clear,fallback,34.641016,6.928203,0.0,3.0
108,13103.97086,13108.97086,measure,839.2136724127912,750.7495340173506,18,fallback_clear,fallback:opportunistic,0.0,0.0,0.0,5.0
108,13108.97086,13114.97086,measure,839.2136724127912,750.7495340173506,5,fallback_clear,fallback:opportunistic,0.0,0.0,1.0,5.0
108,13114.97086,13120.97086,measure,839.2136724127912,750.7495340173506,7,fallback_clear,fallback:opportunistic,0.0,0.0,1.0,5.0
108,13120.97086,13126.97086,measure,839.2136724127912,750.7495340173506,8,fallback_clear,fallback:opportunistic,0.0,0.0,1.0,5.0
108,13126.97086,13132.97086,measure,839.2136724127912,750.7495340173506,12,fallback_clear,fallback:opportunistic,0.0,0.0,1.0,5.0
108,13132.97086,13138.97086,measure,839.2136724127912,750.7495340173506,17,fallback_clear,fallback:opportunistic,0.0,0.0,1.0,5.0
109,13138.97086,13148.899064,clear,856.5341804884799,720.7495340173506,8,fallback_clear,fallback,34.641016,6.928203,0.0,3.0
109,13148.899064,13153.899064,measure,856.5341804884799,720.7495340173506,17,fallback_clear,fallback:opportunistic,0.0,0.0,0.0,5.0
109,13153.899064,13159.899064,measure,856.5341804884799,720.7495340173506,5,fallback_clear,fallback:opportunistic,0.0,0.0,1.0,5.0
109,13159.899064,13165.899064,measure,856.5341804884799,720.7495340173506,7,fallback_clear,fallback:opportunistic,0.0,0.0,1.0,5.0
109,13165.899064,13171.899064,measure,856.5341804884799,720.7495340173506,8,fallback_clear,fallback:opportunistic,0.0,0.0,1.0,5.0
109,13171.899064,13177.899064,measure,856.5341804884799,720.7495340173506,12,fallback_clear,fallback:opportunistic,0.0,0.0,1.0,5.0
109,13177.899064,13183.899064,measure,856.5341804884799,720.7495340173506,18,fallback_clear,fallback:opportunistic,0.0,0.0,1.0,5.0
110,13183.899064,13193.827267,clear,873.8546885641688,690.7495340173506,8,fallback_clear,fallback,34.641016,6.928203,0.0,3.0
110,13193.827267,13198.827267,measure,873.8546885641688,690.7495340173506,18,fallback_clear,fallback:opportunistic,0.0,0.0,0.0,5.0
110,13198.827267,13204.827267,measure,873.8546885641688,690.7495340173506,5,fallback_clear,fallback:opportunistic,0.0,0.0,1.0,5.0
110,13204.827267,13210.827267,measure,873.8546885641688,690.7495340173506,7,fallback_clear,fallback:opportunistic,0.0,0.0,1.0,5.0
110,13210.827267,13216.827267,measure,873.8546885641688,690.7495340173506,8,fallback_clear,fallback:opportunistic,0.0,0.0,1.0,5.0
110,13216.827267,13222.827267,measure,873.8546885641688,690.7495340173506,12,fallback_clear,fallback:opportunistic,0.0,0.0,1.0,5.0
110,13222.827267,13228.827267,measure,873.8546885641688,690.7495340173506,17,fallback_clear,fallback:opportunistic,0.0,0.0,1.0,5.0
111,13228.827267,13238.75547,clear,891.1751966398575,720.7495340173506,8,fallback_clear,fallback,34.641016,6.928203,0.0,3.0
111,13238.75547,13243.75547,measure,891.1751966398575,720.7495340173506,17,fallback_clear,fallback:opportunistic,0.0,0.0,0.0,5.0
111,13243.75547,13249.75547,measure,891.1751966398575,720.7495340173506,5,fallback_clear,fallback:opportunistic,0.0,0.0,1.0,5.0
111,13249.75547,13255.75547,measure,891.1751966398575,720.7495340173506,7,fallback_clear,fallback:opportunistic,0.0,0.0,1.0,5.0
111,13255.75547,13261.75547,measure,891.1751966398575,720.7495340173506,8,fallback_clear,fallback:opportunistic,0.0,0.0,1.0,5.0
111,13261.75547,13267.75547,measure,891.1751966398575,720.7495340173506,12,fallback_clear,fallback:opportunistic,0.0,0.0,1.0,5.0
111,13267.75547,13273.75547,measure,891.1751966398575,720.7495340173506,18,fallback_clear,fallback:opportunistic,0.0,0.0,1.0,5.0
112,13273.75547,13283.683673,clear,873.8546885641688,750.7495340173506,8,fallback_clear,fallback,34.641016,6.928203,0.0,3.0
112,13283.683673,13288.683673,measure,873.8546885641688,750.7495340173506,18,fallback_clear,fallback:opportunistic,0.0,0.0,0.0,5.0
112,13288.683673,13294.683673,measure,873.8546885641688,750.7495340173506,5,fallback_clear,fallback:opportunistic,0.0,0.0,1.0,5.0
112,13294.683673,13300.683673,measure,873.8546885641688,750.7495340173506,7,fallback_clear,fallback:opportunistic,0.0,0.0,1.0,5.0
112,13300.683673,13306.683673,measure,873.8546885641688,750.7495340173506,8,fallback_clear,fallback:opportunistic,0.0,0.0,1.0,5.0
112,13306.683673,13312.683673,measure,873.8546885641688,750.7495340173506,12,fallback_clear,fallback:opportunistic,0.0,0.0,1.0,5.0
112,13312.683673,13318.683673,measure,873.8546885641688,750.7495340173506,17,fallback_clear,fallback:opportunistic,0.0,0.0,1.0,5.0
113,13318.683673,13328.611877,clear,891.1751966398575,780.7495340173506,8,fallback_clear,fallback,34.641016,6.928203,0.0,3.0
113,13328.611877,13333.611877,measure,891.1751966398575,780.7495340173506,17,fallback_clear,fallback:opportunistic,0.0,0.0,0.0,5.0
113,13333.611877,13339.611877,measure,891.1751966398575,780.7495340173506,5,fallback_clear,fallback:opportunistic,0.0,0.0,1.0,5.0
113,13339.611877,13345.611877,measure,891.1751966398575,780.7495340173506,7,fallback_clear,fallback:opportunistic,0.0,0.0,1.0,5.0
113,13345.611877,13351.611877,measure,891.1751966398575,780.7495340173506,8,fallback_clear,fallback:opportunistic,0.0,0.0,1.0,5.0
113,13351.611877,13357.611877,measure,891.1751966398575,780.7495340173506,12,fallback_clear,fallback:opportunistic,0.0,0.0,1.0,5.0
113,13357.611877,13363.611877,measure,891.1751966398575,780.7495340173506,18,fallback_clear,fallback:opportunistic,0.0,0.0,1.0,5.0
114,13363.611877,13866.02277,clear,-336.03664076305216,-1393.930240898429,17,fallback_clear,fallback,2497.054468,499.410894,0.0,3.0
114,13866.02277,13871.02277,measure,-336.03664076305216,-1393.930240898429,18,fallback_clear,fallback:opportunistic,0.0,0.0,0.0,5.0
114,13871.02277,13877.02277,measure,-336.03664076305216,-1393.930240898429,5,fallback_clear,fallback:opportunistic,0.0,0.0,1.0,5.0
114,13877.02277,13883.02277,measure,-336.03664076305216,-1393.930240898429,7,fallback_clear,fallback:opportunistic,0.0,0.0,1.0,5.0
114,13883.02277,13889.02277,measure,-336.03664076305216,-1393.930240898429,8,fallback_clear,fallback:opportunistic,0.0,0.0,1.0,5.0
114,13889.02277,13895.02277,measure,-336.03664076305216,-1393.930240898429,12,fallback_clear,fallback:opportunistic,0.0,0.0,1.0,5.0
114,13895.02277,13901.02277,measure,-336.03664076305216,-1393.930240898429,17,fallback_clear,fallback:opportunistic,0.0,0.0,1.0,5.0
115,13901.02277,14260.831771,clear,1389.9137004767574,-942.3640747345825,18,fallback_clear,fallback,1784.045006,356.809001,0.0,3.0
115,14260.831771,14265.831771,measure,1389.9137004767574,-942.3640747345825,17,fallback_clear,fallback:opportunistic,0.0,0.0,0.0,5.0
115,14265.831771,14271.831771,measure,1389.9137004767574,-942.3640747345825,5,fallback_clear,fallback:opportunistic,0.0,0.0,1.0,5.0
115,14271.831771,14277.831771,measure,1389.9137004767574,-942.3640747345825,7,fallback_clear,fallback:opportunistic,0.0,0.0,1.0,5.0
115,14277.831771,14283.831771,measure,1389.9137004767574,-942.3640747345825,8,fallback_clear,fallback:opportunistic,0.0,0.0,1.0,5.0
115,14283.831771,14289.831771,measure,1389.9137004767574,-942.3640747345825,12,fallback_clear,fallback:opportunistic,0.0,0.0,1.0,5.0
115,14289.831771,14295.831771,measure,1389.9137004767574,-942.3640747345825,18,fallback_clear,fallback:opportunistic,0.0,0.0,1.0,5.0
116,14295.831771,14303.296651,clear,1393.3520981663125,-930.5290322595662,18,ready_clear,clear,12.324399,2.46488,0.0,5.0
116,14303.296651,14309.296651,measure,1393.3520981663125,-930.5290322595662,5,ready_clear,clear:opportunistic,0.0,0.0,1.0,5.0
116,14309.296651,14315.296651,measure,1393.3520981663125,-930.5290322595662,7,ready_clear,clear:opportunistic,0.0,0.0,1.0,5.0
116,14315.296651,14321.296651,measure,1393.3520981663125,-930.5290322595662,8,ready_clear,clear:opportunistic,0.0,0.0,1.0,5.0
116,14321.296651,14327.296651,measure,1393.3520981663125,-930.5290322595662,12,ready_clear,clear:opportunistic,0.0,0.0,1.0,5.0
116,14327.296651,14333.296651,measure,1393.3520981663125,-930.5290322595662,17,ready_clear,clear:opportunistic,0.0,0.0,1.0,5.0
117,14333.296651,14672.272286,clear,934.6523309243352,675.1134068357544,8,ready_clear,clear,1669.878175,333.975635,0.0,5.0
117,14672.272286,14677.272286,measure,934.6523309243352,675.1134068357544,17,ready_clear,clear:opportunistic,0.0,0.0,0.0,5.0
117,14677.272286,14683.272286,measure,934.6523309243352,675.1134068357544,5,ready_clear,clear:opportunistic,0.0,0.0,1.0,5.0
117,14683.272286,14689.272286,measure,934.6523309243352,675.1134068357544,7,ready_clear,clear:opportunistic,0.0,0.0,1.0,5.0
117,14689.272286,14695.272286,measure,934.6523309243352,675.1134068357544,12,ready_clear,clear:opportunistic,0.0,0.0,1.0,5.0
118,14695.272286,14943.179496,clear,124.94884026716439,1580.3636881217626,5,ready_clear,clear,1214.536049,242.90721,0.0,5.0
118,14943.179496,14948.179496,measure,124.94884026716439,1580.3636881217626,12,ready_clear,clear:opportunistic,0.0,0.0,0.0,5.0
118,14948.179496,14954.179496,measure,124.94884026716439,1580.3636881217626,7,ready_clear,clear:opportunistic,0.0,0.0,1.0,5.0
118,14954.179496,14960.179496,measure,124.94884026716439,1580.3636881217626,17,ready_clear,clear:opportunistic,0.0,0.0,1.0,5.0
119,14960.179496,15199.303346,clear,-985.8586419715893,1210.963950120675,12,ready_clear,clear,1170.61925,234.12385,0.0,5.0
119,15199.303346,15204.303346,measure,-985.8586419715893,1210.963950120675,17,ready_clear,clear:opportunistic,0.0,0.0,0.0,5.0
119,15204.303346,15210.303346,measure,-985.8586419715893,1210.963950120675,7,ready_clear,clear:opportunistic,0.0,0.0,1.0,5.0
120,15210.303346,15418.664528,clear,-1695.9745940322096,483.2074009514073,7,ready_clear,clear,1016.805911,203.361182,0.0,5.0
120,15418.664528,15424.664528,measure,-1695.9745940322096,483.2074009514073,17,ready_clear,clear:opportunistic,0.0,0.0,1.0,5.0
121,15424.664528,15894.877827,clear,-343.10197273463695,-1408.9662194282396,17,ready_clear,clear,2326.066495,465.213299,0.0,5.0
122,15894.877827,15894.877827,exit,,,,lifecycle,enter_exit,0.0,0.0,0.0,0.0
