step,virtual_time_before,virtual_time_after,action_type,target_x,target_y,channel,policy_mode,reason_code,movement_distance,movement_time,switch_time,action_time
1,0.0,0.0,enter,,,,lifecycle,enter_exit,0.0,0.0,0.0,0.0
1,0.0,5.0,measure,0.0,0.0,1,certificate,q4_sparse25,0.0,0.0,0.0,5.0
1,5.0,11.0,measure,0.0,0.0,2,certificate,q4_sparse25,0.0,0.0,1.0,5.0
1,11.0,17.0,measure,0.0,0.0,3,certificate,q4_sparse25,0.0,0.0,1.0,5.0
1,17.0,23.0,measure,0.0,0.0,4,certificate,q4_sparse25,0.0,0.0,1.0,5.0
1,23.0,29.0,measure,0.0,0.0,5,certificate,q4_sparse25,0.0,0.0,1.0,5.0
1,29.0,35.0,measure,0.0,0.0,6,certificate,q4_sparse25,0.0,0.0,1.0,5.0
1,35.0,41.0,measure,0.0,0.0,7,certificate,q4_sparse25,0.0,0.0,1.0,5.0
1,41.0,47.0,measure,0.0,0.0,8,certificate,q4_sparse25,0.0,0.0,1.0,5.0
1,47.0,53.0,measure,0.0,0.0,9,certificate,q4_sparse25,0.0,0.0,1.0,5.0
1,53.0,59.0,measure,0.0,0.0,10,certificate,q4_sparse25,0.0,0.0,1.0,5.0
1,59.0,65.0,measure,0.0,0.0,11,certificate,q4_sparse25,0.0,0.0,1.0,5.0
1,65.0,71.0,measure,0.0,0.0,12,certificate,q4_sparse25,0.0,0.0,1.0,5.0
1,71.0,77.0,measure,0.0,0.0,13,certificate,q4_sparse25,0.0,0.0,1.0,5.0
1,77.0,83.0,measure,0.0,0.0,14,certificate,q4_sparse25,0.0,0.0,1.0,5.0
1,83.0,89.0,measure,0.0,0.0,15,certificate,q4_sparse25,0.0,0.0,1.0,5.0
1,89.0,95.0,measure,0.0,0.0,16,certificate,q4_sparse25,0.0,0.0,1.0,5.0
1,95.0,101.0,measure,0.0,0.0,17,certificate,q4_sparse25,0.0,0.0,1.0,5.0
1,101.0,107.0,measure,0.0,0.0,18,certificate,q4_sparse25,0.0,0.0,1.0,5.0
1,107.0,113.0,measure,0.0,0.0,19,certificate,q4_sparse25,0.0,0.0,1.0,5.0
1,113.0,119.0,measure,0.0,0.0,20,certificate,q4_sparse25,0.0,0.0,1.0,5.0
2,119.0,314.0,measure,917.6295349746149,245.8780928473947,20,certificate,q4_sparse25,950.0,190.0,0.0,5.0
2,314.0,320.0,measure,917.6295349746149,245.8780928473947,1,certificate,q4_sparse25,0.0,0.0,1.0,5.0
2,320.0,326.0,measure,917.6295349746149,245.8780928473947,2,certificate,q4_sparse25,0.0,0.0,1.0,5.0
2,326.0,332.0,measure,917.6295349746149,245.8780928473947,3,certificate,q4_sparse25,0.0,0.0,1.0,5.0
2,332.0,338.0,measure,917.6295349746149,245.8780928473947,4,certificate,q4_sparse25,0.0,0.0,1.0,5.0
2,338.0,344.0,measure,917.6295349746149,245.8780928473947,5,certificate,q4_sparse25,0.0,0.0,1.0,5.0
2,344.0,350.0,measure,917.6295349746149,245.8780928473947,6,certificate,q4_sparse25,0.0,0.0,1.0,5.0
2,350.0,356.0,measure,917.6295349746149,245.8780928473947,7,certificate,q4_sparse25,0.0,0.0,1.0,5.0
2,356.0,362.0,measure,917.6295349746149,245.8780928473947,8,certificate,q4_sparse25,0.0,0.0,1.0,5.0
2,362.0,368.0,measure,917.6295349746149,245.8780928473947,9,certificate,q4_sparse25,0.0,0.0,1.0,5.0
2,368.0,374.0,measure,917.6295349746149,245.8780928473947,10,certificate,q4_sparse25,0.0,0.0,1.0,5.0
2,374.0,380.0,measure,917.6295349746149,245.8780928473947,11,certificate,q4_sparse25,0.0,0.0,1.0,5.0
2,380.0,386.0,measure,917.6295349746149,245.8780928473947,12,certificate,q4_sparse25,0.0,0.0,1.0,5.0
2,386.0,392.0,measure,917.6295349746149,245.8780928473947,13,certificate,q4_sparse25,0.0,0.0,1.0,5.0
2,392.0,398.0,measure,917.6295349746149,245.8780928473947,14,certificate,q4_sparse25,0.0,0.0,1.0,5.0
2,398.0,404.0,measure,917.6295349746149,245.8780928473947,15,certificate,q4_sparse25,0.0,0.0,1.0,5.0
2,404.0,410.0,measure,917.6295349746149,245.8780928473947,16,certificate,q4_sparse25,0.0,0.0,1.0,5.0
2,410.0,416.0,measure,917.6295349746149,245.8780928473947,17,certificate,q4_sparse25,0.0,0.0,1.0,5.0
2,416.0,422.0,measure,917.6295349746149,245.8780928473947,18,certificate,q4_sparse25,0.0,0.0,1.0,5.0
2,422.0,428.0,measure,917.6295349746149,245.8780928473947,19,certificate,q4_sparse25,0.0,0.0,1.0,5.0
3,428.0,545.333405,measure,1229.5692411717994,-221.20163053524738,19,active_localization,nbv:opportunistic,561.667026,112.333405,0.0,5.0
3,545.333405,551.333405,measure,1229.5692411717994,-221.20163053524738,10,active_localization,nbv,0.0,0.0,1.0,5.0
3,551.333405,557.333405,measure,1229.5692411717994,-221.20163053524738,1,active_localization,nbv:opportunistic,0.0,0.0,1.0,5.0
3,557.333405,563.333405,measure,1229.5692411717994,-221.20163053524738,2,active_localization,nbv:opportunistic,0.0,0.0,1.0,5.0
3,563.333405,569.333405,measure,1229.5692411717994,-221.20163053524738,3,active_localization,nbv:opportunistic,0.0,0.0,1.0,5.0
3,569.333405,575.333405,measure,1229.5692411717994,-221.20163053524738,4,active_localization,nbv:opportunistic,0.0,0.0,1.0,5.0
3,575.333405,581.333405,measure,1229.5692411717994,-221.20163053524738,5,active_localization,nbv:opportunistic,0.0,0.0,1.0,5.0
3,581.333405,587.333405,measure,1229.5692411717994,-221.20163053524738,6,active_localization,nbv:opportunistic,0.0,0.0,1.0,5.0
3,587.333405,593.333405,measure,1229.5692411717994,-221.20163053524738,7,active_localization,nbv:opportunistic,0.0,0.0,1.0,5.0
3,593.333405,599.333405,measure,1229.5692411717994,-221.20163053524738,8,active_localization,nbv:opportunistic,0.0,0.0,1.0,5.0
3,599.333405,605.333405,measure,1229.5692411717994,-221.20163053524738,9,active_localization,nbv:opportunistic,0.0,0.0,1.0,5.0
3,605.333405,611.333405,measure,1229.5692411717994,-221.20163053524738,11,active_localization,nbv:opportunistic,0.0,0.0,1.0,5.0
3,611.333405,617.333405,measure,1229.5692411717994,-221.20163053524738,12,active_localization,nbv:opportunistic,0.0,0.0,1.0,5.0
3,617.333405,623.333405,measure,1229.5692411717994,-221.20163053524738,13,active_localization,nbv:opportunistic,0.0,0.0,1.0,5.0
3,623.333405,629.333405,measure,1229.5692411717994,-221.20163053524738,14,active_localization,nbv:opportunistic,0.0,0.0,1.0,5.0
3,629.333405,635.333405,measure,1229.5692411717994,-221.20163053524738,15,active_localization,nbv:opportunistic,0.0,0.0,1.0,5.0
3,635.333405,641.333405,measure,1229.5692411717994,-221.20163053524738,16,active_localization,nbv:opportunistic,0.0,0.0,1.0,5.0
3,641.333405,647.333405,measure,1229.5692411717994,-221.20163053524738,17,active_localization,nbv:opportunistic,0.0,0.0,1.0,5.0
3,647.333405,653.333405,measure,1229.5692411717994,-221.20163053524738,18,active_localization,nbv:opportunistic,0.0,0.0,1.0,5.0
3,653.333405,659.333405,measure,1229.5692411717994,-221.20163053524738,20,active_localization,nbv:opportunistic,0.0,0.0,1.0,5.0
4,659.333405,726.916249,measure,917.6295349746149,-245.87809284739464,20,certificate,q4_sparse25,312.914218,62.582844,0.0,5.0
4,726.916249,732.916249,measure,917.6295349746149,-245.87809284739464,1,certificate,q4_sparse25,0.0,0.0,1.0,5.0
4,732.916249,738.916249,measure,917.6295349746149,-245.87809284739464,2,certificate,q4_sparse25,0.0,0.0,1.0,5.0
4,738.916249,744.916249,measure,917.6295349746149,-245.87809284739464,3,certificate,q4_sparse25,0.0,0.0,1.0,5.0
4,744.916249,750.916249,measure,917.6295349746149,-245.87809284739464,4,certificate,q4_sparse25,0.0,0.0,1.0,5.0
4,750.916249,756.916249,measure,917.6295349746149,-245.87809284739464,5,certificate,q4_sparse25,0.0,0.0,1.0,5.0
4,756.916249,762.916249,measure,917.6295349746149,-245.87809284739464,6,certificate,q4_sparse25,0.0,0.0,1.0,5.0
4,762.916249,768.916249,measure,917.6295349746149,-245.87809284739464,7,certificate,q4_sparse25,0.0,0.0,1.0,5.0
4,768.916249,774.916249,measure,917.6295349746149,-245.87809284739464,8,certificate,q4_sparse25,0.0,0.0,1.0,5.0
4,774.916249,780.916249,measure,917.6295349746149,-245.87809284739464,9,certificate,q4_sparse25,0.0,0.0,1.0,5.0
4,780.916249,786.916249,measure,917.6295349746149,-245.87809284739464,11,certificate,q4_sparse25,0.0,0.0,1.0,5.0
4,786.916249,792.916249,measure,917.6295349746149,-245.87809284739464,12,certificate,q4_sparse25,0.0,0.0,1.0,5.0
4,792.916249,798.916249,measure,917.6295349746149,-245.87809284739464,13,certificate,q4_sparse25,0.0,0.0,1.0,5.0
4,798.916249,804.916249,measure,917.6295349746149,-245.87809284739464,14,certificate,q4_sparse25,0.0,0.0,1.0,5.0
4,804.916249,810.916249,measure,917.6295349746149,-245.87809284739464,15,certificate,q4_sparse25,0.0,0.0,1.0,5.0
4,810.916249,816.916249,measure,917.6295349746149,-245.87809284739464,16,certificate,q4_sparse25,0.0,0.0,1.0,5.0
4,816.916249,822.916249,measure,917.6295349746149,-245.87809284739464,17,certificate,q4_sparse25,0.0,0.0,1.0,5.0
4,822.916249,828.916249,measure,917.6295349746149,-245.87809284739464,18,certificate,q4_sparse25,0.0,0.0,1.0,5.0
4,828.916249,834.916249,measure,917.6295349746149,-245.87809284739464,19,certificate,q4_sparse25,0.0,0.0,1.0,5.0
5,834.916249,938.267486,measure,671.75144212722,-671.7514421272203,19,certificate,q4_sparse25,491.756186,98.351237,0.0,5.0
5,938.267486,944.267486,measure,671.75144212722,-671.7514421272203,1,certificate,q4_sparse25,0.0,0.0,1.0,5.0
5,944.267486,950.267486,measure,671.75144212722,-671.7514421272203,2,certificate,q4_sparse25,0.0,0.0,1.0,5.0
5,950.267486,956.267486,measure,671.75144212722,-671.7514421272203,3,certificate,q4_sparse25,0.0,0.0,1.0,5.0
5,956.267486,962.267486,measure,671.75144212722,-671.7514421272203,4,certificate,q4_sparse25,0.0,0.0,1.0,5.0
5,962.267486,968.267486,measure,671.75144212722,-671.7514421272203,5,certificate,q4_sparse25,0.0,0.0,1.0,5.0
5,968.267486,974.267486,measure,671.75144212722,-671.7514421272203,6,certificate,q4_sparse25,0.0,0.0,1.0,5.0
5,974.267486,980.267486,measure,671.75144212722,-671.7514421272203,7,certificate,q4_sparse25,0.0,0.0,1.0,5.0
5,980.267486,986.267486,measure,671.75144212722,-671.7514421272203,8,certificate,q4_sparse25,0.0,0.0,1.0,5.0
5,986.267486,992.267486,measure,671.75144212722,-671.7514421272203,9,certificate,q4_sparse25,0.0,0.0,1.0,5.0
5,992.267486,998.267486,measure,671.75144212722,-671.7514421272203,11,certificate,q4_sparse25,0.0,0.0,1.0,5.0
5,998.267486,1004.267486,measure,671.75144212722,-671.7514421272203,12,certificate,q4_sparse25,0.0,0.0,1.0,5.0
5,1004.267486,1010.267486,measure,671.75144212722,-671.7514421272203,13,certificate,q4_sparse25,0.0,0.0,1.0,5.0
5,1010.267486,1016.267486,measure,671.75144212722,-671.7514421272203,14,certificate,q4_sparse25,0.0,0.0,1.0,5.0
5,1016.267486,1022.267486,measure,671.75144212722,-671.7514421272203,15,certificate,q4_sparse25,0.0,0.0,1.0,5.0
5,1022.267486,1028.267486,measure,671.75144212722,-671.7514421272203,16,certificate,q4_sparse25,0.0,0.0,1.0,5.0
5,1028.267486,1034.267486,measure,671.75144212722,-671.7514421272203,17,certificate,q4_sparse25,0.0,0.0,1.0,5.0
5,1034.267486,1040.267486,measure,671.75144212722,-671.7514421272203,18,certificate,q4_sparse25,0.0,0.0,1.0,5.0
5,1040.267486,1046.267486,measure,671.75144212722,-671.7514421272203,20,certificate,q4_sparse25,0.0,0.0,1.0,5.0
6,1046.267486,1195.450301,measure,85.37773538984538,-1091.1354880764052,20,active_localization,nbv:opportunistic,720.914074,144.182815,0.0,5.0
6,1195.450301,1201.450301,measure,85.37773538984538,-1091.1354880764052,16,active_localization,nbv,0.0,0.0,1.0,5.0
6,1201.450301,1207.450301,measure,85.37773538984538,-1091.1354880764052,1,active_localization,nbv:opportunistic,0.0,0.0,1.0,5.0
6,1207.450301,1213.450301,measure,85.37773538984538,-1091.1354880764052,2,active_localization,nbv:opportunistic,0.0,0.0,1.0,5.0
6,1213.450301,1219.450301,measure,85.37773538984538,-1091.1354880764052,3,active_localization,nbv:opportunistic,0.0,0.0,1.0,5.0
6,1219.450301,1225.450301,measure,85.37773538984538,-1091.1354880764052,4,active_localization,nbv:opportunistic,0.0,0.0,1.0,5.0
6,1225.450301,1231.450301,measure,85.37773538984538,-1091.1354880764052,5,active_localization,nbv:opportunistic,0.0,0.0,1.0,5.0
6,1231.450301,1237.450301,measure,85.37773538984538,-1091.1354880764052,6,active_localization,nbv:opportunistic,0.0,0.0,1.0,5.0
6,1237.450301,1243.450301,measure,85.37773538984538,-1091.1354880764052,7,active_localization,nbv:opportunistic,0.0,0.0,1.0,5.0
6,1243.450301,1249.450301,measure,85.37773538984538,-1091.1354880764052,8,active_localization,nbv:opportunistic,0.0,0.0,1.0,5.0
6,1249.450301,1255.450301,measure,85.37773538984538,-1091.1354880764052,9,active_localization,nbv:opportunistic,0.0,0.0,1.0,5.0
6,1255.450301,1261.450301,measure,85.37773538984538,-1091.1354880764052,10,active_localization,nbv:opportunistic,0.0,0.0,1.0,5.0
6,1261.450301,1267.450301,measure,85.37773538984538,-1091.1354880764052,11,active_localization,nbv:opportunistic,0.0,0.0,1.0,5.0
6,1267.450301,1273.450301,measure,85.37773538984538,-1091.1354880764052,12,active_localization,nbv:opportunistic,0.0,0.0,1.0,5.0
6,1273.450301,1279.450301,measure,85.37773538984538,-1091.1354880764052,13,active_localization,nbv:opportunistic,0.0,0.0,1.0,5.0
6,1279.450301,1285.450301,measure,85.37773538984538,-1091.1354880764052,14,active_localization,nbv:opportunistic,0.0,0.0,1.0,5.0
6,1285.450301,1291.450301,measure,85.37773538984538,-1091.1354880764052,15,active_localization,nbv:opportunistic,0.0,0.0,1.0,5.0
6,1291.450301,1297.450301,measure,85.37773538984538,-1091.1354880764052,17,active_localization,nbv:opportunistic,0.0,0.0,1.0,5.0
6,1297.450301,1303.450301,measure,85.37773538984538,-1091.1354880764052,18,active_localization,nbv:opportunistic,0.0,0.0,1.0,5.0
6,1303.450301,1309.450301,measure,85.37773538984538,-1091.1354880764052,19,active_localization,nbv:opportunistic,0.0,0.0,1.0,5.0
7,1309.450301,1361.721722,measure,245.87809284739427,-917.629534974615,19,certificate,q4_sparse25,236.357104,47.271421,0.0,5.0
7,1361.721722,1367.721722,measure,245.87809284739427,-917.629534974615,1,certificate,q4_sparse25,0.0,0.0,1.0,5.0
7,1367.721722,1373.721722,measure,245.87809284739427,-917.629534974615,2,certificate,q4_sparse25,0.0,0.0,1.0,5.0
7,1373.721722,1379.721722,measure,245.87809284739427,-917.629534974615,3,certificate,q4_sparse25,0.0,0.0,1.0,5.0
7,1379.721722,1385.721722,measure,245.87809284739427,-917.629534974615,4,certificate,q4_sparse25,0.0,0.0,1.0,5.0
7,1385.721722,1391.721722,measure,245.87809284739427,-917.629534974615,5,certificate,q4_sparse25,0.0,0.0,1.0,5.0
7,1391.721722,1397.721722,measure,245.87809284739427,-917.629534974615,6,certificate,q4_sparse25,0.0,0.0,1.0,5.0
7,1397.721722,1403.721722,measure,245.87809284739427,-917.629534974615,7,certificate,q4_sparse25,0.0,0.0,1.0,5.0
7,1403.721722,1409.721722,measure,245.87809284739427,-917.629534974615,8,certificate,q4_sparse25,0.0,0.0,1.0,5.0
7,1409.721722,1415.721722,measure,245.87809284739427,-917.629534974615,9,certificate,q4_sparse25,0.0,0.0,1.0,5.0
7,1415.721722,1421.721722,measure,245.87809284739427,-917.629534974615,11,certificate,q4_sparse25,0.0,0.0,1.0,5.0
7,1421.721722,1427.721722,measure,245.87809284739427,-917.629534974615,12,certificate,q4_sparse25,0.0,0.0,1.0,5.0
7,1427.721722,1433.721722,measure,245.87809284739427,-917.629534974615,13,certificate,q4_sparse25,0.0,0.0,1.0,5.0
7,1433.721722,1439.721722,measure,245.87809284739427,-917.629534974615,14,certificate,q4_sparse25,0.0,0.0,1.0,5.0
7,1439.721722,1445.721722,measure,245.87809284739427,-917.629534974615,15,certificate,q4_sparse25,0.0,0.0,1.0,5.0
7,1445.721722,1451.721722,measure,245.87809284739427,-917.629534974615,17,certificate,q4_sparse25,0.0,0.0,1.0,5.0
7,1451.721722,1457.721722,measure,245.87809284739427,-917.629534974615,18,certificate,q4_sparse25,0.0,0.0,1.0,5.0
7,1457.721722,1463.721722,measure,245.87809284739427,-917.629534974615,20,certificate,q4_sparse25,0.0,0.0,1.0,5.0
8,1463.721722,1567.072959,measure,-245.87809284739458,-917.6295349746149,20,certificate,q4_sparse25,491.756186,98.351237,0.0,5.0
8,1567.072959,1573.072959,measure,-245.87809284739458,-917.6295349746149,1,certificate,q4_sparse25,0.0,0.0,1.0,5.0
8,1573.072959,1579.072959,measure,-245.87809284739458,-917.6295349746149,2,certificate,q4_sparse25,0.0,0.0,1.0,5.0
8,1579.072959,1585.072959,measure,-245.87809284739458,-917.6295349746149,3,certificate,q4_sparse25,0.0,0.0,1.0,5.0
8,1585.072959,1591.072959,measure,-245.87809284739458,-917.6295349746149,4,certificate,q4_sparse25,0.0,0.0,1.0,5.0
8,1591.072959,1597.072959,measure,-245.87809284739458,-917.6295349746149,5,certificate,q4_sparse25,0.0,0.0,1.0,5.0
8,1597.072959,1603.072959,measure,-245.87809284739458,-917.6295349746149,6,certificate,q4_sparse25,0.0,0.0,1.0,5.0
8,1603.072959,1609.072959,measure,-245.87809284739458,-917.6295349746149,7,certificate,q4_sparse25,0.0,0.0,1.0,5.0
8,1609.072959,1615.072959,measure,-245.87809284739458,-917.6295349746149,8,certificate,q4_sparse25,0.0,0.0,1.0,5.0
8,1615.072959,1621.072959,measure,-245.87809284739458,-917.6295349746149,9,certificate,q4_sparse25,0.0,0.0,1.0,5.0
8,1621.072959,1627.072959,measure,-245.87809284739458,-917.6295349746149,11,certificate,q4_sparse25,0.0,0.0,1.0,5.0
8,1627.072959,1633.072959,measure,-245.87809284739458,-917.6295349746149,12,certificate,q4_sparse25,0.0,0.0,1.0,5.0
8,1633.072959,1639.072959,measure,-245.87809284739458,-917.6295349746149,13,certificate,q4_sparse25,0.0,0.0,1.0,5.0
8,1639.072959,1645.072959,measure,-245.87809284739458,-917.6295349746149,14,certificate,q4_sparse25,0.0,0.0,1.0,5.0
8,1645.072959,1651.072959,measure,-245.87809284739458,-917.6295349746149,15,certificate,q4_sparse25,0.0,0.0,1.0,5.0
8,1651.072959,1657.072959,measure,-245.87809284739458,-917.6295349746149,17,certificate,q4_sparse25,0.0,0.0,1.0,5.0
8,1657.072959,1663.072959,measure,-245.87809284739458,-917.6295349746149,18,certificate,q4_sparse25,0.0,0.0,1.0,5.0
8,1663.072959,1669.072959,measure,-245.87809284739458,-917.6295349746149,19,certificate,q4_sparse25,0.0,0.0,1.0,5.0
9,1669.072959,1772.424196,measure,-671.7514421272203,-671.7514421272201,19,certificate,q4_sparse25,491.756186,98.351237,0.0,5.0
9,1772.424196,1778.424196,measure,-671.7514421272203,-671.7514421272201,1,certificate,q4_sparse25,0.0,0.0,1.0,5.0
9,1778.424196,1784.424196,measure,-671.7514421272203,-671.7514421272201,2,certificate,q4_sparse25,0.0,0.0,1.0,5.0
9,1784.424196,1790.424196,measure,-671.7514421272203,-671.7514421272201,3,certificate,q4_sparse25,0.0,0.0,1.0,5.0
9,1790.424196,1796.424196,measure,-671.7514421272203,-671.7514421272201,4,certificate,q4_sparse25,0.0,0.0,1.0,5.0
9,1796.424196,1802.424196,measure,-671.7514421272203,-671.7514421272201,5,certificate,q4_sparse25,0.0,0.0,1.0,5.0
9,1802.424196,1808.424196,measure,-671.7514421272203,-671.7514421272201,6,certificate,q4_sparse25,0.0,0.0,1.0,5.0
9,1808.424196,1814.424196,measure,-671.7514421272203,-671.7514421272201,7,certificate,q4_sparse25,0.0,0.0,1.0,5.0
9,1814.424196,1820.424196,measure,-671.7514421272203,-671.7514421272201,8,certificate,q4_sparse25,0.0,0.0,1.0,5.0
9,1820.424196,1826.424196,measure,-671.7514421272203,-671.7514421272201,9,certificate,q4_sparse25,0.0,0.0,1.0,5.0
9,1826.424196,1832.424196,measure,-671.7514421272203,-671.7514421272201,11,certificate,q4_sparse25,0.0,0.0,1.0,5.0
9,1832.424196,1838.424196,measure,-671.7514421272203,-671.7514421272201,12,certificate,q4_sparse25,0.0,0.0,1.0,5.0
9,1838.424196,1844.424196,measure,-671.7514421272203,-671.7514421272201,13,certificate,q4_sparse25,0.0,0.0,1.0,5.0
9,1844.424196,1850.424196,measure,-671.7514421272203,-671.7514421272201,14,certificate,q4_sparse25,0.0,0.0,1.0,5.0
9,1850.424196,1856.424196,measure,-671.7514421272203,-671.7514421272201,15,certificate,q4_sparse25,0.0,0.0,1.0,5.0
9,1856.424196,1862.424196,measure,-671.7514421272203,-671.7514421272201,17,certificate,q4_sparse25,0.0,0.0,1.0,5.0
9,1862.424196,1868.424196,measure,-671.7514421272203,-671.7514421272201,18,certificate,q4_sparse25,0.0,0.0,1.0,5.0
9,1868.424196,1874.424196,measure,-671.7514421272203,-671.7514421272201,20,certificate,q4_sparse25,0.0,0.0,1.0,5.0
10,1874.424196,2026.128821,measure,-1081.8561279235832,-63.581793870935655,20,active_localization,nbv:opportunistic,733.523125,146.704625,0.0,5.0
10,2026.128821,2032.128821,measure,-1081.8561279235832,-63.581793870935655,12,active_localization,nbv,0.0,0.0,1.0,5.0
10,2032.128821,2038.128821,measure,-1081.8561279235832,-63.581793870935655,1,active_localization,nbv:opportunistic,0.0,0.0,1.0,5.0
10,2038.128821,2044.128821,measure,-1081.8561279235832,-63.581793870935655,2,active_localization,nbv:opportunistic,0.0,0.0,1.0,5.0
10,2044.128821,2050.128821,measure,-1081.8561279235832,-63.581793870935655,3,active_localization,nbv:opportunistic,0.0,0.0,1.0,5.0
10,2050.128821,2056.128821,measure,-1081.8561279235832,-63.581793870935655,4,active_localization,nbv:opportunistic,0.0,0.0,1.0,5.0
10,2056.128821,2062.128821,measure,-1081.8561279235832,-63.581793870935655,5,active_localization,nbv:opportunistic,0.0,0.0,1.0,5.0
10,2062.128821,2068.128821,measure,-1081.8561279235832,-63.581793870935655,6,active_localization,nbv:opportunistic,0.0,0.0,1.0,5.0
10,2068.128821,2074.128821,measure,-1081.8561279235832,-63.581793870935655,7,active_localization,nbv:opportunistic,0.0,0.0,1.0,5.0
10,2074.128821,2080.128821,measure,-1081.8561279235832,-63.581793870935655,8,active_localization,nbv:opportunistic,0.0,0.0,1.0,5.0
10,2080.128821,2086.128821,measure,-1081.8561279235832,-63.581793870935655,9,active_localization,nbv:opportunistic,0.0,0.0,1.0,5.0
10,2086.128821,2092.128821,measure,-1081.8561279235832,-63.581793870935655,10,active_localization,nbv:opportunistic,0.0,0.0,1.0,5.0
10,2092.128821,2098.128821,measure,-1081.8561279235832,-63.581793870935655,11,active_localization,nbv:opportunistic,0.0,0.0,1.0,5.0
10,2098.128821,2104.128821,measure,-1081.8561279235832,-63.581793870935655,13,active_localization,nbv:opportunistic,0.0,0.0,1.0,5.0
10,2104.128821,2110.128821,measure,-1081.8561279235832,-63.581793870935655,14,active_localization,nbv:opportunistic,0.0,0.0,1.0,5.0
10,2110.128821,2116.128821,measure,-1081.8561279235832,-63.581793870935655,15,active_localization,nbv:opportunistic,0.0,0.0,1.0,5.0
10,2116.128821,2122.128821,measure,-1081.8561279235832,-63.581793870935655,16,active_localization,nbv:opportunistic,0.0,0.0,1.0,5.0
10,2122.128821,2128.128821,measure,-1081.8561279235832,-63.581793870935655,17,active_localization,nbv:opportunistic,0.0,0.0,1.0,5.0
10,2128.128821,2134.128821,measure,-1081.8561279235832,-63.581793870935655,18,active_localization,nbv:opportunistic,0.0,0.0,1.0,5.0
10,2134.128821,2140.128821,measure,-1081.8561279235832,-63.581793870935655,19,active_localization,nbv:opportunistic,0.0,0.0,1.0,5.0
11,2140.128821,2256.308173,measure,-1155.8292304482734,487.3711871201409,19,active_localization,nbv:opportunistic,555.896759,111.179352,0.0,5.0
11,2256.308173,2262.308173,measure,-1155.8292304482734,487.3711871201409,9,active_localization,nbv,0.0,0.0,1.0,5.0
11,2262.308173,2268.308173,measure,-1155.8292304482734,487.3711871201409,1,active_localization,nbv:opportunistic,0.0,0.0,1.0,5.0
11,2268.308173,2274.308173,measure,-1155.8292304482734,487.3711871201409,2,active_localization,nbv:opportunistic,0.0,0.0,1.0,5.0
11,2274.308173,2280.308173,measure,-1155.8292304482734,487.3711871201409,3,active_localization,nbv:opportunistic,0.0,0.0,1.0,5.0
11,2280.308173,2286.308173,measure,-1155.8292304482734,487.3711871201409,4,active_localization,nbv:opportunistic,0.0,0.0,1.0,5.0
11,2286.308173,2292.308173,measure,-1155.8292304482734,487.3711871201409,5,active_localization,nbv:opportunistic,0.0,0.0,1.0,5.0
11,2292.308173,2298.308173,measure,-1155.8292304482734,487.3711871201409,6,active_localization,nbv:opportunistic,0.0,0.0,1.0,5.0
11,2298.308173,2304.308173,measure,-1155.8292304482734,487.3711871201409,7,active_localization,nbv:opportunistic,0.0,0.0,1.0,5.0
11,2304.308173,2310.308173,measure,-1155.8292304482734,487.3711871201409,8,active_localization,nbv:opportunistic,0.0,0.0,1.0,5.0
11,2310.308173,2316.308173,measure,-1155.8292304482734,487.3711871201409,10,active_localization,nbv:opportunistic,0.0,0.0,1.0,5.0
11,2316.308173,2322.308173,measure,-1155.8292304482734,487.3711871201409,11,active_localization,nbv:opportunistic,0.0,0.0,1.0,5.0
11,2322.308173,2328.308173,measure,-1155.8292304482734,487.3711871201409,12,active_localization,nbv:opportunistic,0.0,0.0,1.0,5.0
11,2328.308173,2334.308173,measure,-1155.8292304482734,487.3711871201409,13,active_localization,nbv:opportunistic,0.0,0.0,1.0,5.0
11,2334.308173,2340.308173,measure,-1155.8292304482734,487.3711871201409,14,active_localization,nbv:opportunistic,0.0,0.0,1.0,5.0
11,2340.308173,2346.308173,measure,-1155.8292304482734,487.3711871201409,15,active_localization,nbv:opportunistic,0.0,0.0,1.0,5.0
11,2346.308173,2352.308173,measure,-1155.8292304482734,487.3711871201409,16,active_localization,nbv:opportunistic,0.0,0.0,1.0,5.0
11,2352.308173,2358.308173,measure,-1155.8292304482734,487.3711871201409,17,active_localization,nbv:opportunistic,0.0,0.0,1.0,5.0
11,2358.308173,2364.308173,measure,-1155.8292304482734,487.3711871201409,18,active_localization,nbv:opportunistic,0.0,0.0,1.0,5.0
11,2364.308173,2370.308173,measure,-1155.8292304482734,487.3711871201409,20,active_localization,nbv:opportunistic,0.0,0.0,1.0,5.0
12,2370.308173,2533.590395,measure,-530.724683549957,972.7327549363874,20,active_localization,nbv:opportunistic,791.411111,158.282222,0.0,5.0
12,2533.590395,2539.590395,measure,-530.724683549957,972.7327549363874,19,active_localization,nbv,0.0,0.0,1.0,5.0
12,2539.590395,2545.590395,measure,-530.724683549957,972.7327549363874,1,active_localization,nbv:opportunistic,0.0,0.0,1.0,5.0
12,2545.590395,2551.590395,measure,-530.724683549957,972.7327549363874,2,active_localization,nbv:opportunistic,0.0,0.0,1.0,5.0
12,2551.590395,2557.590395,measure,-530.724683549957,972.7327549363874,3,active_localization,nbv:opportunistic,0.0,0.0,1.0,5.0
12,2557.590395,2563.590395,measure,-530.724683549957,972.7327549363874,4,active_localization,nbv:opportunistic,0.0,0.0,1.0,5.0
12,2563.590395,2569.590395,measure,-530.724683549957,972.7327549363874,5,active_localization,nbv:opportunistic,0.0,0.0,1.0,5.0
12,2569.590395,2575.590395,measure,-530.724683549957,972.7327549363874,6,active_localization,nbv:opportunistic,0.0,0.0,1.0,5.0
12,2575.590395,2581.590395,measure,-530.724683549957,972.7327549363874,7,active_localization,nbv:opportunistic,0.0,0.0,1.0,5.0
12,2581.590395,2587.590395,measure,-530.724683549957,972.7327549363874,8,active_localization,nbv:opportunistic,0.0,0.0,1.0,5.0
12,2587.590395,2593.590395,measure,-530.724683549957,972.7327549363874,9,active_localization,nbv:opportunistic,0.0,0.0,1.0,5.0
12,2593.590395,2599.590395,measure,-530.724683549957,972.7327549363874,10,active_localization,nbv:opportunistic,0.0,0.0,1.0,5.0
12,2599.590395,2605.590395,measure,-530.724683549957,972.7327549363874,11,active_localization,nbv:opportunistic,0.0,0.0,1.0,5.0
12,2605.590395,2611.590395,measure,-530.724683549957,972.7327549363874,12,active_localization,nbv:opportunistic,0.0,0.0,1.0,5.0
12,2611.590395,2617.590395,measure,-530.724683549957,972.7327549363874,13,active_localization,nbv:opportunistic,0.0,0.0,1.0,5.0
12,2617.590395,2623.590395,measure,-530.724683549957,972.7327549363874,14,active_localization,nbv:opportunistic,0.0,0.0,1.0,5.0
12,2623.590395,2629.590395,measure,-530.724683549957,972.7327549363874,15,active_localization,nbv:opportunistic,0.0,0.0,1.0,5.0
12,2629.590395,2635.590395,measure,-530.724683549957,972.7327549363874,16,active_localization,nbv:opportunistic,0.0,0.0,1.0,5.0
12,2635.590395,2641.590395,measure,-530.724683549957,972.7327549363874,17,active_localization,nbv:opportunistic,0.0,0.0,1.0,5.0
12,2641.590395,2647.590395,measure,-530.724683549957,972.7327549363874,18,active_localization,nbv:opportunistic,0.0,0.0,1.0,5.0
13,2647.590395,2737.961528,measure,-324.0874248925079,1346.2388501744454,18,active_localization,nbv:opportunistic,426.855666,85.371133,0.0,5.0
13,2737.961528,2743.961528,measure,-324.0874248925079,1346.2388501744454,8,active_localization,nbv,0.0,0.0,1.0,5.0
13,2743.961528,2749.961528,measure,-324.0874248925079,1346.2388501744454,1,active_localization,nbv:opportunistic,0.0,0.0,1.0,5.0
13,2749.961528,2755.961528,measure,-324.0874248925079,1346.2388501744454,2,active_localization,nbv:opportunistic,0.0,0.0,1.0,5.0
13,2755.961528,2761.961528,measure,-324.0874248925079,1346.2388501744454,3,active_localization,nbv:opportunistic,0.0,0.0,1.0,5.0
13,2761.961528,2767.961528,measure,-324.0874248925079,1346.2388501744454,4,active_localization,nbv:opportunistic,0.0,0.0,1.0,5.0
13,2767.961528,2773.961528,measure,-324.0874248925079,1346.2388501744454,5,active_localization,nbv:opportunistic,0.0,0.0,1.0,5.0
13,2773.961528,2779.961528,measure,-324.0874248925079,1346.2388501744454,6,active_localization,nbv:opportunistic,0.0,0.0,1.0,5.0
13,2779.961528,2785.961528,measure,-324.0874248925079,1346.2388501744454,7,active_localization,nbv:opportunistic,0.0,0.0,1.0,5.0
13,2785.961528,2791.961528,measure,-324.0874248925079,1346.2388501744454,9,active_localization,nbv:opportunistic,0.0,0.0,1.0,5.0
13,2791.961528,2797.961528,measure,-324.0874248925079,1346.2388501744454,10,active_localization,nbv:opportunistic,0.0,0.0,1.0,5.0
13,2797.961528,2803.961528,measure,-324.0874248925079,1346.2388501744454,11,active_localization,nbv:opportunistic,0.0,0.0,1.0,5.0
13,2803.961528,2809.961528,measure,-324.0874248925079,1346.2388501744454,12,active_localization,nbv:opportunistic,0.0,0.0,1.0,5.0
13,2809.961528,2815.961528,measure,-324.0874248925079,1346.2388501744454,13,active_localization,nbv:opportunistic,0.0,0.0,1.0,5.0
13,2815.961528,2821.961528,measure,-324.0874248925079,1346.2388501744454,14,active_localization,nbv:opportunistic,0.0,0.0,1.0,5.0
13,2821.961528,2827.961528,measure,-324.0874248925079,1346.2388501744454,15,active_localization,nbv:opportunistic,0.0,0.0,1.0,5.0
13,2827.961528,2833.961528,measure,-324.0874248925079,1346.2388501744454,16,active_localization,nbv:opportunistic,0.0,0.0,1.0,5.0
13,2833.961528,2839.961528,measure,-324.0874248925079,1346.2388501744454,17,active_localization,nbv:opportunistic,0.0,0.0,1.0,5.0
13,2839.961528,2845.961528,measure,-324.0874248925079,1346.2388501744454,19,active_localization,nbv:opportunistic,0.0,0.0,1.0,5.0
13,2845.961528,2851.961528,measure,-324.0874248925079,1346.2388501744454,20,active_localization,nbv:opportunistic,0.0,0.0,1.0,5.0
14,2851.961528,2932.782224,measure,-469.90595474970587,1696.176567504116,20,active_localization,nbv:opportunistic,379.103481,75.820696,0.0,5.0
14,2932.782224,2938.782224,measure,-469.90595474970587,1696.176567504116,19,active_localization,nbv,0.0,0.0,1.0,5.0
14,2938.782224,2944.782224,measure,-469.90595474970587,1696.176567504116,1,active_localization,nbv:opportunistic,0.0,0.0,1.0,5.0
14,2944.782224,2950.782224,measure,-469.90595474970587,1696.176567504116,2,active_localization,nbv:opportunistic,0.0,0.0,1.0,5.0
14,2950.782224,2956.782224,measure,-469.90595474970587,1696.176567504116,3,active_localization,nbv:opportunistic,0.0,0.0,1.0,5.0
14,2956.782224,2962.782224,measure,-469.90595474970587,1696.176567504116,4,active_localization,nbv:opportunistic,0.0,0.0,1.0,5.0
14,2962.782224,2968.782224,measure,-469.90595474970587,1696.176567504116,5,active_localization,nbv:opportunistic,0.0,0.0,1.0,5.0
14,2968.782224,2974.782224,measure,-469.90595474970587,1696.176567504116,6,active_localization,nbv:opportunistic,0.0,0.0,1.0,5.0
14,2974.782224,2980.782224,measure,-469.90595474970587,1696.176567504116,7,active_localization,nbv:opportunistic,0.0,0.0,1.0,5.0
14,2980.782224,2986.782224,measure,-469.90595474970587,1696.176567504116,8,active_localization,nbv:opportunistic,0.0,0.0,1.0,5.0
14,2986.782224,2992.782224,measure,-469.90595474970587,1696.176567504116,9,active_localization,nbv:opportunistic,0.0,0.0,1.0,5.0
14,2992.782224,2998.782224,measure,-469.90595474970587,1696.176567504116,10,active_localization,nbv:opportunistic,0.0,0.0,1.0,5.0
14,2998.782224,3004.782224,measure,-469.90595474970587,1696.176567504116,11,active_localization,nbv:opportunistic,0.0,0.0,1.0,5.0
14,3004.782224,3010.782224,measure,-469.90595474970587,1696.176567504116,12,active_localization,nbv:opportunistic,0.0,0.0,1.0,5.0
14,3010.782224,3016.782224,measure,-469.90595474970587,1696.176567504116,13,active_localization,nbv:opportunistic,0.0,0.0,1.0,5.0
14,3016.782224,3022.782224,measure,-469.90595474970587,1696.176567504116,14,active_localization,nbv:opportunistic,0.0,0.0,1.0,5.0
14,3022.782224,3028.782224,measure,-469.90595474970587,1696.176567504116,15,active_localization,nbv:opportunistic,0.0,0.0,1.0,5.0
14,3028.782224,3034.782224,measure,-469.90595474970587,1696.176567504116,16,active_localization,nbv:opportunistic,0.0,0.0,1.0,5.0
14,3034.782224,3040.782224,measure,-469.90595474970587,1696.176567504116,17,active_localization,nbv:opportunistic,0.0,0.0,1.0,5.0
14,3040.782224,3046.782224,measure,-469.90595474970587,1696.176567504116,18,active_localization,nbv:opportunistic,0.0,0.0,1.0,5.0
15,3046.782224,3146.057725,measure,-934.9999999999995,1619.4675050769004,18,certificate,q4_sparse25,471.377504,94.275501,0.0,5.0
15,3146.057725,3152.057725,measure,-934.9999999999995,1619.4675050769004,1,certificate,q4_sparse25,0.0,0.0,1.0,5.0
15,3152.057725,3158.057725,measure,-934.9999999999995,1619.4675050769004,2,certificate,q4_sparse25,0.0,0.0,1.0,5.0
15,3158.057725,3164.057725,measure,-934.9999999999995,1619.4675050769004,3,certificate,q4_sparse25,0.0,0.0,1.0,5.0
15,3164.057725,3170.057725,measure,-934.9999999999995,1619.4675050769004,4,certificate,q4_sparse25,0.0,0.0,1.0,5.0
15,3170.057725,3176.057725,measure,-934.9999999999995,1619.4675050769004,5,certificate,q4_sparse25,0.0,0.0,1.0,5.0
15,3176.057725,3182.057725,measure,-934.9999999999995,1619.4675050769004,6,certificate,q4_sparse25,0.0,0.0,1.0,5.0
15,3182.057725,3188.057725,measure,-934.9999999999995,1619.4675050769004,7,certificate,q4_sparse25,0.0,0.0,1.0,5.0
15,3188.057725,3194.057725,measure,-934.9999999999995,1619.4675050769004,11,certificate,q4_sparse25,0.0,0.0,1.0,5.0
15,3194.057725,3200.057725,measure,-934.9999999999995,1619.4675050769004,13,certificate,q4_sparse25,0.0,0.0,1.0,5.0
15,3200.057725,3206.057725,measure,-934.9999999999995,1619.4675050769004,14,certificate,q4_sparse25,0.0,0.0,1.0,5.0
15,3206.057725,3212.057725,measure,-934.9999999999995,1619.4675050769004,15,certificate,q4_sparse25,0.0,0.0,1.0,5.0
15,3212.057725,3218.057725,measure,-934.9999999999995,1619.4675050769004,17,certificate,q4_sparse25,0.0,0.0,1.0,5.0
15,3218.057725,3224.057725,measure,-934.9999999999995,1619.4675050769004,20,certificate,q4_sparse25,0.0,0.0,1.0,5.0
16,3224.057725,3422.654371,measure,1.1450447572027751e-13,1870.0,20,certificate,q4_sparse25,967.983229,193.596646,0.0,5.0
16,3422.654371,3428.654371,measure,1.1450447572027751e-13,1870.0,1,certificate,q4_sparse25,0.0,0.0,1.0,5.0
16,3428.654371,3434.654371,measure,1.1450447572027751e-13,1870.0,2,certificate,q4_sparse25,0.0,0.0,1.0,5.0
16,3434.654371,3440.654371,measure,1.1450447572027751e-13,1870.0,3,certificate,q4_sparse25,0.0,0.0,1.0,5.0
16,3440.654371,3446.654371,measure,1.1450447572027751e-13,1870.0,4,certificate,q4_sparse25,0.0,0.0,1.0,5.0
16,3446.654371,3452.654371,measure,1.1450447572027751e-13,1870.0,5,certificate,q4_sparse25,0.0,0.0,1.0,5.0
16,3452.654371,3458.654371,measure,1.1450447572027751e-13,1870.0,6,certificate,q4_sparse25,0.0,0.0,1.0,5.0
16,3458.654371,3464.654371,measure,1.1450447572027751e-13,1870.0,7,certificate,q4_sparse25,0.0,0.0,1.0,5.0
16,3464.654371,3470.654371,measure,1.1450447572027751e-13,1870.0,11,certificate,q4_sparse25,0.0,0.0,1.0,5.0
16,3470.654371,3476.654371,measure,1.1450447572027751e-13,1870.0,13,certificate,q4_sparse25,0.0,0.0,1.0,5.0
16,3476.654371,3482.654371,measure,1.1450447572027751e-13,1870.0,14,certificate,q4_sparse25,0.0,0.0,1.0,5.0
16,3482.654371,3488.654371,measure,1.1450447572027751e-13,1870.0,15,certificate,q4_sparse25,0.0,0.0,1.0,5.0
16,3488.654371,3494.654371,measure,1.1450447572027751e-13,1870.0,17,certificate,q4_sparse25,0.0,0.0,1.0,5.0
16,3494.654371,3500.654371,measure,1.1450447572027751e-13,1870.0,18,certificate,q4_sparse25,0.0,0.0,1.0,5.0
17,3500.654371,3699.251017,measure,935.0000000000002,1619.4675050769001,18,certificate,q4_sparse25,967.983229,193.596646,0.0,5.0
17,3699.251017,3705.251017,measure,935.0000000000002,1619.4675050769001,1,certificate,q4_sparse25,0.0,0.0,1.0,5.0
17,3705.251017,3711.251017,measure,935.0000000000002,1619.4675050769001,2,certificate,q4_sparse25,0.0,0.0,1.0,5.0
17,3711.251017,3717.251017,measure,935.0000000000002,1619.4675050769001,3,certificate,q4_sparse25,0.0,0.0,1.0,5.0
17,3717.251017,3723.251017,measure,935.0000000000002,1619.4675050769001,4,certificate,q4_sparse25,0.0,0.0,1.0,5.0
17,3723.251017,3729.251017,measure,935.0000000000002,1619.4675050769001,5,certificate,q4_sparse25,0.0,0.0,1.0,5.0
17,3729.251017,3735.251017,measure,935.0000000000002,1619.4675050769001,6,certificate,q4_sparse25,0.0,0.0,1.0,5.0
17,3735.251017,3741.251017,measure,935.0000000000002,1619.4675050769001,7,certificate,q4_sparse25,0.0,0.0,1.0,5.0
17,3741.251017,3747.251017,measure,935.0000000000002,1619.4675050769001,11,certificate,q4_sparse25,0.0,0.0,1.0,5.0
17,3747.251017,3753.251017,measure,935.0000000000002,1619.4675050769001,13,certificate,q4_sparse25,0.0,0.0,1.0,5.0
17,3753.251017,3759.251017,measure,935.0000000000002,1619.4675050769001,14,certificate,q4_sparse25,0.0,0.0,1.0,5.0
17,3759.251017,3765.251017,measure,935.0000000000002,1619.4675050769001,15,certificate,q4_sparse25,0.0,0.0,1.0,5.0
17,3765.251017,3771.251017,measure,935.0000000000002,1619.4675050769001,17,certificate,q4_sparse25,0.0,0.0,1.0,5.0
17,3771.251017,3777.251017,measure,935.0000000000002,1619.4675050769001,20,certificate,q4_sparse25,0.0,0.0,1.0,5.0
18,3777.251017,3925.493083,measure,1185.7478908042433,948.5854470529237,20,active_localization,nbv:opportunistic,716.210333,143.242067,0.0,5.0
18,3925.493083,3931.493083,measure,1185.7478908042433,948.5854470529237,2,active_localization,nbv,0.0,0.0,1.0,5.0
18,3931.493083,3937.493083,measure,1185.7478908042433,948.5854470529237,1,active_localization,nbv:opportunistic,0.0,0.0,1.0,5.0
18,3937.493083,3943.493083,measure,1185.7478908042433,948.5854470529237,3,active_localization,nbv:opportunistic,0.0,0.0,1.0,5.0
18,3943.493083,3949.493083,measure,1185.7478908042433,948.5854470529237,4,active_localization,nbv:opportunistic,0.0,0.0,1.0,5.0
18,3949.493083,3955.493083,measure,1185.7478908042433,948.5854470529237,5,active_localization,nbv:opportunistic,0.0,0.0,1.0,5.0
18,3955.493083,3961.493083,measure,1185.7478908042433,948.5854470529237,6,active_localization,nbv:opportunistic,0.0,0.0,1.0,5.0
18,3961.493083,3967.493083,measure,1185.7478908042433,948.5854470529237,7,active_localization,nbv:opportunistic,0.0,0.0,1.0,5.0
18,3967.493083,3973.493083,measure,1185.7478908042433,948.5854470529237,8,active_localization,nbv:opportunistic,0.0,0.0,1.0,5.0
18,3973.493083,3979.493083,measure,1185.7478908042433,948.5854470529237,9,active_localization,nbv:opportunistic,0.0,0.0,1.0,5.0
18,3979.493083,3985.493083,measure,1185.7478908042433,948.5854470529237,10,active_localization,nbv:opportunistic,0.0,0.0,1.0,5.0
18,3985.493083,3991.493083,measure,1185.7478908042433,948.5854470529237,11,active_localization,nbv:opportunistic,0.0,0.0,1.0,5.0
18,3991.493083,3997.493083,measure,1185.7478908042433,948.5854470529237,12,active_localization,nbv:opportunistic,0.0,0.0,1.0,5.0
18,3997.493083,4003.493083,measure,1185.7478908042433,948.5854470529237,13,active_localization,nbv:opportunistic,0.0,0.0,1.0,5.0
18,4003.493083,4009.493083,measure,1185.7478908042433,948.5854470529237,14,active_localization,nbv:opportunistic,0.0,0.0,1.0,5.0
18,4009.493083,4015.493083,measure,1185.7478908042433,948.5854470529237,15,active_localization,nbv:opportunistic,0.0,0.0,1.0,5.0
18,4015.493083,4021.493083,measure,1185.7478908042433,948.5854470529237,16,active_localization,nbv:opportunistic,0.0,0.0,1.0,5.0
18,4021.493083,4027.493083,measure,1185.7478908042433,948.5854470529237,17,active_localization,nbv:opportunistic,0.0,0.0,1.0,5.0
18,4027.493083,4033.493083,measure,1185.7478908042433,948.5854470529237,18,active_localization,nbv:opportunistic,0.0,0.0,1.0,5.0
18,4033.493083,4039.493083,measure,1185.7478908042433,948.5854470529237,19,active_localization,nbv:opportunistic,0.0,0.0,1.0,5.0
19,4039.493083,4308.499538,clear,1773.7533096168045,-233.24991930750198,10,ready_clear,clear,1320.032275,264.006455,0.0,5.0
19,4308.499538,4313.499538,measure,1773.7533096168045,-233.24991930750198,19,ready_clear,clear:opportunistic,0.0,0.0,0.0,5.0
19,4313.499538,4319.499538,measure,1773.7533096168045,-233.24991930750198,1,ready_clear,clear:opportunistic,0.0,0.0,1.0,5.0
19,4319.499538,4325.499538,measure,1773.7533096168045,-233.24991930750198,2,ready_clear,clear:opportunistic,0.0,0.0,1.0,5.0
19,4325.499538,4331.499538,measure,1773.7533096168045,-233.24991930750198,3,ready_clear,clear:opportunistic,0.0,0.0,1.0,5.0
19,4331.499538,4337.499538,measure,1773.7533096168045,-233.24991930750198,4,ready_clear,clear:opportunistic,0.0,0.0,1.0,5.0
19,4337.499538,4343.499538,measure,1773.7533096168045,-233.24991930750198,5,ready_clear,clear:opportunistic,0.0,0.0,1.0,5.0
19,4343.499538,4349.499538,measure,1773.7533096168045,-233.24991930750198,6,ready_clear,clear:opportunistic,0.0,0.0,1.0,5.0
19,4349.499538,4355.499538,measure,1773.7533096168045,-233.24991930750198,7,ready_clear,clear:opportunistic,0.0,0.0,1.0,5.0
19,4355.499538,4361.499538,measure,1773.7533096168045,-233.24991930750198,8,ready_clear,clear:opportunistic,0.0,0.0,1.0,5.0
19,4361.499538,4367.499538,measure,1773.7533096168045,-233.24991930750198,9,ready_clear,clear:opportunistic,0.0,0.0,1.0,5.0
19,4367.499538,4373.499538,measure,1773.7533096168045,-233.24991930750198,11,ready_clear,clear:opportunistic,0.0,0.0,1.0,5.0
19,4373.499538,4379.499538,measure,1773.7533096168045,-233.24991930750198,12,ready_clear,clear:opportunistic,0.0,0.0,1.0,5.0
19,4379.499538,4385.499538,measure,1773.7533096168045,-233.24991930750198,13,ready_clear,clear:opportunistic,0.0,0.0,1.0,5.0
19,4385.499538,4391.499538,measure,1773.7533096168045,-233.24991930750198,14,ready_clear,clear:opportunistic,0.0,0.0,1.0,5.0
19,4391.499538,4397.499538,measure,1773.7533096168045,-233.24991930750198,15,ready_clear,clear:opportunistic,0.0,0.0,1.0,5.0
19,4397.499538,4403.499538,measure,1773.7533096168045,-233.24991930750198,16,ready_clear,clear:opportunistic,0.0,0.0,1.0,5.0
19,4403.499538,4409.499538,measure,1773.7533096168045,-233.24991930750198,17,ready_clear,clear:opportunistic,0.0,0.0,1.0,5.0
19,4409.499538,4415.499538,measure,1773.7533096168045,-233.24991930750198,18,ready_clear,clear:opportunistic,0.0,0.0,1.0,5.0
19,4415.499538,4421.499538,measure,1773.7533096168045,-233.24991930750198,20,ready_clear,clear:opportunistic,0.0,0.0,1.0,5.0
20,4421.499538,4476.964952,measure,1870.0,0.0,20,certificate,q4_sparse25,252.32707,50.465414,0.0,5.0
20,4476.964952,4482.964952,measure,1870.0,0.0,1,certificate,q4_sparse25,0.0,0.0,1.0,5.0
20,4482.964952,4488.964952,measure,1870.0,0.0,3,certificate,q4_sparse25,0.0,0.0,1.0,5.0
20,4488.964952,4494.964952,measure,1870.0,0.0,4,certificate,q4_sparse25,0.0,0.0,1.0,5.0
20,4494.964952,4500.964952,measure,1870.0,0.0,5,certificate,q4_sparse25,0.0,0.0,1.0,5.0
20,4500.964952,4506.964952,measure,1870.0,0.0,6,certificate,q4_sparse25,0.0,0.0,1.0,5.0
20,4506.964952,4512.964952,measure,1870.0,0.0,7,certificate,q4_sparse25,0.0,0.0,1.0,5.0
20,4512.964952,4518.964952,measure,1870.0,0.0,11,certificate,q4_sparse25,0.0,0.0,1.0,5.0
20,4518.964952,4524.964952,measure,1870.0,0.0,13,certificate,q4_sparse25,0.0,0.0,1.0,5.0
20,4524.964952,4530.964952,measure,1870.0,0.0,14,certificate,q4_sparse25,0.0,0.0,1.0,5.0
20,4530.964952,4536.964952,measure,1870.0,0.0,15,certificate,q4_sparse25,0.0,0.0,1.0,5.0
20,4536.964952,4542.964952,measure,1870.0,0.0,17,certificate,q4_sparse25,0.0,0.0,1.0,5.0
20,4542.964952,4548.964952,measure,1870.0,0.0,18,certificate,q4_sparse25,0.0,0.0,1.0,5.0
21,4548.964952,4747.561598,measure,1619.4675050769004,934.9999999999999,18,certificate,q4_sparse25,967.983229,193.596646,0.0,5.0
21,4747.561598,4753.561598,measure,1619.4675050769004,934.9999999999999,1,certificate,q4_sparse25,0.0,0.0,1.0,5.0
21,4753.561598,4759.561598,measure,1619.4675050769004,934.9999999999999,3,certificate,q4_sparse25,0.0,0.0,1.0,5.0
21,4759.561598,4765.561598,measure,1619.4675050769004,934.9999999999999,4,certificate,q4_sparse25,0.0,0.0,1.0,5.0
21,4765.561598,4771.561598,measure,1619.4675050769004,934.9999999999999,5,certificate,q4_sparse25,0.0,0.0,1.0,5.0
21,4771.561598,4777.561598,measure,1619.4675050769004,934.9999999999999,6,certificate,q4_sparse25,0.0,0.0,1.0,5.0
21,4777.561598,4783.561598,measure,1619.4675050769004,934.9999999999999,7,certificate,q4_sparse25,0.0,0.0,1.0,5.0
21,4783.561598,4789.561598,measure,1619.4675050769004,934.9999999999999,11,certificate,q4_sparse25,0.0,0.0,1.0,5.0
21,4789.561598,4795.561598,measure,1619.4675050769004,934.9999999999999,13,certificate,q4_sparse25,0.0,0.0,1.0,5.0
21,4795.561598,4801.561598,measure,1619.4675050769004,934.9999999999999,14,certificate,q4_sparse25,0.0,0.0,1.0,5.0
21,4801.561598,4807.561598,measure,1619.4675050769004,934.9999999999999,15,certificate,q4_sparse25,0.0,0.0,1.0,5.0
21,4807.561598,4813.561598,measure,1619.4675050769004,934.9999999999999,17,certificate,q4_sparse25,0.0,0.0,1.0,5.0
21,4813.561598,4819.561598,measure,1619.4675050769004,934.9999999999999,20,certificate,q4_sparse25,0.0,0.0,1.0,5.0
22,4819.561598,5021.28125,measure,671.7514421272202,671.7514421272202,20,certificate,q4_sparse25,983.598261,196.719652,0.0,5.0
22,5021.28125,5027.28125,measure,671.7514421272202,671.7514421272202,1,certificate,q4_sparse25,0.0,0.0,1.0,5.0
22,5027.28125,5033.28125,measure,671.7514421272202,671.7514421272202,3,certificate,q4_sparse25,0.0,0.0,1.0,5.0
22,5033.28125,5039.28125,measure,671.7514421272202,671.7514421272202,4,certificate,q4_sparse25,0.0,0.0,1.0,5.0
22,5039.28125,5045.28125,measure,671.7514421272202,671.7514421272202,5,certificate,q4_sparse25,0.0,0.0,1.0,5.0
22,5045.28125,5051.28125,measure,671.7514421272202,671.7514421272202,6,certificate,q4_sparse25,0.0,0.0,1.0,5.0
22,5051.28125,5057.28125,measure,671.7514421272202,671.7514421272202,7,certificate,q4_sparse25,0.0,0.0,1.0,5.0
22,5057.28125,5063.28125,measure,671.7514421272202,671.7514421272202,11,certificate,q4_sparse25,0.0,0.0,1.0,5.0
22,5063.28125,5069.28125,measure,671.7514421272202,671.7514421272202,13,certificate,q4_sparse25,0.0,0.0,1.0,5.0
22,5069.28125,5075.28125,measure,671.7514421272202,671.7514421272202,14,certificate,q4_sparse25,0.0,0.0,1.0,5.0
22,5075.28125,5081.28125,measure,671.7514421272202,671.7514421272202,15,certificate,q4_sparse25,0.0,0.0,1.0,5.0
22,5081.28125,5087.28125,measure,671.7514421272202,671.7514421272202,17,certificate,q4_sparse25,0.0,0.0,1.0,5.0
22,5087.28125,5093.28125,measure,671.7514421272202,671.7514421272202,18,certificate,q4_sparse25,0.0,0.0,1.0,5.0
23,5093.28125,5196.632487,measure,245.8780928473947,917.6295349746149,18,certificate,q4_sparse25,491.756186,98.351237,0.0,5.0
23,5196.632487,5202.632487,measure,245.8780928473947,917.6295349746149,1,certificate,q4_sparse25,0.0,0.0,1.0,5.0
23,5202.632487,5208.632487,measure,245.8780928473947,917.6295349746149,3,certificate,q4_sparse25,0.0,0.0,1.0,5.0
23,5208.632487,5214.632487,measure,245.8780928473947,917.6295349746149,4,certificate,q4_sparse25,0.0,0.0,1.0,5.0
23,5214.632487,5220.632487,measure,245.8780928473947,917.6295349746149,5,certificate,q4_sparse25,0.0,0.0,1.0,5.0
23,5220.632487,5226.632487,measure,245.8780928473947,917.6295349746149,6,certificate,q4_sparse25,0.0,0.0,1.0,5.0
23,5226.632487,5232.632487,measure,245.8780928473947,917.6295349746149,7,certificate,q4_sparse25,0.0,0.0,1.0,5.0
23,5232.632487,5238.632487,measure,245.8780928473947,917.6295349746149,11,certificate,q4_sparse25,0.0,0.0,1.0,5.0
23,5238.632487,5244.632487,measure,245.8780928473947,917.6295349746149,13,certificate,q4_sparse25,0.0,0.0,1.0,5.0
23,5244.632487,5250.632487,measure,245.8780928473947,917.6295349746149,14,certificate,q4_sparse25,0.0,0.0,1.0,5.0
23,5250.632487,5256.632487,measure,245.8780928473947,917.6295349746149,15,certificate,q4_sparse25,0.0,0.0,1.0,5.0
23,5256.632487,5262.632487,measure,245.8780928473947,917.6295349746149,17,certificate,q4_sparse25,0.0,0.0,1.0,5.0
23,5262.632487,5268.632487,measure,245.8780928473947,917.6295349746149,20,certificate,q4_sparse25,0.0,0.0,1.0,5.0
24,5268.632487,5371.983724,measure,-245.8780928473948,917.6295349746149,20,certificate,q4_sparse25,491.756186,98.351237,0.0,5.0
24,5371.983724,5377.983724,measure,-245.8780928473948,917.6295349746149,1,certificate,q4_sparse25,0.0,0.0,1.0,5.0
24,5377.983724,5383.983724,measure,-245.8780928473948,917.6295349746149,3,certificate,q4_sparse25,0.0,0.0,1.0,5.0
24,5383.983724,5389.983724,measure,-245.8780928473948,917.6295349746149,4,certificate,q4_sparse25,0.0,0.0,1.0,5.0
24,5389.983724,5395.983724,measure,-245.8780928473948,917.6295349746149,5,certificate,q4_sparse25,0.0,0.0,1.0,5.0
24,5395.983724,5401.983724,measure,-245.8780928473948,917.6295349746149,6,certificate,q4_sparse25,0.0,0.0,1.0,5.0
24,5401.983724,5407.983724,measure,-245.8780928473948,917.6295349746149,7,certificate,q4_sparse25,0.0,0.0,1.0,5.0
24,5407.983724,5413.983724,measure,-245.8780928473948,917.6295349746149,11,certificate,q4_sparse25,0.0,0.0,1.0,5.0
24,5413.983724,5419.983724,measure,-245.8780928473948,917.6295349746149,13,certificate,q4_sparse25,0.0,0.0,1.0,5.0
24,5419.983724,5425.983724,measure,-245.8780928473948,917.6295349746149,14,certificate,q4_sparse25,0.0,0.0,1.0,5.0
24,5425.983724,5431.983724,measure,-245.8780928473948,917.6295349746149,15,certificate,q4_sparse25,0.0,0.0,1.0,5.0
24,5431.983724,5437.983724,measure,-245.8780928473948,917.6295349746149,17,certificate,q4_sparse25,0.0,0.0,1.0,5.0
24,5437.983724,5443.983724,measure,-245.8780928473948,917.6295349746149,18,certificate,q4_sparse25,0.0,0.0,1.0,5.0
25,5443.983724,5547.334961,measure,-671.7514421272201,671.7514421272202,18,certificate,q4_sparse25,491.756186,98.351237,0.0,5.0
25,5547.334961,5553.334961,measure,-671.7514421272201,671.7514421272202,1,certificate,q4_sparse25,0.0,0.0,1.0,5.0
25,5553.334961,5559.334961,measure,-671.7514421272201,671.7514421272202,3,certificate,q4_sparse25,0.0,0.0,1.0,5.0
25,5559.334961,5565.334961,measure,-671.7514421272201,671.7514421272202,4,certificate,q4_sparse25,0.0,0.0,1.0,5.0
25,5565.334961,5571.334961,measure,-671.7514421272201,671.7514421272202,5,certificate,q4_sparse25,0.0,0.0,1.0,5.0
25,5571.334961,5577.334961,measure,-671.7514421272201,671.7514421272202,6,certificate,q4_sparse25,0.0,0.0,1.0,5.0
25,5577.334961,5583.334961,measure,-671.7514421272201,671.7514421272202,7,certificate,q4_sparse25,0.0,0.0,1.0,5.0
25,5583.334961,5589.334961,measure,-671.7514421272201,671.7514421272202,11,certificate,q4_sparse25,0.0,0.0,1.0,5.0
25,5589.334961,5595.334961,measure,-671.7514421272201,671.7514421272202,13,certificate,q4_sparse25,0.0,0.0,1.0,5.0
25,5595.334961,5601.334961,measure,-671.7514421272201,671.7514421272202,14,certificate,q4_sparse25,0.0,0.0,1.0,5.0
25,5601.334961,5607.334961,measure,-671.7514421272201,671.7514421272202,15,certificate,q4_sparse25,0.0,0.0,1.0,5.0
25,5607.334961,5613.334961,measure,-671.7514421272201,671.7514421272202,17,certificate,q4_sparse25,0.0,0.0,1.0,5.0
25,5613.334961,5619.334961,measure,-671.7514421272201,671.7514421272202,20,certificate,q4_sparse25,0.0,0.0,1.0,5.0
26,5619.334961,5722.686199,measure,-917.6295349746148,245.87809284739495,20,certificate,q4_sparse25,491.756186,98.351237,0.0,5.0
26,5722.686199,5728.686199,measure,-917.6295349746148,245.87809284739495,1,certificate,q4_sparse25,0.0,0.0,1.0,5.0
26,5728.686199,5734.686199,measure,-917.6295349746148,245.87809284739495,3,certificate,q4_sparse25,0.0,0.0,1.0,5.0
26,5734.686199,5740.686199,measure,-917.6295349746148,245.87809284739495,4,certificate,q4_sparse25,0.0,0.0,1.0,5.0
26,5740.686199,5746.686199,measure,-917.6295349746148,245.87809284739495,5,certificate,q4_sparse25,0.0,0.0,1.0,5.0
26,5746.686199,5752.686199,measure,-917.6295349746148,245.87809284739495,6,certificate,q4_sparse25,0.0,0.0,1.0,5.0
26,5752.686199,5758.686199,measure,-917.6295349746148,245.87809284739495,7,certificate,q4_sparse25,0.0,0.0,1.0,5.0
26,5758.686199,5764.686199,measure,-917.6295349746148,245.87809284739495,11,certificate,q4_sparse25,0.0,0.0,1.0,5.0
26,5764.686199,5770.686199,measure,-917.6295349746148,245.87809284739495,13,certificate,q4_sparse25,0.0,0.0,1.0,5.0
26,5770.686199,5776.686199,measure,-917.6295349746148,245.87809284739495,14,certificate,q4_sparse25,0.0,0.0,1.0,5.0
26,5776.686199,5782.686199,measure,-917.6295349746148,245.87809284739495,15,certificate,q4_sparse25,0.0,0.0,1.0,5.0
26,5782.686199,5788.686199,measure,-917.6295349746148,245.87809284739495,17,certificate,q4_sparse25,0.0,0.0,1.0,5.0
26,5788.686199,5794.686199,measure,-917.6295349746148,245.87809284739495,18,certificate,q4_sparse25,0.0,0.0,1.0,5.0
27,5794.686199,5972.385645,measure,-1747.795127759058,8.280629706791782,18,active_localization,nbv:opportunistic,863.49723,172.699446,0.0,5.0
27,5972.385645,5978.385645,measure,-1747.795127759058,8.280629706791782,12,active_localization,nbv,0.0,0.0,1.0,5.0
27,5978.385645,5984.385645,measure,-1747.795127759058,8.280629706791782,1,active_localization,nbv:opportunistic,0.0,0.0,1.0,5.0
27,5984.385645,5990.385645,measure,-1747.795127759058,8.280629706791782,2,active_localization,nbv:opportunistic,0.0,0.0,1.0,5.0
27,5990.385645,5996.385645,measure,-1747.795127759058,8.280629706791782,3,active_localization,nbv:opportunistic,0.0,0.0,1.0,5.0
27,5996.385645,6002.385645,measure,-1747.795127759058,8.280629706791782,4,active_localization,nbv:opportunistic,0.0,0.0,1.0,5.0
27,6002.385645,6008.385645,measure,-1747.795127759058,8.280629706791782,5,active_localization,nbv:opportunistic,0.0,0.0,1.0,5.0
27,6008.385645,6014.385645,measure,-1747.795127759058,8.280629706791782,6,active_localization,nbv:opportunistic,0.0,0.0,1.0,5.0
27,6014.385645,6020.385645,measure,-1747.795127759058,8.280629706791782,7,active_localization,nbv:opportunistic,0.0,0.0,1.0,5.0
27,6020.385645,6026.385645,measure,-1747.795127759058,8.280629706791782,8,active_localization,nbv:opportunistic,0.0,0.0,1.0,5.0
27,6026.385645,6032.385645,measure,-1747.795127759058,8.280629706791782,9,active_localization,nbv:opportunistic,0.0,0.0,1.0,5.0
27,6032.385645,6038.385645,measure,-1747.795127759058,8.280629706791782,11,active_localization,nbv:opportunistic,0.0,0.0,1.0,5.0
27,6038.385645,6044.385645,measure,-1747.795127759058,8.280629706791782,13,active_localization,nbv:opportunistic,0.0,0.0,1.0,5.0
27,6044.385645,6050.385645,measure,-1747.795127759058,8.280629706791782,14,active_localization,nbv:opportunistic,0.0,0.0,1.0,5.0
27,6050.385645,6056.385645,measure,-1747.795127759058,8.280629706791782,15,active_localization,nbv:opportunistic,0.0,0.0,1.0,5.0
27,6056.385645,6062.385645,measure,-1747.795127759058,8.280629706791782,16,active_localization,nbv:opportunistic,0.0,0.0,1.0,5.0
27,6062.385645,6068.385645,measure,-1747.795127759058,8.280629706791782,17,active_localization,nbv:opportunistic,0.0,0.0,1.0,5.0
27,6068.385645,6074.385645,measure,-1747.795127759058,8.280629706791782,19,active_localization,nbv:opportunistic,0.0,0.0,1.0,5.0
27,6074.385645,6080.385645,measure,-1747.795127759058,8.280629706791782,20,active_localization,nbv:opportunistic,0.0,0.0,1.0,5.0
28,6080.385645,6109.882664,measure,-1870.0,2.2900895144055503e-13,20,certificate,q4_sparse25,122.4851,24.49702,0.0,5.0
28,6109.882664,6115.882664,measure,-1870.0,2.2900895144055503e-13,1,certificate,q4_sparse25,0.0,0.0,1.0,5.0
28,6115.882664,6121.882664,measure,-1870.0,2.2900895144055503e-13,3,certificate,q4_sparse25,0.0,0.0,1.0,5.0
28,6121.882664,6127.882664,measure,-1870.0,2.2900895144055503e-13,4,certificate,q4_sparse25,0.0,0.0,1.0,5.0
28,6127.882664,6133.882664,measure,-1870.0,2.2900895144055503e-13,5,certificate,q4_sparse25,0.0,0.0,1.0,5.0
28,6133.882664,6139.882664,measure,-1870.0,2.2900895144055503e-13,6,certificate,q4_sparse25,0.0,0.0,1.0,5.0
28,6139.882664,6145.882664,measure,-1870.0,2.2900895144055503e-13,7,certificate,q4_sparse25,0.0,0.0,1.0,5.0
28,6145.882664,6151.882664,measure,-1870.0,2.2900895144055503e-13,11,certificate,q4_sparse25,0.0,0.0,1.0,5.0
28,6151.882664,6157.882664,measure,-1870.0,2.2900895144055503e-13,13,certificate,q4_sparse25,0.0,0.0,1.0,5.0
28,6157.882664,6163.882664,measure,-1870.0,2.2900895144055503e-13,14,certificate,q4_sparse25,0.0,0.0,1.0,5.0
28,6163.882664,6169.882664,measure,-1870.0,2.2900895144055503e-13,15,certificate,q4_sparse25,0.0,0.0,1.0,5.0
28,6169.882664,6175.882664,measure,-1870.0,2.2900895144055503e-13,17,certificate,q4_sparse25,0.0,0.0,1.0,5.0
28,6175.882664,6181.882664,measure,-1870.0,2.2900895144055503e-13,18,certificate,q4_sparse25,0.0,0.0,1.0,5.0
29,6181.882664,6359.276933,measure,-1613.3133531559463,822.8648511318545,18,active_localization,nbv:opportunistic,861.971344,172.394269,0.0,5.0
29,6359.276933,6365.276933,measure,-1613.3133531559463,822.8648511318545,3,active_localization,nbv,0.0,0.0,1.0,5.0
29,6365.276933,6371.276933,measure,-1613.3133531559463,822.8648511318545,1,active_localization,nbv:opportunistic,0.0,0.0,1.0,5.0
29,6371.276933,6377.276933,measure,-1613.3133531559463,822.8648511318545,2,active_localization,nbv:opportunistic,0.0,0.0,1.0,5.0
29,6377.276933,6383.276933,measure,-1613.3133531559463,822.8648511318545,4,active_localization,nbv:opportunistic,0.0,0.0,1.0,5.0
29,6383.276933,6389.276933,measure,-1613.3133531559463,822.8648511318545,5,active_localization,nbv:opportunistic,0.0,0.0,1.0,5.0
29,6389.276933,6395.276933,measure,-1613.3133531559463,822.8648511318545,6,active_localization,nbv:opportunistic,0.0,0.0,1.0,5.0
29,6395.276933,6401.276933,measure,-1613.3133531559463,822.8648511318545,7,active_localization,nbv:opportunistic,0.0,0.0,1.0,5.0
29,6401.276933,6407.276933,measure,-1613.3133531559463,822.8648511318545,8,active_localization,nbv:opportunistic,0.0,0.0,1.0,5.0
29,6407.276933,6413.276933,measure,-1613.3133531559463,822.8648511318545,9,active_localization,nbv:opportunistic,0.0,0.0,1.0,5.0
29,6413.276933,6419.276933,measure,-1613.3133531559463,822.8648511318545,11,active_localization,nbv:opportunistic,0.0,0.0,1.0,5.0
29,6419.276933,6425.276933,measure,-1613.3133531559463,822.8648511318545,12,active_localization,nbv:opportunistic,0.0,0.0,1.0,5.0
29,6425.276933,6431.276933,measure,-1613.3133531559463,822.8648511318545,13,active_localization,nbv:opportunistic,0.0,0.0,1.0,5.0
29,6431.276933,6437.276933,measure,-1613.3133531559463,822.8648511318545,14,active_localization,nbv:opportunistic,0.0,0.0,1.0,5.0
29,6437.276933,6443.276933,measure,-1613.3133531559463,822.8648511318545,15,active_localization,nbv:opportunistic,0.0,0.0,1.0,5.0
29,6443.276933,6449.276933,measure,-1613.3133531559463,822.8648511318545,16,active_localization,nbv:opportunistic,0.0,0.0,1.0,5.0
29,6449.276933,6455.276933,measure,-1613.3133531559463,822.8648511318545,17,active_localization,nbv:opportunistic,0.0,0.0,1.0,5.0
29,6455.276933,6461.276933,measure,-1613.3133531559463,822.8648511318545,19,active_localization,nbv:opportunistic,0.0,0.0,1.0,5.0
29,6461.276933,6467.276933,measure,-1613.3133531559463,822.8648511318545,20,active_localization,nbv:opportunistic,0.0,0.0,1.0,5.0
30,6467.276933,6499.955911,measure,-1619.7322448840275,684.6188978804383,20,active_localization,nbv:opportunistic,138.394891,27.678978,0.0,5.0
30,6499.955911,6505.955911,measure,-1619.7322448840275,684.6188978804383,9,active_localization,nbv,0.0,0.0,1.0,5.0
30,6505.955911,6511.955911,measure,-1619.7322448840275,684.6188978804383,1,active_localization,nbv:opportunistic,0.0,0.0,1.0,5.0
30,6511.955911,6517.955911,measure,-1619.7322448840275,684.6188978804383,2,active_localization,nbv:opportunistic,0.0,0.0,1.0,5.0
30,6517.955911,6523.955911,measure,-1619.7322448840275,684.6188978804383,3,active_localization,nbv:opportunistic,0.0,0.0,1.0,5.0
30,6523.955911,6529.955911,measure,-1619.7322448840275,684.6188978804383,4,active_localization,nbv:opportunistic,0.0,0.0,1.0,5.0
30,6529.955911,6535.955911,measure,-1619.7322448840275,684.6188978804383,5,active_localization,nbv:opportunistic,0.0,0.0,1.0,5.0
30,6535.955911,6541.955911,measure,-1619.7322448840275,684.6188978804383,6,active_localization,nbv:opportunistic,0.0,0.0,1.0,5.0
30,6541.955911,6547.955911,measure,-1619.7322448840275,684.6188978804383,7,active_localization,nbv:opportunistic,0.0,0.0,1.0,5.0
30,6547.955911,6553.955911,measure,-1619.7322448840275,684.6188978804383,8,active_localization,nbv:opportunistic,0.0,0.0,1.0,5.0
30,6553.955911,6559.955911,measure,-1619.7322448840275,684.6188978804383,11,active_localization,nbv:opportunistic,0.0,0.0,1.0,5.0
30,6559.955911,6565.955911,measure,-1619.7322448840275,684.6188978804383,12,active_localization,nbv:opportunistic,0.0,0.0,1.0,5.0
30,6565.955911,6571.955911,measure,-1619.7322448840275,684.6188978804383,13,active_localization,nbv:opportunistic,0.0,0.0,1.0,5.0
30,6571.955911,6577.955911,measure,-1619.7322448840275,684.6188978804383,14,active_localization,nbv:opportunistic,0.0,0.0,1.0,5.0
30,6577.955911,6583.955911,measure,-1619.7322448840275,684.6188978804383,15,active_localization,nbv:opportunistic,0.0,0.0,1.0,5.0
30,6583.955911,6589.955911,measure,-1619.7322448840275,684.6188978804383,16,active_localization,nbv:opportunistic,0.0,0.0,1.0,5.0
30,6589.955911,6595.955911,measure,-1619.7322448840275,684.6188978804383,17,active_localization,nbv:opportunistic,0.0,0.0,1.0,5.0
30,6595.955911,6601.955911,measure,-1619.7322448840275,684.6188978804383,18,active_localization,nbv:opportunistic,0.0,0.0,1.0,5.0
30,6601.955911,6607.955911,measure,-1619.7322448840275,684.6188978804383,19,active_localization,nbv:opportunistic,0.0,0.0,1.0,5.0
31,6607.955911,6615.06536,clear,-1610.1006064995856,680.3205409289885,9,ready_clear,clear,10.547243,2.109449,0.0,5.0
31,6615.06536,6620.06536,measure,-1610.1006064995856,680.3205409289885,19,ready_clear,clear:opportunistic,0.0,0.0,0.0,5.0
31,6620.06536,6626.06536,measure,-1610.1006064995856,680.3205409289885,1,ready_clear,clear:opportunistic,0.0,0.0,1.0,5.0
31,6626.06536,6632.06536,measure,-1610.1006064995856,680.3205409289885,2,ready_clear,clear:opportunistic,0.0,0.0,1.0,5.0
31,6632.06536,6638.06536,measure,-1610.1006064995856,680.3205409289885,3,ready_clear,clear:opportunistic,0.0,0.0,1.0,5.0
31,6638.06536,6644.06536,measure,-1610.1006064995856,680.3205409289885,4,ready_clear,clear:opportunistic,0.0,0.0,1.0,5.0
31,6644.06536,6650.06536,measure,-1610.1006064995856,680.3205409289885,5,ready_clear,clear:opportunistic,0.0,0.0,1.0,5.0
31,6650.06536,6656.06536,measure,-1610.1006064995856,680.3205409289885,6,ready_clear,clear:opportunistic,0.0,0.0,1.0,5.0
31,6656.06536,6662.06536,measure,-1610.1006064995856,680.3205409289885,7,ready_clear,clear:opportunistic,0.0,0.0,1.0,5.0
31,6662.06536,6668.06536,measure,-1610.1006064995856,680.3205409289885,8,ready_clear,clear:opportunistic,0.0,0.0,1.0,5.0
31,6668.06536,6674.06536,measure,-1610.1006064995856,680.3205409289885,11,ready_clear,clear:opportunistic,0.0,0.0,1.0,5.0
31,6674.06536,6680.06536,measure,-1610.1006064995856,680.3205409289885,12,ready_clear,clear:opportunistic,0.0,0.0,1.0,5.0
31,6680.06536,6686.06536,measure,-1610.1006064995856,680.3205409289885,13,ready_clear,clear:opportunistic,0.0,0.0,1.0,5.0
31,6686.06536,6692.06536,measure,-1610.1006064995856,680.3205409289885,14,ready_clear,clear:opportunistic,0.0,0.0,1.0,5.0
31,6692.06536,6698.06536,measure,-1610.1006064995856,680.3205409289885,15,ready_clear,clear:opportunistic,0.0,0.0,1.0,5.0
31,6698.06536,6704.06536,measure,-1610.1006064995856,680.3205409289885,16,ready_clear,clear:opportunistic,0.0,0.0,1.0,5.0
31,6704.06536,6710.06536,measure,-1610.1006064995856,680.3205409289885,17,ready_clear,clear:opportunistic,0.0,0.0,1.0,5.0
31,6710.06536,6716.06536,measure,-1610.1006064995856,680.3205409289885,18,ready_clear,clear:opportunistic,0.0,0.0,1.0,5.0
31,6716.06536,6722.06536,measure,-1610.1006064995856,680.3205409289885,20,ready_clear,clear:opportunistic,0.0,0.0,1.0,5.0
32,6722.06536,6831.005618,clear,-1738.4642674343431,176.72129341472404,3,ready_clear,clear,519.701291,103.940258,0.0,5.0
32,6831.005618,6836.005618,measure,-1738.4642674343431,176.72129341472404,20,ready_clear,clear:opportunistic,0.0,0.0,0.0,5.0
32,6836.005618,6842.005618,measure,-1738.4642674343431,176.72129341472404,1,ready_clear,clear:opportunistic,0.0,0.0,1.0,5.0
32,6842.005618,6848.005618,measure,-1738.4642674343431,176.72129341472404,2,ready_clear,clear:opportunistic,0.0,0.0,1.0,5.0
32,6848.005618,6854.005618,measure,-1738.4642674343431,176.72129341472404,4,ready_clear,clear:opportunistic,0.0,0.0,1.0,5.0
32,6854.005618,6860.005618,measure,-1738.4642674343431,176.72129341472404,5,ready_clear,clear:opportunistic,0.0,0.0,1.0,5.0
32,6860.005618,6866.005618,measure,-1738.4642674343431,176.72129341472404,6,ready_clear,clear:opportunistic,0.0,0.0,1.0,5.0
32,6866.005618,6872.005618,measure,-1738.4642674343431,176.72129341472404,7,ready_clear,clear:opportunistic,0.0,0.0,1.0,5.0
32,6872.005618,6878.005618,measure,-1738.4642674343431,176.72129341472404,8,ready_clear,clear:opportunistic,0.0,0.0,1.0,5.0
32,6878.005618,6884.005618,measure,-1738.4642674343431,176.72129341472404,11,ready_clear,clear:opportunistic,0.0,0.0,1.0,5.0
32,6884.005618,6890.005618,measure,-1738.4642674343431,176.72129341472404,12,ready_clear,clear:opportunistic,0.0,0.0,1.0,5.0
32,6890.005618,6896.005618,measure,-1738.4642674343431,176.72129341472404,13,ready_clear,clear:opportunistic,0.0,0.0,1.0,5.0
32,6896.005618,6902.005618,measure,-1738.4642674343431,176.72129341472404,14,ready_clear,clear:opportunistic,0.0,0.0,1.0,5.0
32,6902.005618,6908.005618,measure,-1738.4642674343431,176.72129341472404,15,ready_clear,clear:opportunistic,0.0,0.0,1.0,5.0
32,6908.005618,6914.005618,measure,-1738.4642674343431,176.72129341472404,16,ready_clear,clear:opportunistic,0.0,0.0,1.0,5.0
32,6914.005618,6920.005618,measure,-1738.4642674343431,176.72129341472404,17,ready_clear,clear:opportunistic,0.0,0.0,1.0,5.0
32,6920.005618,6926.005618,measure,-1738.4642674343431,176.72129341472404,18,ready_clear,clear:opportunistic,0.0,0.0,1.0,5.0
32,6926.005618,6932.005618,measure,-1738.4642674343431,176.72129341472404,19,ready_clear,clear:opportunistic,0.0,0.0,1.0,5.0
33,6932.005618,7091.517419,measure,-1619.4675050769004,934.9999999999999,1,certificate,q4_sparse25,767.559005,153.511801,1.0,5.0
33,7091.517419,7097.517419,measure,-1619.4675050769004,934.9999999999999,4,certificate,q4_sparse25,0.0,0.0,1.0,5.0
33,7097.517419,7103.517419,measure,-1619.4675050769004,934.9999999999999,5,certificate,q4_sparse25,0.0,0.0,1.0,5.0
33,7103.517419,7109.517419,measure,-1619.4675050769004,934.9999999999999,6,certificate,q4_sparse25,0.0,0.0,1.0,5.0
33,7109.517419,7115.517419,measure,-1619.4675050769004,934.9999999999999,7,certificate,q4_sparse25,0.0,0.0,1.0,5.0
33,7115.517419,7121.517419,measure,-1619.4675050769004,934.9999999999999,11,certificate,q4_sparse25,0.0,0.0,1.0,5.0
33,7121.517419,7127.517419,measure,-1619.4675050769004,934.9999999999999,13,certificate,q4_sparse25,0.0,0.0,1.0,5.0
33,7127.517419,7133.517419,measure,-1619.4675050769004,934.9999999999999,14,certificate,q4_sparse25,0.0,0.0,1.0,5.0
33,7133.517419,7139.517419,measure,-1619.4675050769004,934.9999999999999,15,certificate,q4_sparse25,0.0,0.0,1.0,5.0
33,7139.517419,7145.517419,measure,-1619.4675050769004,934.9999999999999,17,certificate,q4_sparse25,0.0,0.0,1.0,5.0
33,7145.517419,7151.517419,measure,-1619.4675050769004,934.9999999999999,18,certificate,q4_sparse25,0.0,0.0,1.0,5.0
33,7151.517419,7157.517419,measure,-1619.4675050769004,934.9999999999999,20,certificate,q4_sparse25,0.0,0.0,1.0,5.0
34,7157.517419,7437.257267,measure,-917.6295349746149,-245.87809284739475,20,certificate,q4_sparse25,1373.699242,274.739848,0.0,5.0
34,7437.257267,7443.257267,measure,-917.6295349746149,-245.87809284739475,1,certificate,q4_sparse25,0.0,0.0,1.0,5.0
34,7443.257267,7449.257267,measure,-917.6295349746149,-245.87809284739475,4,certificate,q4_sparse25,0.0,0.0,1.0,5.0
34,7449.257267,7455.257267,measure,-917.6295349746149,-245.87809284739475,5,certificate,q4_sparse25,0.0,0.0,1.0,5.0
34,7455.257267,7461.257267,measure,-917.6295349746149,-245.87809284739475,6,certificate,q4_sparse25,0.0,0.0,1.0,5.0
34,7461.257267,7467.257267,measure,-917.6295349746149,-245.87809284739475,7,certificate,q4_sparse25,0.0,0.0,1.0,5.0
34,7467.257267,7473.257267,measure,-917.6295349746149,-245.87809284739475,11,certificate,q4_sparse25,0.0,0.0,1.0,5.0
34,7473.257267,7479.257267,measure,-917.6295349746149,-245.87809284739475,13,certificate,q4_sparse25,0.0,0.0,1.0,5.0
34,7479.257267,7485.257267,measure,-917.6295349746149,-245.87809284739475,14,certificate,q4_sparse25,0.0,0.0,1.0,5.0
34,7485.257267,7491.257267,measure,-917.6295349746149,-245.87809284739475,15,certificate,q4_sparse25,0.0,0.0,1.0,5.0
34,7491.257267,7497.257267,measure,-917.6295349746149,-245.87809284739475,17,certificate,q4_sparse25,0.0,0.0,1.0,5.0
34,7497.257267,7503.257267,measure,-917.6295349746149,-245.87809284739475,18,certificate,q4_sparse25,0.0,0.0,1.0,5.0
35,7503.257267,7704.97692,measure,-1619.4675050769001,-935.0000000000002,18,certificate,q4_sparse25,983.598261,196.719652,0.0,5.0
35,7704.97692,7710.97692,measure,-1619.4675050769001,-935.0000000000002,1,certificate,q4_sparse25,0.0,0.0,1.0,5.0
35,7710.97692,7716.97692,measure,-1619.4675050769001,-935.0000000000002,4,certificate,q4_sparse25,0.0,0.0,1.0,5.0
35,7716.97692,7722.97692,measure,-1619.4675050769001,-935.0000000000002,5,certificate,q4_sparse25,0.0,0.0,1.0,5.0
35,7722.97692,7728.97692,measure,-1619.4675050769001,-935.0000000000002,6,certificate,q4_sparse25,0.0,0.0,1.0,5.0
35,7728.97692,7734.97692,measure,-1619.4675050769001,-935.0000000000002,7,certificate,q4_sparse25,0.0,0.0,1.0,5.0
35,7734.97692,7740.97692,measure,-1619.4675050769001,-935.0000000000002,11,certificate,q4_sparse25,0.0,0.0,1.0,5.0
35,7740.97692,7746.97692,measure,-1619.4675050769001,-935.0000000000002,13,certificate,q4_sparse25,0.0,0.0,1.0,5.0
35,7746.97692,7752.97692,measure,-1619.4675050769001,-935.0000000000002,14,certificate,q4_sparse25,0.0,0.0,1.0,5.0
35,7752.97692,7758.97692,measure,-1619.4675050769001,-935.0000000000002,15,certificate,q4_sparse25,0.0,0.0,1.0,5.0
35,7758.97692,7764.97692,measure,-1619.4675050769001,-935.0000000000002,17,certificate,q4_sparse25,0.0,0.0,1.0,5.0
35,7764.97692,7770.97692,measure,-1619.4675050769001,-935.0000000000002,20,certificate,q4_sparse25,0.0,0.0,1.0,5.0
36,7770.97692,7969.573565,measure,-935.0000000000008,-1619.4675050769,20,certificate,q4_sparse25,967.983229,193.596646,0.0,5.0
36,7969.573565,7975.573565,measure,-935.0000000000008,-1619.4675050769,1,certificate,q4_sparse25,0.0,0.0,1.0,5.0
36,7975.573565,7981.573565,measure,-935.0000000000008,-1619.4675050769,4,certificate,q4_sparse25,0.0,0.0,1.0,5.0
36,7981.573565,7987.573565,measure,-935.0000000000008,-1619.4675050769,5,certificate,q4_sparse25,0.0,0.0,1.0,5.0
36,7987.573565,7993.573565,measure,-935.0000000000008,-1619.4675050769,6,certificate,q4_sparse25,0.0,0.0,1.0,5.0
36,7993.573565,7999.573565,measure,-935.0000000000008,-1619.4675050769,7,certificate,q4_sparse25,0.0,0.0,1.0,5.0
36,7999.573565,8005.573565,measure,-935.0000000000008,-1619.4675050769,11,certificate,q4_sparse25,0.0,0.0,1.0,5.0
36,8005.573565,8011.573565,measure,-935.0000000000008,-1619.4675050769,13,certificate,q4_sparse25,0.0,0.0,1.0,5.0
36,8011.573565,8017.573565,measure,-935.0000000000008,-1619.4675050769,14,certificate,q4_sparse25,0.0,0.0,1.0,5.0
36,8017.573565,8023.573565,measure,-935.0000000000008,-1619.4675050769,15,certificate,q4_sparse25,0.0,0.0,1.0,5.0
36,8023.573565,8029.573565,measure,-935.0000000000008,-1619.4675050769,17,certificate,q4_sparse25,0.0,0.0,1.0,5.0
36,8029.573565,8035.573565,measure,-935.0000000000008,-1619.4675050769,18,certificate,q4_sparse25,0.0,0.0,1.0,5.0
37,8035.573565,8234.170211,measure,-3.4351342716083257e-13,-1870.0,18,certificate,q4_sparse25,967.983229,193.596646,0.0,5.0
37,8234.170211,8240.170211,measure,-3.4351342716083257e-13,-1870.0,1,certificate,q4_sparse25,0.0,0.0,1.0,5.0
37,8240.170211,8246.170211,measure,-3.4351342716083257e-13,-1870.0,4,certificate,q4_sparse25,0.0,0.0,1.0,5.0
37,8246.170211,8252.170211,measure,-3.4351342716083257e-13,-1870.0,5,certificate,q4_sparse25,0.0,0.0,1.0,5.0
37,8252.170211,8258.170211,measure,-3.4351342716083257e-13,-1870.0,6,certificate,q4_sparse25,0.0,0.0,1.0,5.0
37,8258.170211,8264.170211,measure,-3.4351342716083257e-13,-1870.0,7,certificate,q4_sparse25,0.0,0.0,1.0,5.0
37,8264.170211,8270.170211,measure,-3.4351342716083257e-13,-1870.0,11,certificate,q4_sparse25,0.0,0.0,1.0,5.0
37,8270.170211,8276.170211,measure,-3.4351342716083257e-13,-1870.0,13,certificate,q4_sparse25,0.0,0.0,1.0,5.0
37,8276.170211,8282.170211,measure,-3.4351342716083257e-13,-1870.0,14,certificate,q4_sparse25,0.0,0.0,1.0,5.0
37,8282.170211,8288.170211,measure,-3.4351342716083257e-13,-1870.0,15,certificate,q4_sparse25,0.0,0.0,1.0,5.0
37,8288.170211,8294.170211,measure,-3.4351342716083257e-13,-1870.0,17,certificate,q4_sparse25,0.0,0.0,1.0,5.0
37,8294.170211,8300.170211,measure,-3.4351342716083257e-13,-1870.0,20,certificate,q4_sparse25,0.0,0.0,1.0,5.0
38,8300.170211,8479.083677,measure,-512.0116819845437,-1167.1547953230777,20,active_localization,nbv:opportunistic,869.567332,173.913466,0.0,5.0
38,8479.083677,8485.083677,measure,-512.0116819845437,-1167.1547953230777,11,active_localization,nbv,0.0,0.0,1.0,5.0
38,8485.083677,8491.083677,measure,-512.0116819845437,-1167.1547953230777,1,active_localization,nbv:opportunistic,0.0,0.0,1.0,5.0
38,8491.083677,8497.083677,measure,-512.0116819845437,-1167.1547953230777,2,active_localization,nbv:opportunistic,0.0,0.0,1.0,5.0
38,8497.083677,8503.083677,measure,-512.0116819845437,-1167.1547953230777,4,active_localization,nbv:opportunistic,0.0,0.0,1.0,5.0
38,8503.083677,8509.083677,measure,-512.0116819845437,-1167.1547953230777,5,active_localization,nbv:opportunistic,0.0,0.0,1.0,5.0
38,8509.083677,8515.083677,measure,-512.0116819845437,-1167.1547953230777,6,active_localization,nbv:opportunistic,0.0,0.0,1.0,5.0
38,8515.083677,8521.083677,measure,-512.0116819845437,-1167.1547953230777,7,active_localization,nbv:opportunistic,0.0,0.0,1.0,5.0
38,8521.083677,8527.083677,measure,-512.0116819845437,-1167.1547953230777,8,active_localization,nbv:opportunistic,0.0,0.0,1.0,5.0
38,8527.083677,8533.083677,measure,-512.0116819845437,-1167.1547953230777,12,active_localization,nbv:opportunistic,0.0,0.0,1.0,5.0
38,8533.083677,8539.083677,measure,-512.0116819845437,-1167.1547953230777,13,active_localization,nbv:opportunistic,0.0,0.0,1.0,5.0
38,8539.083677,8545.083677,measure,-512.0116819845437,-1167.1547953230777,14,active_localization,nbv:opportunistic,0.0,0.0,1.0,5.0
38,8545.083677,8551.083677,measure,-512.0116819845437,-1167.1547953230777,15,active_localization,nbv:opportunistic,0.0,0.0,1.0,5.0
38,8551.083677,8557.083677,measure,-512.0116819845437,-1167.1547953230777,16,active_localization,nbv:opportunistic,0.0,0.0,1.0,5.0
38,8557.083677,8563.083677,measure,-512.0116819845437,-1167.1547953230777,17,active_localization,nbv:opportunistic,0.0,0.0,1.0,5.0
38,8563.083677,8569.083677,measure,-512.0116819845437,-1167.1547953230777,18,active_localization,nbv:opportunistic,0.0,0.0,1.0,5.0
38,8569.083677,8575.083677,measure,-512.0116819845437,-1167.1547953230777,19,active_localization,nbv:opportunistic,0.0,0.0,1.0,5.0
39,8575.083677,8884.295128,measure,935.0000000000002,-1619.4675050769001,1,certificate,q4_sparse25,1516.057253,303.211451,1.0,5.0
39,8884.295128,8890.295128,measure,935.0000000000002,-1619.4675050769001,4,certificate,q4_sparse25,0.0,0.0,1.0,5.0
39,8890.295128,8896.295128,measure,935.0000000000002,-1619.4675050769001,5,certificate,q4_sparse25,0.0,0.0,1.0,5.0
39,8896.295128,8902.295128,measure,935.0000000000002,-1619.4675050769001,6,certificate,q4_sparse25,0.0,0.0,1.0,5.0
39,8902.295128,8908.295128,measure,935.0000000000002,-1619.4675050769001,7,certificate,q4_sparse25,0.0,0.0,1.0,5.0
39,8908.295128,8914.295128,measure,935.0000000000002,-1619.4675050769001,13,certificate,q4_sparse25,0.0,0.0,1.0,5.0
39,8914.295128,8920.295128,measure,935.0000000000002,-1619.4675050769001,14,certificate,q4_sparse25,0.0,0.0,1.0,5.0
39,8920.295128,8926.295128,measure,935.0000000000002,-1619.4675050769001,15,certificate,q4_sparse25,0.0,0.0,1.0,5.0
39,8926.295128,8932.295128,measure,935.0000000000002,-1619.4675050769001,17,certificate,q4_sparse25,0.0,0.0,1.0,5.0
39,8932.295128,8938.295128,measure,935.0000000000002,-1619.4675050769001,18,certificate,q4_sparse25,0.0,0.0,1.0,5.0
39,8938.295128,8944.295128,measure,935.0000000000002,-1619.4675050769001,20,certificate,q4_sparse25,0.0,0.0,1.0,5.0
40,8944.295128,9078.708119,measure,290.7471052655998,-1559.2075480695694,20,active_localization,nbv:opportunistic,647.064954,129.412991,0.0,5.0
40,9078.708119,9084.708119,measure,290.7471052655998,-1559.2075480695694,18,active_localization,nbv,0.0,0.0,1.0,5.0
40,9084.708119,9090.708119,measure,290.7471052655998,-1559.2075480695694,1,active_localization,nbv:opportunistic,0.0,0.0,1.0,5.0
40,9090.708119,9096.708119,measure,290.7471052655998,-1559.2075480695694,2,active_localization,nbv:opportunistic,0.0,0.0,1.0,5.0
40,9096.708119,9102.708119,measure,290.7471052655998,-1559.2075480695694,4,active_localization,nbv:opportunistic,0.0,0.0,1.0,5.0
40,9102.708119,9108.708119,measure,290.7471052655998,-1559.2075480695694,5,active_localization,nbv:opportunistic,0.0,0.0,1.0,5.0
40,9108.708119,9114.708119,measure,290.7471052655998,-1559.2075480695694,6,active_localization,nbv:opportunistic,0.0,0.0,1.0,5.0
40,9114.708119,9120.708119,measure,290.7471052655998,-1559.2075480695694,7,active_localization,nbv:opportunistic,0.0,0.0,1.0,5.0
40,9120.708119,9126.708119,measure,290.7471052655998,-1559.2075480695694,8,active_localization,nbv:opportunistic,0.0,0.0,1.0,5.0
40,9126.708119,9132.708119,measure,290.7471052655998,-1559.2075480695694,11,active_localization,nbv:opportunistic,0.0,0.0,1.0,5.0
40,9132.708119,9138.708119,measure,290.7471052655998,-1559.2075480695694,12,active_localization,nbv:opportunistic,0.0,0.0,1.0,5.0
40,9138.708119,9144.708119,measure,290.7471052655998,-1559.2075480695694,13,active_localization,nbv:opportunistic,0.0,0.0,1.0,5.0
40,9144.708119,9150.708119,measure,290.7471052655998,-1559.2075480695694,14,active_localization,nbv:opportunistic,0.0,0.0,1.0,5.0
40,9150.708119,9156.708119,measure,290.7471052655998,-1559.2075480695694,15,active_localization,nbv:opportunistic,0.0,0.0,1.0,5.0
40,9156.708119,9162.708119,measure,290.7471052655998,-1559.2075480695694,16,active_localization,nbv:opportunistic,0.0,0.0,1.0,5.0
40,9162.708119,9168.708119,measure,290.7471052655998,-1559.2075480695694,17,active_localization,nbv:opportunistic,0.0,0.0,1.0,5.0
40,9168.708119,9174.708119,measure,290.7471052655998,-1559.2075480695694,19,active_localization,nbv:opportunistic,0.0,0.0,1.0,5.0
41,9174.708119,9280.115307,clear,-178.60009060243453,-1737.4020921912415,11,ready_clear,clear,502.035941,100.407188,0.0,5.0
41,9280.115307,9285.115307,measure,-178.60009060243453,-1737.4020921912415,19,ready_clear,clear:opportunistic,0.0,0.0,0.0,5.0
41,9285.115307,9291.115307,measure,-178.60009060243453,-1737.4020921912415,1,ready_clear,clear:opportunistic,0.0,0.0,1.0,5.0
41,9291.115307,9297.115307,measure,-178.60009060243453,-1737.4020921912415,2,ready_clear,clear:opportunistic,0.0,0.0,1.0,5.0
41,9297.115307,9303.115307,measure,-178.60009060243453,-1737.4020921912415,4,ready_clear,clear:opportunistic,0.0,0.0,1.0,5.0
41,9303.115307,9309.115307,measure,-178.60009060243453,-1737.4020921912415,5,ready_clear,clear:opportunistic,0.0,0.0,1.0,5.0
41,9309.115307,9315.115307,measure,-178.60009060243453,-1737.4020921912415,6,ready_clear,clear:opportunistic,0.0,0.0,1.0,5.0
41,9315.115307,9321.115307,measure,-178.60009060243453,-1737.4020921912415,7,ready_clear,clear:opportunistic,0.0,0.0,1.0,5.0
41,9321.115307,9327.115307,measure,-178.60009060243453,-1737.4020921912415,8,ready_clear,clear:opportunistic,0.0,0.0,1.0,5.0
41,9327.115307,9333.115307,measure,-178.60009060243453,-1737.4020921912415,12,ready_clear,clear:opportunistic,0.0,0.0,1.0,5.0
41,9333.115307,9339.115307,measure,-178.60009060243453,-1737.4020921912415,13,ready_clear,clear:opportunistic,0.0,0.0,1.0,5.0
41,9339.115307,9345.115307,measure,-178.60009060243453,-1737.4020921912415,14,ready_clear,clear:opportunistic,0.0,0.0,1.0,5.0
41,9345.115307,9351.115307,measure,-178.60009060243453,-1737.4020921912415,15,ready_clear,clear:opportunistic,0.0,0.0,1.0,5.0
41,9351.115307,9357.115307,measure,-178.60009060243453,-1737.4020921912415,16,ready_clear,clear:opportunistic,0.0,0.0,1.0,5.0
41,9357.115307,9363.115307,measure,-178.60009060243453,-1737.4020921912415,17,ready_clear,clear:opportunistic,0.0,0.0,1.0,5.0
41,9363.115307,9369.115307,measure,-178.60009060243453,-1737.4020921912415,18,ready_clear,clear:opportunistic,0.0,0.0,1.0,5.0
41,9369.115307,9375.115307,measure,-178.60009060243453,-1737.4020921912415,20,ready_clear,clear:opportunistic,0.0,0.0,1.0,5.0
42,9375.115307,9438.880264,measure,115.17916387934804,-1742.5744684666222,20,active_localization,nbv:opportunistic,293.824784,58.764957,0.0,5.0
42,9438.880264,9444.880264,measure,115.17916387934804,-1742.5744684666222,16,active_localization,nbv,0.0,0.0,1.0,5.0
42,9444.880264,9450.880264,measure,115.17916387934804,-1742.5744684666222,1,active_localization,nbv:opportunistic,0.0,0.0,1.0,5.0
42,9450.880264,9456.880264,measure,115.17916387934804,-1742.5744684666222,2,active_localization,nbv:opportunistic,0.0,0.0,1.0,5.0
42,9456.880264,9462.880264,measure,115.17916387934804,-1742.5744684666222,4,active_localization,nbv:opportunistic,0.0,0.0,1.0,5.0
42,9462.880264,9468.880264,measure,115.17916387934804,-1742.5744684666222,5,active_localization,nbv:opportunistic,0.0,0.0,1.0,5.0
42,9468.880264,9474.880264,measure,115.17916387934804,-1742.5744684666222,6,active_localization,nbv:opportunistic,0.0,0.0,1.0,5.0
42,9474.880264,9480.880264,measure,115.17916387934804,-1742.5744684666222,7,active_localization,nbv:opportunistic,0.0,0.0,1.0,5.0
42,9480.880264,9486.880264,measure,115.17916387934804,-1742.5744684666222,8,active_localization,nbv:opportunistic,0.0,0.0,1.0,5.0
42,9486.880264,9492.880264,measure,115.17916387934804,-1742.5744684666222,12,active_localization,nbv:opportunistic,0.0,0.0,1.0,5.0
42,9492.880264,9498.880264,measure,115.17916387934804,-1742.5744684666222,13,active_localization,nbv:opportunistic,0.0,0.0,1.0,5.0
42,9498.880264,9504.880264,measure,115.17916387934804,-1742.5744684666222,14,active_localization,nbv:opportunistic,0.0,0.0,1.0,5.0
42,9504.880264,9510.880264,measure,115.17916387934804,-1742.5744684666222,15,active_localization,nbv:opportunistic,0.0,0.0,1.0,5.0
42,9510.880264,9516.880264,measure,115.17916387934804,-1742.5744684666222,17,active_localization,nbv:opportunistic,0.0,0.0,1.0,5.0
42,9516.880264,9522.880264,measure,115.17916387934804,-1742.5744684666222,18,active_localization,nbv:opportunistic,0.0,0.0,1.0,5.0
42,9522.880264,9528.880264,measure,115.17916387934804,-1742.5744684666222,19,active_localization,nbv:opportunistic,0.0,0.0,1.0,5.0
43,9528.880264,9540.19431,clear,117.82089255847025,-1711.1149606687763,16,ready_clear,clear,31.570229,6.314046,0.0,5.0
43,9540.19431,9545.19431,measure,117.82089255847025,-1711.1149606687763,19,ready_clear,clear:opportunistic,0.0,0.0,0.0,5.0
43,9545.19431,9551.19431,measure,117.82089255847025,-1711.1149606687763,1,ready_clear,clear:opportunistic,0.0,0.0,1.0,5.0
43,9551.19431,9557.19431,measure,117.82089255847025,-1711.1149606687763,2,ready_clear,clear:opportunistic,0.0,0.0,1.0,5.0
43,9557.19431,9563.19431,measure,117.82089255847025,-1711.1149606687763,4,ready_clear,clear:opportunistic,0.0,0.0,1.0,5.0
43,9563.19431,9569.19431,measure,117.82089255847025,-1711.1149606687763,5,ready_clear,clear:opportunistic,0.0,0.0,1.0,5.0
43,9569.19431,9575.19431,measure,117.82089255847025,-1711.1149606687763,6,ready_clear,clear:opportunistic,0.0,0.0,1.0,5.0
43,9575.19431,9581.19431,measure,117.82089255847025,-1711.1149606687763,7,ready_clear,clear:opportunistic,0.0,0.0,1.0,5.0
43,9581.19431,9587.19431,measure,117.82089255847025,-1711.1149606687763,8,ready_clear,clear:opportunistic,0.0,0.0,1.0,5.0
43,9587.19431,9593.19431,measure,117.82089255847025,-1711.1149606687763,12,ready_clear,clear:opportunistic,0.0,0.0,1.0,5.0
43,9593.19431,9599.19431,measure,117.82089255847025,-1711.1149606687763,13,ready_clear,clear:opportunistic,0.0,0.0,1.0,5.0
43,9599.19431,9605.19431,measure,117.82089255847025,-1711.1149606687763,14,ready_clear,clear:opportunistic,0.0,0.0,1.0,5.0
43,9605.19431,9611.19431,measure,117.82089255847025,-1711.1149606687763,15,ready_clear,clear:opportunistic,0.0,0.0,1.0,5.0
43,9611.19431,9617.19431,measure,117.82089255847025,-1711.1149606687763,17,ready_clear,clear:opportunistic,0.0,0.0,1.0,5.0
43,9617.19431,9623.19431,measure,117.82089255847025,-1711.1149606687763,18,ready_clear,clear:opportunistic,0.0,0.0,1.0,5.0
43,9623.19431,9629.19431,measure,117.82089255847025,-1711.1149606687763,20,ready_clear,clear:opportunistic,0.0,0.0,1.0,5.0
44,9629.19431,9972.26513,measure,1619.4675050768997,-935.0000000000008,20,certificate,q4_sparse25,1690.354099,338.07082,0.0,5.0
44,9972.26513,9978.26513,measure,1619.4675050768997,-935.0000000000008,1,certificate,q4_sparse25,0.0,0.0,1.0,5.0
44,9978.26513,9984.26513,measure,1619.4675050768997,-935.0000000000008,4,certificate,q4_sparse25,0.0,0.0,1.0,5.0
44,9984.26513,9990.26513,measure,1619.4675050768997,-935.0000000000008,5,certificate,q4_sparse25,0.0,0.0,1.0,5.0
44,9990.26513,9996.26513,measure,1619.4675050768997,-935.0000000000008,6,certificate,q4_sparse25,0.0,0.0,1.0,5.0
44,9996.26513,10002.26513,measure,1619.4675050768997,-935.0000000000008,7,certificate,q4_sparse25,0.0,0.0,1.0,5.0
44,10002.26513,10008.26513,measure,1619.4675050768997,-935.0000000000008,13,certificate,q4_sparse25,0.0,0.0,1.0,5.0
44,10008.26513,10014.26513,measure,1619.4675050768997,-935.0000000000008,14,certificate,q4_sparse25,0.0,0.0,1.0,5.0
44,10014.26513,10020.26513,measure,1619.4675050768997,-935.0000000000008,15,certificate,q4_sparse25,0.0,0.0,1.0,5.0
44,10020.26513,10026.26513,measure,1619.4675050768997,-935.0000000000008,17,certificate,q4_sparse25,0.0,0.0,1.0,5.0
45,10026.26513,10366.664551,clear,1628.50719553272,751.9728852744847,2,fallback_clear,fallback,1686.997105,337.399421,0.0,3.0
45,10366.664551,10372.664551,measure,1628.50719553272,751.9728852744847,2,fallback_clear,fallback:opportunistic,0.0,0.0,1.0,5.0
45,10372.664551,10378.664551,measure,1628.50719553272,751.9728852744847,8,fallback_clear,fallback:opportunistic,0.0,0.0,1.0,5.0
45,10378.664551,10384.664551,measure,1628.50719553272,751.9728852744847,12,fallback_clear,fallback:opportunistic,0.0,0.0,1.0,5.0
45,10384.664551,10390.664551,measure,1628.50719553272,751.9728852744847,18,fallback_clear,fallback:opportunistic,0.0,0.0,1.0,5.0
45,10390.664551,10396.664551,measure,1628.50719553272,751.9728852744847,19,fallback_clear,fallback:opportunistic,0.0,0.0,1.0,5.0
46,10396.664551,10406.592754,clear,1611.1866874570312,781.9728852744847,2,fallback_clear,fallback,34.641016,6.928203,0.0,3.0
46,10406.592754,10411.592754,measure,1611.1866874570312,781.9728852744847,19,fallback_clear,fallback:opportunistic,0.0,0.0,0.0,5.0
46,10411.592754,10417.592754,measure,1611.1866874570312,781.9728852744847,2,fallback_clear,fallback:opportunistic,0.0,0.0,1.0,5.0
46,10417.592754,10423.592754,measure,1611.1866874570312,781.9728852744847,8,fallback_clear,fallback:opportunistic,0.0,0.0,1.0,5.0
46,10423.592754,10429.592754,measure,1611.1866874570312,781.9728852744847,12,fallback_clear,fallback:opportunistic,0.0,0.0,1.0,5.0
46,10429.592754,10435.592754,measure,1611.1866874570312,781.9728852744847,18,fallback_clear,fallback:opportunistic,0.0,0.0,1.0,5.0
47,10435.592754,10445.520957,clear,1593.8661793813426,811.9728852744847,2,fallback_clear,fallback,34.641016,6.928203,0.0,3.0
47,10445.520957,10450.520957,measure,1593.8661793813426,811.9728852744847,18,fallback_clear,fallback:opportunistic,0.0,0.0,0.0,5.0
47,10450.520957,10456.520957,measure,1593.8661793813426,811.9728852744847,2,fallback_clear,fallback:opportunistic,0.0,0.0,1.0,5.0
47,10456.520957,10462.520957,measure,1593.8661793813426,811.9728852744847,8,fallback_clear,fallback:opportunistic,0.0,0.0,1.0,5.0
47,10462.520957,10468.520957,measure,1593.8661793813426,811.9728852744847,12,fallback_clear,fallback:opportunistic,0.0,0.0,1.0,5.0
47,10468.520957,10474.520957,measure,1593.8661793813426,811.9728852744847,19,fallback_clear,fallback:opportunistic,0.0,0.0,1.0,5.0
48,10474.520957,10484.44916,clear,1559.2251632299651,811.9728852744847,2,fallback_clear,fallback,34.641016,6.928203,0.0,3.0
48,10484.44916,10489.44916,measure,1559.2251632299651,811.9728852744847,19,fallback_clear,fallback:opportunistic,0.0,0.0,0.0,5.0
48,10489.44916,10495.44916,measure,1559.2251632299651,811.9728852744847,2,fallback_clear,fallback:opportunistic,0.0,0.0,1.0,5.0
48,10495.44916,10501.44916,measure,1559.2251632299651,811.9728852744847,8,fallback_clear,fallback:opportunistic,0.0,0.0,1.0,5.0
48,10501.44916,10507.44916,measure,1559.2251632299651,811.9728852744847,12,fallback_clear,fallback:opportunistic,0.0,0.0,1.0,5.0
48,10507.44916,10513.44916,measure,1559.2251632299651,811.9728852744847,18,fallback_clear,fallback:opportunistic,0.0,0.0,1.0,5.0
49,10513.44916,10523.377363,clear,1576.5456713056537,841.9728852744847,2,fallback_clear,fallback,34.641016,6.928203,0.0,3.0
49,10523.377363,10528.377363,measure,1576.5456713056537,841.9728852744847,18,fallback_clear,fallback:opportunistic,0.0,0.0,0.0,5.0
49,10528.377363,10534.377363,measure,1576.5456713056537,841.9728852744847,2,fallback_clear,fallback:opportunistic,0.0,0.0,1.0,5.0
49,10534.377363,10540.377363,measure,1576.5456713056537,841.9728852744847,8,fallback_clear,fallback:opportunistic,0.0,0.0,1.0,5.0
49,10540.377363,10546.377363,measure,1576.5456713056537,841.9728852744847,12,fallback_clear,fallback:opportunistic,0.0,0.0,1.0,5.0
49,10546.377363,10552.377363,measure,1576.5456713056537,841.9728852744847,19,fallback_clear,fallback:opportunistic,0.0,0.0,1.0,5.0
50,10552.377363,10562.305567,clear,1541.9046551542763,841.9728852744847,2,fallback_clear,fallback,34.641016,6.928203,0.0,3.0
50,10562.305567,10567.305567,measure,1541.9046551542763,841.9728852744847,19,fallback_clear,fallback:opportunistic,0.0,0.0,0.0,5.0
50,10567.305567,10573.305567,measure,1541.9046551542763,841.9728852744847,2,fallback_clear,fallback:opportunistic,0.0,0.0,1.0,5.0
50,10573.305567,10579.305567,measure,1541.9046551542763,841.9728852744847,8,fallback_clear,fallback:opportunistic,0.0,0.0,1.0,5.0
50,10579.305567,10585.305567,measure,1541.9046551542763,841.9728852744847,12,fallback_clear,fallback:opportunistic,0.0,0.0,1.0,5.0
50,10585.305567,10591.305567,measure,1541.9046551542763,841.9728852744847,18,fallback_clear,fallback:opportunistic,0.0,0.0,1.0,5.0
51,10591.305567,10601.23377,clear,1524.5841470785876,871.9728852744847,2,fallback_clear,fallback,34.641016,6.928203,0.0,3.0
51,10601.23377,10606.23377,measure,1524.5841470785876,871.9728852744847,18,fallback_clear,fallback:opportunistic,0.0,0.0,0.0,5.0
51,10606.23377,10612.23377,measure,1524.5841470785876,871.9728852744847,2,fallback_clear,fallback:opportunistic,0.0,0.0,1.0,5.0
51,10612.23377,10618.23377,measure,1524.5841470785876,871.9728852744847,8,fallback_clear,fallback:opportunistic,0.0,0.0,1.0,5.0
51,10618.23377,10624.23377,measure,1524.5841470785876,871.9728852744847,12,fallback_clear,fallback:opportunistic,0.0,0.0,1.0,5.0
51,10624.23377,10630.23377,measure,1524.5841470785876,871.9728852744847,19,fallback_clear,fallback:opportunistic,0.0,0.0,1.0,5.0
52,10630.23377,10642.161973,clear,1559.2251632299651,871.9728852744847,2,fallback_clear,fallback,34.641016,6.928203,0.0,5.0
52,10642.161973,10647.161973,measure,1559.2251632299651,871.9728852744847,19,fallback_clear,fallback:opportunistic,0.0,0.0,0.0,5.0
52,10647.161973,10653.161973,measure,1559.2251632299651,871.9728852744847,8,fallback_clear,fallback:opportunistic,0.0,0.0,1.0,5.0
52,10653.161973,10659.161973,measure,1559.2251632299651,871.9728852744847,12,fallback_clear,fallback:opportunistic,0.0,0.0,1.0,5.0
52,10659.161973,10665.161973,measure,1559.2251632299651,871.9728852744847,18,fallback_clear,fallback:opportunistic,0.0,0.0,1.0,5.0
53,10665.161973,11087.273667,clear,-533.4041754742683,982.7327549363868,8,fallback_clear,fallback,2095.558469,419.111694,0.0,3.0
53,11087.273667,11092.273667,measure,-533.4041754742683,982.7327549363868,18,fallback_clear,fallback:opportunistic,0.0,0.0,0.0,5.0
53,11092.273667,11098.273667,measure,-533.4041754742683,982.7327549363868,8,fallback_clear,fallback:opportunistic,0.0,0.0,1.0,5.0
53,11098.273667,11104.273667,measure,-533.4041754742683,982.7327549363868,12,fallback_clear,fallback:opportunistic,0.0,0.0,1.0,5.0
53,11104.273667,11110.273667,measure,-533.4041754742683,982.7327549363868,19,fallback_clear,fallback:opportunistic,0.0,0.0,1.0,5.0
54,11110.273667,11120.20187,clear,-516.0836673985795,1012.7327549363868,8,fallback_clear,fallback,34.641016,6.928203,0.0,3.0
54,11120.20187,11125.20187,measure,-516.0836673985795,1012.7327549363868,19,fallback_clear,fallback:opportunistic,0.0,0.0,0.0,5.0
54,11125.20187,11131.20187,measure,-516.0836673985795,1012.7327549363868,8,fallback_clear,fallback:opportunistic,0.0,0.0,1.0,5.0
54,11131.20187,11137.20187,measure,-516.0836673985795,1012.7327549363868,12,fallback_clear,fallback:opportunistic,0.0,0.0,1.0,5.0
54,11137.20187,11143.20187,measure,-516.0836673985795,1012.7327549363868,18,fallback_clear,fallback:opportunistic,0.0,0.0,1.0,5.0
55,11143.20187,11153.130073,clear,-533.4041754742683,1042.7327549363868,8,fallback_clear,fallback,34.641016,6.928203,0.0,3.0
55,11153.130073,11158.130073,measure,-533.4041754742683,1042.7327549363868,18,fallback_clear,fallback:opportunistic,0.0,0.0,0.0,5.0
55,11158.130073,11164.130073,measure,-533.4041754742683,1042.7327549363868,8,fallback_clear,fallback:opportunistic,0.0,0.0,1.0,5.0
55,11164.130073,11170.130073,measure,-533.4041754742683,1042.7327549363868,12,fallback_clear,fallback:opportunistic,0.0,0.0,1.0,5.0
55,11170.130073,11176.130073,measure,-533.4041754742683,1042.7327549363868,19,fallback_clear,fallback:opportunistic,0.0,0.0,1.0,5.0
56,11176.130073,11186.058277,clear,-516.0836673985795,1072.7327549363868,8,fallback_clear,fallback,34.641016,6.928203,0.0,3.0
56,11186.058277,11191.058277,measure,-516.0836673985795,1072.7327549363868,19,fallback_clear,fallback:opportunistic,0.0,0.0,0.0,5.0
56,11191.058277,11197.058277,measure,-516.0836673985795,1072.7327549363868,8,fallback_clear,fallback:opportunistic,0.0,0.0,1.0,5.0
56,11197.058277,11203.058277,measure,-516.0836673985795,1072.7327549363868,12,fallback_clear,fallback:opportunistic,0.0,0.0,1.0,5.0
56,11203.058277,11209.058277,measure,-516.0836673985795,1072.7327549363868,18,fallback_clear,fallback:opportunistic,0.0,0.0,1.0,5.0
57,11209.058277,11218.98648,clear,-533.4041754742683,1102.7327549363868,8,fallback_clear,fallback,34.641016,6.928203,0.0,3.0
57,11218.98648,11223.98648,measure,-533.4041754742683,1102.7327549363868,18,fallback_clear,fallback:opportunistic,0.0,0.0,0.0,5.0
57,11223.98648,11229.98648,measure,-533.4041754742683,1102.7327549363868,8,fallback_clear,fallback:opportunistic,0.0,0.0,1.0,5.0
57,11229.98648,11235.98648,measure,-533.4041754742683,1102.7327549363868,12,fallback_clear,fallback:opportunistic,0.0,0.0,1.0,5.0
57,11235.98648,11241.98648,measure,-533.4041754742683,1102.7327549363868,19,fallback_clear,fallback:opportunistic,0.0,0.0,1.0,5.0
58,11241.98648,11251.914683,clear,-516.0836673985795,1132.7327549363868,8,fallback_clear,fallback,34.641016,6.928203,0.0,3.0
58,11251.914683,11256.914683,measure,-516.0836673985795,1132.7327549363868,19,fallback_clear,fallback:opportunistic,0.0,0.0,0.0,5.0
58,11256.914683,11262.914683,measure,-516.0836673985795,1132.7327549363868,8,fallback_clear,fallback:opportunistic,0.0,0.0,1.0,5.0
58,11262.914683,11268.914683,measure,-516.0836673985795,1132.7327549363868,12,fallback_clear,fallback:opportunistic,0.0,0.0,1.0,5.0
58,11268.914683,11274.914683,measure,-516.0836673985795,1132.7327549363868,18,fallback_clear,fallback:opportunistic,0.0,0.0,1.0,5.0
59,11274.914683,11284.842886,clear,-533.4041754742683,1162.7327549363868,8,fallback_clear,fallback,34.641016,6.928203,0.0,3.0
59,11284.842886,11289.842886,measure,-533.4041754742683,1162.7327549363868,18,fallback_clear,fallback:opportunistic,0.0,0.0,0.0,5.0
59,11289.842886,11295.842886,measure,-533.4041754742683,1162.7327549363868,8,fallback_clear,fallback:opportunistic,0.0,0.0,1.0,5.0
59,11295.842886,11301.842886,measure,-533.4041754742683,1162.7327549363868,12,fallback_clear,fallback:opportunistic,0.0,0.0,1.0,5.0
59,11301.842886,11307.842886,measure,-533.4041754742683,1162.7327549363868,19,fallback_clear,fallback:opportunistic,0.0,0.0,1.0,5.0
60,11307.842886,11317.77109,clear,-516.0836673985795,1192.7327549363868,8,fallback_clear,fallback,34.641016,6.928203,0.0,3.0
60,11317.77109,11322.77109,measure,-516.0836673985795,1192.7327549363868,19,fallback_clear,fallback:opportunistic,0.0,0.0,0.0,5.0
60,11322.77109,11328.77109,measure,-516.0836673985795,1192.7327549363868,8,fallback_clear,fallback:opportunistic,0.0,0.0,1.0,5.0
60,11328.77109,11334.77109,measure,-516.0836673985795,1192.7327549363868,12,fallback_clear,fallback:opportunistic,0.0,0.0,1.0,5.0
60,11334.77109,11340.77109,measure,-516.0836673985795,1192.7327549363868,18,fallback_clear,fallback:opportunistic,0.0,0.0,1.0,5.0
61,11340.77109,11350.699293,clear,-533.4041754742683,1222.7327549363868,8,fallback_clear,fallback,34.641016,6.928203,0.0,3.0
61,11350.699293,11355.699293,measure,-533.4041754742683,1222.7327549363868,18,fallback_clear,fallback:opportunistic,0.0,0.0,0.0,5.0
61,11355.699293,11361.699293,measure,-533.4041754742683,1222.7327549363868,8,fallback_clear,fallback:opportunistic,0.0,0.0,1.0,5.0
61,11361.699293,11367.699293,measure,-533.4041754742683,1222.7327549363868,12,fallback_clear,fallback:opportunistic,0.0,0.0,1.0,5.0
61,11367.699293,11373.699293,measure,-533.4041754742683,1222.7327549363868,19,fallback_clear,fallback:opportunistic,0.0,0.0,1.0,5.0
62,11373.699293,11383.627496,clear,-516.0836673985795,1252.7327549363868,8,fallback_clear,fallback,34.641016,6.928203,0.0,3.0
62,11383.627496,11388.627496,measure,-516.0836673985795,1252.7327549363868,19,fallback_clear,fallback:opportunistic,0.0,0.0,0.0,5.0
62,11388.627496,11394.627496,measure,-516.0836673985795,1252.7327549363868,8,fallback_clear,fallback:opportunistic,0.0,0.0,1.0,5.0
62,11394.627496,11400.627496,measure,-516.0836673985795,1252.7327549363868,12,fallback_clear,fallback:opportunistic,0.0,0.0,1.0,5.0
62,11400.627496,11406.627496,measure,-516.0836673985795,1252.7327549363868,18,fallback_clear,fallback:opportunistic,0.0,0.0,1.0,5.0
63,11406.627496,11416.555699,clear,-498.7631593228908,1282.7327549363868,8,fallback_clear,fallback,34.641016,6.928203,0.0,3.0
63,11416.555699,11421.555699,measure,-498.7631593228908,1282.7327549363868,18,fallback_clear,fallback:opportunistic,0.0,0.0,0.0,5.0
63,11421.555699,11427.555699,measure,-498.7631593228908,1282.7327549363868,8,fallback_clear,fallback:opportunistic,0.0,0.0,1.0,5.0
63,11427.555699,11433.555699,measure,-498.7631593228908,1282.7327549363868,12,fallback_clear,fallback:opportunistic,0.0,0.0,1.0,5.0
63,11433.555699,11439.555699,measure,-498.7631593228908,1282.7327549363868,19,fallback_clear,fallback:opportunistic,0.0,0.0,1.0,5.0
64,11439.555699,11449.483903,clear,-516.0836673985795,1312.7327549363868,8,fallback_clear,fallback,34.641016,6.928203,0.0,3.0
64,11449.483903,11454.483903,measure,-516.0836673985795,1312.7327549363868,19,fallback_clear,fallback:opportunistic,0.0,0.0,0.0,5.0
64,11454.483903,11460.483903,measure,-516.0836673985795,1312.7327549363868,8,fallback_clear,fallback:opportunistic,0.0,0.0,1.0,5.0
64,11460.483903,11466.483903,measure,-516.0836673985795,1312.7327549363868,12,fallback_clear,fallback:opportunistic,0.0,0.0,1.0,5.0
64,11466.483903,11472.483903,measure,-516.0836673985795,1312.7327549363868,18,fallback_clear,fallback:opportunistic,0.0,0.0,1.0,5.0
65,11472.483903,11482.412106,clear,-498.7631593228908,1342.7327549363868,8,fallback_clear,fallback,34.641016,6.928203,0.0,3.0
65,11482.412106,11487.412106,measure,-498.7631593228908,1342.7327549363868,18,fallback_clear,fallback:opportunistic,0.0,0.0,0.0,5.0
65,11487.412106,11493.412106,measure,-498.7631593228908,1342.7327549363868,8,fallback_clear,fallback:opportunistic,0.0,0.0,1.0,5.0
65,11493.412106,11499.412106,measure,-498.7631593228908,1342.7327549363868,12,fallback_clear,fallback:opportunistic,0.0,0.0,1.0,5.0
65,11499.412106,11505.412106,measure,-498.7631593228908,1342.7327549363868,19,fallback_clear,fallback:opportunistic,0.0,0.0,1.0,5.0
66,11505.412106,11515.340309,clear,-516.0836673985795,1372.7327549363868,8,fallback_clear,fallback,34.641016,6.928203,0.0,3.0
66,11515.340309,11520.340309,measure,-516.0836673985795,1372.7327549363868,19,fallback_clear,fallback:opportunistic,0.0,0.0,0.0,5.0
66,11520.340309,11526.340309,measure,-516.0836673985795,1372.7327549363868,8,fallback_clear,fallback:opportunistic,0.0,0.0,1.0,5.0
66,11526.340309,11532.340309,measure,-516.0836673985795,1372.7327549363868,12,fallback_clear,fallback:opportunistic,0.0,0.0,1.0,5.0
66,11532.340309,11538.340309,measure,-516.0836673985795,1372.7327549363868,18,fallback_clear,fallback:opportunistic,0.0,0.0,1.0,5.0
67,11538.340309,11548.268512,clear,-498.7631593228908,1402.7327549363868,8,fallback_clear,fallback,34.641016,6.928203,0.0,3.0
67,11548.268512,11553.268512,measure,-498.7631593228908,1402.7327549363868,18,fallback_clear,fallback:opportunistic,0.0,0.0,0.0,5.0
67,11553.268512,11559.268512,measure,-498.7631593228908,1402.7327549363868,8,fallback_clear,fallback:opportunistic,0.0,0.0,1.0,5.0
67,11559.268512,11565.268512,measure,-498.7631593228908,1402.7327549363868,12,fallback_clear,fallback:opportunistic,0.0,0.0,1.0,5.0
67,11565.268512,11571.268512,measure,-498.7631593228908,1402.7327549363868,19,fallback_clear,fallback:opportunistic,0.0,0.0,1.0,5.0
68,11571.268512,11581.196715,clear,-516.0836673985795,1432.7327549363868,8,fallback_clear,fallback,34.641016,6.928203,0.0,3.0
68,11581.196715,11586.196715,measure,-516.0836673985795,1432.7327549363868,19,fallback_clear,fallback:opportunistic,0.0,0.0,0.0,5.0
68,11586.196715,11592.196715,measure,-516.0836673985795,1432.7327549363868,8,fallback_clear,fallback:opportunistic,0.0,0.0,1.0,5.0
68,11592.196715,11598.196715,measure,-516.0836673985795,1432.7327549363868,12,fallback_clear,fallback:opportunistic,0.0,0.0,1.0,5.0
68,11598.196715,11604.196715,measure,-516.0836673985795,1432.7327549363868,18,fallback_clear,fallback:opportunistic,0.0,0.0,1.0,5.0
69,11604.196715,11614.124919,clear,-498.7631593228908,1462.7327549363868,8,fallback_clear,fallback,34.641016,6.928203,0.0,3.0
69,11614.124919,11619.124919,measure,-498.7631593228908,1462.7327549363868,18,fallback_clear,fallback:opportunistic,0.0,0.0,0.0,5.0
69,11619.124919,11625.124919,measure,-498.7631593228908,1462.7327549363868,8,fallback_clear,fallback:opportunistic,0.0,0.0,1.0,5.0
69,11625.124919,11631.124919,measure,-498.7631593228908,1462.7327549363868,12,fallback_clear,fallback:opportunistic,0.0,0.0,1.0,5.0
69,11631.124919,11637.124919,measure,-498.7631593228908,1462.7327549363868,19,fallback_clear,fallback:opportunistic,0.0,0.0,1.0,5.0
70,11637.124919,11647.053122,clear,-516.0836673985795,1492.7327549363868,8,fallback_clear,fallback,34.641016,6.928203,0.0,3.0
70,11647.053122,11652.053122,measure,-516.0836673985795,1492.7327549363868,19,fallback_clear,fallback:opportunistic,0.0,0.0,0.0,5.0
70,11652.053122,11658.053122,measure,-516.0836673985795,1492.7327549363868,8,fallback_clear,fallback:opportunistic,0.0,0.0,1.0,5.0
70,11658.053122,11664.053122,measure,-516.0836673985795,1492.7327549363868,12,fallback_clear,fallback:opportunistic,0.0,0.0,1.0,5.0
70,11664.053122,11670.053122,measure,-516.0836673985795,1492.7327549363868,18,fallback_clear,fallback:opportunistic,0.0,0.0,1.0,5.0
71,11670.053122,11679.981325,clear,-498.7631593228908,1522.7327549363868,8,fallback_clear,fallback,34.641016,6.928203,0.0,3.0
71,11679.981325,11684.981325,measure,-498.7631593228908,1522.7327549363868,18,fallback_clear,fallback:opportunistic,0.0,0.0,0.0,5.0
71,11684.981325,11690.981325,measure,-498.7631593228908,1522.7327549363868,8,fallback_clear,fallback:opportunistic,0.0,0.0,1.0,5.0
71,11690.981325,11696.981325,measure,-498.7631593228908,1522.7327549363868,12,fallback_clear,fallback:opportunistic,0.0,0.0,1.0,5.0
71,11696.981325,11702.981325,measure,-498.7631593228908,1522.7327549363868,19,fallback_clear,fallback:opportunistic,0.0,0.0,1.0,5.0
72,11702.981325,11712.909528,clear,-516.0836673985795,1552.7327549363868,8,fallback_clear,fallback,34.641016,6.928203,0.0,3.0
72,11712.909528,11717.909528,measure,-516.0836673985795,1552.7327549363868,19,fallback_clear,fallback:opportunistic,0.0,0.0,0.0,5.0
72,11717.909528,11723.909528,measure,-516.0836673985795,1552.7327549363868,8,fallback_clear,fallback:opportunistic,0.0,0.0,1.0,5.0
72,11723.909528,11729.909528,measure,-516.0836673985795,1552.7327549363868,12,fallback_clear,fallback:opportunistic,0.0,0.0,1.0,5.0
72,11729.909528,11735.909528,measure,-516.0836673985795,1552.7327549363868,18,fallback_clear,fallback:opportunistic,0.0,0.0,1.0,5.0
73,11735.909528,11745.837732,clear,-498.7631593228908,1582.7327549363868,8,fallback_clear,fallback,34.641016,6.928203,0.0,3.0
73,11745.837732,11750.837732,measure,-498.7631593228908,1582.7327549363868,18,fallback_clear,fallback:opportunistic,0.0,0.0,0.0,5.0
73,11750.837732,11756.837732,measure,-498.7631593228908,1582.7327549363868,8,fallback_clear,fallback:opportunistic,0.0,0.0,1.0,5.0
73,11756.837732,11762.837732,measure,-498.7631593228908,1582.7327549363868,12,fallback_clear,fallback:opportunistic,0.0,0.0,1.0,5.0
73,11762.837732,11768.837732,measure,-498.7631593228908,1582.7327549363868,19,fallback_clear,fallback:opportunistic,0.0,0.0,1.0,5.0
74,11768.837732,12174.859803,clear,-1699.222334425564,-23.30750200923433,12,fallback_clear,fallback,2005.110356,401.022071,0.0,5.0
74,12174.859803,12179.859803,measure,-1699.222334425564,-23.30750200923433,19,fallback_clear,fallback:opportunistic,0.0,0.0,0.0,5.0
74,12179.859803,12185.859803,measure,-1699.222334425564,-23.30750200923433,8,fallback_clear,fallback:opportunistic,0.0,0.0,1.0,5.0
74,12185.859803,12191.859803,measure,-1699.222334425564,-23.30750200923433,18,fallback_clear,fallback:opportunistic,0.0,0.0,1.0,5.0
75,12191.859803,12771.363169,clear,666.2629923873939,-1670.5422896743435,18,fallback_clear,fallback,2882.51683,576.503366,0.0,3.0
75,12771.363169,12776.363169,measure,666.2629923873939,-1670.5422896743435,18,fallback_clear,fallback:opportunistic,0.0,0.0,0.0,5.0
75,12776.363169,12782.363169,measure,666.2629923873939,-1670.5422896743435,8,fallback_clear,fallback:opportunistic,0.0,0.0,1.0,5.0
75,12782.363169,12788.363169,measure,666.2629923873939,-1670.5422896743435,19,fallback_clear,fallback:opportunistic,0.0,0.0,1.0,5.0
76,12788.363169,12798.291372,clear,631.6219762360163,-1670.5422896743435,18,fallback_clear,fallback,34.641016,6.928203,0.0,3.0
76,12798.291372,12803.291372,measure,631.6219762360163,-1670.5422896743435,19,fallback_clear,fallback:opportunistic,0.0,0.0,0.0,5.0
76,12803.291372,12809.291372,measure,631.6219762360163,-1670.5422896743435,8,fallback_clear,fallback:opportunistic,0.0,0.0,1.0,5.0
76,12809.291372,12815.291372,measure,631.6219762360163,-1670.5422896743435,18,fallback_clear,fallback:opportunistic,0.0,0.0,1.0,5.0
77,12815.291372,12825.219575,clear,614.3014681603274,-1700.5422896743435,18,fallback_clear,fallback,34.641016,6.928203,0.0,3.0
77,12825.219575,12830.219575,measure,614.3014681603274,-1700.5422896743435,18,fallback_clear,fallback:opportunistic,0.0,0.0,0.0,5.0
77,12830.219575,12836.219575,measure,614.3014681603274,-1700.5422896743435,8,fallback_clear,fallback:opportunistic,0.0,0.0,1.0,5.0
77,12836.219575,12842.219575,measure,614.3014681603274,-1700.5422896743435,19,fallback_clear,fallback:opportunistic,0.0,0.0,1.0,5.0
78,12842.219575,12852.147778,clear,596.9809600846387,-1670.5422896743435,18,fallback_clear,fallback,34.641016,6.928203,0.0,3.0
78,12852.147778,12857.147778,measure,596.9809600846387,-1670.5422896743435,19,fallback_clear,fallback:opportunistic,0.0,0.0,0.0,5.0
78,12857.147778,12863.147778,measure,596.9809600846387,-1670.5422896743435,8,fallback_clear,fallback:opportunistic,0.0,0.0,1.0,5.0
78,12863.147778,12869.147778,measure,596.9809600846387,-1670.5422896743435,18,fallback_clear,fallback:opportunistic,0.0,0.0,1.0,5.0
79,12869.147778,12899.186254,clear,480.09417231187524,-1715.382114570945,18,ready_clear,clear,125.192376,25.038475,0.0,5.0
79,12899.186254,12905.186254,measure,480.09417231187524,-1715.382114570945,8,ready_clear,clear:opportunistic,0.0,0.0,1.0,5.0
79,12905.186254,12911.186254,measure,480.09417231187524,-1715.382114570945,19,ready_clear,clear:opportunistic,0.0,0.0,1.0,5.0
80,12911.186254,13618.042168,clear,-470.2005841719902,1662.7805517934253,19,ready_clear,clear,3509.279573,701.855915,0.0,5.0
80,13618.042168,13624.042168,measure,-470.2005841719902,1662.7805517934253,8,ready_clear,clear:opportunistic,0.0,0.0,1.0,5.0
81,13624.042168,13636.111067,clear,-498.32241559803845,1684.1907328951754,8,ready_clear,clear,35.344494,7.068899,0.0,5.0
82,13636.111067,13636.111067,exit,,,,lifecycle,enter_exit,0.0,0.0,0.0,0.0
