{
  "type": "FeatureCollection",
  "properties": {
    "kind": "numerical_candidate_good_region_not_proof",
    "eta": 0.02,
    "qhat_star": 134.22832079834427,
    "threshold": 136.91288721431116,
    "approximate_area_m2": 882.3491393716008,
    "evidence_config_id": "q2-final-evidence-v2-production",
    "resolution": {
      "base": 21,
      "max_refinement_depth": 5,
      "target_boundary_resolution_m": 5.0
    }
  },
  "features": [
    {
      "type": "Feature",
      "geometry": {
        "type": "Point",
        "coordinates": [
          810.2806360210991,
          592.5990173675134
        ]
      },
      "properties": {
        "Q_m": 134.10936946403933,
        "eta": 0.02,
        "kind": "sample"
      }
    },
    {
      "type": "Feature",
      "geometry": {
        "type": "Point",
        "coordinates": [
          805.5697020907439,
          598.7399398272803
        ]
      },
      "properties": {
        "Q_m": 134.12304510871857,
        "eta": 0.02,
        "kind": "sample"
      }
    },
    {
      "type": "Feature",
      "geometry": {
        "type": "Point",
        "coordinates": [
          796.1478342300335,
          611.0217847468143
        ]
      },
      "properties": {
        "Q_m": 134.17062013421315,
        "eta": 0.02,
        "kind": "sample"
      }
    },
    {
      "type": "Feature",
      "geometry": {
        "type": "Point",
        "coordinates": [
          796.1478342300335,
          -611.0217847468143
        ]
      },
      "properties": {
        "Q_m": 134.17062013421355,
        "eta": 0.02,
        "kind": "sample"
      }
    },
    {
      "type": "Feature",
      "geometry": {
        "type": "Point",
        "coordinates": [
          815.7767256065135,
          584.9228642928045
        ]
      },
      "properties": {
        "Q_m": 134.17590368695835,
        "eta": 0.02,
        "kind": "sample"
      }
    },
    {
      "type": "Feature",
      "geometry": {
        "type": "Point",
        "coordinates": [
          822.4307462675218,
          -575.9384647646125
        ]
      },
      "properties": {
        "Q_m": 134.22832079834367,
        "eta": 0.02,
        "kind": "sample"
      }
    },
    {
      "type": "Feature",
      "geometry": {
        "type": "Point",
        "coordinates": [
          822.4307462675218,
          575.9384647646125
        ]
      },
      "properties": {
        "Q_m": 134.22832079834427,
        "eta": 0.02,
        "kind": "sample"
      }
    },
    {
      "type": "Feature",
      "geometry": {
        "type": "Point",
        "coordinates": [
          786.725966369323,
          -623.3036296663483
        ]
      },
      "properties": {
        "Q_m": 134.24374496969335,
        "eta": 0.02,
        "kind": "sample"
      }
    },
    {
      "type": "Feature",
      "geometry": {
        "type": "Point",
        "coordinates": [
          786.725966369323,
          623.3036296663483
        ]
      },
      "properties": {
        "Q_m": 134.24374496969443,
        "eta": 0.02,
        "kind": "sample"
      }
    },
    {
      "type": "Feature",
      "geometry": {
        "type": "Point",
        "coordinates": [
          816.5618812615728,
          -583.3876336778629
        ]
      },
      "properties": {
        "Q_m": 134.2498633965104,
        "eta": 0.02,
        "kind": "sample"
      }
    },
    {
      "type": "Feature",
      "geometry": {
        "type": "Point",
        "coordinates": [
          816.5618812615728,
          583.3876336778628
        ]
      },
      "properties": {
        "Q_m": 134.24986339651102,
        "eta": 0.02,
        "kind": "sample"
      }
    },
    {
      "type": "Feature",
      "geometry": {
        "type": "Point",
        "coordinates": [
          811.8509473312175,
          589.5285561376298
        ]
      },
      "properties": {
        "Q_m": 134.25168501314863,
        "eta": 0.02,
        "kind": "sample"
      }
    },
    {
      "type": "Feature",
      "geometry": {
        "type": "Point",
        "coordinates": [
          821.272815191928,
          577.2467112180959
        ]
      },
      "properties": {
        "Q_m": 134.2554792113838,
        "eta": 0.02,
        "kind": "sample"
      }
    },
    {
      "type": "Feature",
      "geometry": {
        "type": "Point",
        "coordinates": [
          807.1400134008622,
          595.6694785973968
        ]
      },
      "properties": {
        "Q_m": 134.2606974670684,
        "eta": 0.02,
        "kind": "sample"
      }
    },
    {
      "type": "Feature",
      "geometry": {
        "type": "Point",
        "coordinates": [
          797.7181455401519,
          -607.9513235169309
        ]
      },
      "properties": {
        "Q_m": 134.2993628402505,
        "eta": 0.02,
        "kind": "sample"
      }
    },
    {
      "type": "Feature",
      "geometry": {
        "type": "Point",
        "coordinates": [
          797.7181455401519,
          607.9513235169308
        ]
      },
      "properties": {
        "Q_m": 134.2993628402507,
        "eta": 0.02,
        "kind": "sample"
      }
    },
    {
      "type": "Feature",
      "geometry": {
        "type": "Point",
        "coordinates": [
          812.6361029862767,
          587.9933255226881
        ]
      },
      "properties": {
        "Q_m": 134.324005645426,
        "eta": 0.02,
        "kind": "sample"
      }
    },
    {
      "type": "Feature",
      "geometry": {
        "type": "Point",
        "coordinates": [
          807.9251690559215,
          594.1342479824551
        ]
      },
      "properties": {
        "Q_m": 134.33065341100246,
        "eta": 0.02,
        "kind": "sample"
      }
    },
    {
      "type": "Feature",
      "geometry": {
        "type": "Point",
        "coordinates": [
          822.0579708469872,
          575.7114806031542
        ]
      },
      "properties": {
        "Q_m": 134.3327574935386,
        "eta": 0.02,
        "kind": "sample"
      }
    },
    {
      "type": "Feature",
      "geometry": {
        "type": "Point",
        "coordinates": [
          826.7689047773424,
          569.5705581433872
        ]
      },
      "properties": {
        "Q_m": 134.34866886250964,
        "eta": 0.02,
        "kind": "sample"
      }
    },
    {
      "type": "Feature",
      "geometry": {
        "type": "Point",
        "coordinates": [
          788.2962776794413,
          -620.2331684364649
        ]
      },
      "properties": {
        "Q_m": 134.36409588432758,
        "eta": 0.02,
        "kind": "sample"
      }
    },
    {
      "type": "Feature",
      "geometry": {
        "type": "Point",
        "coordinates": [
          788.2962776794413,
          620.2331684364648
        ]
      },
      "properties": {
        "Q_m": 134.3640958843282,
        "eta": 0.02,
        "kind": "sample"
      }
    },
    {
      "type": "Feature",
      "geometry": {
        "type": "Point",
        "coordinates": [
          813.421258641336,
          586.4580949077463
        ]
      },
      "properties": {
        "Q_m": 134.39711055748356,
        "eta": 0.02,
        "kind": "sample"
      }
    },
    {
      "type": "Feature",
      "geometry": {
        "type": "Point",
        "coordinates": [
          818.1321925716912,
          580.3171724479794
        ]
      },
      "properties": {
        "Q_m": 134.40019163748389,
        "eta": 0.02,
        "kind": "sample"
      }
    },
    {
      "type": "Feature",
      "geometry": {
        "type": "Point",
        "coordinates": [
          808.7103247109807,
          592.5990173675134
        ]
      },
      "properties": {
        "Q_m": 134.40137121518643,
        "eta": 0.02,
        "kind": "sample"
      }
    },
    {
      "type": "Feature",
      "geometry": {
        "type": "Point",
        "coordinates": [
          822.8431265020464,
          574.1762499882125
        ]
      },
      "properties": {
        "Q_m": 134.4108678410121,
        "eta": 0.02,
        "kind": "sample"
      }
    },
    {
      "type": "Feature",
      "geometry": {
        "type": "Point",
        "coordinates": [
          827.5540604324016,
          -568.0353275284456
        ]
      },
      "properties": {
        "Q_m": 134.42940458095282,
        "eta": 0.02,
        "kind": "sample"
      }
    },
    {
      "type": "Feature",
      "geometry": {
        "type": "Point",
        "coordinates": [
          827.5540604324016,
          568.0353275284454
        ]
      },
      "properties": {
        "Q_m": 134.42940458095325,
        "eta": 0.02,
        "kind": "sample"
      }
    },
    {
      "type": "Feature",
      "geometry": {
        "type": "Point",
        "coordinates": [
          778.874409818731,
          -632.5150133559988
        ]
      },
      "properties": {
        "Q_m": 134.45328182790047,
        "eta": 0.02,
        "kind": "sample"
      }
    },
    {
      "type": "Feature",
      "geometry": {
        "type": "Point",
        "coordinates": [
          778.874409818731,
          632.5150133559987
        ]
      },
      "properties": {
        "Q_m": 134.4532818279011,
        "eta": 0.02,
        "kind": "sample"
      }
    },
    {
      "type": "Feature",
      "geometry": {
        "type": "Point",
        "coordinates": [
          814.2064142963952,
          584.9228642928045
        ]
      },
      "properties": {
        "Q_m": 134.47100662948915,
        "eta": 0.02,
        "kind": "sample"
      }
    },
    {
      "type": "Feature",
      "geometry": {
        "type": "Point",
        "coordinates": [
          809.4954803660398,
          591.0637867525716
        ]
      },
      "properties": {
        "Q_m": 134.47285748664967,
        "eta": 0.02,
        "kind": "sample"
      }
    },
    {
      "type": "Feature",
      "geometry": {
        "type": "Point",
        "coordinates": [
          789.8665889895598,
          -617.1627072065814
        ]
      },
      "properties": {
        "Q_m": 134.48714796858124,
        "eta": 0.02,
        "kind": "sample"
      }
    },
    {
      "type": "Feature",
      "geometry": {
        "type": "Point",
        "coordinates": [
          789.8665889895598,
          617.1627072065812
        ]
      },
      "properties": {
        "Q_m": 134.4871479685823,
        "eta": 0.02,
        "kind": "sample"
      }
    },
    {
      "type": "Feature",
      "geometry": {
        "type": "Point",
        "coordinates": [
          823.6282821571056,
          572.6410193732706
        ]
      },
      "properties": {
        "Q_m": 134.4898177258065,
        "eta": 0.02,
        "kind": "sample"
      }
    },
    {
      "type": "Feature",
      "geometry": {
        "type": "Point",
        "coordinates": [
          828.3392160874607,
          566.5000969135036
        ]
      },
      "properties": {
        "Q_m": 134.51100563500304,
        "eta": 0.02,
        "kind": "sample"
      }
    },
    {
      "type": "Feature",
      "geometry": {
        "type": "Point",
        "coordinates": [
          833.0501500178161,
          560.3591744537367
        ]
      },
      "properties": {
        "Q_m": 134.54042020580843,
        "eta": 0.02,
        "kind": "sample"
      }
    },
    {
      "type": "Feature",
      "geometry": {
        "type": "Point",
        "coordinates": [
          810.2806360210991,
          589.5285561376298
        ]
      },
      "properties": {
        "Q_m": 134.54511890910368,
        "eta": 0.02,
        "kind": "sample"
      }
    },
    {
      "type": "Feature",
      "geometry": {
        "type": "Point",
        "coordinates": [
          810.2806360210991,
          -589.52855613763
        ]
      },
      "properties": {
        "Q_m": 134.5451189091045,
        "eta": 0.02,
        "kind": "sample"
      }
    },
    {
      "type": "Feature",
      "geometry": {
        "type": "Point",
        "coordinates": [
          814.9915699514544,
          583.3876336778628
        ]
      },
      "properties": {
        "Q_m": 134.54570082235597,
        "eta": 0.02,
        "kind": "sample"
      }
    },
    {
      "type": "Feature",
      "geometry": {
        "type": "Point",
        "coordinates": [
          819.7025038818097,
          577.2467112180959
        ]
      },
      "properties": {
        "Q_m": 134.55377929017047,
        "eta": 0.02,
        "kind": "sample"
      }
    },
    {
      "type": "Feature",
      "geometry": {
        "type": "Point",
        "coordinates": [
          819.7025038818097,
          -577.2467112180959
        ]
      },
      "properties": {
        "Q_m": 134.5537792901711,
        "eta": 0.02,
        "kind": "sample"
      }
    },
    {
      "type": "Feature",
      "geometry": {
        "type": "Point",
        "coordinates": [
          800.8587681603888,
          601.8104010571637
        ]
      },
      "properties": {
        "Q_m": 134.56546117653573,
        "eta": 0.02,
        "kind": "sample"
      }
    },
    {
      "type": "Feature",
      "geometry": {
        "type": "Point",
        "coordinates": [
          800.8587681603888,
          -601.810401057164
        ]
      },
      "properties": {
        "Q_m": 134.56546117653593,
        "eta": 0.02,
        "kind": "sample"
      }
    },
    {
      "type": "Feature",
      "geometry": {
        "type": "Point",
        "coordinates": [
          824.4134378121648,
          -571.105788758329
        ]
      },
      "properties": {
        "Q_m": 134.5696147096105,
        "eta": 0.02,
        "kind": "sample"
      }
    },
    {
      "type": "Feature",
      "geometry": {
        "type": "Point",
        "coordinates": [
          824.4134378121648,
          571.1057887583289
        ]
      },
      "properties": {
        "Q_m": 134.56961470961116,
        "eta": 0.02,
        "kind": "sample"
      }
    },
    {
      "type": "Feature",
      "geometry": {
        "type": "Point",
        "coordinates": [
          829.12437174252,
          564.9648662985619
        ]
      },
      "properties": {
        "Q_m": 134.5934799120548,
        "eta": 0.02,
        "kind": "sample"
      }
    },
    {
      "type": "Feature",
      "geometry": {
        "type": "Point",
        "coordinates": [
          829.12437174252,
          -564.964866298562
        ]
      },
      "properties": {
        "Q_m": 134.59347991205544,
        "eta": 0.02,
        "kind": "sample"
      }
    },
    {
      "type": "Feature",
      "geometry": {
        "type": "Point",
        "coordinates": [
          791.4369002996782,
          -614.0922459766979
        ]
      },
      "properties": {
        "Q_m": 134.6129461402523,
        "eta": 0.02,
        "kind": "sample"
      }
    },
    {
      "type": "Feature",
      "geometry": {
        "type": "Point",
        "coordinates": [
          791.4369002996782,
          614.0922459766978
        ]
      },
      "properties": {
        "Q_m": 134.61294614025272,
        "eta": 0.02,
        "kind": "sample"
      }
    },
    {
      "type": "Feature",
      "geometry": {
        "type": "Point",
        "coordinates": [
          811.0657916761584,
          587.9933255226881
        ]
      },
      "properties": {
        "Q_m": 134.6181622440364,
        "eta": 0.02,
        "kind": "sample"
      }
    },
    {
      "type": "Feature",
      "geometry": {
        "type": "Point",
        "coordinates": [
          833.8353056728753,
          558.823943838795
        ]
      },
      "properties": {
        "Q_m": 134.62566091363271,
        "eta": 0.02,
        "kind": "sample"
      }
    },
    {
      "type": "Feature",
      "geometry": {
        "type": "Point",
        "coordinates": [
          820.4876595368688,
          575.7114806031542
        ]
      },
      "properties": {
        "Q_m": 134.6318135834176,
        "eta": 0.02,
        "kind": "sample"
      }
    },
    {
      "type": "Feature",
      "geometry": {
        "type": "Point",
        "coordinates": [
          825.198593467224,
          -569.5705581433873
        ]
      },
      "properties": {
        "Q_m": 134.65026644515436,
        "eta": 0.02,
        "kind": "sample"
      }
    },
    {
      "type": "Feature",
      "geometry": {
        "type": "Point",
        "coordinates": [
          825.198593467224,
          569.5705581433872
        ]
      },
      "properties": {
        "Q_m": 134.6502664451556,
        "eta": 0.02,
        "kind": "sample"
      }
    },
    {
      "type": "Feature",
      "geometry": {
        "type": "Point",
        "coordinates": [
          829.9095273975793,
          563.4296356836202
        ]
      },
      "properties": {
        "Q_m": 134.6768353955624,
        "eta": 0.02,
        "kind": "sample"
      }
    },
    {
      "type": "Feature",
      "geometry": {
        "type": "Point",
        "coordinates": [
          782.0150324389679,
          626.3740908962318
        ]
      },
      "properties": {
        "Q_m": 134.685872542038,
        "eta": 0.02,
        "kind": "sample"
      }
    },
    {
      "type": "Feature",
      "geometry": {
        "type": "Point",
        "coordinates": [
          782.0150324389679,
          -626.3740908962318
        ]
      },
      "properties": {
        "Q_m": 134.68587254203882,
        "eta": 0.02,
        "kind": "sample"
      }
    },
    {
      "type": "Feature",
      "geometry": {
        "type": "Point",
        "coordinates": [
          811.8509473312175,
          -586.4580949077465
        ]
      },
      "properties": {
        "Q_m": 134.69199433184724,
        "eta": 0.02,
        "kind": "sample"
      }
    },
    {
      "type": "Feature",
      "geometry": {
        "type": "Point",
        "coordinates": [
          811.8509473312175,
          586.4580949077463
        ]
      },
      "properties": {
        "Q_m": 134.6919943318483,
        "eta": 0.02,
        "kind": "sample"
      }
    },
    {
      "type": "Feature",
      "geometry": {
        "type": "Point",
        "coordinates": [
          807.1400134008622,
          592.5990173675134
        ]
      },
      "properties": {
        "Q_m": 134.69387674195406,
        "eta": 0.02,
        "kind": "sample"
      }
    },
    {
      "type": "Feature",
      "geometry": {
        "type": "Point",
        "coordinates": [
          802.4290794705071,
          -598.7399398272805
        ]
      },
      "properties": {
        "Q_m": 134.7029149993677,
        "eta": 0.02,
        "kind": "sample"
      }
    },
    {
      "type": "Feature",
      "geometry": {
        "type": "Point",
        "coordinates": [
          802.4290794705071,
          598.7399398272803
        ]
      },
      "properties": {
        "Q_m": 134.70291499936874,
        "eta": 0.02,
        "kind": "sample"
      }
    },
    {
      "type": "Feature",
      "geometry": {
        "type": "Point",
        "coordinates": [
          821.272815191928,
          -574.1762499882125
        ]
      },
      "properties": {
        "Q_m": 134.71068472828537,
        "eta": 0.02,
        "kind": "sample"
      }
    },
    {
      "type": "Feature",
      "geometry": {
        "type": "Point",
        "coordinates": [
          821.272815191928,
          574.1762499882125
        ]
      },
      "properties": {
        "Q_m": 134.71068472828557,
        "eta": 0.02,
        "kind": "sample"
      }
    },
    {
      "type": "Feature",
      "geometry": {
        "type": "Point",
        "coordinates": [
          834.6204613279344,
          557.2887132238533
        ]
      },
      "properties": {
        "Q_m": 134.71181047524422,
        "eta": 0.02,
        "kind": "sample"
      }
    },
    {
      "type": "Feature",
      "geometry": {
        "type": "Point",
        "coordinates": [
          825.9837491222831,
          -568.0353275284456
        ]
      },
      "properties": {
        "Q_m": 134.7317806775623,
        "eta": 0.02,
        "kind": "sample"
      }
    },
    {
      "type": "Feature",
      "geometry": {
        "type": "Point",
        "coordinates": [
          825.9837491222831,
          568.0353275284454
        ]
      },
      "properties": {
        "Q_m": 134.7317806775627,
        "eta": 0.02,
        "kind": "sample"
      }
    },
    {
      "type": "Feature",
      "geometry": {
        "type": "Point",
        "coordinates": [
          766.3119193377837,
          647.8673195054162
        ]
      },
      "properties": {
        "Q_m": 134.73344450023578,
        "eta": 0.02,
        "kind": "sample"
      }
    },
    {
      "type": "Feature",
      "geometry": {
        "type": "Point",
        "coordinates": [
          793.0072116097966,
          -611.0217847468143
        ]
      },
      "properties": {
        "Q_m": 134.74153632099328,
        "eta": 0.02,
        "kind": "sample"
      }
    },
    {
      "type": "Feature",
      "geometry": {
        "type": "Point",
        "coordinates": [
          793.0072116097966,
          611.0217847468143
        ]
      },
      "properties": {
        "Q_m": 134.7415363209937,
        "eta": 0.02,
        "kind": "sample"
      }
    },
    {
      "type": "Feature",
      "geometry": {
        "type": "Point",
        "coordinates": [
          839.3313952582897,
          551.1477907640863
        ]
      },
      "properties": {
        "Q_m": 134.75549595527986,
        "eta": 0.02,
        "kind": "sample"
      }
    },
    {
      "type": "Feature",
      "geometry": {
        "type": "Point",
        "coordinates": [
          830.6946830526384,
          561.8944050686785
        ]
      },
      "properties": {
        "Q_m": 134.7610801664906,
        "eta": 0.02,
        "kind": "sample"
      }
    },
    {
      "type": "Feature",
      "geometry": {
        "type": "Point",
        "coordinates": [
          807.9251690559215,
          591.0637867525716
        ]
      },
      "properties": {
        "Q_m": 134.76607859520414,
        "eta": 0.02,
        "kind": "sample"
      }
    },
    {
      "type": "Feature",
      "geometry": {
        "type": "Point",
        "coordinates": [
          812.6361029862767,
          584.9228642928045
        ]
      },
      "properties": {
        "Q_m": 134.76662209298627,
        "eta": 0.02,
        "kind": "sample"
      }
    },
    {
      "type": "Feature",
      "geometry": {
        "type": "Point",
        "coordinates": [
          772.5931645782573,
          638.6559358157657
        ]
      },
      "properties": {
        "Q_m": 134.7826812372463,
        "eta": 0.02,
        "kind": "sample"
      }
    },
    {
      "type": "Feature",
      "geometry": {
        "type": "Point",
        "coordinates": [
          772.5931645782573,
          -638.6559358157658
        ]
      },
      "properties": {
        "Q_m": 134.78268123724692,
        "eta": 0.02,
        "kind": "sample"
      }
    },
    {
      "type": "Feature",
      "geometry": {
        "type": "Point",
        "coordinates": [
          822.0579708469872,
          572.6410193732706
        ]
      },
      "properties": {
        "Q_m": 134.79040024084955,
        "eta": 0.02,
        "kind": "sample"
      }
    },
    {
      "type": "Feature",
      "geometry": {
        "type": "Point",
        "coordinates": [
          835.4056169829937,
          555.7534826089116
        ]
      },
      "properties": {
        "Q_m": 134.7988773265746,
        "eta": 0.02,
        "kind": "sample"
      }
    },
    {
      "type": "Feature",
      "geometry": {
        "type": "Point",
        "coordinates": [
          783.5853437490862,
          -623.3036296663483
        ]
      },
      "properties": {
        "Q_m": 134.80611177356315,
        "eta": 0.02,
        "kind": "sample"
      }
    },
    {
      "type": "Feature",
      "geometry": {
        "type": "Point",
        "coordinates": [
          783.5853437490862,
          623.3036296663483
        ]
      },
      "properties": {
        "Q_m": 134.80611177356337,
        "eta": 0.02,
        "kind": "sample"
      }
    },
    {
      "type": "Feature",
      "geometry": {
        "type": "Point",
        "coordinates": [
          826.7689047773424,
          566.5000969135036
        ]
      },
      "properties": {
        "Q_m": 134.81416524573896,
        "eta": 0.02,
        "kind": "sample"
      }
    },
    {
      "type": "Feature",
      "geometry": {
        "type": "Point",
        "coordinates": [
          808.7103247109807,
          589.5285561376298
        ]
      },
      "properties": {
        "Q_m": 134.8390600037653,
        "eta": 0.02,
        "kind": "sample"
      }
    },
    {
      "type": "Feature",
      "geometry": {
        "type": "Point",
        "coordinates": [
          813.421258641336,
          583.3876336778628
        ]
      },
      "properties": {
        "Q_m": 134.8420525291193,
        "eta": 0.02,
        "kind": "sample"
      }
    },
    {
      "type": "Feature",
      "geometry": {
        "type": "Point",
        "coordinates": [
          813.421258641336,
          -583.3876336778629
        ]
      },
      "properties": {
        "Q_m": 134.84205252912054,
        "eta": 0.02,
        "kind": "sample"
      }
    },
    {
      "type": "Feature",
      "geometry": {
        "type": "Point",
        "coordinates": [
          803.9993907806255,
          595.6694785973968
        ]
      },
      "properties": {
        "Q_m": 134.84337259950556,
        "eta": 0.02,
        "kind": "sample"
      }
    },
    {
      "type": "Feature",
      "geometry": {
        "type": "Point",
        "coordinates": [
          803.9993907806255,
          -595.669478597397
        ]
      },
      "properties": {
        "Q_m": 134.84337259950618,
        "eta": 0.02,
        "kind": "sample"
      }
    },
    {
      "type": "Feature",
      "geometry": {
        "type": "Point",
        "coordinates": [
          840.1165509133489,
          549.6125601491444
        ]
      },
      "properties": {
        "Q_m": 134.84548076511243,
        "eta": 0.02,
        "kind": "sample"
      }
    },
    {
      "type": "Feature",
      "geometry": {
        "type": "Point",
        "coordinates": [
          831.4798387076976,
          560.3591744537367
        ]
      },
      "properties": {
        "Q_m": 134.8462224047901,
        "eta": 0.02,
        "kind": "sample"
      }
    },
    {
      "type": "Feature",
      "geometry": {
        "type": "Point",
        "coordinates": [
          822.8431265020464,
          571.1057887583289
        ]
      },
      "properties": {
        "Q_m": 134.8709677274129,
        "eta": 0.02,
        "kind": "sample"
      }
    },
    {
      "type": "Feature",
      "geometry": {
        "type": "Point",
        "coordinates": [
          822.8431265020464,
          -571.105788758329
        ]
      },
      "properties": {
        "Q_m": 134.87096772741376,
        "eta": 0.02,
        "kind": "sample"
      }
    },
    {
      "type": "Feature",
      "geometry": {
        "type": "Point",
        "coordinates": [
          794.577522919915,
          607.9513235169308
        ]
      },
      "properties": {
        "Q_m": 134.87296546427734,
        "eta": 0.02,
        "kind": "sample"
      }
    },
    {
      "type": "Feature",
      "geometry": {
        "type": "Point",
        "coordinates": [
          794.577522919915,
          -607.9513235169309
        ]
      },
      "properties": {
        "Q_m": 134.87296546427777,
        "eta": 0.02,
        "kind": "sample"
      }
    },
    {
      "type": "Feature",
      "geometry": {
        "type": "Point",
        "coordinates": [
          774.1634758883757,
          -635.5854745858824
        ]
      },
      "properties": {
        "Q_m": 134.89504150934206,
        "eta": 0.02,
        "kind": "sample"
      }
    },
    {
      "type": "Feature",
      "geometry": {
        "type": "Point",
        "coordinates": [
          774.1634758883757,
          635.5854745858821
        ]
      },
      "properties": {
        "Q_m": 134.8950415093429,
        "eta": 0.02,
        "kind": "sample"
      }
    },
    {
      "type": "Feature",
      "geometry": {
        "type": "Point",
        "coordinates": [
          827.5540604324016,
          564.9648662985619
        ]
      },
      "properties": {
        "Q_m": 134.89742808378358,
        "eta": 0.02,
        "kind": "sample"
      }
    },
    {
      "type": "Feature",
      "geometry": {
        "type": "Point",
        "coordinates": [
          763.171296717547,
          650.9377807352996
        ]
      },
      "properties": {
        "Q_m": 134.901940643606,
        "eta": 0.02,
        "kind": "sample"
      }
    },
    {
      "type": "Feature",
      "geometry": {
        "type": "Point",
        "coordinates": [
          785.1556550592046,
          620.2331684364648
        ]
      },
      "properties": {
        "Q_m": 134.92903792282627,
        "eta": 0.02,
        "kind": "sample"
      }
    },
    {
      "type": "Feature",
      "geometry": {
        "type": "Point",
        "coordinates": [
          785.1556550592046,
          -620.2331684364649
        ]
      },
      "properties": {
        "Q_m": 134.92903792282712,
        "eta": 0.02,
        "kind": "sample"
      }
    },
    {
      "type": "Feature",
      "geometry": {
        "type": "Point",
        "coordinates": [
          832.2649943627569,
          558.823943838795
        ]
      },
      "properties": {
        "Q_m": 134.93227039092173,
        "eta": 0.02,
        "kind": "sample"
      }
    },
    {
      "type": "Feature",
      "geometry": {
        "type": "Point",
        "coordinates": [
          840.9017065684081,
          548.0773295342027
        ]
      },
      "properties": {
        "Q_m": 134.93642107176677,
        "eta": 0.02,
        "kind": "sample"
      }
    },
    {
      "type": "Feature",
      "geometry": {
        "type": "Point",
        "coordinates": [
          823.6282821571056,
          -569.5705581433873
        ]
      },
      "properties": {
        "Q_m": 134.95239488584983,
        "eta": 0.02,
        "kind": "sample"
      }
    },
    {
      "type": "Feature",
      "geometry": {
        "type": "Point",
        "coordinates": [
          823.6282821571056,
          569.5705581433872
        ]
      },
      "properties": {
        "Q_m": 134.95239488585,
        "eta": 0.02,
        "kind": "sample"
      }
    },
    {
      "type": "Feature",
      "geometry": {
        "type": "Point",
        "coordinates": [
          763.9564523726061,
          649.4025501203579
        ]
      },
      "properties": {
        "Q_m": 134.95409927651795,
        "eta": 0.02,
        "kind": "sample"
      }
    },
    {
      "type": "Feature",
      "geometry": {
        "type": "Point",
        "coordinates": [
          758.4603627871917,
          657.0787031950666
        ]
      },
      "properties": {
        "Q_m": 134.96957369129092,
        "eta": 0.02,
        "kind": "sample"
      }
    },
    {
      "type": "Feature",
      "geometry": {
        "type": "Point",
        "coordinates": [
          836.9759282931121,
          552.683021379028
        ]
      },
      "properties": {
        "Q_m": 134.97579716653755,
        "eta": 0.02,
        "kind": "sample"
      }
    },
    {
      "type": "Feature",
      "geometry": {
        "type": "Point",
        "coordinates": [
          805.5697020907439,
          592.5990173675134
        ]
      },
      "properties": {
        "Q_m": 134.98688594034076,
        "eta": 0.02,
        "kind": "sample"
      }
    },
    {
      "type": "Feature",
      "geometry": {
        "type": "Point",
        "coordinates": [
          810.2806360210991,
          586.4580949077463
        ]
      },
      "properties": {
        "Q_m": 134.98738876993258,
        "eta": 0.02,
        "kind": "sample"
      }
    },
    {
      "type": "Feature",
      "geometry": {
        "type": "Point",
        "coordinates": [
          814.9915699514544,
          -580.3171724479794
        ]
      },
      "properties": {
        "Q_m": 134.99534984626106,
        "eta": 0.02,
        "kind": "sample"
      }
    },
    {
      "type": "Feature",
      "geometry": {
        "type": "Point",
        "coordinates": [
          814.9915699514544,
          580.3171724479794
        ]
      },
      "properties": {
        "Q_m": 134.99534984626212,
        "eta": 0.02,
        "kind": "sample"
      }
    },
    {
      "type": "Feature",
      "geometry": {
        "type": "Point",
        "coordinates": [
          764.7416080276653,
          647.8673195054162
        ]
      },
      "properties": {
        "Q_m": 135.00685726174444,
        "eta": 0.02,
        "kind": "sample"
      }
    },
    {
      "type": "Feature",
      "geometry": {
        "type": "Point",
        "coordinates": [
          796.1478342300335,
          604.8808622870472
        ]
      },
      "properties": {
        "Q_m": 135.00728158429988,
        "eta": 0.02,
        "kind": "sample"
      }
    },
    {
      "type": "Feature",
      "geometry": {
        "type": "Point",
        "coordinates": [
          796.1478342300335,
          -604.8808622870474
        ]
      },
      "properties": {
        "Q_m": 135.0072815843005,
        "eta": 0.02,
        "kind": "sample"
      }
    },
    {
      "type": "Feature",
      "geometry": {
        "type": "Point",
        "coordinates": [
          775.7337871984942,
          -632.5150133559988
        ]
      },
      "properties": {
        "Q_m": 135.00994817912212,
        "eta": 0.02,
        "kind": "sample"
      }
    },
    {
      "type": "Feature",
      "geometry": {
        "type": "Point",
        "coordinates": [
          775.7337871984942,
          632.5150133559987
        ]
      },
      "properties": {
        "Q_m": 135.00994817912297,
        "eta": 0.02,
        "kind": "sample"
      }
    },
    {
      "type": "Feature",
      "geometry": {
        "type": "Point",
        "coordinates": [
          819.7025038818097,
          574.1762499882125
        ]
      },
      "properties": {
        "Q_m": 135.01102680317072,
        "eta": 0.02,
        "kind": "sample"
      }
    },
    {
      "type": "Feature",
      "geometry": {
        "type": "Point",
        "coordinates": [
          833.0501500178161,
          557.2887132238533
        ]
      },
      "properties": {
        "Q_m": 135.01923250736505,
        "eta": 0.02,
        "kind": "sample"
      }
    },
    {
      "type": "Feature",
      "geometry": {
        "type": "Point",
        "coordinates": [
          759.2455184422508,
          655.5434725801249
        ]
      },
      "properties": {
        "Q_m": 135.01995538684386,
        "eta": 0.02,
        "kind": "sample"
      }
    },
    {
      "type": "Feature",
      "geometry": {
        "type": "Point",
        "coordinates": [
          841.6868622234673,
          546.542098919261
        ]
      },
      "properties": {
        "Q_m": 135.02832590938254,
        "eta": 0.02,
        "kind": "sample"
      }
    },
    {
      "type": "Feature",
      "geometry": {
        "type": "Point",
        "coordinates": [
          824.4134378121648,
          -568.0353275284456
        ]
      },
      "properties": {
        "Q_m": 135.03468950697803,
        "eta": 0.02,
        "kind": "sample"
      }
    },
    {
      "type": "Feature",
      "geometry": {
        "type": "Point",
        "coordinates": [
          824.4134378121648,
          568.0353275284454
        ]
      },
      "properties": {
        "Q_m": 135.03468950697928,
        "eta": 0.02,
        "kind": "sample"
      }
    },
    {
      "type": "Feature",
      "geometry": {
        "type": "Point",
        "coordinates": [
          786.725966369323,
          -617.1627072065814
        ]
      },
      "properties": {
        "Q_m": 135.05469543647152,
        "eta": 0.02,
        "kind": "sample"
      }
    },
    {
      "type": "Feature",
      "geometry": {
        "type": "Point",
        "coordinates": [
          786.725966369323,
          617.1627072065812
        ]
      },
      "properties": {
        "Q_m": 135.0546954364728,
        "eta": 0.02,
        "kind": "sample"
      }
    },
    {
      "type": "Feature",
      "geometry": {
        "type": "Point",
        "coordinates": [
          765.5267636827245,
          646.3320888904744
        ]
      },
      "properties": {
        "Q_m": 135.06021930996252,
        "eta": 0.02,
        "kind": "sample"
      }
    },
    {
      "type": "Feature",
      "geometry": {
        "type": "Point",
        "coordinates": [
          811.0657916761584,
          584.9228642928045
        ]
      },
      "properties": {
        "Q_m": 135.06274996867228,
        "eta": 0.02,
        "kind": "sample"
      }
    },
    {
      "type": "Feature",
      "geometry": {
        "type": "Point",
        "coordinates": [
          837.7610839481713,
          551.1477907640863
        ]
      },
      "properties": {
        "Q_m": 135.0656675563126,
        "eta": 0.02,
        "kind": "sample"
      }
    },
    {
      "type": "Feature",
      "geometry": {
        "type": "Point",
        "coordinates": [
          829.12437174252,
          561.8944050686785
        ]
      },
      "properties": {
        "Q_m": 135.06662079048476,
        "eta": 0.02,
        "kind": "sample"
      }
    },
    {
      "type": "Feature",
      "geometry": {
        "type": "Point",
        "coordinates": [
          760.0306740973101,
          654.0082419651831
        ]
      },
      "properties": {
        "Q_m": 135.07092124028193,
        "eta": 0.02,
        "kind": "sample"
      }
    },
    {
      "type": "Feature",
      "geometry": {
        "type": "Point",
        "coordinates": [
          754.5345845118957,
          661.6843950398919
        ]
      },
      "properties": {
        "Q_m": 135.09098674484505,
        "eta": 0.02,
        "kind": "sample"
      }
    },
    {
      "type": "Feature",
      "geometry": {
        "type": "Point",
        "coordinates": [
          820.4876595368688,
          572.6410193732706
        ]
      },
      "properties": {
        "Q_m": 135.0915097824112,
        "eta": 0.02,
        "kind": "sample"
      }
    },
    {
      "type": "Feature",
      "geometry": {
        "type": "Point",
        "coordinates": [
          833.8353056728753,
          555.7534826089116
        ]
      },
      "properties": {
        "Q_m": 135.1071172402074,
        "eta": 0.02,
        "kind": "sample"
      }
    },
    {
      "type": "Feature",
      "geometry": {
        "type": "Point",
        "coordinates": [
          766.3119193377837,
          644.7968582755327
        ]
      },
      "properties": {
        "Q_m": 135.11419018155144,
        "eta": 0.02,
        "kind": "sample"
      }
    },
    {
      "type": "Feature",
      "geometry": {
        "type": "Point",
        "coordinates": [
          825.198593467224,
          566.5000969135036
        ]
      },
      "properties": {
        "Q_m": 135.1178594759565,
        "eta": 0.02,
        "kind": "sample"
      }
    },
    {
      "type": "Feature",
      "geometry": {
        "type": "Point",
        "coordinates": [
          825.198593467224,
          -566.5000969135037
        ]
      },
      "properties": {
        "Q_m": 135.11785947595672,
        "eta": 0.02,
        "kind": "sample"
      }
    },
    {
      "type": "Feature",
      "geometry": {
        "type": "Point",
        "coordinates": [
          777.3040985086126,
          629.4445521261152
        ]
      },
      "properties": {
        "Q_m": 135.12744246317175,
        "eta": 0.02,
        "kind": "sample"
      }
    },
    {
      "type": "Feature",
      "geometry": {
        "type": "Point",
        "coordinates": [
          777.3040985086126,
          -629.4445521261152
        ]
      },
      "properties": {
        "Q_m": 135.12744246317217,
        "eta": 0.02,
        "kind": "sample"
      }
    },
    {
      "type": "Feature",
      "geometry": {
        "type": "Point",
        "coordinates": [
          807.1400134008622,
          589.5285561376298
        ]
      },
      "properties": {
        "Q_m": 135.13350819173695,
        "eta": 0.02,
        "kind": "sample"
      }
    },
    {
      "type": "Feature",
      "geometry": {
        "type": "Point",
        "coordinates": [
          811.8509473312175,
          583.3876336778628
        ]
      },
      "properties": {
        "Q_m": 135.13891840731597,
        "eta": 0.02,
        "kind": "sample"
      }
    },
    {
      "type": "Feature",
      "geometry": {
        "type": "Point",
        "coordinates": [
          755.3197401669548,
          660.1491644249502
        ]
      },
      "properties": {
        "Q_m": 135.1402090714012,
        "eta": 0.02,
        "kind": "sample"
      }
    },
    {
      "type": "Feature",
      "geometry": {
        "type": "Point",
        "coordinates": [
          797.7181455401519,
          -601.810401057164
        ]
      },
      "properties": {
        "Q_m": 135.14453378584412,
        "eta": 0.02,
        "kind": "sample"
      }
    },
    {
      "type": "Feature",
      "geometry": {
        "type": "Point",
        "coordinates": [
          797.7181455401519,
          601.8104010571637
        ]
      },
      "properties": {
        "Q_m": 135.14453378584494,
        "eta": 0.02,
        "kind": "sample"
      }
    },
    {
      "type": "Feature",
      "geometry": {
        "type": "Point",
        "coordinates": [
          816.5618812615728,
          577.2467112180959
        ]
      },
      "properties": {
        "Q_m": 135.1519439664843,
        "eta": 0.02,
        "kind": "sample"
      }
    },
    {
      "type": "Feature",
      "geometry": {
        "type": "Point",
        "coordinates": [
          816.5618812615728,
          -577.2467112180959
        ]
      },
      "properties": {
        "Q_m": 135.1519439664845,
        "eta": 0.02,
        "kind": "sample"
      }
    },
    {
      "type": "Feature",
      "geometry": {
        "type": "Point",
        "coordinates": [
          829.9095273975793,
          560.3591744537367
        ]
      },
      "properties": {
        "Q_m": 135.1525670163668,
        "eta": 0.02,
        "kind": "sample"
      }
    },
    {
      "type": "Feature",
      "geometry": {
        "type": "Point",
        "coordinates": [
          838.5462396032306,
          549.6125601491444
        ]
      },
      "properties": {
        "Q_m": 135.15649004139811,
        "eta": 0.02,
        "kind": "sample"
      }
    },
    {
      "type": "Feature",
      "geometry": {
        "type": "Point",
        "coordinates": [
          821.272815191928,
          571.1057887583289
        ]
      },
      "properties": {
        "Q_m": 135.17284962222675,
        "eta": 0.02,
        "kind": "sample"
      }
    },
    {
      "type": "Feature",
      "geometry": {
        "type": "Point",
        "coordinates": [
          788.2962776794413,
          -614.0922459766979
        ]
      },
      "properties": {
        "Q_m": 135.1831297492296,
        "eta": 0.02,
        "kind": "sample"
      }
    },
    {
      "type": "Feature",
      "geometry": {
        "type": "Point",
        "coordinates": [
          788.2962776794413,
          614.0922459766978
        ]
      },
      "properties": {
        "Q_m": 135.18312974923023,
        "eta": 0.02,
        "kind": "sample"
      }
    },
    {
      "type": "Feature",
      "geometry": {
        "type": "Point",
        "coordinates": [
          847.1829518088816,
          538.8659458445524
        ]
      },
      "properties": {
        "Q_m": 135.1861813710891,
        "eta": 0.02,
        "kind": "sample"
      }
    },
    {
      "type": "Feature",
      "geometry": {
        "type": "Point",
        "coordinates": [
          847.1829518088816,
          -538.8659458445524
        ]
      },
      "properties": {
        "Q_m": 135.18618137108973,
        "eta": 0.02,
        "kind": "sample"
      }
    },
    {
      "type": "Feature",
      "geometry": {
        "type": "Point",
        "coordinates": [
          756.104895822014,
          658.6139338100083
        ]
      },
      "properties": {
        "Q_m": 135.19000530017098,
        "eta": 0.02,
        "kind": "sample"
      }
    },
    {
      "type": "Feature",
      "geometry": {
        "type": "Point",
        "coordinates": [
          834.6204613279344,
          554.2182519939697
        ]
      },
      "properties": {
        "Q_m": 135.19593318071486,
        "eta": 0.02,
        "kind": "sample"
      }
    },
    {
      "type": "Feature",
      "geometry": {
        "type": "Point",
        "coordinates": [
          825.9837491222831,
          -564.964866298562
        ]
      },
      "properties": {
        "Q_m": 135.20191277370247,
        "eta": 0.02,
        "kind": "sample"
      }
    },
    {
      "type": "Feature",
      "geometry": {
        "type": "Point",
        "coordinates": [
          825.9837491222831,
          564.9648662985619
        ]
      },
      "properties": {
        "Q_m": 135.2019127737031,
        "eta": 0.02,
        "kind": "sample"
      }
    },
    {
      "type": "Feature",
      "geometry": {
        "type": "Point",
        "coordinates": [
          830.6946830526384,
          558.823943838795
        ]
      },
      "properties": {
        "Q_m": 135.23942422956787,
        "eta": 0.02,
        "kind": "sample"
      }
    },
    {
      "type": "Feature",
      "geometry": {
        "type": "Point",
        "coordinates": [
          756.8900514770733,
          657.0787031950666
        ]
      },
      "properties": {
        "Q_m": 135.24037986066904,
        "eta": 0.02,
        "kind": "sample"
      }
    },
    {
      "type": "Feature",
      "geometry": {
        "type": "Point",
        "coordinates": [
          778.874409818731,
          626.3740908962318
        ]
      },
      "properties": {
        "Q_m": 135.24756647526755,
        "eta": 0.02,
        "kind": "sample"
      }
    },
    {
      "type": "Feature",
      "geometry": {
        "type": "Point",
        "coordinates": [
          778.874409818731,
          -626.3740908962318
        ]
      },
      "properties": {
        "Q_m": 135.2475664752686,
        "eta": 0.02,
        "kind": "sample"
      }
    },
    {
      "type": "Feature",
      "geometry": {
        "type": "Point",
        "coordinates": [
          839.3313952582897,
          548.0773295342027
        ]
      },
      "properties": {
        "Q_m": 135.24827359693248,
        "eta": 0.02,
        "kind": "sample"
      }
    },
    {
      "type": "Feature",
      "geometry": {
        "type": "Point",
        "coordinates": [
          763.171296717547,
          647.8673195054162
        ]
      },
      "properties": {
        "Q_m": 135.28071782051876,
        "eta": 0.02,
        "kind": "sample"
      }
    },
    {
      "type": "Feature",
      "geometry": {
        "type": "Point",
        "coordinates": [
          847.9681074639409,
          537.3307152296106
        ]
      },
      "properties": {
        "Q_m": 135.283187947739,
        "eta": 0.02,
        "kind": "sample"
      }
    },
    {
      "type": "Feature",
      "geometry": {
        "type": "Point",
        "coordinates": [
          847.9681074639409,
          -537.3307152296106
        ]
      },
      "properties": {
        "Q_m": 135.2831879477392,
        "eta": 0.02,
        "kind": "sample"
      }
    },
    {
      "type": "Feature",
      "geometry": {
        "type": "Point",
        "coordinates": [
          799.2884568502703,
          598.7399398272803
        ]
      },
      "properties": {
        "Q_m": 135.2847722951588,
        "eta": 0.02,
        "kind": "sample"
      }
    },
    {
      "type": "Feature",
      "geometry": {
        "type": "Point",
        "coordinates": [
          799.2884568502703,
          -598.7399398272805
        ]
      },
      "properties": {
        "Q_m": 135.28477229515943,
        "eta": 0.02,
        "kind": "sample"
      }
    },
    {
      "type": "Feature",
      "geometry": {
        "type": "Point",
        "coordinates": [
          835.4056169829937,
          552.683021379028
        ]
      },
      "properties": {
        "Q_m": 135.28568902696148,
        "eta": 0.02,
        "kind": "sample"
      }
    },
    {
      "type": "Feature",
      "geometry": {
        "type": "Point",
        "coordinates": [
          757.6752071321325,
          655.5434725801249
        ]
      },
      "properties": {
        "Q_m": 135.2913372283301,
        "eta": 0.02,
        "kind": "sample"
      }
    },
    {
      "type": "Feature",
      "geometry": {
        "type": "Point",
        "coordinates": [
          818.1321925716912,
          574.1762499882125
        ]
      },
      "properties": {
        "Q_m": 135.31189395047465,
        "eta": 0.02,
        "kind": "sample"
      }
    },
    {
      "type": "Feature",
      "geometry": {
        "type": "Point",
        "coordinates": [
          818.1321925716912,
          -574.1762499882125
        ]
      },
      "properties": {
        "Q_m": 135.31189395047488,
        "eta": 0.02,
        "kind": "sample"
      }
    },
    {
      "type": "Feature",
      "geometry": {
        "type": "Point",
        "coordinates": [
          763.9564523726061,
          646.3320888904744
        ]
      },
      "properties": {
        "Q_m": 135.3346735759014,
        "eta": 0.02,
        "kind": "sample"
      }
    },
    {
      "type": "Feature",
      "geometry": {
        "type": "Point",
        "coordinates": [
          822.8431265020464,
          -568.0353275284456
        ]
      },
      "properties": {
        "Q_m": 135.33813094959794,
        "eta": 0.02,
        "kind": "sample"
      }
    },
    {
      "type": "Feature",
      "geometry": {
        "type": "Point",
        "coordinates": [
          822.8431265020464,
          568.0353275284454
        ]
      },
      "properties": {
        "Q_m": 135.3381309495988,
        "eta": 0.02,
        "kind": "sample"
      }
    },
    {
      "type": "Feature",
      "geometry": {
        "type": "Point",
        "coordinates": [
          840.1165509133489,
          546.542098919261
        ]
      },
      "properties": {
        "Q_m": 135.3410273109751,
        "eta": 0.02,
        "kind": "sample"
      }
    },
    {
      "type": "Feature",
      "geometry": {
        "type": "Point",
        "coordinates": [
          758.4603627871917,
          654.0082419651831
        ]
      },
      "properties": {
        "Q_m": 135.34288192511048,
        "eta": 0.02,
        "kind": "sample"
      }
    },
    {
      "type": "Feature",
      "geometry": {
        "type": "Point",
        "coordinates": [
          780.4447211288494,
          623.3036296663483
        ]
      },
      "properties": {
        "Q_m": 135.3703632507227,
        "eta": 0.02,
        "kind": "sample"
      }
    },
    {
      "type": "Feature",
      "geometry": {
        "type": "Point",
        "coordinates": [
          780.4447211288494,
          -623.3036296663483
        ]
      },
      "properties": {
        "Q_m": 135.37036325072333,
        "eta": 0.02,
        "kind": "sample"
      }
    },
    {
      "type": "Feature",
      "geometry": {
        "type": "Point",
        "coordinates": [
          836.190772638053,
          551.1477907640863
        ]
      },
      "properties": {
        "Q_m": 135.37639358547477,
        "eta": 0.02,
        "kind": "sample"
      }
    },
    {
      "type": "Feature",
      "geometry": {
        "type": "Point",
        "coordinates": [
          764.7416080276653,
          644.7968582755327
        ]
      },
      "properties": {
        "Q_m": 135.3892414751518,
        "eta": 0.02,
        "kind": "sample"
      }
    },
    {
      "type": "Feature",
      "geometry": {
        "type": "Point",
        "coordinates": [
          759.2455184422508,
          652.4730113502413
        ]
      },
      "properties": {
        "Q_m": 135.39501852007766,
        "eta": 0.02,
        "kind": "sample"
      }
    },
    {
      "type": "Feature",
      "geometry": {
        "type": "Point",
        "coordinates": [
          844.827484843704,
          540.4011764594941
        ]
      },
      "properties": {
        "Q_m": 135.40577527984544,
        "eta": 0.02,
        "kind": "sample"
      }
    },
    {
      "type": "Feature",
      "geometry": {
        "type": "Point",
        "coordinates": [
          844.827484843704,
          -540.4011764594941
        ]
      },
      "properties": {
        "Q_m": 135.4057752798465,
        "eta": 0.02,
        "kind": "sample"
      }
    },
    {
      "type": "Feature",
      "geometry": {
        "type": "Point",
        "coordinates": [
          753.7494288568364,
          660.1491644249502
        ]
      },
      "properties": {
        "Q_m": 135.41031019729294,
        "eta": 0.02,
        "kind": "sample"
      }
    },
    {
      "type": "Feature",
      "geometry": {
        "type": "Point",
        "coordinates": [
          832.2649943627569,
          555.7534826089116
        ]
      },
      "properties": {
        "Q_m": 135.41590545070343,
        "eta": 0.02,
        "kind": "sample"
      }
    },
    {
      "type": "Feature",
      "geometry": {
        "type": "Point",
        "coordinates": [
          823.6282821571056,
          566.5000969135036
        ]
      },
      "properties": {
        "Q_m": 135.42208820529902,
        "eta": 0.02,
        "kind": "sample"
      }
    },
    {
      "type": "Feature",
      "geometry": {
        "type": "Point",
        "coordinates": [
          823.6282821571056,
          -566.5000969135037
        ]
      },
      "properties": {
        "Q_m": 135.42208820529984,
        "eta": 0.02,
        "kind": "sample"
      }
    },
    {
      "type": "Feature",
      "geometry": {
        "type": "Point",
        "coordinates": [
          800.8587681603888,
          -595.669478597397
        ]
      },
      "properties": {
        "Q_m": 135.4280484918866,
        "eta": 0.02,
        "kind": "sample"
      }
    },
    {
      "type": "Feature",
      "geometry": {
        "type": "Point",
        "coordinates": [
          800.8587681603888,
          595.6694785973968
        ]
      },
      "properties": {
        "Q_m": 135.4280484918872,
        "eta": 0.02,
        "kind": "sample"
      }
    },
    {
      "type": "Feature",
      "geometry": {
        "type": "Point",
        "coordinates": [
          810.2806360210991,
          -583.3876336778629
        ]
      },
      "properties": {
        "Q_m": 135.43629834876367,
        "eta": 0.02,
        "kind": "sample"
      }
    },
    {
      "type": "Feature",
      "geometry": {
        "type": "Point",
        "coordinates": [
          810.2806360210991,
          583.3876336778628
        ]
      },
      "properties": {
        "Q_m": 135.4362983487643,
        "eta": 0.02,
        "kind": "sample"
      }
    },
    {
      "type": "Feature",
      "geometry": {
        "type": "Point",
        "coordinates": [
          760.0306740973101,
          650.9377807352996
        ]
      },
      "properties": {
        "Q_m": 135.44775163003231,
        "eta": 0.02,
        "kind": "sample"
      }
    },
    {
      "type": "Feature",
      "geometry": {
        "type": "Point",
        "coordinates": [
          791.4369002996782,
          607.9513235169308
        ]
      },
      "properties": {
        "Q_m": 135.44851561667232,
        "eta": 0.02,
        "kind": "sample"
      }
    },
    {
      "type": "Feature",
      "geometry": {
        "type": "Point",
        "coordinates": [
          791.4369002996782,
          -607.9513235169309
        ]
      },
      "properties": {
        "Q_m": 135.44851561667252,
        "eta": 0.02,
        "kind": "sample"
      }
    },
    {
      "type": "Feature",
      "geometry": {
        "type": "Point",
        "coordinates": [
          754.5345845118957,
          658.6139338100083
        ]
      },
      "properties": {
        "Q_m": 135.46067715136016,
        "eta": 0.02,
        "kind": "sample"
      }
    },
    {
      "type": "Feature",
      "geometry": {
        "type": "Point",
        "coordinates": [
          836.9759282931121,
          549.6125601491444
        ]
      },
      "properties": {
        "Q_m": 135.46805577292164,
        "eta": 0.02,
        "kind": "sample"
      }
    },
    {
      "type": "Feature",
      "geometry": {
        "type": "Point",
        "coordinates": [
          819.7025038818097,
          -571.105788758329
        ]
      },
      "properties": {
        "Q_m": 135.47526027738155,
        "eta": 0.02,
        "kind": "sample"
      }
    },
    {
      "type": "Feature",
      "geometry": {
        "type": "Point",
        "coordinates": [
          819.7025038818097,
          571.1057887583289
        ]
      },
      "properties": {
        "Q_m": 135.47526027738218,
        "eta": 0.02,
        "kind": "sample"
      }
    },
    {
      "type": "Feature",
      "geometry": {
        "type": "Point",
        "coordinates": [
          782.0150324389679,
          -620.2331684364649
        ]
      },
      "properties": {
        "Q_m": 135.4958767715269,
        "eta": 0.02,
        "kind": "sample"
      }
    },
    {
      "type": "Feature",
      "geometry": {
        "type": "Point",
        "coordinates": [
          782.0150324389679,
          620.2331684364648
        ]
      },
      "properties": {
        "Q_m": 135.4958767715273,
        "eta": 0.02,
        "kind": "sample"
      }
    },
    {
      "type": "Feature",
      "geometry": {
        "type": "Point",
        "coordinates": [
          845.6126404987633,
          538.8659458445524
        ]
      },
      "properties": {
        "Q_m": 135.50264233747353,
        "eta": 0.02,
        "kind": "sample"
      }
    },
    {
      "type": "Feature",
      "geometry": {
        "type": "Point",
        "coordinates": [
          845.6126404987633,
          -538.8659458445524
        ]
      },
      "properties": {
        "Q_m": 135.50264233747458,
        "eta": 0.02,
        "kind": "sample"
      }
    },
    {
      "type": "Feature",
      "geometry": {
        "type": "Point",
        "coordinates": [
          833.0501500178161,
          554.2182519939697
        ]
      },
      "properties": {
        "Q_m": 135.5055466371531,
        "eta": 0.02,
        "kind": "sample"
      }
    },
    {
      "type": "Feature",
      "geometry": {
        "type": "Point",
        "coordinates": [
          824.4134378121648,
          -564.964866298562
        ]
      },
      "properties": {
        "Q_m": 135.50693386069884,
        "eta": 0.02,
        "kind": "sample"
      }
    },
    {
      "type": "Feature",
      "geometry": {
        "type": "Point",
        "coordinates": [
          824.4134378121648,
          564.9648662985619
        ]
      },
      "properties": {
        "Q_m": 135.50693386069904,
        "eta": 0.02,
        "kind": "sample"
      }
    },
    {
      "type": "Feature",
      "geometry": {
        "type": "Point",
        "coordinates": [
          755.3197401669548,
          657.0787031950666
        ]
      },
      "properties": {
        "Q_m": 135.51162556540157,
        "eta": 0.02,
        "kind": "sample"
      }
    },
    {
      "type": "Feature",
      "geometry": {
        "type": "Point",
        "coordinates": [
          829.12437174252,
          558.823943838795
        ]
      },
      "properties": {
        "Q_m": 135.54712230386372,
        "eta": 0.02,
        "kind": "sample"
      }
    },
    {
      "type": "Feature",
      "geometry": {
        "type": "Point",
        "coordinates": [
          761.6009854074285,
          647.8673195054162
        ]
      },
      "properties": {
        "Q_m": 135.55502610445987,
        "eta": 0.02,
        "kind": "sample"
      }
    },
    {
      "type": "Feature",
      "geometry": {
        "type": "Point",
        "coordinates": [
          837.7610839481713,
          548.0773295342027
        ]
      },
      "properties": {
        "Q_m": 135.56068461781553,
        "eta": 0.02,
        "kind": "sample"
      }
    },
    {
      "type": "Feature",
      "geometry": {
        "type": "Point",
        "coordinates": [
          772.5931645782573,
          -632.5150133559988
        ]
      },
      "properties": {
        "Q_m": 135.56846296947427,
        "eta": 0.02,
        "kind": "sample"
      }
    },
    {
      "type": "Feature",
      "geometry": {
        "type": "Point",
        "coordinates": [
          772.5931645782573,
          632.5150133559987
        ]
      },
      "properties": {
        "Q_m": 135.56846296947575,
        "eta": 0.02,
        "kind": "sample"
      }
    },
    {
      "type": "Feature",
      "geometry": {
        "type": "Point",
        "coordinates": [
          802.4290794705071,
          -592.5990173675134
        ]
      },
      "properties": {
        "Q_m": 135.5744149420702,
        "eta": 0.02,
        "kind": "sample"
      }
    },
    {
      "type": "Feature",
      "geometry": {
        "type": "Point",
        "coordinates": [
          802.4290794705071,
          592.5990173675134
        ]
      },
      "properties": {
        "Q_m": 135.57441494207126,
        "eta": 0.02,
        "kind": "sample"
      }
    },
    {
      "type": "Feature",
      "geometry": {
        "type": "Point",
        "coordinates": [
          793.0072116097966,
          604.8808622870472
        ]
      },
      "properties": {
        "Q_m": 135.58556323229763,
        "eta": 0.02,
        "kind": "sample"
      }
    },
    {
      "type": "Feature",
      "geometry": {
        "type": "Point",
        "coordinates": [
          793.0072116097966,
          -604.8808622870474
        ]
      },
      "properties": {
        "Q_m": 135.58556323229826,
        "eta": 0.02,
        "kind": "sample"
      }
    },
    {
      "type": "Feature",
      "geometry": {
        "type": "Point",
        "coordinates": [
          811.8509473312175,
          580.3171724479794
        ]
      },
      "properties": {
        "Q_m": 135.59257894684492,
        "eta": 0.02,
        "kind": "sample"
      }
    },
    {
      "type": "Feature",
      "geometry": {
        "type": "Point",
        "coordinates": [
          811.8509473312175,
          -580.3171724479794
        ]
      },
      "properties": {
        "Q_m": 135.59257894684555,
        "eta": 0.02,
        "kind": "sample"
      }
    },
    {
      "type": "Feature",
      "geometry": {
        "type": "Point",
        "coordinates": [
          833.8353056728753,
          552.683021379028
        ]
      },
      "properties": {
        "Q_m": 135.59613317118811,
        "eta": 0.02,
        "kind": "sample"
      }
    },
    {
      "type": "Feature",
      "geometry": {
        "type": "Point",
        "coordinates": [
          846.3977961538225,
          537.3307152296106
        ]
      },
      "properties": {
        "Q_m": 135.6005305885629,
        "eta": 0.02,
        "kind": "sample"
      }
    },
    {
      "type": "Feature",
      "geometry": {
        "type": "Point",
        "coordinates": [
          846.3977961538225,
          -537.3307152296106
        ]
      },
      "properties": {
        "Q_m": 135.60053058856394,
        "eta": 0.02,
        "kind": "sample"
      }
    },
    {
      "type": "Feature",
      "geometry": {
        "type": "Point",
        "coordinates": [
          756.8900514770733,
          654.0082419651831
        ]
      },
      "properties": {
        "Q_m": 135.61528482195288,
        "eta": 0.02,
        "kind": "sample"
      }
    },
    {
      "type": "Feature",
      "geometry": {
        "type": "Point",
        "coordinates": [
          783.5853437490862,
          617.1627072065812
        ]
      },
      "properties": {
        "Q_m": 135.6241519923036,
        "eta": 0.02,
        "kind": "sample"
      }
    },
    {
      "type": "Feature",
      "geometry": {
        "type": "Point",
        "coordinates": [
          783.5853437490862,
          -617.1627072065814
        ]
      },
      "properties": {
        "Q_m": 135.62415199230404,
        "eta": 0.02,
        "kind": "sample"
      }
    },
    {
      "type": "Feature",
      "geometry": {
        "type": "Point",
        "coordinates": [
          821.272815191928,
          -568.0353275284456
        ]
      },
      "properties": {
        "Q_m": 135.64210488727875,
        "eta": 0.02,
        "kind": "sample"
      }
    },
    {
      "type": "Feature",
      "geometry": {
        "type": "Point",
        "coordinates": [
          821.272815191928,
          568.0353275284454
        ]
      },
      "properties": {
        "Q_m": 135.64210488727977,
        "eta": 0.02,
        "kind": "sample"
      }
    },
    {
      "type": "Feature",
      "geometry": {
        "type": "Point",
        "coordinates": [
          838.5462396032306,
          546.542098919261
        ]
      },
      "properties": {
        "Q_m": 135.65428926226394,
        "eta": 0.02,
        "kind": "sample"
      }
    },
    {
      "type": "Feature",
      "geometry": {
        "type": "Point",
        "coordinates": [
          763.171296717547,
          644.7968582755327
        ]
      },
      "properties": {
        "Q_m": 135.66474326113018,
        "eta": 0.02,
        "kind": "sample"
      }
    },
    {
      "type": "Feature",
      "geometry": {
        "type": "Point",
        "coordinates": [
          757.6752071321325,
          652.4730113502413
        ]
      },
      "properties": {
        "Q_m": 135.66800480627586,
        "eta": 0.02,
        "kind": "sample"
      }
    },
    {
      "type": "Feature",
      "geometry": {
        "type": "Point",
        "coordinates": [
          774.1634758883757,
          -629.4445521261152
        ]
      },
      "properties": {
        "Q_m": 135.68846834136502,
        "eta": 0.02,
        "kind": "sample"
      }
    },
    {
      "type": "Feature",
      "geometry": {
        "type": "Point",
        "coordinates": [
          774.1634758883757,
          629.4445521261152
        ]
      },
      "properties": {
        "Q_m": 135.68846834136588,
        "eta": 0.02,
        "kind": "sample"
      }
    },
    {
      "type": "Feature",
      "geometry": {
        "type": "Point",
        "coordinates": [
          847.1829518088816,
          -535.7954846146688
        ]
      },
      "properties": {
        "Q_m": 135.69944990396007,
        "eta": 0.02,
        "kind": "sample"
      }
    },
    {
      "type": "Feature",
      "geometry": {
        "type": "Point",
        "coordinates": [
          847.1829518088816,
          535.7954846146689
        ]
      },
      "properties": {
        "Q_m": 135.6994499039607,
        "eta": 0.02,
        "kind": "sample"
      }
    },
    {
      "type": "Feature",
      "geometry": {
        "type": "Point",
        "coordinates": [
          758.4603627871917,
          650.9377807352996
        ]
      },
      "properties": {
        "Q_m": 135.72132453542534,
        "eta": 0.02,
        "kind": "sample"
      }
    },
    {
      "type": "Feature",
      "geometry": {
        "type": "Point",
        "coordinates": [
          803.9993907806255,
          589.5285561376298
        ]
      },
      "properties": {
        "Q_m": 135.72392543230316,
        "eta": 0.02,
        "kind": "sample"
      }
    },
    {
      "type": "Feature",
      "geometry": {
        "type": "Point",
        "coordinates": [
          803.9993907806255,
          -589.52855613763
        ]
      },
      "properties": {
        "Q_m": 135.72392543230356,
        "eta": 0.02,
        "kind": "sample"
      }
    },
    {
      "type": "Feature",
      "geometry": {
        "type": "Point",
        "coordinates": [
          830.6946830526384,
          555.7534826089116
        ]
      },
      "properties": {
        "Q_m": 135.72524183079628,
        "eta": 0.02,
        "kind": "sample"
      }
    },
    {
      "type": "Feature",
      "geometry": {
        "type": "Point",
        "coordinates": [
          794.577522919915,
          -601.810401057164
        ]
      },
      "properties": {
        "Q_m": 135.725579828369,
        "eta": 0.02,
        "kind": "sample"
      }
    },
    {
      "type": "Feature",
      "geometry": {
        "type": "Point",
        "coordinates": [
          794.577522919915,
          601.8104010571637
        ]
      },
      "properties": {
        "Q_m": 135.72557982836963,
        "eta": 0.02,
        "kind": "sample"
      }
    },
    {
      "type": "Feature",
      "geometry": {
        "type": "Point",
        "coordinates": [
          741.1869383758892,
          675.5014705743677
        ]
      },
      "properties": {
        "Q_m": 135.73388874765885,
        "eta": 0.02,
        "kind": "sample"
      }
    },
    {
      "type": "Feature",
      "geometry": {
        "type": "Point",
        "coordinates": [
          741.1869383758892,
          -675.5014705743677
        ]
      },
      "properties": {
        "Q_m": 135.73388874765988,
        "eta": 0.02,
        "kind": "sample"
      }
    },
    {
      "type": "Feature",
      "geometry": {
        "type": "Point",
        "coordinates": [
          813.421258641336,
          577.2467112180959
        ]
      },
      "properties": {
        "Q_m": 135.75219391647022,
        "eta": 0.02,
        "kind": "sample"
      }
    },
    {
      "type": "Feature",
      "geometry": {
        "type": "Point",
        "coordinates": [
          813.421258641336,
          -577.2467112180959
        ]
      },
      "properties": {
        "Q_m": 135.75219391647084,
        "eta": 0.02,
        "kind": "sample"
      }
    },
    {
      "type": "Feature",
      "geometry": {
        "type": "Point",
        "coordinates": [
          785.1556550592046,
          -614.0922459766979
        ]
      },
      "properties": {
        "Q_m": 135.75523486713013,
        "eta": 0.02,
        "kind": "sample"
      }
    },
    {
      "type": "Feature",
      "geometry": {
        "type": "Point",
        "coordinates": [
          785.1556550592046,
          614.0922459766978
        ]
      },
      "properties": {
        "Q_m": 135.75523486713075,
        "eta": 0.02,
        "kind": "sample"
      }
    },
    {
      "type": "Feature",
      "geometry": {
        "type": "Point",
        "coordinates": [
          764.7416080276653,
          641.7263970456493
        ]
      },
      "properties": {
        "Q_m": 135.77694181712258,
        "eta": 0.02,
        "kind": "sample"
      }
    },
    {
      "type": "Feature",
      "geometry": {
        "type": "Point",
        "coordinates": [
          835.4056169829937,
          549.6125601491444
        ]
      },
      "properties": {
        "Q_m": 135.78017782764195,
        "eta": 0.02,
        "kind": "sample"
      }
    },
    {
      "type": "Feature",
      "geometry": {
        "type": "Point",
        "coordinates": [
          753.7494288568364,
          657.0787031950666
        ]
      },
      "properties": {
        "Q_m": 135.78331073806478,
        "eta": 0.02,
        "kind": "sample"
      }
    },
    {
      "type": "Feature",
      "geometry": {
        "type": "Point",
        "coordinates": [
          847.9681074639409,
          -534.2602539997271
        ]
      },
      "properties": {
        "Q_m": 135.7994102817488,
        "eta": 0.02,
        "kind": "sample"
      }
    },
    {
      "type": "Feature",
      "geometry": {
        "type": "Point",
        "coordinates": [
          847.9681074639409,
          534.2602539997272
        ]
      },
      "properties": {
        "Q_m": 135.79941028174943,
        "eta": 0.02,
        "kind": "sample"
      }
    },
    {
      "type": "Feature",
      "geometry": {
        "type": "Point",
        "coordinates": [
          775.7337871984942,
          626.3740908962318
        ]
      },
      "properties": {
        "Q_m": 135.81113241967984,
        "eta": 0.02,
        "kind": "sample"
      }
    },
    {
      "type": "Feature",
      "geometry": {
        "type": "Point",
        "coordinates": [
          775.7337871984942,
          -626.3740908962318
        ]
      },
      "properties": {
        "Q_m": 135.8111324196807,
        "eta": 0.02,
        "kind": "sample"
      }
    },
    {
      "type": "Feature",
      "geometry": {
        "type": "Point",
        "coordinates": [
          822.8431265020464,
          -564.964866298562
        ]
      },
      "properties": {
        "Q_m": 135.8124912251511,
        "eta": 0.02,
        "kind": "sample"
      }
    },
    {
      "type": "Feature",
      "geometry": {
        "type": "Point",
        "coordinates": [
          822.8431265020464,
          564.9648662985619
        ]
      },
      "properties": {
        "Q_m": 135.81249122515192,
        "eta": 0.02,
        "kind": "sample"
      }
    },
    {
      "type": "Feature",
      "geometry": {
        "type": "Point",
        "coordinates": [
          840.1165509133489,
          543.4716376893775
        ]
      },
      "properties": {
        "Q_m": 135.8444630968787,
        "eta": 0.02,
        "kind": "sample"
      }
    },
    {
      "type": "Feature",
      "geometry": {
        "type": "Point",
        "coordinates": [
          836.190772638053,
          548.0773295342027
        ]
      },
      "properties": {
        "Q_m": 135.8736540015809,
        "eta": 0.02,
        "kind": "sample"
      }
    },
    {
      "type": "Feature",
      "geometry": {
        "type": "Point",
        "coordinates": [
          852.6790413942962,
          528.1193315399602
        ]
      },
      "properties": {
        "Q_m": 135.88710593155548,
        "eta": 0.02,
        "kind": "sample"
      }
    },
    {
      "type": "Feature",
      "geometry": {
        "type": "Point",
        "coordinates": [
          852.6790413942962,
          -528.1193315399601
        ]
      },
      "properties": {
        "Q_m": 135.8871059315557,
        "eta": 0.02,
        "kind": "sample"
      }
    },
    {
      "type": "Feature",
      "geometry": {
        "type": "Point",
        "coordinates": [
          755.3197401669548,
          654.0082419651831
        ]
      },
      "properties": {
        "Q_m": 135.8881298623859,
        "eta": 0.02,
        "kind": "sample"
      }
    },
    {
      "type": "Feature",
      "geometry": {
        "type": "Point",
        "coordinates": [
          766.3119193377837,
          -638.6559358157658
        ]
      },
      "properties": {
        "Q_m": 135.89166131513528,
        "eta": 0.02,
        "kind": "sample"
      }
    },
    {
      "type": "Feature",
      "geometry": {
        "type": "Point",
        "coordinates": [
          766.3119193377837,
          638.6559358157657
        ]
      },
      "properties": {
        "Q_m": 135.8916613151359,
        "eta": 0.02,
        "kind": "sample"
      }
    },
    {
      "type": "Feature",
      "geometry": {
        "type": "Point",
        "coordinates": [
          832.2649943627569,
          552.683021379028
        ]
      },
      "properties": {
        "Q_m": 135.90712947041064,
        "eta": 0.02,
        "kind": "sample"
      }
    },
    {
      "type": "Feature",
      "geometry": {
        "type": "Point",
        "coordinates": [
          844.827484843704,
          -537.3307152296106
        ]
      },
      "properties": {
        "Q_m": 135.91844653421782,
        "eta": 0.02,
        "kind": "sample"
      }
    },
    {
      "type": "Feature",
      "geometry": {
        "type": "Point",
        "coordinates": [
          844.827484843704,
          537.3307152296106
        ]
      },
      "properties": {
        "Q_m": 135.91844653421822,
        "eta": 0.02,
        "kind": "sample"
      }
    },
    {
      "type": "Feature",
      "geometry": {
        "type": "Point",
        "coordinates": [
          836.9759282931121,
          546.542098919261
        ]
      },
      "properties": {
        "Q_m": 135.96811162961671,
        "eta": 0.02,
        "kind": "sample"
      }
    },
    {
      "type": "Feature",
      "geometry": {
        "type": "Point",
        "coordinates": [
          853.4641970493553,
          526.5841009250184
        ]
      },
      "properties": {
        "Q_m": 135.99150116597227,
        "eta": 0.02,
        "kind": "sample"
      }
    },
    {
      "type": "Feature",
      "geometry": {
        "type": "Point",
        "coordinates": [
          853.4641970493553,
          -526.5841009250183
        ]
      },
      "properties": {
        "Q_m": 135.99150116597332,
        "eta": 0.02,
        "kind": "sample"
      }
    },
    {
      "type": "Feature",
      "geometry": {
        "type": "Point",
        "coordinates": [
          733.3353818252971,
          684.712854264018
        ]
      },
      "properties": {
        "Q_m": 135.9931435415422,
        "eta": 0.02,
        "kind": "sample"
      }
    },
    {
      "type": "Feature",
      "geometry": {
        "type": "Point",
        "coordinates": [
          733.3353818252971,
          -684.712854264018
        ]
      },
      "properties": {
        "Q_m": 135.99314354154328,
        "eta": 0.02,
        "kind": "sample"
      }
    },
    {
      "type": "Feature",
      "geometry": {
        "type": "Point",
        "coordinates": [
          756.8900514770733,
          650.9377807352996
        ]
      },
      "properties": {
        "Q_m": 135.9953422894202,
        "eta": 0.02,
        "kind": "sample"
      }
    },
    {
      "type": "Feature",
      "geometry": {
        "type": "Point",
        "coordinates": [
          797.7181455401519,
          595.6694785973968
        ]
      },
      "properties": {
        "Q_m": 136.01472434715225,
        "eta": 0.02,
        "kind": "sample"
      }
    },
    {
      "type": "Feature",
      "geometry": {
        "type": "Point",
        "coordinates": [
          797.7181455401519,
          -595.669478597397
        ]
      },
      "properties": {
        "Q_m": 136.01472434715265,
        "eta": 0.02,
        "kind": "sample"
      }
    },
    {
      "type": "Feature",
      "geometry": {
        "type": "Point",
        "coordinates": [
          845.6126404987633,
          535.7954846146689
        ]
      },
      "properties": {
        "Q_m": 136.01825568744542,
        "eta": 0.02,
        "kind": "sample"
      }
    },
    {
      "type": "Feature",
      "geometry": {
        "type": "Point",
        "coordinates": [
          845.6126404987633,
          -535.7954846146688
        ]
      },
      "properties": {
        "Q_m": 136.01825568744584,
        "eta": 0.02,
        "kind": "sample"
      }
    },
    {
      "type": "Feature",
      "geometry": {
        "type": "Point",
        "coordinates": [
          807.1400134008622,
          -583.3876336778629
        ]
      },
      "properties": {
        "Q_m": 136.03259999520975,
        "eta": 0.02,
        "kind": "sample"
      }
    },
    {
      "type": "Feature",
      "geometry": {
        "type": "Point",
        "coordinates": [
          807.1400134008622,
          583.3876336778628
        ]
      },
      "properties": {
        "Q_m": 136.03259999521057,
        "eta": 0.02,
        "kind": "sample"
      }
    },
    {
      "type": "Feature",
      "geometry": {
        "type": "Point",
        "coordinates": [
          841.6868622234673,
          -540.4011764594941
        ]
      },
      "properties": {
        "Q_m": 136.0386527537501,
        "eta": 0.02,
        "kind": "sample"
      }
    },
    {
      "type": "Feature",
      "geometry": {
        "type": "Point",
        "coordinates": [
          841.6868622234673,
          540.4011764594941
        ]
      },
      "properties": {
        "Q_m": 136.03865275375094,
        "eta": 0.02,
        "kind": "sample"
      }
    },
    {
      "type": "Feature",
      "geometry": {
        "type": "Point",
        "coordinates": [
          778.874409818731,
          620.2331684364648
        ]
      },
      "properties": {
        "Q_m": 136.06461174802814,
        "eta": 0.02,
        "kind": "sample"
      }
    },
    {
      "type": "Feature",
      "geometry": {
        "type": "Point",
        "coordinates": [
          778.874409818731,
          -620.2331684364649
        ]
      },
      "properties": {
        "Q_m": 136.06461174802837,
        "eta": 0.02,
        "kind": "sample"
      }
    },
    {
      "type": "Feature",
      "geometry": {
        "type": "Point",
        "coordinates": [
          816.5618812615728,
          -571.105788758329
        ]
      },
      "properties": {
        "Q_m": 136.08166740920743,
        "eta": 0.02,
        "kind": "sample"
      }
    },
    {
      "type": "Feature",
      "geometry": {
        "type": "Point",
        "coordinates": [
          816.5618812615728,
          571.1057887583289
        ]
      },
      "properties": {
        "Q_m": 136.08166740920763,
        "eta": 0.02,
        "kind": "sample"
      }
    },
    {
      "type": "Feature",
      "geometry": {
        "type": "Point",
        "coordinates": [
          734.9056931354155,
          -681.6423930341346
        ]
      },
      "properties": {
        "Q_m": 136.08222725999775,
        "eta": 0.02,
        "kind": "sample"
      }
    },
    {
      "type": "Feature",
      "geometry": {
        "type": "Point",
        "coordinates": [
          734.9056931354155,
          681.6423930341346
        ]
      },
      "properties": {
        "Q_m": 136.08222725999838,
        "eta": 0.02,
        "kind": "sample"
      }
    },
    {
      "type": "Feature",
      "geometry": {
        "type": "Point",
        "coordinates": [
          854.2493527044146,
          525.0488703100766
        ]
      },
      "properties": {
        "Q_m": 136.09699379625874,
        "eta": 0.02,
        "kind": "sample"
      }
    },
    {
      "type": "Feature",
      "geometry": {
        "type": "Point",
        "coordinates": [
          854.2493527044146,
          -525.0488703100766
        ]
      },
      "properties": {
        "Q_m": 136.0969937962602,
        "eta": 0.02,
        "kind": "sample"
      }
    },
    {
      "type": "Feature",
      "geometry": {
        "type": "Point",
        "coordinates": [
          846.3977961538225,
          -534.2602539997271
        ]
      },
      "properties": {
        "Q_m": 136.11911198752784,
        "eta": 0.02,
        "kind": "sample"
      }
    },
    {
      "type": "Feature",
      "geometry": {
        "type": "Point",
        "coordinates": [
          846.3977961538225,
          534.2602539997272
        ]
      },
      "properties": {
        "Q_m": 136.1191119875287,
        "eta": 0.02,
        "kind": "sample"
      }
    },
    {
      "type": "Feature",
      "geometry": {
        "type": "Point",
        "coordinates": [
          769.4525419580204,
          -632.5150133559988
        ]
      },
      "properties": {
        "Q_m": 136.12882556849485,
        "eta": 0.02,
        "kind": "sample"
      }
    },
    {
      "type": "Feature",
      "geometry": {
        "type": "Point",
        "coordinates": [
          769.4525419580204,
          632.5150133559987
        ]
      },
      "properties": {
        "Q_m": 136.12882556849567,
        "eta": 0.02,
        "kind": "sample"
      }
    },
    {
      "type": "Feature",
      "geometry": {
        "type": "Point",
        "coordinates": [
          799.2884568502703,
          592.5990173675134
        ]
      },
      "properties": {
        "Q_m": 136.16395741278652,
        "eta": 0.02,
        "kind": "sample"
      }
    },
    {
      "type": "Feature",
      "geometry": {
        "type": "Point",
        "coordinates": [
          799.2884568502703,
          -592.5990173675134
        ]
      },
      "properties": {
        "Q_m": 136.16395741278754,
        "eta": 0.02,
        "kind": "sample"
      }
    },
    {
      "type": "Feature",
      "geometry": {
        "type": "Point",
        "coordinates": [
          730.1947592050603,
          687.7833154939016
        ]
      },
      "properties": {
        "Q_m": 136.16898181258912,
        "eta": 0.02,
        "kind": "sample"
      }
    },
    {
      "type": "Feature",
      "geometry": {
        "type": "Point",
        "coordinates": [
          730.1947592050603,
          -687.7833154939016
        ]
      },
      "properties": {
        "Q_m": 136.16898181259037,
        "eta": 0.02,
        "kind": "sample"
      }
    },
    {
      "type": "Feature",
      "geometry": {
        "type": "Point",
        "coordinates": [
          780.4447211288494,
          -617.1627072065814
        ]
      },
      "properties": {
        "Q_m": 136.19551694424914,
        "eta": 0.02,
        "kind": "sample"
      }
    },
    {
      "type": "Feature",
      "geometry": {
        "type": "Point",
        "coordinates": [
          780.4447211288494,
          617.1627072065812
        ]
      },
      "properties": {
        "Q_m": 136.19551694424996,
        "eta": 0.02,
        "kind": "sample"
      }
    },
    {
      "type": "Feature",
      "geometry": {
        "type": "Point",
        "coordinates": [
          851.1087300841778,
          -528.1193315399601
        ]
      },
      "properties": {
        "Q_m": 136.20986694708506,
        "eta": 0.02,
        "kind": "sample"
      }
    },
    {
      "type": "Feature",
      "geometry": {
        "type": "Point",
        "coordinates": [
          851.1087300841778,
          528.1193315399602
        ]
      },
      "properties": {
        "Q_m": 136.2098669470855,
        "eta": 0.02,
        "kind": "sample"
      }
    },
    {
      "type": "Feature",
      "geometry": {
        "type": "Point",
        "coordinates": [
          730.9799148601195,
          -686.2480848789598
        ]
      },
      "properties": {
        "Q_m": 136.2127377850376,
        "eta": 0.02,
        "kind": "sample"
      }
    },
    {
      "type": "Feature",
      "geometry": {
        "type": "Point",
        "coordinates": [
          730.9799148601195,
          686.2480848789598
        ]
      },
      "properties": {
        "Q_m": 136.2127377850382,
        "eta": 0.02,
        "kind": "sample"
      }
    },
    {
      "type": "Feature",
      "geometry": {
        "type": "Point",
        "coordinates": [
          760.0306740973101,
          644.7968582755327
        ]
      },
      "properties": {
        "Q_m": 136.21709802184404,
        "eta": 0.02,
        "kind": "sample"
      }
    },
    {
      "type": "Feature",
      "geometry": {
        "type": "Point",
        "coordinates": [
          843.2571735335857,
          -537.3307152296106
        ]
      },
      "properties": {
        "Q_m": 136.23693564448155,
        "eta": 0.02,
        "kind": "sample"
      }
    },
    {
      "type": "Feature",
      "geometry": {
        "type": "Point",
        "coordinates": [
          843.2571735335857,
          537.3307152296106
        ]
      },
      "properties": {
        "Q_m": 136.2369356444826,
        "eta": 0.02,
        "kind": "sample"
      }
    },
    {
      "type": "Feature",
      "geometry": {
        "type": "Point",
        "coordinates": [
          818.1321925716912,
          568.0353275284454
        ]
      },
      "properties": {
        "Q_m": 136.25164978255947,
        "eta": 0.02,
        "kind": "sample"
      }
    },
    {
      "type": "Feature",
      "geometry": {
        "type": "Point",
        "coordinates": [
          818.1321925716912,
          -568.0353275284456
        ]
      },
      "properties": {
        "Q_m": 136.25164978256012,
        "eta": 0.02,
        "kind": "sample"
      }
    },
    {
      "type": "Feature",
      "geometry": {
        "type": "Point",
        "coordinates": [
          731.7650705151786,
          -684.712854264018
        ]
      },
      "properties": {
        "Q_m": 136.2570180179268,
        "eta": 0.02,
        "kind": "sample"
      }
    },
    {
      "type": "Feature",
      "geometry": {
        "type": "Point",
        "coordinates": [
          731.7650705151786,
          684.712854264018
        ]
      },
      "properties": {
        "Q_m": 136.25701801792766,
        "eta": 0.02,
        "kind": "sample"
      }
    },
    {
      "type": "Feature",
      "geometry": {
        "type": "Point",
        "coordinates": [
          835.4056169829937,
          546.542098919261
        ]
      },
      "properties": {
        "Q_m": 136.28249428111292,
        "eta": 0.02,
        "kind": "sample"
      }
    },
    {
      "type": "Feature",
      "geometry": {
        "type": "Point",
        "coordinates": [
          726.2689809297643,
          692.3890073387269
        ]
      },
      "properties": {
        "Q_m": 136.30249161150206,
        "eta": 0.02,
        "kind": "sample"
      }
    },
    {
      "type": "Feature",
      "geometry": {
        "type": "Point",
        "coordinates": [
          791.4369002996782,
          601.8104010571637
        ]
      },
      "properties": {
        "Q_m": 136.3085985462696,
        "eta": 0.02,
        "kind": "sample"
      }
    },
    {
      "type": "Feature",
      "geometry": {
        "type": "Point",
        "coordinates": [
          791.4369002996782,
          -601.810401057164
        ]
      },
      "properties": {
        "Q_m": 136.30859854627042,
        "eta": 0.02,
        "kind": "sample"
      }
    },
    {
      "type": "Feature",
      "geometry": {
        "type": "Point",
        "coordinates": [
          851.893885739237,
          -526.5841009250183
        ]
      },
      "properties": {
        "Q_m": 136.31518720630908,
        "eta": 0.02,
        "kind": "sample"
      }
    },
    {
      "type": "Feature",
      "geometry": {
        "type": "Point",
        "coordinates": [
          851.893885739237,
          526.5841009250184
        ]
      },
      "properties": {
        "Q_m": 136.31518720630993,
        "eta": 0.02,
        "kind": "sample"
      }
    },
    {
      "type": "Feature",
      "geometry": {
        "type": "Point",
        "coordinates": [
          800.8587681603888,
          -589.52855613763
        ]
      },
      "properties": {
        "Q_m": 136.31636981265348,
        "eta": 0.02,
        "kind": "sample"
      }
    },
    {
      "type": "Feature",
      "geometry": {
        "type": "Point",
        "coordinates": [
          800.8587681603888,
          589.5285561376298
        ]
      },
      "properties": {
        "Q_m": 136.3163698126541,
        "eta": 0.02,
        "kind": "sample"
      }
    },
    {
      "type": "Feature",
      "geometry": {
        "type": "Point",
        "coordinates": [
          782.0150324389679,
          614.0922459766978
        ]
      },
      "properties": {
        "Q_m": 136.32926079264686,
        "eta": 0.02,
        "kind": "sample"
      }
    },
    {
      "type": "Feature",
      "geometry": {
        "type": "Point",
        "coordinates": [
          782.0150324389679,
          -614.0922459766979
        ]
      },
      "properties": {
        "Q_m": 136.32926079264706,
        "eta": 0.02,
        "kind": "sample"
      }
    },
    {
      "type": "Feature",
      "geometry": {
        "type": "Point",
        "coordinates": [
          761.6009854074285,
          641.7263970456493
        ]
      },
      "properties": {
        "Q_m": 136.33171881453998,
        "eta": 0.02,
        "kind": "sample"
      }
    },
    {
      "type": "Feature",
      "geometry": {
        "type": "Point",
        "coordinates": [
          727.0541365848235,
          690.8537767237851
        ]
      },
      "properties": {
        "Q_m": 136.34521633074414,
        "eta": 0.02,
        "kind": "sample"
      }
    },
    {
      "type": "Feature",
      "geometry": {
        "type": "Point",
        "coordinates": [
          810.2806360210991,
          -577.2467112180959
        ]
      },
      "properties": {
        "Q_m": 136.3545282576631,
        "eta": 0.02,
        "kind": "sample"
      }
    },
    {
      "type": "Feature",
      "geometry": {
        "type": "Point",
        "coordinates": [
          810.2806360210991,
          577.2467112180959
        ]
      },
      "properties": {
        "Q_m": 136.35452825766376,
        "eta": 0.02,
        "kind": "sample"
      }
    },
    {
      "type": "Feature",
      "geometry": {
        "type": "Point",
        "coordinates": [
          772.5931645782573,
          -626.3740908962318
        ]
      },
      "properties": {
        "Q_m": 136.37656972694154,
        "eta": 0.02,
        "kind": "sample"
      }
    },
    {
      "type": "Feature",
      "geometry": {
        "type": "Point",
        "coordinates": [
          772.5931645782573,
          626.3740908962318
        ]
      },
      "properties": {
        "Q_m": 136.3765697269424,
        "eta": 0.02,
        "kind": "sample"
      }
    },
    {
      "type": "Feature",
      "geometry": {
        "type": "Point",
        "coordinates": [
          727.8392922398828,
          689.3185461088433
        ]
      },
      "properties": {
        "Q_m": 136.38845660385246,
        "eta": 0.02,
        "kind": "sample"
      }
    },
    {
      "type": "Feature",
      "geometry": {
        "type": "Point",
        "coordinates": [
          852.6790413942962,
          -525.0488703100766
        ]
      },
      "properties": {
        "Q_m": 136.4216113053404,
        "eta": 0.02,
        "kind": "sample"
      }
    },
    {
      "type": "Feature",
      "geometry": {
        "type": "Point",
        "coordinates": [
          852.6790413942962,
          525.0488703100766
        ]
      },
      "properties": {
        "Q_m": 136.42161130534063,
        "eta": 0.02,
        "kind": "sample"
      }
    },
    {
      "type": "Feature",
      "geometry": {
        "type": "Point",
        "coordinates": [
          860.5305979448883,
          515.8374866204263
        ]
      },
      "properties": {
        "Q_m": 136.42387415637458,
        "eta": 0.02,
        "kind": "sample"
      }
    },
    {
      "type": "Feature",
      "geometry": {
        "type": "Point",
        "coordinates": [
          819.7025038818097,
          -564.964866298562
        ]
      },
      "properties": {
        "Q_m": 136.4252143154023,
        "eta": 0.02,
        "kind": "sample"
      }
    },
    {
      "type": "Feature",
      "geometry": {
        "type": "Point",
        "coordinates": [
          819.7025038818097,
          564.9648662985619
        ]
      },
      "properties": {
        "Q_m": 136.42521431540354,
        "eta": 0.02,
        "kind": "sample"
      }
    },
    {
      "type": "Feature",
      "geometry": {
        "type": "Point",
        "coordinates": [
          728.6244478949419,
          -687.7833154939016
        ]
      },
      "properties": {
        "Q_m": 136.43221621647098,
        "eta": 0.02,
        "kind": "sample"
      }
    },
    {
      "type": "Feature",
      "geometry": {
        "type": "Point",
        "coordinates": [
          728.6244478949419,
          687.7833154939016
        ]
      },
      "properties": {
        "Q_m": 136.43221621647183,
        "eta": 0.02,
        "kind": "sample"
      }
    },
    {
      "type": "Feature",
      "geometry": {
        "type": "Point",
        "coordinates": [
          844.827484843704,
          -534.2602539997271
        ]
      },
      "properties": {
        "Q_m": 136.43939117711963,
        "eta": 0.02,
        "kind": "sample"
      }
    },
    {
      "type": "Feature",
      "geometry": {
        "type": "Point",
        "coordinates": [
          844.827484843704,
          534.2602539997272
        ]
      },
      "properties": {
        "Q_m": 136.43939117712048,
        "eta": 0.02,
        "kind": "sample"
      }
    },
    {
      "type": "Feature",
      "geometry": {
        "type": "Point",
        "coordinates": [
          763.171296717547,
          638.6559358157657
        ]
      },
      "properties": {
        "Q_m": 136.44888792694726,
        "eta": 0.02,
        "kind": "sample"
      }
    },
    {
      "type": "Feature",
      "geometry": {
        "type": "Point",
        "coordinates": [
          836.9759282931121,
          543.4716376893775
        ]
      },
      "properties": {
        "Q_m": 136.4761185635411,
        "eta": 0.02,
        "kind": "sample"
      }
    },
    {
      "type": "Feature",
      "geometry": {
        "type": "Point",
        "coordinates": [
          729.4096035500011,
          -686.2480848789598
        ]
      },
      "properties": {
        "Q_m": 136.47649899163832,
        "eta": 0.02,
        "kind": "sample"
      }
    },
    {
      "type": "Feature",
      "geometry": {
        "type": "Point",
        "coordinates": [
          729.4096035500011,
          686.2480848789598
        ]
      },
      "properties": {
        "Q_m": 136.47649899163918,
        "eta": 0.02,
        "kind": "sample"
      }
    },
    {
      "type": "Feature",
      "geometry": {
        "type": "Point",
        "coordinates": [
          730.1947592050603,
          -684.712854264018
        ]
      },
      "properties": {
        "Q_m": 136.5213087902407,
        "eta": 0.02,
        "kind": "sample"
      }
    },
    {
      "type": "Feature",
      "geometry": {
        "type": "Point",
        "coordinates": [
          730.1947592050603,
          684.712854264018
        ]
      },
      "properties": {
        "Q_m": 136.52130879024173,
        "eta": 0.02,
        "kind": "sample"
      }
    },
    {
      "type": "Feature",
      "geometry": {
        "type": "Point",
        "coordinates": [
          723.9135139645867,
          693.9242379536686
        ]
      },
      "properties": {
        "Q_m": 136.52184222051423,
        "eta": 0.02,
        "kind": "sample"
      }
    },
    {
      "type": "Feature",
      "geometry": {
        "type": "Point",
        "coordinates": [
          853.4641970493553,
          523.5136396951349
        ]
      },
      "properties": {
        "Q_m": 136.52915019224147,
        "eta": 0.02,
        "kind": "sample"
      }
    },
    {
      "type": "Feature",
      "geometry": {
        "type": "Point",
        "coordinates": [
          853.4641970493553,
          -523.5136396951349
        ]
      },
      "properties": {
        "Q_m": 136.52915019224233,
        "eta": 0.02,
        "kind": "sample"
      }
    },
    {
      "type": "Feature",
      "geometry": {
        "type": "Point",
        "coordinates": [
          829.12437174252,
          552.683021379028
        ]
      },
      "properties": {
        "Q_m": 136.5307780267445,
        "eta": 0.02,
        "kind": "sample"
      }
    },
    {
      "type": "Feature",
      "geometry": {
        "type": "Point",
        "coordinates": [
          861.3157535999476,
          514.3022560054845
        ]
      },
      "properties": {
        "Q_m": 136.536385417514,
        "eta": 0.02,
        "kind": "sample"
      }
    },
    {
      "type": "Feature",
      "geometry": {
        "type": "Point",
        "coordinates": [
          753.7494288568364,
          650.9377807352996
        ]
      },
      "properties": {
        "Q_m": 136.54471206951402,
        "eta": 0.02,
        "kind": "sample"
      }
    },
    {
      "type": "Feature",
      "geometry": {
        "type": "Point",
        "coordinates": [
          865.2415318752435,
          509.69656416065925
        ]
      },
      "properties": {
        "Q_m": 136.54798527069644,
        "eta": 0.02,
        "kind": "sample"
      }
    },
    {
      "type": "Feature",
      "geometry": {
        "type": "Point",
        "coordinates": [
          724.6986696196459,
          692.3890073387269
        ]
      },
      "properties": {
        "Q_m": 136.56457226507868,
        "eta": 0.02,
        "kind": "sample"
      }
    },
    {
      "type": "Feature",
      "geometry": {
        "type": "Point",
        "coordinates": [
          730.9799148601195,
          683.1776236490763
        ]
      },
      "properties": {
        "Q_m": 136.56664951148045,
        "eta": 0.02,
        "kind": "sample"
      }
    },
    {
      "type": "Feature",
      "geometry": {
        "type": "Point",
        "coordinates": [
          730.9799148601195,
          -683.1776236490763
        ]
      },
      "properties": {
        "Q_m": 136.56664951148107,
        "eta": 0.02,
        "kind": "sample"
      }
    },
    {
      "type": "Feature",
      "geometry": {
        "type": "Point",
        "coordinates": [
          794.577522919915,
          595.6694785973968
        ]
      },
      "properties": {
        "Q_m": 136.60339938732463,
        "eta": 0.02,
        "kind": "sample"
      }
    },
    {
      "type": "Feature",
      "geometry": {
        "type": "Point",
        "coordinates": [
          794.577522919915,
          -595.669478597397
        ]
      },
      "properties": {
        "Q_m": 136.60339938732525,
        "eta": 0.02,
        "kind": "sample"
      }
    },
    {
      "type": "Feature",
      "geometry": {
        "type": "Point",
        "coordinates": [
          725.4838252747052,
          690.8537767237851
        ]
      },
      "properties": {
        "Q_m": 136.6078168012942,
        "eta": 0.02,
        "kind": "sample"
      }
    },
    {
      "type": "Feature",
      "geometry": {
        "type": "Point",
        "coordinates": [
          731.7650705151786,
          -681.6423930341346
        ]
      },
      "properties": {
        "Q_m": 136.6125250933483,
        "eta": 0.02,
        "kind": "sample"
      }
    },
    {
      "type": "Feature",
      "geometry": {
        "type": "Point",
        "coordinates": [
          731.7650705151786,
          681.6423930341346
        ]
      },
      "properties": {
        "Q_m": 136.61252509334935,
        "eta": 0.02,
        "kind": "sample"
      }
    },
    {
      "type": "Feature",
      "geometry": {
        "type": "Point",
        "coordinates": [
          775.7337871984942,
          620.2331684364648
        ]
      },
      "properties": {
        "Q_m": 136.63524218594603,
        "eta": 0.02,
        "kind": "sample"
      }
    },
    {
      "type": "Feature",
      "geometry": {
        "type": "Point",
        "coordinates": [
          775.7337871984942,
          -620.2331684364649
        ]
      },
      "properties": {
        "Q_m": 136.63524218594665,
        "eta": 0.02,
        "kind": "sample"
      }
    },
    {
      "type": "Feature",
      "geometry": {
        "type": "Point",
        "coordinates": [
          854.2493527044146,
          -521.9784090801932
        ]
      },
      "properties": {
        "Q_m": 136.63781495976096,
        "eta": 0.02,
        "kind": "sample"
      }
    },
    {
      "type": "Feature",
      "geometry": {
        "type": "Point",
        "coordinates": [
          854.2493527044146,
          521.9784090801932
        ]
      },
      "properties": {
        "Q_m": 136.63781495976139,
        "eta": 0.02,
        "kind": "sample"
      }
    },
    {
      "type": "Feature",
      "geometry": {
        "type": "Point",
        "coordinates": [
          846.3977961538225,
          -531.1897927698435
        ]
      },
      "properties": {
        "Q_m": 136.6461008203229,
        "eta": 0.02,
        "kind": "sample"
      }
    },
    {
      "type": "Feature",
      "geometry": {
        "type": "Point",
        "coordinates": [
          846.3977961538225,
          531.1897927698437
        ]
      },
      "properties": {
        "Q_m": 136.64610082032416,
        "eta": 0.02,
        "kind": "sample"
      }
    },
    {
      "type": "Feature",
      "geometry": {
        "type": "Point",
        "coordinates": [
          862.1009092550067,
          512.7670253905428
        ]
      },
      "properties": {
        "Q_m": 136.65007832513226,
        "eta": 0.02,
        "kind": "sample"
      }
    },
    {
      "type": "Feature",
      "geometry": {
        "type": "Point",
        "coordinates": [
          726.2689809297643,
          689.3185461088433
        ]
      },
      "properties": {
        "Q_m": 136.65157959825117,
        "eta": 0.02,
        "kind": "sample"
      }
    },
    {
      "type": "Feature",
      "geometry": {
        "type": "Point",
        "coordinates": [
          866.0266875303028,
          508.1613335457175
        ]
      },
      "properties": {
        "Q_m": 136.6642939770889,
        "eta": 0.02,
        "kind": "sample"
      }
    },
    {
      "type": "Feature",
      "geometry": {
        "type": "Point",
        "coordinates": [
          838.5462396032306,
          540.4011764594941
        ]
      },
      "properties": {
        "Q_m": 136.6738052953394,
        "eta": 0.02,
        "kind": "sample"
      }
    },
    {
      "type": "Feature",
      "geometry": {
        "type": "Point",
        "coordinates": [
          813.421258641336,
          571.1057887583289
        ]
      },
      "properties": {
        "Q_m": 136.69018821809797,
        "eta": 0.02,
        "kind": "sample"
      }
    },
    {
      "type": "Feature",
      "geometry": {
        "type": "Point",
        "coordinates": [
          813.421258641336,
          -571.105788758329
        ]
      },
      "properties": {
        "Q_m": 136.6901882180986,
        "eta": 0.02,
        "kind": "sample"
      }
    },
    {
      "type": "Feature",
      "geometry": {
        "type": "Point",
        "coordinates": [
          727.0541365848235,
          687.7833154939016
        ]
      },
      "properties": {
        "Q_m": 136.69586446217073,
        "eta": 0.02,
        "kind": "sample"
      }
    },
    {
      "type": "Feature",
      "geometry": {
        "type": "Point",
        "coordinates": [
          733.3353818252971,
          -678.5719318042511
        ]
      },
      "properties": {
        "Q_m": 136.7058967877559,
        "eta": 0.02,
        "kind": "sample"
      }
    },
    {
      "type": "Feature",
      "geometry": {
        "type": "Point",
        "coordinates": [
          733.3353818252971,
          678.5719318042511
        ]
      },
      "properties": {
        "Q_m": 136.70589678775715,
        "eta": 0.02,
        "kind": "sample"
      }
    },
    {
      "type": "Feature",
      "geometry": {
        "type": "Point",
        "coordinates": [
          851.1087300841778,
          -525.0488703100766
        ]
      },
      "properties": {
        "Q_m": 136.74681976169188,
        "eta": 0.02,
        "kind": "sample"
      }
    },
    {
      "type": "Feature",
      "geometry": {
        "type": "Point",
        "coordinates": [
          851.1087300841778,
          525.0488703100766
        ]
      },
      "properties": {
        "Q_m": 136.7468197616923,
        "eta": 0.02,
        "kind": "sample"
      }
    },
    {
      "type": "Feature",
      "geometry": {
        "type": "Point",
        "coordinates": [
          862.8860649100659,
          511.23179477560103
        ]
      },
      "properties": {
        "Q_m": 136.76496490892387,
        "eta": 0.02,
        "kind": "sample"
      }
    },
    {
      "type": "Feature",
      "geometry": {
        "type": "Point",
        "coordinates": [
          756.8900514770733,
          644.7968582755327
        ]
      },
      "properties": {
        "Q_m": 136.77125389532495,
        "eta": 0.02,
        "kind": "sample"
      }
    },
    {
      "type": "Feature",
      "geometry": {
        "type": "Point",
        "coordinates": [
          866.8118431853619,
          506.6261029307758
        ]
      },
      "properties": {
        "Q_m": 136.78182618585717,
        "eta": 0.02,
        "kind": "sample"
      }
    },
    {
      "type": "Feature",
      "geometry": {
        "type": "Point",
        "coordinates": [
          722.3432026544683,
          693.9242379536686
        ]
      },
      "properties": {
        "Q_m": 136.78381480835958,
        "eta": 0.02,
        "kind": "sample"
      }
    },
    {
      "type": "Feature",
      "geometry": {
        "type": "Point",
        "coordinates": [
          728.6244478949419,
          684.712854264018
        ]
      },
      "properties": {
        "Q_m": 136.78601580422696,
        "eta": 0.02,
        "kind": "sample"
      }
    },
    {
      "type": "Feature",
      "geometry": {
        "type": "Point",
        "coordinates": [
          728.6244478949419,
          -684.712854264018
        ]
      },
      "properties": {
        "Q_m": 136.78601580422736,
        "eta": 0.02,
        "kind": "sample"
      }
    },
    {
      "type": "Feature",
      "geometry": {
        "type": "Point",
        "coordinates": [
          734.9056931354155,
          675.5014705743677
        ]
      },
      "properties": {
        "Q_m": 136.80145617158374,
        "eta": 0.02,
        "kind": "sample"
      }
    },
    {
      "type": "Feature",
      "geometry": {
        "type": "Point",
        "coordinates": [
          734.9056931354155,
          -675.5014705743677
        ]
      },
      "properties": {
        "Q_m": 136.8014561715844,
        "eta": 0.02,
        "kind": "sample"
      }
    },
    {
      "type": "Feature",
      "geometry": {
        "type": "Point",
        "coordinates": [
          723.1283583095276,
          692.3890073387269
        ]
      },
      "properties": {
        "Q_m": 136.82706315536043,
        "eta": 0.02,
        "kind": "sample"
      }
    },
    {
      "type": "Feature",
      "geometry": {
        "type": "Point",
        "coordinates": [
          729.4096035500011,
          -683.1776236490763
        ]
      },
      "properties": {
        "Q_m": 136.83189008463975,
        "eta": 0.02,
        "kind": "sample"
      }
    },
    {
      "type": "Feature",
      "geometry": {
        "type": "Point",
        "coordinates": [
          729.4096035500011,
          683.1776236490763
        ]
      },
      "properties": {
        "Q_m": 136.83189008464103,
        "eta": 0.02,
        "kind": "sample"
      }
    },
    {
      "type": "Feature",
      "geometry": {
        "type": "Point",
        "coordinates": [
          851.893885739237,
          523.5136396951349
        ]
      },
      "properties": {
        "Q_m": 136.85529890080414,
        "eta": 0.02,
        "kind": "sample"
      }
    },
    {
      "type": "Feature",
      "geometry": {
        "type": "Point",
        "coordinates": [
          851.893885739237,
          -523.5136396951349
        ]
      },
      "properties": {
        "Q_m": 136.8552989008048,
        "eta": 0.02,
        "kind": "sample"
      }
    },
    {
      "type": "Feature",
      "geometry": {
        "type": "Point",
        "coordinates": [
          847.9681074639409,
          528.1193315399602
        ]
      },
      "properties": {
        "Q_m": 136.85714817001815,
        "eta": 0.02,
        "kind": "sample"
      }
    },
    {
      "type": "Feature",
      "geometry": {
        "type": "Point",
        "coordinates": [
          847.9681074639409,
          -528.1193315399601
        ]
      },
      "properties": {
        "Q_m": 136.85714817001855,
        "eta": 0.02,
        "kind": "sample"
      }
    },
    {
      "type": "Feature",
      "geometry": {
        "type": "Point",
        "coordinates": [
          723.9135139645867,
          690.8537767237851
        ]
      },
      "properties": {
        "Q_m": 136.87082868655696,
        "eta": 0.02,
        "kind": "sample"
      }
    },
    {
      "type": "Feature",
      "geometry": {
        "type": "Point",
        "coordinates": [
          730.1947592050603,
          -681.6423930341346
        ]
      },
      "properties": {
        "Q_m": 136.87830203750838,
        "eta": 0.02,
        "kind": "sample"
      }
    },
    {
      "type": "Feature",
      "geometry": {
        "type": "Point",
        "coordinates": [
          730.1947592050603,
          681.6423930341346
        ]
      },
      "properties": {
        "Q_m": 136.87830203750897,
        "eta": 0.02,
        "kind": "sample"
      }
    },
    {
      "type": "Feature",
      "geometry": {
        "type": "Point",
        "coordinates": [
          863.6712205651252,
          509.69656416065925
        ]
      },
      "properties": {
        "Q_m": 136.88105736166173,
        "eta": 0.02,
        "kind": "sample"
      }
    },
    {
      "type": "Feature",
      "geometry": {
        "type": "Point",
        "coordinates": [
          778.874409818731,
          614.0922459766978
        ]
      },
      "properties": {
        "Q_m": 136.90520684117743,
        "eta": 0.02,
        "kind": "sample"
      }
    },
    {
      "type": "Feature",
      "geometry": {
        "type": "Point",
        "coordinates": [
          778.874409818731,
          -614.0922459766979
        ]
      },
      "properties": {
        "Q_m": 136.90520684117828,
        "eta": 0.02,
        "kind": "sample"
      }
    },
    {
      "type": "Feature",
      "geometry": {
        "type": "Point",
        "coordinates": [
          797.7181455401519,
          589.5285561376298
        ]
      },
      "properties": {
        "Q_m": 136.9108405345462,
        "eta": 0.02,
        "kind": "sample"
      }
    },
    {
      "type": "Feature",
      "geometry": {
        "type": "Point",
        "coordinates": [
          797.7181455401519,
          -589.52855613763
        ]
      },
      "properties": {
        "Q_m": 136.91084053454682,
        "eta": 0.02,
        "kind": "sample"
      }
    },
    {
      "type": "Feature",
      "geometry": {
        "type": "Polygon",
        "coordinates": [
          [
            [
              728.6244478949419,
              -687.7833154939016
            ],
            [
              730.1947592050603,
              -687.7833154939016
            ],
            [
              730.1947592050603,
              -684.712854264018
            ],
            [
              728.6244478949419,
              -684.712854264018
            ],
            [
              728.6244478949419,
              -687.7833154939016
            ]
          ]
        ]
      },
      "properties": {
        "eta": 0.02,
        "kind": "inside_cell",
        "depth": 5,
        "approximate_area_m2": 4.821579996566294
      }
    },
    {
      "type": "Feature",
      "geometry": {
        "type": "Polygon",
        "coordinates": [
          [
            [
              730.1947592050603,
              -684.712854264018
            ],
            [
              731.7650705151786,
              -684.712854264018
            ],
            [
              731.7650705151786,
              -681.6423930341346
            ],
            [
              730.1947592050603,
              -681.6423930341346
            ],
            [
              730.1947592050603,
              -684.712854264018
            ]
          ]
        ]
      },
      "properties": {
        "eta": 0.02,
        "kind": "inside_cell",
        "depth": 5,
        "approximate_area_m2": 4.821579996565767
      }
    },
    {
      "type": "Feature",
      "geometry": {
        "type": "Polygon",
        "coordinates": [
          [
            [
              730.1947592050603,
              681.6423930341346
            ],
            [
              731.7650705151786,
              681.6423930341346
            ],
            [
              731.7650705151786,
              684.712854264018
            ],
            [
              730.1947592050603,
              684.712854264018
            ],
            [
              730.1947592050603,
              681.6423930341346
            ]
          ]
        ]
      },
      "properties": {
        "eta": 0.02,
        "kind": "inside_cell",
        "depth": 5,
        "approximate_area_m2": 4.821579996565767
      }
    },
    {
      "type": "Feature",
      "geometry": {
        "type": "Polygon",
        "coordinates": [
          [
            [
              728.6244478949419,
              684.712854264018
            ],
            [
              730.1947592050603,
              684.712854264018
            ],
            [
              730.1947592050603,
              687.7833154939016
            ],
            [
              728.6244478949419,
              687.7833154939016
            ],
            [
              728.6244478949419,
              684.712854264018
            ]
          ]
        ]
      },
      "properties": {
        "eta": 0.02,
        "kind": "inside_cell",
        "depth": 5,
        "approximate_area_m2": 4.821579996566294
      }
    },
    {
      "type": "Feature",
      "geometry": {
        "type": "Polygon",
        "coordinates": [
          [
            [
              785.1556550592046,
              -620.2331684364649
            ],
            [
              788.2962776794413,
              -620.2331684364649
            ],
            [
              788.2962776794413,
              -614.0922459766979
            ],
            [
              785.1556550592046,
              -614.0922459766979
            ],
            [
              785.1556550592046,
              -620.2331684364649
            ]
          ]
        ]
      },
      "properties": {
        "eta": 0.02,
        "kind": "inside_cell",
        "depth": 4,
        "approximate_area_m2": 19.28631998626412
      }
    },
    {
      "type": "Feature",
      "geometry": {
        "type": "Polygon",
        "coordinates": [
          [
            [
              778.874409818731,
              -626.3740908962318
            ],
            [
              782.0150324389679,
              -626.3740908962318
            ],
            [
              782.0150324389679,
              -620.2331684364649
            ],
            [
              778.874409818731,
              -620.2331684364649
            ],
            [
              778.874409818731,
              -626.3740908962318
            ]
          ]
        ]
      },
      "properties": {
        "eta": 0.02,
        "kind": "inside_cell",
        "depth": 4,
        "approximate_area_m2": 19.286319986264463
      }
    },
    {
      "type": "Feature",
      "geometry": {
        "type": "Polygon",
        "coordinates": [
          [
            [
              782.0150324389679,
              -620.2331684364649
            ],
            [
              785.1556550592046,
              -620.2331684364649
            ],
            [
              785.1556550592046,
              -614.0922459766979
            ],
            [
              782.0150324389679,
              -614.0922459766979
            ],
            [
              782.0150324389679,
              -620.2331684364649
            ]
          ]
        ]
      },
      "properties": {
        "eta": 0.02,
        "kind": "inside_cell",
        "depth": 4,
        "approximate_area_m2": 19.28631998626412
      }
    },
    {
      "type": "Feature",
      "geometry": {
        "type": "Polygon",
        "coordinates": [
          [
            [
              778.874409818731,
              -620.2331684364649
            ],
            [
              782.0150324389679,
              -620.2331684364649
            ],
            [
              782.0150324389679,
              -614.0922459766979
            ],
            [
              778.874409818731,
              -614.0922459766979
            ],
            [
              778.874409818731,
              -620.2331684364649
            ]
          ]
        ]
      },
      "properties": {
        "eta": 0.02,
        "kind": "inside_cell",
        "depth": 4,
        "approximate_area_m2": 19.28631998626482
      }
    },
    {
      "type": "Feature",
      "geometry": {
        "type": "Polygon",
        "coordinates": [
          [
            [
              794.577522919915,
              -607.9513235169309
            ],
            [
              797.7181455401519,
              -607.9513235169309
            ],
            [
              797.7181455401519,
              -601.810401057164
            ],
            [
              794.577522919915,
              -601.810401057164
            ],
            [
              794.577522919915,
              -607.9513235169309
            ]
          ]
        ]
      },
      "properties": {
        "eta": 0.02,
        "kind": "inside_cell",
        "depth": 4,
        "approximate_area_m2": 19.286319986264463
      }
    },
    {
      "type": "Feature",
      "geometry": {
        "type": "Polygon",
        "coordinates": [
          [
            [
              791.4369002996782,
              -607.9513235169309
            ],
            [
              794.577522919915,
              -607.9513235169309
            ],
            [
              794.577522919915,
              -601.810401057164
            ],
            [
              791.4369002996782,
              -601.810401057164
            ],
            [
              791.4369002996782,
              -607.9513235169309
            ]
          ]
        ]
      },
      "properties": {
        "eta": 0.02,
        "kind": "inside_cell",
        "depth": 4,
        "approximate_area_m2": 19.286319986264463
      }
    },
    {
      "type": "Feature",
      "geometry": {
        "type": "Polygon",
        "coordinates": [
          [
            [
              797.7181455401519,
              -601.810401057164
            ],
            [
              800.8587681603888,
              -601.810401057164
            ],
            [
              800.8587681603888,
              -595.669478597397
            ],
            [
              797.7181455401519,
              -595.669478597397
            ],
            [
              797.7181455401519,
              -601.810401057164
            ]
          ]
        ]
      },
      "properties": {
        "eta": 0.02,
        "kind": "inside_cell",
        "depth": 4,
        "approximate_area_m2": 19.28631998626482
      }
    },
    {
      "type": "Feature",
      "geometry": {
        "type": "Polygon",
        "coordinates": [
          [
            [
              800.8587681603888,
              -595.669478597397
            ],
            [
              803.9993907806255,
              -595.669478597397
            ],
            [
              803.9993907806255,
              -589.52855613763
            ],
            [
              800.8587681603888,
              -589.52855613763
            ],
            [
              800.8587681603888,
              -595.669478597397
            ]
          ]
        ]
      },
      "properties": {
        "eta": 0.02,
        "kind": "inside_cell",
        "depth": 4,
        "approximate_area_m2": 19.28631998626412
      }
    },
    {
      "type": "Feature",
      "geometry": {
        "type": "Polygon",
        "coordinates": [
          [
            [
              797.7181455401519,
              -595.669478597397
            ],
            [
              800.8587681603888,
              -595.669478597397
            ],
            [
              800.8587681603888,
              -589.52855613763
            ],
            [
              797.7181455401519,
              -589.52855613763
            ],
            [
              797.7181455401519,
              -595.669478597397
            ]
          ]
        ]
      },
      "properties": {
        "eta": 0.02,
        "kind": "inside_cell",
        "depth": 4,
        "approximate_area_m2": 19.28631998626482
      }
    },
    {
      "type": "Feature",
      "geometry": {
        "type": "Polygon",
        "coordinates": [
          [
            [
              775.7337871984942,
              -632.5150133559988
            ],
            [
              778.874409818731,
              -632.5150133559988
            ],
            [
              778.874409818731,
              -626.3740908962318
            ],
            [
              775.7337871984942,
              -626.3740908962318
            ],
            [
              775.7337871984942,
              -632.5150133559988
            ]
          ]
        ]
      },
      "properties": {
        "eta": 0.02,
        "kind": "inside_cell",
        "depth": 4,
        "approximate_area_m2": 19.28631998626482
      }
    },
    {
      "type": "Feature",
      "geometry": {
        "type": "Polygon",
        "coordinates": [
          [
            [
              772.5931645782573,
              -632.5150133559988
            ],
            [
              775.7337871984942,
              -632.5150133559988
            ],
            [
              775.7337871984942,
              -626.3740908962318
            ],
            [
              772.5931645782573,
              -626.3740908962318
            ],
            [
              772.5931645782573,
              -632.5150133559988
            ]
          ]
        ]
      },
      "properties": {
        "eta": 0.02,
        "kind": "inside_cell",
        "depth": 4,
        "approximate_area_m2": 19.28631998626482
      }
    },
    {
      "type": "Feature",
      "geometry": {
        "type": "Polygon",
        "coordinates": [
          [
            [
              772.5931645782573,
              626.3740908962318
            ],
            [
              775.7337871984942,
              626.3740908962318
            ],
            [
              775.7337871984942,
              632.5150133559987
            ],
            [
              772.5931645782573,
              632.5150133559987
            ],
            [
              772.5931645782573,
              626.3740908962318
            ]
          ]
        ]
      },
      "properties": {
        "eta": 0.02,
        "kind": "inside_cell",
        "depth": 4,
        "approximate_area_m2": 19.286319986264463
      }
    },
    {
      "type": "Feature",
      "geometry": {
        "type": "Polygon",
        "coordinates": [
          [
            [
              775.7337871984942,
              626.3740908962318
            ],
            [
              778.874409818731,
              626.3740908962318
            ],
            [
              778.874409818731,
              632.5150133559987
            ],
            [
              775.7337871984942,
              632.5150133559987
            ],
            [
              775.7337871984942,
              626.3740908962318
            ]
          ]
        ]
      },
      "properties": {
        "eta": 0.02,
        "kind": "inside_cell",
        "depth": 4,
        "approximate_area_m2": 19.286319986264463
      }
    },
    {
      "type": "Feature",
      "geometry": {
        "type": "Polygon",
        "coordinates": [
          [
            [
              797.7181455401519,
              589.5285561376298
            ],
            [
              800.8587681603888,
              589.5285561376298
            ],
            [
              800.8587681603888,
              595.6694785973968
            ],
            [
              797.7181455401519,
              595.6694785973968
            ],
            [
              797.7181455401519,
              589.5285561376298
            ]
          ]
        ]
      },
      "properties": {
        "eta": 0.02,
        "kind": "inside_cell",
        "depth": 4,
        "approximate_area_m2": 19.28631998626482
      }
    },
    {
      "type": "Feature",
      "geometry": {
        "type": "Polygon",
        "coordinates": [
          [
            [
              800.8587681603888,
              589.5285561376298
            ],
            [
              803.9993907806255,
              589.5285561376298
            ],
            [
              803.9993907806255,
              595.6694785973968
            ],
            [
              800.8587681603888,
              595.6694785973968
            ],
            [
              800.8587681603888,
              589.5285561376298
            ]
          ]
        ]
      },
      "properties": {
        "eta": 0.02,
        "kind": "inside_cell",
        "depth": 4,
        "approximate_area_m2": 19.28631998626412
      }
    },
    {
      "type": "Feature",
      "geometry": {
        "type": "Polygon",
        "coordinates": [
          [
            [
              797.7181455401519,
              595.6694785973968
            ],
            [
              800.8587681603888,
              595.6694785973968
            ],
            [
              800.8587681603888,
              601.8104010571637
            ],
            [
              797.7181455401519,
              601.8104010571637
            ],
            [
              797.7181455401519,
              595.6694785973968
            ]
          ]
        ]
      },
      "properties": {
        "eta": 0.02,
        "kind": "inside_cell",
        "depth": 4,
        "approximate_area_m2": 19.286319986264463
      }
    },
    {
      "type": "Feature",
      "geometry": {
        "type": "Polygon",
        "coordinates": [
          [
            [
              791.4369002996782,
              601.8104010571637
            ],
            [
              794.577522919915,
              601.8104010571637
            ],
            [
              794.577522919915,
              607.9513235169308
            ],
            [
              791.4369002996782,
              607.9513235169308
            ],
            [
              791.4369002996782,
              601.8104010571637
            ]
          ]
        ]
      },
      "properties": {
        "eta": 0.02,
        "kind": "inside_cell",
        "depth": 4,
        "approximate_area_m2": 19.28631998626482
      }
    },
    {
      "type": "Feature",
      "geometry": {
        "type": "Polygon",
        "coordinates": [
          [
            [
              794.577522919915,
              601.8104010571637
            ],
            [
              797.7181455401519,
              601.8104010571637
            ],
            [
              797.7181455401519,
              607.9513235169308
            ],
            [
              794.577522919915,
              607.9513235169308
            ],
            [
              794.577522919915,
              601.8104010571637
            ]
          ]
        ]
      },
      "properties": {
        "eta": 0.02,
        "kind": "inside_cell",
        "depth": 4,
        "approximate_area_m2": 19.28631998626482
      }
    },
    {
      "type": "Feature",
      "geometry": {
        "type": "Polygon",
        "coordinates": [
          [
            [
              778.874409818731,
              614.0922459766978
            ],
            [
              782.0150324389679,
              614.0922459766978
            ],
            [
              782.0150324389679,
              620.2331684364648
            ],
            [
              778.874409818731,
              620.2331684364648
            ],
            [
              778.874409818731,
              614.0922459766978
            ]
          ]
        ]
      },
      "properties": {
        "eta": 0.02,
        "kind": "inside_cell",
        "depth": 4,
        "approximate_area_m2": 19.28631998626482
      }
    },
    {
      "type": "Feature",
      "geometry": {
        "type": "Polygon",
        "coordinates": [
          [
            [
              782.0150324389679,
              614.0922459766978
            ],
            [
              785.1556550592046,
              614.0922459766978
            ],
            [
              785.1556550592046,
              620.2331684364648
            ],
            [
              782.0150324389679,
              620.2331684364648
            ],
            [
              782.0150324389679,
              614.0922459766978
            ]
          ]
        ]
      },
      "properties": {
        "eta": 0.02,
        "kind": "inside_cell",
        "depth": 4,
        "approximate_area_m2": 19.28631998626412
      }
    },
    {
      "type": "Feature",
      "geometry": {
        "type": "Polygon",
        "coordinates": [
          [
            [
              778.874409818731,
              620.2331684364648
            ],
            [
              782.0150324389679,
              620.2331684364648
            ],
            [
              782.0150324389679,
              626.3740908962318
            ],
            [
              778.874409818731,
              626.3740908962318
            ],
            [
              778.874409818731,
              620.2331684364648
            ]
          ]
        ]
      },
      "properties": {
        "eta": 0.02,
        "kind": "inside_cell",
        "depth": 4,
        "approximate_area_m2": 19.28631998626482
      }
    },
    {
      "type": "Feature",
      "geometry": {
        "type": "Polygon",
        "coordinates": [
          [
            [
              785.1556550592046,
              614.0922459766978
            ],
            [
              788.2962776794413,
              614.0922459766978
            ],
            [
              788.2962776794413,
              620.2331684364648
            ],
            [
              785.1556550592046,
              620.2331684364648
            ],
            [
              785.1556550592046,
              614.0922459766978
            ]
          ]
        ]
      },
      "properties": {
        "eta": 0.02,
        "kind": "inside_cell",
        "depth": 4,
        "approximate_area_m2": 19.28631998626412
      }
    },
    {
      "type": "Feature",
      "geometry": {
        "type": "Polygon",
        "coordinates": [
          [
            [
              763.171296717547,
              638.6559358157657
            ],
            [
              766.3119193377837,
              638.6559358157657
            ],
            [
              766.3119193377837,
              644.7968582755327
            ],
            [
              763.171296717547,
              644.7968582755327
            ],
            [
              763.171296717547,
              638.6559358157657
            ]
          ]
        ]
      },
      "properties": {
        "eta": 0.02,
        "kind": "inside_cell",
        "depth": 4,
        "approximate_area_m2": 19.28631998626412
      }
    },
    {
      "type": "Feature",
      "geometry": {
        "type": "Polygon",
        "coordinates": [
          [
            [
              763.171296717547,
              644.7968582755327
            ],
            [
              764.7416080276653,
              644.7968582755327
            ],
            [
              764.7416080276653,
              647.8673195054162
            ],
            [
              763.171296717547,
              647.8673195054162
            ],
            [
              763.171296717547,
              644.7968582755327
            ]
          ]
        ]
      },
      "properties": {
        "eta": 0.02,
        "kind": "inside_cell",
        "depth": 5,
        "approximate_area_m2": 4.821579996565767
      }
    },
    {
      "type": "Feature",
      "geometry": {
        "type": "Polygon",
        "coordinates": [
          [
            [
              764.7416080276653,
              644.7968582755327
            ],
            [
              766.3119193377837,
              644.7968582755327
            ],
            [
              766.3119193377837,
              647.8673195054162
            ],
            [
              764.7416080276653,
              647.8673195054162
            ],
            [
              764.7416080276653,
              644.7968582755327
            ]
          ]
        ]
      },
      "properties": {
        "eta": 0.02,
        "kind": "inside_cell",
        "depth": 5,
        "approximate_area_m2": 4.821579996566116
      }
    },
    {
      "type": "Feature",
      "geometry": {
        "type": "Polygon",
        "coordinates": [
          [
            [
              760.0306740973101,
              644.7968582755327
            ],
            [
              763.171296717547,
              644.7968582755327
            ],
            [
              763.171296717547,
              650.9377807352996
            ],
            [
              760.0306740973101,
              650.9377807352996
            ],
            [
              760.0306740973101,
              644.7968582755327
            ]
          ]
        ]
      },
      "properties": {
        "eta": 0.02,
        "kind": "inside_cell",
        "depth": 4,
        "approximate_area_m2": 19.286319986264463
      }
    },
    {
      "type": "Feature",
      "geometry": {
        "type": "Polygon",
        "coordinates": [
          [
            [
              753.7494288568364,
              650.9377807352996
            ],
            [
              756.8900514770733,
              650.9377807352996
            ],
            [
              756.8900514770733,
              657.0787031950666
            ],
            [
              753.7494288568364,
              657.0787031950666
            ],
            [
              753.7494288568364,
              650.9377807352996
            ]
          ]
        ]
      },
      "properties": {
        "eta": 0.02,
        "kind": "inside_cell",
        "depth": 4,
        "approximate_area_m2": 19.28631998626482
      }
    },
    {
      "type": "Feature",
      "geometry": {
        "type": "Polygon",
        "coordinates": [
          [
            [
              756.8900514770733,
              650.9377807352996
            ],
            [
              758.4603627871917,
              650.9377807352996
            ],
            [
              758.4603627871917,
              654.0082419651831
            ],
            [
              756.8900514770733,
              654.0082419651831
            ],
            [
              756.8900514770733,
              650.9377807352996
            ]
          ]
        ]
      },
      "properties": {
        "eta": 0.02,
        "kind": "inside_cell",
        "depth": 5,
        "approximate_area_m2": 4.821579996566116
      }
    },
    {
      "type": "Feature",
      "geometry": {
        "type": "Polygon",
        "coordinates": [
          [
            [
              758.4603627871917,
              650.9377807352996
            ],
            [
              760.0306740973101,
              650.9377807352996
            ],
            [
              760.0306740973101,
              654.0082419651831
            ],
            [
              758.4603627871917,
              654.0082419651831
            ],
            [
              758.4603627871917,
              650.9377807352996
            ]
          ]
        ]
      },
      "properties": {
        "eta": 0.02,
        "kind": "inside_cell",
        "depth": 5,
        "approximate_area_m2": 4.821579996566116
      }
    },
    {
      "type": "Feature",
      "geometry": {
        "type": "Polygon",
        "coordinates": [
          [
            [
              756.8900514770733,
              654.0082419651831
            ],
            [
              758.4603627871917,
              654.0082419651831
            ],
            [
              758.4603627871917,
              657.0787031950666
            ],
            [
              756.8900514770733,
              657.0787031950666
            ],
            [
              756.8900514770733,
              654.0082419651831
            ]
          ]
        ]
      },
      "properties": {
        "eta": 0.02,
        "kind": "inside_cell",
        "depth": 5,
        "approximate_area_m2": 4.821579996566294
      }
    },
    {
      "type": "Feature",
      "geometry": {
        "type": "Polygon",
        "coordinates": [
          [
            [
              753.7494288568364,
              657.0787031950666
            ],
            [
              755.3197401669548,
              657.0787031950666
            ],
            [
              755.3197401669548,
              660.1491644249502
            ],
            [
              753.7494288568364,
              660.1491644249502
            ],
            [
              753.7494288568364,
              657.0787031950666
            ]
          ]
        ]
      },
      "properties": {
        "eta": 0.02,
        "kind": "inside_cell",
        "depth": 5,
        "approximate_area_m2": 4.821579996566294
      }
    },
    {
      "type": "Feature",
      "geometry": {
        "type": "Polygon",
        "coordinates": [
          [
            [
              813.421258641336,
              -583.3876336778629
            ],
            [
              816.5618812615728,
              -583.3876336778629
            ],
            [
              816.5618812615728,
              -577.2467112180959
            ],
            [
              813.421258641336,
              -577.2467112180959
            ],
            [
              813.421258641336,
              -583.3876336778629
            ]
          ]
        ]
      },
      "properties": {
        "eta": 0.02,
        "kind": "inside_cell",
        "depth": 4,
        "approximate_area_m2": 19.28631998626482
      }
    },
    {
      "type": "Feature",
      "geometry": {
        "type": "Polygon",
        "coordinates": [
          [
            [
              810.2806360210991,
              -583.3876336778629
            ],
            [
              813.421258641336,
              -583.3876336778629
            ],
            [
              813.421258641336,
              -577.2467112180959
            ],
            [
              810.2806360210991,
              -577.2467112180959
            ],
            [
              810.2806360210991,
              -583.3876336778629
            ]
          ]
        ]
      },
      "properties": {
        "eta": 0.02,
        "kind": "inside_cell",
        "depth": 4,
        "approximate_area_m2": 19.28631998626482
      }
    },
    {
      "type": "Feature",
      "geometry": {
        "type": "Polygon",
        "coordinates": [
          [
            [
              822.8431265020464,
              -571.105788758329
            ],
            [
              824.4134378121648,
              -571.105788758329
            ],
            [
              824.4134378121648,
              -568.0353275284456
            ],
            [
              822.8431265020464,
              -568.0353275284456
            ],
            [
              822.8431265020464,
              -571.105788758329
            ]
          ]
        ]
      },
      "properties": {
        "eta": 0.02,
        "kind": "inside_cell",
        "depth": 5,
        "approximate_area_m2": 4.821579996566116
      }
    },
    {
      "type": "Feature",
      "geometry": {
        "type": "Polygon",
        "coordinates": [
          [
            [
              824.4134378121648,
              -568.0353275284456
            ],
            [
              825.9837491222831,
              -568.0353275284456
            ],
            [
              825.9837491222831,
              -564.964866298562
            ],
            [
              824.4134378121648,
              -564.964866298562
            ],
            [
              824.4134378121648,
              -568.0353275284456
            ]
          ]
        ]
      },
      "properties": {
        "eta": 0.02,
        "kind": "inside_cell",
        "depth": 5,
        "approximate_area_m2": 4.821579996565945
      }
    },
    {
      "type": "Feature",
      "geometry": {
        "type": "Polygon",
        "coordinates": [
          [
            [
              822.8431265020464,
              -568.0353275284456
            ],
            [
              824.4134378121648,
              -568.0353275284456
            ],
            [
              824.4134378121648,
              -564.964866298562
            ],
            [
              822.8431265020464,
              -564.964866298562
            ],
            [
              822.8431265020464,
              -568.0353275284456
            ]
          ]
        ]
      },
      "properties": {
        "eta": 0.02,
        "kind": "inside_cell",
        "depth": 5,
        "approximate_area_m2": 4.821579996566294
      }
    },
    {
      "type": "Feature",
      "geometry": {
        "type": "Polygon",
        "coordinates": [
          [
            [
              816.5618812615728,
              -577.2467112180959
            ],
            [
              819.7025038818097,
              -577.2467112180959
            ],
            [
              819.7025038818097,
              -571.105788758329
            ],
            [
              816.5618812615728,
              -571.105788758329
            ],
            [
              816.5618812615728,
              -577.2467112180959
            ]
          ]
        ]
      },
      "properties": {
        "eta": 0.02,
        "kind": "inside_cell",
        "depth": 4,
        "approximate_area_m2": 19.286319986264463
      }
    },
    {
      "type": "Feature",
      "geometry": {
        "type": "Polygon",
        "coordinates": [
          [
            [
              819.7025038818097,
              -571.105788758329
            ],
            [
              822.8431265020464,
              -571.105788758329
            ],
            [
              822.8431265020464,
              -564.964866298562
            ],
            [
              819.7025038818097,
              -564.964866298562
            ],
            [
              819.7025038818097,
              -571.105788758329
            ]
          ]
        ]
      },
      "properties": {
        "eta": 0.02,
        "kind": "inside_cell",
        "depth": 4,
        "approximate_area_m2": 19.28631998626412
      }
    },
    {
      "type": "Feature",
      "geometry": {
        "type": "Polygon",
        "coordinates": [
          [
            [
              846.3977961538225,
              -537.3307152296106
            ],
            [
              847.9681074639409,
              -537.3307152296106
            ],
            [
              847.9681074639409,
              -534.2602539997271
            ],
            [
              846.3977961538225,
              -534.2602539997271
            ],
            [
              846.3977961538225,
              -537.3307152296106
            ]
          ]
        ]
      },
      "properties": {
        "eta": 0.02,
        "kind": "inside_cell",
        "depth": 5,
        "approximate_area_m2": 4.821579996566294
      }
    },
    {
      "type": "Feature",
      "geometry": {
        "type": "Polygon",
        "coordinates": [
          [
            [
              844.827484843704,
              -537.3307152296106
            ],
            [
              846.3977961538225,
              -537.3307152296106
            ],
            [
              846.3977961538225,
              -534.2602539997271
            ],
            [
              844.827484843704,
              -534.2602539997271
            ],
            [
              844.827484843704,
              -537.3307152296106
            ]
          ]
        ]
      },
      "properties": {
        "eta": 0.02,
        "kind": "inside_cell",
        "depth": 5,
        "approximate_area_m2": 4.821579996566294
      }
    },
    {
      "type": "Feature",
      "geometry": {
        "type": "Polygon",
        "coordinates": [
          [
            [
              851.1087300841778,
              -528.1193315399601
            ],
            [
              852.6790413942962,
              -528.1193315399601
            ],
            [
              852.6790413942962,
              -525.0488703100766
            ],
            [
              851.1087300841778,
              -525.0488703100766
            ],
            [
              851.1087300841778,
              -528.1193315399601
            ]
          ]
        ]
      },
      "properties": {
        "eta": 0.02,
        "kind": "inside_cell",
        "depth": 5,
        "approximate_area_m2": 4.821579996566116
      }
    },
    {
      "type": "Feature",
      "geometry": {
        "type": "Polygon",
        "coordinates": [
          [
            [
              851.1087300841778,
              525.0488703100766
            ],
            [
              852.6790413942962,
              525.0488703100766
            ],
            [
              852.6790413942962,
              528.1193315399602
            ],
            [
              851.1087300841778,
              528.1193315399602
            ],
            [
              851.1087300841778,
              525.0488703100766
            ]
          ]
        ]
      },
      "properties": {
        "eta": 0.02,
        "kind": "inside_cell",
        "depth": 5,
        "approximate_area_m2": 4.821579996566294
      }
    },
    {
      "type": "Feature",
      "geometry": {
        "type": "Polygon",
        "coordinates": [
          [
            [
              844.827484843704,
              534.2602539997272
            ],
            [
              846.3977961538225,
              534.2602539997272
            ],
            [
              846.3977961538225,
              537.3307152296106
            ],
            [
              844.827484843704,
              537.3307152296106
            ],
            [
              844.827484843704,
              534.2602539997272
            ]
          ]
        ]
      },
      "properties": {
        "eta": 0.02,
        "kind": "inside_cell",
        "depth": 5,
        "approximate_area_m2": 4.821579996566116
      }
    },
    {
      "type": "Feature",
      "geometry": {
        "type": "Polygon",
        "coordinates": [
          [
            [
              846.3977961538225,
              534.2602539997272
            ],
            [
              847.9681074639409,
              534.2602539997272
            ],
            [
              847.9681074639409,
              537.3307152296106
            ],
            [
              846.3977961538225,
              537.3307152296106
            ],
            [
              846.3977961538225,
              534.2602539997272
            ]
          ]
        ]
      },
      "properties": {
        "eta": 0.02,
        "kind": "inside_cell",
        "depth": 5,
        "approximate_area_m2": 4.821579996566116
      }
    },
    {
      "type": "Feature",
      "geometry": {
        "type": "Polygon",
        "coordinates": [
          [
            [
              838.5462396032306,
              540.4011764594941
            ],
            [
              841.6868622234673,
              540.4011764594941
            ],
            [
              841.6868622234673,
              546.542098919261
            ],
            [
              838.5462396032306,
              546.542098919261
            ],
            [
              838.5462396032306,
              540.4011764594941
            ]
          ]
        ]
      },
      "properties": {
        "eta": 0.02,
        "kind": "inside_cell",
        "depth": 4,
        "approximate_area_m2": 19.286319986263766
      }
    },
    {
      "type": "Feature",
      "geometry": {
        "type": "Polygon",
        "coordinates": [
          [
            [
              838.5462396032306,
              546.542098919261
            ],
            [
              840.1165509133489,
              546.542098919261
            ],
            [
              840.1165509133489,
              549.6125601491444
            ],
            [
              838.5462396032306,
              549.6125601491444
            ],
            [
              838.5462396032306,
              546.542098919261
            ]
          ]
        ]
      },
      "properties": {
        "eta": 0.02,
        "kind": "inside_cell",
        "depth": 5,
        "approximate_area_m2": 4.821579996565767
      }
    },
    {
      "type": "Feature",
      "geometry": {
        "type": "Polygon",
        "coordinates": [
          [
            [
              835.4056169829937,
              546.542098919261
            ],
            [
              836.9759282931121,
              546.542098919261
            ],
            [
              836.9759282931121,
              549.6125601491444
            ],
            [
              835.4056169829937,
              549.6125601491444
            ],
            [
              835.4056169829937,
              546.542098919261
            ]
          ]
        ]
      },
      "properties": {
        "eta": 0.02,
        "kind": "inside_cell",
        "depth": 5,
        "approximate_area_m2": 4.821579996566116
      }
    },
    {
      "type": "Feature",
      "geometry": {
        "type": "Polygon",
        "coordinates": [
          [
            [
              836.9759282931121,
              546.542098919261
            ],
            [
              838.5462396032306,
              546.542098919261
            ],
            [
              838.5462396032306,
              549.6125601491444
            ],
            [
              836.9759282931121,
              549.6125601491444
            ],
            [
              836.9759282931121,
              546.542098919261
            ]
          ]
        ]
      },
      "properties": {
        "eta": 0.02,
        "kind": "inside_cell",
        "depth": 5,
        "approximate_area_m2": 4.821579996566116
      }
    },
    {
      "type": "Feature",
      "geometry": {
        "type": "Polygon",
        "coordinates": [
          [
            [
              835.4056169829937,
              549.6125601491444
            ],
            [
              836.9759282931121,
              549.6125601491444
            ],
            [
              836.9759282931121,
              552.683021379028
            ],
            [
              835.4056169829937,
              552.683021379028
            ],
            [
              835.4056169829937,
              549.6125601491444
            ]
          ]
        ]
      },
      "properties": {
        "eta": 0.02,
        "kind": "inside_cell",
        "depth": 5,
        "approximate_area_m2": 4.821579996566294
      }
    },
    {
      "type": "Feature",
      "geometry": {
        "type": "Polygon",
        "coordinates": [
          [
            [
              829.12437174252,
              552.683021379028
            ],
            [
              832.2649943627569,
              552.683021379028
            ],
            [
              832.2649943627569,
              558.823943838795
            ],
            [
              829.12437174252,
              558.823943838795
            ],
            [
              829.12437174252,
              552.683021379028
            ]
          ]
        ]
      },
      "properties": {
        "eta": 0.02,
        "kind": "inside_cell",
        "depth": 4,
        "approximate_area_m2": 19.28631998626482
      }
    },
    {
      "type": "Feature",
      "geometry": {
        "type": "Polygon",
        "coordinates": [
          [
            [
              832.2649943627569,
              552.683021379028
            ],
            [
              833.8353056728753,
              552.683021379028
            ],
            [
              833.8353056728753,
              555.7534826089116
            ],
            [
              832.2649943627569,
              555.7534826089116
            ],
            [
              832.2649943627569,
              552.683021379028
            ]
          ]
        ]
      },
      "properties": {
        "eta": 0.02,
        "kind": "inside_cell",
        "depth": 5,
        "approximate_area_m2": 4.821579996566294
      }
    },
    {
      "type": "Feature",
      "geometry": {
        "type": "Polygon",
        "coordinates": [
          [
            [
              833.8353056728753,
              552.683021379028
            ],
            [
              835.4056169829937,
              552.683021379028
            ],
            [
              835.4056169829937,
              555.7534826089116
            ],
            [
              833.8353056728753,
              555.7534826089116
            ],
            [
              833.8353056728753,
              552.683021379028
            ]
          ]
        ]
      },
      "properties": {
        "eta": 0.02,
        "kind": "inside_cell",
        "depth": 5,
        "approximate_area_m2": 4.821579996566294
      }
    },
    {
      "type": "Feature",
      "geometry": {
        "type": "Polygon",
        "coordinates": [
          [
            [
              832.2649943627569,
              555.7534826089116
            ],
            [
              833.8353056728753,
              555.7534826089116
            ],
            [
              833.8353056728753,
              558.823943838795
            ],
            [
              832.2649943627569,
              558.823943838795
            ],
            [
              832.2649943627569,
              555.7534826089116
            ]
          ]
        ]
      },
      "properties": {
        "eta": 0.02,
        "kind": "inside_cell",
        "depth": 5,
        "approximate_area_m2": 4.821579996566116
      }
    },
    {
      "type": "Feature",
      "geometry": {
        "type": "Polygon",
        "coordinates": [
          [
            [
              829.12437174252,
              558.823943838795
            ],
            [
              830.6946830526384,
              558.823943838795
            ],
            [
              830.6946830526384,
              561.8944050686785
            ],
            [
              829.12437174252,
              561.8944050686785
            ],
            [
              829.12437174252,
              558.823943838795
            ]
          ]
        ]
      },
      "properties": {
        "eta": 0.02,
        "kind": "inside_cell",
        "depth": 5,
        "approximate_area_m2": 4.821579996566116
      }
    },
    {
      "type": "Feature",
      "geometry": {
        "type": "Polygon",
        "coordinates": [
          [
            [
              819.7025038818097,
              564.9648662985619
            ],
            [
              822.8431265020464,
              564.9648662985619
            ],
            [
              822.8431265020464,
              571.1057887583289
            ],
            [
              819.7025038818097,
              571.1057887583289
            ],
            [
              819.7025038818097,
              564.9648662985619
            ]
          ]
        ]
      },
      "properties": {
        "eta": 0.02,
        "kind": "inside_cell",
        "depth": 4,
        "approximate_area_m2": 19.28631998626412
      }
    },
    {
      "type": "Feature",
      "geometry": {
        "type": "Polygon",
        "coordinates": [
          [
            [
              819.7025038818097,
              571.1057887583289
            ],
            [
              821.272815191928,
              571.1057887583289
            ],
            [
              821.272815191928,
              574.1762499882125
            ],
            [
              819.7025038818097,
              574.1762499882125
            ],
            [
              819.7025038818097,
              571.1057887583289
            ]
          ]
        ]
      },
      "properties": {
        "eta": 0.02,
        "kind": "inside_cell",
        "depth": 5,
        "approximate_area_m2": 4.821579996565945
      }
    },
    {
      "type": "Feature",
      "geometry": {
        "type": "Polygon",
        "coordinates": [
          [
            [
              821.272815191928,
              571.1057887583289
            ],
            [
              822.8431265020464,
              571.1057887583289
            ],
            [
              822.8431265020464,
              574.1762499882125
            ],
            [
              821.272815191928,
              574.1762499882125
            ],
            [
              821.272815191928,
              571.1057887583289
            ]
          ]
        ]
      },
      "properties": {
        "eta": 0.02,
        "kind": "inside_cell",
        "depth": 5,
        "approximate_area_m2": 4.821579996566294
      }
    },
    {
      "type": "Feature",
      "geometry": {
        "type": "Polygon",
        "coordinates": [
          [
            [
              819.7025038818097,
              574.1762499882125
            ],
            [
              821.272815191928,
              574.1762499882125
            ],
            [
              821.272815191928,
              577.2467112180959
            ],
            [
              819.7025038818097,
              577.2467112180959
            ],
            [
              819.7025038818097,
              574.1762499882125
            ]
          ]
        ]
      },
      "properties": {
        "eta": 0.02,
        "kind": "inside_cell",
        "depth": 5,
        "approximate_area_m2": 4.821579996565767
      }
    },
    {
      "type": "Feature",
      "geometry": {
        "type": "Polygon",
        "coordinates": [
          [
            [
              816.5618812615728,
              571.1057887583289
            ],
            [
              819.7025038818097,
              571.1057887583289
            ],
            [
              819.7025038818097,
              577.2467112180959
            ],
            [
              816.5618812615728,
              577.2467112180959
            ],
            [
              816.5618812615728,
              571.1057887583289
            ]
          ]
        ]
      },
      "properties": {
        "eta": 0.02,
        "kind": "inside_cell",
        "depth": 4,
        "approximate_area_m2": 19.28631998626482
      }
    },
    {
      "type": "Feature",
      "geometry": {
        "type": "Polygon",
        "coordinates": [
          [
            [
              822.8431265020464,
              564.9648662985619
            ],
            [
              824.4134378121648,
              564.9648662985619
            ],
            [
              824.4134378121648,
              568.0353275284454
            ],
            [
              822.8431265020464,
              568.0353275284454
            ],
            [
              822.8431265020464,
              564.9648662985619
            ]
          ]
        ]
      },
      "properties": {
        "eta": 0.02,
        "kind": "inside_cell",
        "depth": 5,
        "approximate_area_m2": 4.821579996566116
      }
    },
    {
      "type": "Feature",
      "geometry": {
        "type": "Polygon",
        "coordinates": [
          [
            [
              824.4134378121648,
              564.9648662985619
            ],
            [
              825.9837491222831,
              564.9648662985619
            ],
            [
              825.9837491222831,
              568.0353275284454
            ],
            [
              824.4134378121648,
              568.0353275284454
            ],
            [
              824.4134378121648,
              564.9648662985619
            ]
          ]
        ]
      },
      "properties": {
        "eta": 0.02,
        "kind": "inside_cell",
        "depth": 5,
        "approximate_area_m2": 4.821579996565767
      }
    },
    {
      "type": "Feature",
      "geometry": {
        "type": "Polygon",
        "coordinates": [
          [
            [
              822.8431265020464,
              568.0353275284454
            ],
            [
              824.4134378121648,
              568.0353275284454
            ],
            [
              824.4134378121648,
              571.1057887583289
            ],
            [
              822.8431265020464,
              571.1057887583289
            ],
            [
              822.8431265020464,
              568.0353275284454
            ]
          ]
        ]
      },
      "properties": {
        "eta": 0.02,
        "kind": "inside_cell",
        "depth": 5,
        "approximate_area_m2": 4.821579996566294
      }
    },
    {
      "type": "Feature",
      "geometry": {
        "type": "Polygon",
        "coordinates": [
          [
            [
              825.9837491222831,
              564.9648662985619
            ],
            [
              827.5540604324016,
              564.9648662985619
            ],
            [
              827.5540604324016,
              568.0353275284454
            ],
            [
              825.9837491222831,
              568.0353275284454
            ],
            [
              825.9837491222831,
              564.9648662985619
            ]
          ]
        ]
      },
      "properties": {
        "eta": 0.02,
        "kind": "inside_cell",
        "depth": 5,
        "approximate_area_m2": 4.821579996566116
      }
    },
    {
      "type": "Feature",
      "geometry": {
        "type": "Polygon",
        "coordinates": [
          [
            [
              810.2806360210991,
              577.2467112180959
            ],
            [
              813.421258641336,
              577.2467112180959
            ],
            [
              813.421258641336,
              583.3876336778628
            ],
            [
              810.2806360210991,
              583.3876336778628
            ],
            [
              810.2806360210991,
              577.2467112180959
            ]
          ]
        ]
      },
      "properties": {
        "eta": 0.02,
        "kind": "inside_cell",
        "depth": 4,
        "approximate_area_m2": 19.286319986264463
      }
    },
    {
      "type": "Feature",
      "geometry": {
        "type": "Polygon",
        "coordinates": [
          [
            [
              813.421258641336,
              577.2467112180959
            ],
            [
              816.5618812615728,
              577.2467112180959
            ],
            [
              816.5618812615728,
              583.3876336778628
            ],
            [
              813.421258641336,
              583.3876336778628
            ],
            [
              813.421258641336,
              577.2467112180959
            ]
          ]
        ]
      },
      "properties": {
        "eta": 0.02,
        "kind": "inside_cell",
        "depth": 4,
        "approximate_area_m2": 19.286319986264463
      }
    },
    {
      "type": "Feature",
      "geometry": {
        "type": "Polygon",
        "coordinates": [
          [
            [
              810.2806360210991,
              583.3876336778628
            ],
            [
              811.8509473312175,
              583.3876336778628
            ],
            [
              811.8509473312175,
              586.4580949077463
            ],
            [
              810.2806360210991,
              586.4580949077463
            ],
            [
              810.2806360210991,
              583.3876336778628
            ]
          ]
        ]
      },
      "properties": {
        "eta": 0.02,
        "kind": "inside_cell",
        "depth": 5,
        "approximate_area_m2": 4.821579996566116
      }
    },
    {
      "type": "Feature",
      "geometry": {
        "type": "Polygon",
        "coordinates": [
          [
            [
              811.8509473312175,
              583.3876336778628
            ],
            [
              813.421258641336,
              583.3876336778628
            ],
            [
              813.421258641336,
              586.4580949077463
            ],
            [
              811.8509473312175,
              586.4580949077463
            ],
            [
              811.8509473312175,
              583.3876336778628
            ]
          ]
        ]
      },
      "properties": {
        "eta": 0.02,
        "kind": "inside_cell",
        "depth": 5,
        "approximate_area_m2": 4.821579996566116
      }
    },
    {
      "type": "Feature",
      "geometry": {
        "type": "Polygon",
        "coordinates": [
          [
            [
              810.2806360210991,
              586.4580949077463
            ],
            [
              811.8509473312175,
              586.4580949077463
            ],
            [
              811.8509473312175,
              589.5285561376298
            ],
            [
              810.2806360210991,
              589.5285561376298
            ],
            [
              810.2806360210991,
              586.4580949077463
            ]
          ]
        ]
      },
      "properties": {
        "eta": 0.02,
        "kind": "inside_cell",
        "depth": 5,
        "approximate_area_m2": 4.821579996566294
      }
    },
    {
      "type": "Feature",
      "geometry": {
        "type": "Polygon",
        "coordinates": [
          [
            [
              803.9993907806255,
              589.5285561376298
            ],
            [
              807.1400134008622,
              589.5285561376298
            ],
            [
              807.1400134008622,
              595.6694785973968
            ],
            [
              803.9993907806255,
              595.6694785973968
            ],
            [
              803.9993907806255,
              589.5285561376298
            ]
          ]
        ]
      },
      "properties": {
        "eta": 0.02,
        "kind": "inside_cell",
        "depth": 4,
        "approximate_area_m2": 19.28631998626412
      }
    },
    {
      "type": "Feature",
      "geometry": {
        "type": "Polygon",
        "coordinates": [
          [
            [
              807.1400134008622,
              589.5285561376298
            ],
            [
              808.7103247109807,
              589.5285561376298
            ],
            [
              808.7103247109807,
              592.5990173675134
            ],
            [
              807.1400134008622,
              592.5990173675134
            ],
            [
              807.1400134008622,
              589.5285561376298
            ]
          ]
        ]
      },
      "properties": {
        "eta": 0.02,
        "kind": "inside_cell",
        "depth": 5,
        "approximate_area_m2": 4.821579996566294
      }
    },
    {
      "type": "Feature",
      "geometry": {
        "type": "Polygon",
        "coordinates": [
          [
            [
              808.7103247109807,
              589.5285561376298
            ],
            [
              810.2806360210991,
              589.5285561376298
            ],
            [
              810.2806360210991,
              592.5990173675134
            ],
            [
              808.7103247109807,
              592.5990173675134
            ],
            [
              808.7103247109807,
              589.5285561376298
            ]
          ]
        ]
      },
      "properties": {
        "eta": 0.02,
        "kind": "inside_cell",
        "depth": 5,
        "approximate_area_m2": 4.821579996566294
      }
    }
  ]
}